solid OpenSCAD_Model
  facet normal 0 0 1
    outer loop
      vertex 1.5 9 1.49
      vertex 1.6139418524084395 7.697638667498023 1.49
      vertex 1.6139418524084395 10.302361332501977 1.49
    endloop
  endfacet
  facet normal 0 0 1
    outer loop
      vertex 2.504809471616711 5.25 1.49
      vertex 3.2546666766076653 4.179092927350956 1.49
      vertex 3.2546666766076653 13.820907072649044 1.49
    endloop
  endfacet
  facet normal 0 0 1
    outer loop
      vertex 1.952305344105687 6.4348489250574845 1.49
      vertex 1.952305344105687 11.565151074942516 1.49
      vertex 1.6139418524084395 7.697638667498023 1.49
    endloop
  endfacet
  facet normal 0 0 1
    outer loop
      vertex 1.952305344105687 6.4348489250574845 1.49
      vertex 2.504809471616711 5.25 1.49
      vertex 2.504809471616711 12.75 1.49
    endloop
  endfacet
  facet normal 0 0 1
    outer loop
      vertex 1.6139418524084395 7.697638667498023 1.49
      vertex 1.952305344105687 11.565151074942516 1.49
      vertex 1.6139418524084395 10.302361332501977 1.49
    endloop
  endfacet
  facet normal 0 0 1
    outer loop
      vertex 1.952305344105687 6.4348489250574845 1.49
      vertex 2.504809471616711 12.75 1.49
      vertex 1.952305344105687 11.565151074942516 1.49
    endloop
  endfacet
  facet normal 0 0 1
    outer loop
      vertex 2.504809471616711 5.25 1.49
      vertex 3.2546666766076653 13.820907072649044 1.49
      vertex 2.504809471616711 12.75 1.49
    endloop
  endfacet
  facet normal 0 0 1
    outer loop
      vertex 3.2546666766076653 4.179092927350956 1.49
      vertex 4.179092927350956 3.2546666766076653 1.49
      vertex 4.179092927350956 14.745333323392334 1.49
    endloop
  endfacet
  facet normal 0 0 1
    outer loop
      vertex 4.179092927350956 3.2546666766076653 1.49
      vertex 5.25 2.504809471616711 1.49
      vertex 5.25 15.49519052838329 1.49
    endloop
  endfacet
  facet normal 0 0 1
    outer loop
      vertex 5.25 2.504809471616711 1.49
      vertex 6.4348489250574845 1.952305344105687 1.49
      vertex 6.4348489250574845 16.04769465589431 1.49
    endloop
  endfacet
  facet normal 0 0 1
    outer loop
      vertex 3.2546666766076653 4.179092927350956 1.49
      vertex 4.179092927350956 14.745333323392334 1.49
      vertex 3.2546666766076653 13.820907072649044 1.49
    endloop
  endfacet
  facet normal 0 0 1
    outer loop
      vertex 4.179092927350956 3.2546666766076653 1.49
      vertex 5.25 15.49519052838329 1.49
      vertex 4.179092927350956 14.745333323392334 1.49
    endloop
  endfacet
  facet normal 0 0 1
    outer loop
      vertex 5.25 2.504809471616711 1.49
      vertex 6.4348489250574845 16.04769465589431 1.49
      vertex 5.25 15.49519052838329 1.49
    endloop
  endfacet
  facet normal 0 0 1
    outer loop
      vertex 6.4348489250574845 1.952305344105687 1.49
      vertex 7.697638667498023 1.6139418524084395 1.49
      vertex 7.697638667498023 16.386058147591562 1.49
    endloop
  endfacet
  facet normal 0 0 1
    outer loop
      vertex 7.697638667498023 1.6139418524084395 1.49
      vertex 9 1.5 1.49
      vertex 9 16.5 1.49
    endloop
  endfacet
  facet normal 0 0 1
    outer loop
      vertex 9 1.5 1.49
      vertex 10.302361332501977 1.6139418524084395 1.49
      vertex 10.302361332501977 16.386058147591562 1.49
    endloop
  endfacet
  facet normal 0 0 1
    outer loop
      vertex 10.302361332501977 1.6139418524084395 1.49
      vertex 11.565151074942516 1.952305344105687 1.49
      vertex 11.565151074942516 16.04769465589431 1.49
    endloop
  endfacet
  facet normal 0 0 1
    outer loop
      vertex 11.565151074942516 1.952305344105687 1.49
      vertex 12.75 2.504809471616711 1.49
      vertex 12.75 15.49519052838329 1.49
    endloop
  endfacet
  facet normal 0 0 1
    outer loop
      vertex 6.4348489250574845 1.952305344105687 1.49
      vertex 7.697638667498023 16.386058147591562 1.49
      vertex 6.4348489250574845 16.04769465589431 1.49
    endloop
  endfacet
  facet normal 0 0 1
    outer loop
      vertex 7.697638667498023 1.6139418524084395 1.49
      vertex 9 16.5 1.49
      vertex 7.697638667498023 16.386058147591562 1.49
    endloop
  endfacet
  facet normal 0 0 1
    outer loop
      vertex 9 1.5 1.49
      vertex 10.302361332501977 16.386058147591562 1.49
      vertex 9 16.5 1.49
    endloop
  endfacet
  facet normal 0 0 1
    outer loop
      vertex 10.302361332501977 1.6139418524084395 1.49
      vertex 11.565151074942516 16.04769465589431 1.49
      vertex 10.302361332501977 16.386058147591562 1.49
    endloop
  endfacet
  facet normal 0 0 1
    outer loop
      vertex 11.565151074942516 1.952305344105687 1.49
      vertex 12.75 15.49519052838329 1.49
      vertex 11.565151074942516 16.04769465589431 1.49
    endloop
  endfacet
  facet normal -0.7730104533627375 -0.6343932841636448 0
    outer loop
      vertex 0.5055911630923644 1.3332893009411935 0
      vertex 0.8786796564403572 0.8786796564403572 0
      vertex 0.5055911630923644 1.3332893009411935 50
    endloop
  endfacet
  facet normal -0.881921264348355 -0.47139673682599753 -2.7330160691092886e-19
    outer loop
      vertex 0.5055911630923644 1.3332893009411935 0
      vertex 0.22836140246614 1.8519497029047307 50
      vertex 0.22836140246614 1.8519497029047307 0
    endloop
  endfacet
  facet normal -0.9569403357322088 -0.2902846772544627 -4.876027876966593e-20
    outer loop
      vertex 0.22836140246614 1.8519497029047307 0
      vertex 0.05764415879030871 2.414729033951615 50
      vertex 0.05764415879030871 2.414729033951615 0
    endloop
  endfacet
  facet normal -0.6343932841636448 -0.7730104533627375 0
    outer loop
      vertex 0.8786796564403572 0.8786796564403572 0
      vertex 1.3332893009411935 0.5055911630923644 0
      vertex 0.8786796564403572 0.8786796564403572 50
    endloop
  endfacet
  facet normal -0.47139673682599753 -0.881921264348355 0
    outer loop
      vertex 1.3332893009411935 0.5055911630923644 0
      vertex 1.8519497029047307 0.22836140246614 0
      vertex 1.3332893009411935 0.5055911630923644 50
    endloop
  endfacet
  facet normal -0.9951847266721968 -0.0980171403295607 4.363868157088137e-20
    outer loop
      vertex 0.05764415879030871 2.414729033951615 0
      vertex 0 3 50
      vertex 0 3 0
    endloop
  endfacet
  facet normal -0.2902846772544627 -0.9569403357322088 0
    outer loop
      vertex 1.8519497029047307 0.22836140246614 0
      vertex 2.414729033951615 0.05764415879030871 0
      vertex 1.8519497029047307 0.22836140246614 50
    endloop
  endfacet
  facet normal -0.0980171403295607 -0.9951847266721968 0
    outer loop
      vertex 2.414729033951615 0.05764415879030871 0
      vertex 3 0 0
      vertex 2.414729033951615 0.05764415879030871 50
    endloop
  endfacet
  facet normal 0.8191520442889917 0.5735764363510463 0
    outer loop
      vertex 2.504809471616711 5.25 1.49
      vertex 2.504809471616711 5.25 49.99
      vertex 3.2546666766076653 4.179092927350956 1.49
    endloop
  endfacet
  facet normal 0.9961946980917454 0.08715574274765811 0
    outer loop
      vertex 1.5 9 1.49
      vertex 1.5 9 49.99
      vertex 1.6139418524084395 7.697638667498023 1.49
    endloop
  endfacet
  facet normal 0.9961946980917454 -0.08715574274765811 -1.599915860920858e-20
    outer loop
      vertex 1.5 9 1.49
      vertex 1.6139418524084395 10.302361332501977 1.49
      vertex 1.6139418524084395 10.302361332501977 49.99
    endloop
  endfacet
  facet normal 0.9063077870366498 0.42261826174069994 0
    outer loop
      vertex 1.952305344105687 6.4348489250574845 1.49
      vertex 1.952305344105687 6.4348489250574845 49.99
      vertex 2.504809471616711 5.25 1.49
    endloop
  endfacet
  facet normal 0.9659258262890683 0.25881904510252074 4.060673149484252e-19
    outer loop
      vertex 1.952305344105687 6.4348489250574845 1.49
      vertex 1.6139418524084395 7.697638667498023 1.49
      vertex 1.6139418524084395 7.697638667498023 49.99
    endloop
  endfacet
  facet normal 0.7071067811865476 0.7071067811865476 0
    outer loop
      vertex 3.2546666766076653 4.179092927350956 1.49
      vertex 3.2546666766076653 4.179092927350956 49.99
      vertex 4.179092927350956 3.2546666766076653 1.49
    endloop
  endfacet
  facet normal 0.5735764363510463 0.8191520442889917 0
    outer loop
      vertex 4.179092927350956 3.2546666766076653 1.49
      vertex 4.179092927350956 3.2546666766076653 49.99
      vertex 5.25 2.504809471616711 1.49
    endloop
  endfacet
  facet normal 0.42261826174069994 0.9063077870366498 0
    outer loop
      vertex 5.25 2.504809471616711 1.49
      vertex 5.25 2.504809471616711 49.99
      vertex 6.4348489250574845 1.952305344105687 1.49
    endloop
  endfacet
  facet normal 0.9659258262890683 -0.2588190451025206 -4.3775629464634516e-20
    outer loop
      vertex 1.6139418524084395 10.302361332501977 1.49
      vertex 1.952305344105687 11.565151074942516 1.49
      vertex 1.952305344105687 11.565151074942516 49.99
    endloop
  endfacet
  facet normal 0.9063077870366496 -0.4226182617407002 5.372262246449818e-19
    outer loop
      vertex 1.952305344105687 11.565151074942516 1.49
      vertex 2.504809471616711 12.75 1.49
      vertex 2.504809471616711 12.75 49.99
    endloop
  endfacet
  facet normal 0.8191520442889917 -0.5735764363510463 4.612740131637067e-19
    outer loop
      vertex 2.504809471616711 12.75 1.49
      vertex 3.2546666766076653 13.820907072649044 1.49
      vertex 3.2546666766076653 13.820907072649044 49.99
    endloop
  endfacet
  facet normal 0.7071067811865471 -0.7071067811865478 -2.1901879230545464e-19
    outer loop
      vertex 3.2546666766076653 13.820907072649044 1.49
      vertex 4.179092927350956 14.745333323392334 1.49
      vertex 4.179092927350956 14.745333323392334 49.99
    endloop
  endfacet
  facet normal 0.5735764363510472 -0.819152044288991 6.968038910054541e-19
    outer loop
      vertex 4.179092927350956 14.745333323392334 1.49
      vertex 5.25 15.49519052838329 1.49
      vertex 5.25 15.49519052838329 49.99
    endloop
  endfacet
  facet normal 0.4226182617406983 -0.9063077870366505 5.086131405041563e-19
    outer loop
      vertex 5.25 15.49519052838329 1.49
      vertex 6.4348489250574845 16.04769465589431 1.49
      vertex 6.4348489250574845 16.04769465589431 49.99
    endloop
  endfacet
  facet normal 0.7071067811865479 0.7071067811865472 0
    outer loop
      vertex 3.2546666766076653 21.179092927350958 1.49
      vertex 3.2546666766076653 21.179092927350958 49.99
      vertex 4.179092927350956 20.254666676607666 1.49
    endloop
  endfacet
  facet normal 0.5735764363510472 0.819152044288991 0
    outer loop
      vertex 4.179092927350956 20.254666676607666 1.49
      vertex 4.179092927350956 20.254666676607666 49.99
      vertex 5.25 19.50480947161671 1.49
    endloop
  endfacet
  facet normal 0.4226182617406983 0.9063077870366505 0
    outer loop
      vertex 5.25 19.50480947161671 1.49
      vertex 5.25 19.50480947161671 49.99
      vertex 6.4348489250574845 18.95230534410569 1.49
    endloop
  endfacet
  facet normal 0.25881904510252074 0.9659258262890683 0
    outer loop
      vertex 6.4348489250574845 1.952305344105687 1.49
      vertex 6.4348489250574845 1.952305344105687 49.99
      vertex 7.697638667498023 1.6139418524084395 1.49
    endloop
  endfacet
  facet normal 0.08715574274765811 0.9961946980917454 0
    outer loop
      vertex 7.697638667498023 1.6139418524084395 1.49
      vertex 7.697638667498023 1.6139418524084395 49.99
      vertex 9 1.5 1.49
    endloop
  endfacet
  facet normal -0.08715574274765811 0.9961946980917454 0
    outer loop
      vertex 9 1.5 1.49
      vertex 9 1.5 49.99
      vertex 10.302361332501977 1.6139418524084395 1.49
    endloop
  endfacet
  facet normal -0.2588190451025206 0.9659258262890683 0
    outer loop
      vertex 10.302361332501977 1.6139418524084395 1.49
      vertex 10.302361332501977 1.6139418524084395 49.99
      vertex 11.565151074942516 1.952305344105687 1.49
    endloop
  endfacet
  facet normal -0.4226182617407002 0.9063077870366496 0
    outer loop
      vertex 11.565151074942516 1.952305344105687 1.49
      vertex 11.565151074942516 1.952305344105687 49.99
      vertex 12.75 2.504809471616711 1.49
    endloop
  endfacet
  facet normal 0.2588190451025233 -0.9659258262890676 3.105594112378516e-19
    outer loop
      vertex 6.4348489250574845 16.04769465589431 1.49
      vertex 7.697638667498023 16.386058147591562 1.49
      vertex 7.697638667498023 16.386058147591562 49.99
    endloop
  endfacet
  facet normal 0.2588190451025233 0.9659258262890676 0
    outer loop
      vertex 6.4348489250574845 18.95230534410569 1.49
      vertex 6.4348489250574845 18.95230534410569 49.99
      vertex 7.697638667498023 18.613941852408438 1.49
    endloop
  endfacet
  facet normal 0.08715574274765678 -0.9961946980917457 -1.6970250791199594e-19
    outer loop
      vertex 7.697638667498023 16.386058147591562 1.49
      vertex 9 16.5 1.49
      vertex 9 16.5 49.99
    endloop
  endfacet
  facet normal 0.08715574274765678 0.9961946980917457 0
    outer loop
      vertex 7.697638667498023 18.613941852408438 1.49
      vertex 7.697638667498023 18.613941852408438 49.99
      vertex 9 18.5 1.49
    endloop
  endfacet
  facet normal -0.08715574274765678 0.9961946980917457 0
    outer loop
      vertex 9 18.5 1.49
      vertex 9 18.5 49.99
      vertex 10.302361332501977 18.613941852408438 1.49
    endloop
  endfacet
  facet normal -0.42261826174069855 -0.9063077870366504 2.2685634186461777e-19
    outer loop
      vertex 11.565151074942516 16.04769465589431 1.49
      vertex 12.75 15.49519052838329 1.49
      vertex 12.75 15.49519052838329 49.99
    endloop
  endfacet
  facet normal -0.08715574274765678 -0.9961946980917457 1.6970250791199594e-19
    outer loop
      vertex 9 16.5 1.49
      vertex 10.302361332501977 16.386058147591562 1.49
      vertex 10.302361332501977 16.386058147591562 49.99
    endloop
  endfacet
  facet normal -0.2588190451025231 -0.9659258262890678 2.0263898048032175e-19
    outer loop
      vertex 10.302361332501977 16.386058147591562 1.49
      vertex 11.565151074942516 16.04769465589431 1.49
      vertex 11.565151074942516 16.04769465589431 49.99
    endloop
  endfacet
  facet normal -0.2588190451025231 0.9659258262890678 0
    outer loop
      vertex 10.302361332501977 18.613941852408438 1.49
      vertex 10.302361332501977 18.613941852408438 49.99
      vertex 11.565151074942516 18.95230534410569 1.49
    endloop
  endfacet
  facet normal -0.42261826174069855 0.9063077870366504 0
    outer loop
      vertex 11.565151074942516 18.95230534410569 1.49
      vertex 11.565151074942516 18.95230534410569 49.99
      vertex 12.75 19.50480947161671 1.49
    endloop
  endfacet
  facet normal 0 0 1
    outer loop
      vertex 1.6139418524084395 24.697638667498023 1.49
      vertex 1.6139418524084395 27.302361332501977 1.49
      vertex 1.5 26 1.49
    endloop
  endfacet
  facet normal 0 0 1
    outer loop
      vertex 1.952305344105687 23.434848925057484 1.49
      vertex 2.504809471616711 22.25 1.49
      vertex 2.504809471616711 29.75 1.49
    endloop
  endfacet
  facet normal 0 0 1
    outer loop
      vertex 1.952305344105687 23.434848925057484 1.49
      vertex 1.952305344105687 28.565151074942516 1.49
      vertex 1.6139418524084395 24.697638667498023 1.49
    endloop
  endfacet
  facet normal 0 0 1
    outer loop
      vertex 1.6139418524084395 24.697638667498023 1.49
      vertex 1.952305344105687 28.565151074942516 1.49
      vertex 1.6139418524084395 27.302361332501977 1.49
    endloop
  endfacet
  facet normal 0 0 1
    outer loop
      vertex 3.2546666766076653 21.179092927350958 1.49
      vertex 3.2546666766076653 30.820907072649042 1.49
      vertex 2.504809471616711 22.25 1.49
    endloop
  endfacet
  facet normal 0 0 -1
    outer loop
      vertex 0.05764415879030871 2.414729033951615 0
      vertex 0 3 0
      vertex 0 83 0
    endloop
  endfacet
  facet normal 0 0 -1
    outer loop
      vertex 0.22836140246614 1.8519497029047307 0
      vertex 0.05764415879030871 2.414729033951615 0
      vertex 0.05764415879030871 83.58527096604838 0
    endloop
  endfacet
  facet normal 0 0 -1
    outer loop
      vertex 0.5055911630923644 1.3332893009411935 0
      vertex 0.22836140246614 1.8519497029047307 0
      vertex 0.22836140246614 84.14805029709527 0
    endloop
  endfacet
  facet normal 0 0 -1
    outer loop
      vertex 0.5055911630923644 1.3332893009411935 0
      vertex 0.5055911630923644 84.66671069905881 0
      vertex 0.8786796564403572 0.8786796564403572 0
    endloop
  endfacet
  facet normal 0 0 -1
    outer loop
      vertex 0.8786796564403572 0.8786796564403572 0
      vertex 0.8786796564403572 85.12132034355965 0
      vertex 1.3332893009411935 0.5055911630923644 0
    endloop
  endfacet
  facet normal 0 0 -1
    outer loop
      vertex 1.3332893009411935 0.5055911630923644 0
      vertex 1.3332893009411935 85.49440883690764 0
      vertex 1.8519497029047307 0.22836140246614 0
    endloop
  endfacet
  facet normal 0 0 1
    outer loop
      vertex 1.952305344105687 23.434848925057484 1.49
      vertex 2.504809471616711 29.75 1.49
      vertex 1.952305344105687 28.565151074942516 1.49
    endloop
  endfacet
  facet normal 0 0 -1
    outer loop
      vertex 1.8519497029047307 0.22836140246614 0
      vertex 1.8519497029047307 85.77163859753387 0
      vertex 2.414729033951615 0.05764415879030871 0
    endloop
  endfacet
  facet normal 0 0 1
    outer loop
      vertex 2.504809471616711 22.25 1.49
      vertex 3.2546666766076653 30.820907072649042 1.49
      vertex 2.504809471616711 29.75 1.49
    endloop
  endfacet
  facet normal 0 0 -1
    outer loop
      vertex 2.414729033951615 0.05764415879030871 0
      vertex 2.414729033951615 85.94235584120969 0
      vertex 3 0 0
    endloop
  endfacet
  facet normal 0 0 1
    outer loop
      vertex 3.2546666766076653 21.179092927350958 1.49
      vertex 4.179092927350956 20.254666676607666 1.49
      vertex 4.179092927350956 31.745333323392334 1.49
    endloop
  endfacet
  facet normal 0 0 1
    outer loop
      vertex 4.179092927350956 20.254666676607666 1.49
      vertex 5.25 19.50480947161671 1.49
      vertex 5.25 32.49519052838329 1.49
    endloop
  endfacet
  facet normal 0 0 1
    outer loop
      vertex 5.25 19.50480947161671 1.49
      vertex 6.4348489250574845 18.95230534410569 1.49
      vertex 6.4348489250574845 33.04769465589431 1.49
    endloop
  endfacet
  facet normal 0 0 1
    outer loop
      vertex 3.2546666766076653 21.179092927350958 1.49
      vertex 4.179092927350956 31.745333323392334 1.49
      vertex 3.2546666766076653 30.820907072649042 1.49
    endloop
  endfacet
  facet normal 0 0 1
    outer loop
      vertex 4.179092927350956 20.254666676607666 1.49
      vertex 5.25 32.49519052838329 1.49
      vertex 4.179092927350956 31.745333323392334 1.49
    endloop
  endfacet
  facet normal 0 0 1
    outer loop
      vertex 5.25 19.50480947161671 1.49
      vertex 6.4348489250574845 33.04769465589431 1.49
      vertex 5.25 32.49519052838329 1.49
    endloop
  endfacet
  facet normal 0 0 1
    outer loop
      vertex 1.952305344105687 40.43484892505749 1.49
      vertex 1.952305344105687 45.56515107494251 1.49
      vertex 1.6139418524084395 41.697638667498026 1.49
    endloop
  endfacet
  facet normal 0 0 1
    outer loop
      vertex 2.504809471616711 39.25 1.49
      vertex 2.504809471616711 46.75 1.49
      vertex 1.952305344105687 40.43484892505749 1.49
    endloop
  endfacet
  facet normal 0 0 1
    outer loop
      vertex 2.504809471616711 39.25 1.49
      vertex 3.2546666766076653 38.17909292735096 1.49
      vertex 3.2546666766076653 47.82090707264904 1.49
    endloop
  endfacet
  facet normal 0 0 1
    outer loop
      vertex 4.179092927350956 37.25466667660766 1.49
      vertex 4.179092927350956 48.74533332339234 1.49
      vertex 3.2546666766076653 38.17909292735096 1.49
    endloop
  endfacet
  facet normal 0 0 1
    outer loop
      vertex 4.179092927350956 37.25466667660766 1.49
      vertex 5.25 36.50480947161671 1.49
      vertex 5.25 49.49519052838329 1.49
    endloop
  endfacet
  facet normal 0 0 1
    outer loop
      vertex 5.25 36.50480947161671 1.49
      vertex 6.4348489250574845 35.95230534410569 1.49
      vertex 6.4348489250574845 50.04769465589431 1.49
    endloop
  endfacet
  facet normal 0 0 1
    outer loop
      vertex 6.4348489250574845 18.95230534410569 1.49
      vertex 7.697638667498023 18.613941852408438 1.49
      vertex 7.697638667498023 33.38605814759156 1.49
    endloop
  endfacet
  facet normal 0 0 1
    outer loop
      vertex 7.697638667498023 18.613941852408438 1.49
      vertex 9 18.5 1.49
      vertex 9 33.5 1.49
    endloop
  endfacet
  facet normal 0 0 1
    outer loop
      vertex 6.4348489250574845 18.95230534410569 1.49
      vertex 7.697638667498023 33.38605814759156 1.49
      vertex 6.4348489250574845 33.04769465589431 1.49
    endloop
  endfacet
  facet normal 0 0 1
    outer loop
      vertex 7.697638667498023 18.613941852408438 1.49
      vertex 9 33.5 1.49
      vertex 7.697638667498023 33.38605814759156 1.49
    endloop
  endfacet
  facet normal 0 0 1
    outer loop
      vertex 9 18.5 1.49
      vertex 10.302361332501977 33.38605814759156 1.49
      vertex 9 33.5 1.49
    endloop
  endfacet
  facet normal 0 0 1
    outer loop
      vertex 9 18.5 1.49
      vertex 10.302361332501977 18.613941852408438 1.49
      vertex 10.302361332501977 33.38605814759156 1.49
    endloop
  endfacet
  facet normal 0 0 1
    outer loop
      vertex 10.302361332501977 18.613941852408438 1.49
      vertex 11.565151074942516 18.95230534410569 1.49
      vertex 11.565151074942516 33.04769465589431 1.49
    endloop
  endfacet
  facet normal 0 0 1
    outer loop
      vertex 11.565151074942516 18.95230534410569 1.49
      vertex 12.75 19.50480947161671 1.49
      vertex 12.75 32.49519052838329 1.49
    endloop
  endfacet
  facet normal 0 0 1
    outer loop
      vertex 10.302361332501977 18.613941852408438 1.49
      vertex 11.565151074942516 33.04769465589431 1.49
      vertex 10.302361332501977 33.38605814759156 1.49
    endloop
  endfacet
  facet normal 0 0 1
    outer loop
      vertex 11.565151074942516 18.95230534410569 1.49
      vertex 12.75 32.49519052838329 1.49
      vertex 11.565151074942516 33.04769465589431 1.49
    endloop
  endfacet
  facet normal 0 0 1
    outer loop
      vertex 6.4348489250574845 35.95230534410569 1.49
      vertex 7.697638667498023 35.61394185240844 1.49
      vertex 7.697638667498023 50.38605814759156 1.49
    endloop
  endfacet
  facet normal 0 0 1
    outer loop
      vertex 7.697638667498023 35.61394185240844 1.49
      vertex 9 35.5 1.49
      vertex 9 50.5 1.49
    endloop
  endfacet
  facet normal 0 0 1
    outer loop
      vertex 9 35.5 1.49
      vertex 10.302361332501977 35.61394185240844 1.49
      vertex 10.302361332501977 50.38605814759156 1.49
    endloop
  endfacet
  facet normal 0 0 1
    outer loop
      vertex 10.302361332501977 35.61394185240844 1.49
      vertex 11.565151074942516 35.95230534410569 1.49
      vertex 11.565151074942516 50.04769465589431 1.49
    endloop
  endfacet
  facet normal 0 0 1
    outer loop
      vertex 11.565151074942516 35.95230534410569 1.49
      vertex 12.75 36.50480947161671 1.49
      vertex 12.75 49.49519052838329 1.49
    endloop
  endfacet
  facet normal 0.9961946980917454 0.08715574274765811 1.599915860920858e-20
    outer loop
      vertex 1.6139418524084395 24.697638667498023 1.49
      vertex 1.5 26 1.49
      vertex 1.5 26 49.99
    endloop
  endfacet
  facet normal 0.9961946980917454 -0.08715574274765811 -1.599915860920858e-20
    outer loop
      vertex 1.5 26 1.49
      vertex 1.6139418524084395 27.302361332501977 1.49
      vertex 1.6139418524084395 27.302361332501977 49.99
    endloop
  endfacet
  facet normal 0.9063077870366496 0.4226182617407002 0
    outer loop
      vertex 1.952305344105687 23.434848925057484 1.49
      vertex 1.952305344105687 23.434848925057484 49.99
      vertex 2.504809471616711 22.25 1.49
    endloop
  endfacet
  facet normal 0.8191520442889912 0.5735764363510469 -4.652745127954951e-19
    outer loop
      vertex 3.2546666766076653 21.179092927350958 1.49
      vertex 2.504809471616711 22.25 1.49
      vertex 2.504809471616711 22.25 49.99
    endloop
  endfacet
  facet normal 0.9659258262890683 0.2588190451025206 4.3775629464634516e-20
    outer loop
      vertex 1.952305344105687 23.434848925057484 1.49
      vertex 1.6139418524084395 24.697638667498023 1.49
      vertex 1.6139418524084395 24.697638667498023 49.99
    endloop
  endfacet
  facet normal 0.9659258262890683 -0.2588190451025206 -4.3775629464634516e-20
    outer loop
      vertex 1.6139418524084395 27.302361332501977 1.49
      vertex 1.952305344105687 28.565151074942516 1.49
      vertex 1.952305344105687 28.565151074942516 49.99
    endloop
  endfacet
  facet normal 0.9063077870366496 -0.4226182617407002 5.372262246449818e-19
    outer loop
      vertex 1.952305344105687 28.565151074942516 1.49
      vertex 2.504809471616711 29.75 1.49
      vertex 2.504809471616711 29.75 49.99
    endloop
  endfacet
  facet normal 0.8191520442889912 -0.5735764363510469 4.652745127954951e-19
    outer loop
      vertex 2.504809471616711 29.75 1.49
      vertex 3.2546666766076653 30.820907072649042 1.49
      vertex 3.2546666766076653 30.820907072649042 49.99
    endloop
  endfacet
  facet normal 0.7071067811865479 -0.7071067811865472 -5.85288800179897e-19
    outer loop
      vertex 3.2546666766076653 30.820907072649042 1.49
      vertex 4.179092927350956 31.745333323392334 1.49
      vertex 4.179092927350956 31.745333323392334 49.99
    endloop
  endfacet
  facet normal 0.5735764363510472 -0.819152044288991 6.968038910054541e-19
    outer loop
      vertex 4.179092927350956 31.745333323392334 1.49
      vertex 5.25 32.49519052838329 1.49
      vertex 5.25 32.49519052838329 49.99
    endloop
  endfacet
  facet normal 0.9961946980917454 0.08715574274765835 -1.6585890606316756e-19
    outer loop
      vertex 1.6139418524084395 41.697638667498026 1.49
      vertex 1.5 43 1.49
      vertex 1.5 43 49.99
    endloop
  endfacet
  facet normal 0.9063077870366502 0.4226182617406992 2.285615468783277e-20
    outer loop
      vertex 2.504809471616711 39.25 1.49
      vertex 1.952305344105687 40.43484892505749 1.49
      vertex 1.952305344105687 40.43484892505749 49.99
    endloop
  endfacet
  facet normal 0.8191520442889912 0.5735764363510469 0
    outer loop
      vertex 2.504809471616711 39.25 1.49
      vertex 2.504809471616711 39.25 49.99
      vertex 3.2546666766076653 38.17909292735096 1.49
    endloop
  endfacet
  facet normal 0.9659258262890683 0.2588190451025206 4.3775629464634516e-20
    outer loop
      vertex 1.952305344105687 40.43484892505749 1.49
      vertex 1.6139418524084395 41.697638667498026 1.49
      vertex 1.6139418524084395 41.697638667498026 49.99
    endloop
  endfacet
  facet normal 0.5735764363510454 0.8191520442889924 0
    outer loop
      vertex 4.179092927350956 37.25466667660766 1.49
      vertex 4.179092927350956 37.25466667660766 49.99
      vertex 5.25 36.50480947161671 1.49
    endloop
  endfacet
  facet normal 0.4226182617406983 -0.9063077870366505 5.086131405041563e-19
    outer loop
      vertex 5.25 32.49519052838329 1.49
      vertex 6.4348489250574845 33.04769465589431 1.49
      vertex 6.4348489250574845 33.04769465589431 49.99
    endloop
  endfacet
  facet normal 0.4226182617406983 0.9063077870366505 0
    outer loop
      vertex 5.25 36.50480947161671 1.49
      vertex 5.25 36.50480947161671 49.99
      vertex 6.4348489250574845 35.95230534410569 1.49
    endloop
  endfacet
  facet normal 0.7071067811865492 0.7071067811865459 -4.3315133847524444e-19
    outer loop
      vertex 4.179092927350956 37.25466667660766 1.49
      vertex 3.2546666766076653 38.17909292735096 1.49
      vertex 3.2546666766076653 38.17909292735096 49.99
    endloop
  endfacet
  facet normal 0.2588190451025233 -0.9659258262890676 3.105594112378516e-19
    outer loop
      vertex 6.4348489250574845 33.04769465589431 1.49
      vertex 7.697638667498023 33.38605814759156 1.49
      vertex 7.697638667498023 33.38605814759156 49.99
    endloop
  endfacet
  facet normal 0.2588190451025233 0.9659258262890676 0
    outer loop
      vertex 6.4348489250574845 35.95230534410569 1.49
      vertex 6.4348489250574845 35.95230534410569 49.99
      vertex 7.697638667498023 35.61394185240844 1.49
    endloop
  endfacet
  facet normal 0.08715574274765678 -0.9961946980917457 -1.6970250791199594e-19
    outer loop
      vertex 7.697638667498023 33.38605814759156 1.49
      vertex 9 33.5 1.49
      vertex 9 33.5 49.99
    endloop
  endfacet
  facet normal 0.08715574274765678 0.9961946980917457 0
    outer loop
      vertex 7.697638667498023 35.61394185240844 1.49
      vertex 7.697638667498023 35.61394185240844 49.99
      vertex 9 35.5 1.49
    endloop
  endfacet
  facet normal -0.08715574274765678 0.9961946980917457 0
    outer loop
      vertex 9 35.5 1.49
      vertex 9 35.5 49.99
      vertex 10.302361332501977 35.61394185240844 1.49
    endloop
  endfacet
  facet normal -0.08715574274765678 -0.9961946980917457 1.6970250791199594e-19
    outer loop
      vertex 9 33.5 1.49
      vertex 10.302361332501977 33.38605814759156 1.49
      vertex 10.302361332501977 33.38605814759156 49.99
    endloop
  endfacet
  facet normal -0.2588190451025231 -0.9659258262890678 2.0263898048032175e-19
    outer loop
      vertex 10.302361332501977 33.38605814759156 1.49
      vertex 11.565151074942516 33.04769465589431 1.49
      vertex 11.565151074942516 33.04769465589431 49.99
    endloop
  endfacet
  facet normal -0.2588190451025231 0.9659258262890678 0
    outer loop
      vertex 10.302361332501977 35.61394185240844 1.49
      vertex 10.302361332501977 35.61394185240844 49.99
      vertex 11.565151074942516 35.95230534410569 1.49
    endloop
  endfacet
  facet normal -0.42261826174069855 -0.9063077870366504 2.2685634186461777e-19
    outer loop
      vertex 11.565151074942516 33.04769465589431 1.49
      vertex 12.75 32.49519052838329 1.49
      vertex 12.75 32.49519052838329 49.99
    endloop
  endfacet
  facet normal -0.42261826174069855 0.9063077870366504 0
    outer loop
      vertex 11.565151074942516 35.95230534410569 1.49
      vertex 11.565151074942516 35.95230534410569 49.99
      vertex 12.75 36.50480947161671 1.49
    endloop
  endfacet
  facet normal 0 0 1
    outer loop
      vertex 12.75 2.504809471616711 1.49
      vertex 13.820907072649044 3.2546666766076653 1.49
      vertex 13.820907072649044 14.745333323392334 1.49
    endloop
  endfacet
  facet normal 0 0 1
    outer loop
      vertex 13.820907072649044 3.2546666766076653 1.49
      vertex 14.745333323392334 4.179092927350956 1.49
      vertex 14.745333323392334 13.820907072649044 1.49
    endloop
  endfacet
  facet normal 0 0 1
    outer loop
      vertex 13.820907072649044 3.2546666766076653 1.49
      vertex 14.745333323392334 13.820907072649044 1.49
      vertex 13.820907072649044 14.745333323392334 1.49
    endloop
  endfacet
  facet normal 0 0 1
    outer loop
      vertex 14.745333323392334 4.179092927350956 1.49
      vertex 15.49519052838329 5.25 1.49
      vertex 15.49519052838329 12.75 1.49
    endloop
  endfacet
  facet normal 0 0 1
    outer loop
      vertex 15.49519052838329 5.25 1.49
      vertex 16.04769465589431 6.4348489250574845 1.49
      vertex 16.04769465589431 11.565151074942516 1.49
    endloop
  endfacet
  facet normal 0 0 1
    outer loop
      vertex 14.745333323392334 4.179092927350956 1.49
      vertex 15.49519052838329 12.75 1.49
      vertex 14.745333323392334 13.820907072649044 1.49
    endloop
  endfacet
  facet normal 0 0 1
    outer loop
      vertex 15.49519052838329 5.25 1.49
      vertex 16.04769465589431 11.565151074942516 1.49
      vertex 15.49519052838329 12.75 1.49
    endloop
  endfacet
  facet normal 0 0 1
    outer loop
      vertex 16.04769465589431 6.4348489250574845 1.49
      vertex 16.386058147591562 10.302361332501977 1.49
      vertex 16.04769465589431 11.565151074942516 1.49
    endloop
  endfacet
  facet normal 0 0 1
    outer loop
      vertex 16.04769465589431 6.4348489250574845 1.49
      vertex 16.386058147591562 7.697638667498023 1.49
      vertex 16.386058147591562 10.302361332501977 1.49
    endloop
  endfacet
  facet normal 0 0 1
    outer loop
      vertex 16.386058147591562 7.697638667498023 1.49
      vertex 16.5 9 1.49
      vertex 16.386058147591562 10.302361332501977 1.49
    endloop
  endfacet
  facet normal 0 0 1
    outer loop
      vertex 18.5 9 1.49
      vertex 18.613941852408438 7.697638667498023 1.49
      vertex 18.613941852408438 10.302361332501977 1.49
    endloop
  endfacet
  facet normal 0 0 1
    outer loop
      vertex 18.95230534410569 6.4348489250574845 1.49
      vertex 18.95230534410569 11.565151074942516 1.49
      vertex 18.613941852408438 7.697638667498023 1.49
    endloop
  endfacet
  facet normal 0 0 1
    outer loop
      vertex 18.95230534410569 6.4348489250574845 1.49
      vertex 19.50480947161671 5.25 1.49
      vertex 19.50480947161671 12.75 1.49
    endloop
  endfacet
  facet normal 0 0 1
    outer loop
      vertex 18.613941852408438 7.697638667498023 1.49
      vertex 18.95230534410569 11.565151074942516 1.49
      vertex 18.613941852408438 10.302361332501977 1.49
    endloop
  endfacet
  facet normal 0 0 1
    outer loop
      vertex 18.95230534410569 6.4348489250574845 1.49
      vertex 19.50480947161671 12.75 1.49
      vertex 18.95230534410569 11.565151074942516 1.49
    endloop
  endfacet
  facet normal 0 0 1
    outer loop
      vertex 12.75 2.504809471616711 1.49
      vertex 13.820907072649044 14.745333323392334 1.49
      vertex 12.75 15.49519052838329 1.49
    endloop
  endfacet
  facet normal 0 0 1
    outer loop
      vertex 20.254666676607666 4.179092927350956 1.49
      vertex 20.254666676607666 13.820907072649044 1.49
      vertex 19.50480947161671 5.25 1.49
    endloop
  endfacet
  facet normal 0 0 1
    outer loop
      vertex 20.254666676607666 4.179092927350956 1.49
      vertex 21.179092927350958 3.2546666766076653 1.49
      vertex 21.179092927350958 14.745333323392334 1.49
    endloop
  endfacet
  facet normal 0 0 1
    outer loop
      vertex 19.50480947161671 5.25 1.49
      vertex 20.254666676607666 13.820907072649044 1.49
      vertex 19.50480947161671 12.75 1.49
    endloop
  endfacet
  facet normal 0 0 1
    outer loop
      vertex 21.179092927350958 3.2546666766076653 1.49
      vertex 22.25 2.504809471616711 1.49
      vertex 22.25 15.49519052838329 1.49
    endloop
  endfacet
  facet normal 0 0 1
    outer loop
      vertex 22.25 2.504809471616711 1.49
      vertex 23.434848925057484 1.952305344105687 1.49
      vertex 23.434848925057484 16.04769465589431 1.49
    endloop
  endfacet
  facet normal 0 0 1
    outer loop
      vertex 23.434848925057484 1.952305344105687 1.49
      vertex 24.697638667498023 1.6139418524084395 1.49
      vertex 24.697638667498023 16.386058147591562 1.49
    endloop
  endfacet
  facet normal 0 0 1
    outer loop
      vertex 24.697638667498023 1.6139418524084395 1.49
      vertex 26 1.5 1.49
      vertex 26 16.5 1.49
    endloop
  endfacet
  facet normal 0 0 1
    outer loop
      vertex 20.254666676607666 4.179092927350956 1.49
      vertex 21.179092927350958 14.745333323392334 1.49
      vertex 20.254666676607666 13.820907072649044 1.49
    endloop
  endfacet
  facet normal 0 0 1
    outer loop
      vertex 21.179092927350958 3.2546666766076653 1.49
      vertex 22.25 15.49519052838329 1.49
      vertex 21.179092927350958 14.745333323392334 1.49
    endloop
  endfacet
  facet normal 0 0 1
    outer loop
      vertex 22.25 2.504809471616711 1.49
      vertex 23.434848925057484 16.04769465589431 1.49
      vertex 22.25 15.49519052838329 1.49
    endloop
  endfacet
  facet normal 0 0 1
    outer loop
      vertex 23.434848925057484 1.952305344105687 1.49
      vertex 24.697638667498023 16.386058147591562 1.49
      vertex 23.434848925057484 16.04769465589431 1.49
    endloop
  endfacet
  facet normal 0 0 1
    outer loop
      vertex 24.697638667498023 1.6139418524084395 1.49
      vertex 26 16.5 1.49
      vertex 24.697638667498023 16.386058147591562 1.49
    endloop
  endfacet
  facet normal -0.5735764363510463 0.8191520442889917 0
    outer loop
      vertex 12.75 2.504809471616711 1.49
      vertex 12.75 2.504809471616711 49.99
      vertex 13.820907072649044 3.2546666766076653 1.49
    endloop
  endfacet
  facet normal -0.7071067811865478 0.7071067811865471 0
    outer loop
      vertex 13.820907072649044 3.2546666766076653 1.49
      vertex 13.820907072649044 3.2546666766076653 49.99
      vertex 14.745333323392334 4.179092927350956 1.49
    endloop
  endfacet
  facet normal -0.819152044288991 0.5735764363510472 0
    outer loop
      vertex 14.745333323392334 4.179092927350956 1.49
      vertex 14.745333323392334 4.179092927350956 49.99
      vertex 15.49519052838329 5.25 1.49
    endloop
  endfacet
  facet normal -0.9063077870366505 0.4226182617406983 0
    outer loop
      vertex 15.49519052838329 5.25 1.49
      vertex 15.49519052838329 5.25 49.99
      vertex 16.04769465589431 6.4348489250574845 1.49
    endloop
  endfacet
  facet normal -0.9659258262890676 0.2588190451025233 0
    outer loop
      vertex 16.04769465589431 6.4348489250574845 1.49
      vertex 16.04769465589431 6.4348489250574845 49.99
      vertex 16.386058147591562 7.697638667498023 1.49
    endloop
  endfacet
  facet normal 0 -1 0
    outer loop
      vertex 3 0 0
      vertex 49 0 0
      vertex 3 0 50
    endloop
  endfacet
  facet normal -0.9961946980917457 0.08715574274765678 0
    outer loop
      vertex 16.386058147591562 7.697638667498023 1.49
      vertex 16.386058147591562 7.697638667498023 49.99
      vertex 16.5 9 1.49
    endloop
  endfacet
  facet normal -0.9961946980917457 -0.08715574274765678 0
    outer loop
      vertex 16.5 9 1.49
      vertex 16.5 9 49.99
      vertex 16.386058147591562 10.302361332501977 1.49
    endloop
  endfacet
  facet normal -0.9659258262890678 -0.2588190451025231 0
    outer loop
      vertex 16.386058147591562 10.302361332501977 1.49
      vertex 16.386058147591562 10.302361332501977 49.99
      vertex 16.04769465589431 11.565151074942516 1.49
    endloop
  endfacet
  facet normal 0.9063077870366505 0.4226182617406983 0
    outer loop
      vertex 18.95230534410569 6.4348489250574845 1.49
      vertex 18.95230534410569 6.4348489250574845 49.99
      vertex 19.50480947161671 5.25 1.49
    endloop
  endfacet
  facet normal 0.9659258262890676 0.2588190451025233 -3.105594112378516e-19
    outer loop
      vertex 18.95230534410569 6.4348489250574845 1.49
      vertex 18.613941852408438 7.697638667498023 1.49
      vertex 18.613941852408438 7.697638667498023 49.99
    endloop
  endfacet
  facet normal 0.9961946980917457 0.08715574274765678 0
    outer loop
      vertex 18.5 9 1.49
      vertex 18.5 9 49.99
      vertex 18.613941852408438 7.697638667498023 1.49
    endloop
  endfacet
  facet normal 0.9961946980917457 -0.08715574274765678 -1.6970250791199594e-19
    outer loop
      vertex 18.5 9 1.49
      vertex 18.613941852408438 10.302361332501977 1.49
      vertex 18.613941852408438 10.302361332501977 49.99
    endloop
  endfacet
  facet normal -0.5735764363510472 -0.819152044288991 -6.968038910054541e-19
    outer loop
      vertex 12.75 15.49519052838329 1.49
      vertex 13.820907072649044 14.745333323392334 1.49
      vertex 13.820907072649044 14.745333323392334 49.99
    endloop
  endfacet
  facet normal -0.7071067811865475 -0.7071067811865475 -8.396062888337941e-19
    outer loop
      vertex 13.820907072649044 14.745333323392334 1.49
      vertex 14.745333323392334 13.820907072649044 1.49
      vertex 14.745333323392334 13.820907072649044 49.99
    endloop
  endfacet
  facet normal -0.819152044288991 -0.5735764363510472 0
    outer loop
      vertex 15.49519052838329 12.75 1.49
      vertex 15.49519052838329 12.75 49.99
      vertex 14.745333323392334 13.820907072649044 1.49
    endloop
  endfacet
  facet normal -0.9063077870366504 -0.42261826174069855 0
    outer loop
      vertex 16.04769465589431 11.565151074942516 1.49
      vertex 16.04769465589431 11.565151074942516 49.99
      vertex 15.49519052838329 12.75 1.49
    endloop
  endfacet
  facet normal -0.5735764363510472 0.819152044288991 0
    outer loop
      vertex 12.75 19.50480947161671 1.49
      vertex 12.75 19.50480947161671 49.99
      vertex 13.820907072649044 20.254666676607666 1.49
    endloop
  endfacet
  facet normal -0.7071067811865482 0.7071067811865469 0
    outer loop
      vertex 13.820907072649044 20.254666676607666 1.49
      vertex 13.820907072649044 20.254666676607666 49.99
      vertex 14.745333323392334 21.179092927350958 1.49
    endloop
  endfacet
  facet normal 0.9659258262890678 -0.2588190451025231 -2.0263898048032175e-19
    outer loop
      vertex 18.613941852408438 10.302361332501977 1.49
      vertex 18.95230534410569 11.565151074942516 1.49
      vertex 18.95230534410569 11.565151074942516 49.99
    endloop
  endfacet
  facet normal 0.9063077870366504 -0.42261826174069855 -2.2685634186461777e-19
    outer loop
      vertex 18.95230534410569 11.565151074942516 1.49
      vertex 19.50480947161671 12.75 1.49
      vertex 19.50480947161671 12.75 49.99
    endloop
  endfacet
  facet normal 0.819152044288991 0.5735764363510472 -6.968038910054541e-19
    outer loop
      vertex 20.254666676607666 4.179092927350956 1.49
      vertex 19.50480947161671 5.25 1.49
      vertex 19.50480947161671 5.25 49.99
    endloop
  endfacet
  facet normal 0.7071067811865472 0.7071067811865479 0
    outer loop
      vertex 20.254666676607666 4.179092927350956 1.49
      vertex 20.254666676607666 4.179092927350956 49.99
      vertex 21.179092927350958 3.2546666766076653 1.49
    endloop
  endfacet
  facet normal 0.4226182617407002 0.9063077870366496 0
    outer loop
      vertex 22.25 2.504809471616711 1.49
      vertex 22.25 2.504809471616711 49.99
      vertex 23.434848925057484 1.952305344105687 1.49
    endloop
  endfacet
  facet normal 0.5735764363510469 0.8191520442889912 0
    outer loop
      vertex 21.179092927350958 3.2546666766076653 1.49
      vertex 21.179092927350958 3.2546666766076653 49.99
      vertex 22.25 2.504809471616711 1.49
    endloop
  endfacet
  facet normal 0.2588190451025206 0.9659258262890683 0
    outer loop
      vertex 23.434848925057484 1.952305344105687 1.49
      vertex 23.434848925057484 1.952305344105687 49.99
      vertex 24.697638667498023 1.6139418524084395 1.49
    endloop
  endfacet
  facet normal 0.08715574274765811 0.9961946980917454 0
    outer loop
      vertex 24.697638667498023 1.6139418524084395 1.49
      vertex 24.697638667498023 1.6139418524084395 49.99
      vertex 26 1.5 1.49
    endloop
  endfacet
  facet normal 0.819152044288991 -0.5735764363510472 6.968038910054541e-19
    outer loop
      vertex 19.50480947161671 12.75 1.49
      vertex 20.254666676607666 13.820907072649044 1.49
      vertex 20.254666676607666 13.820907072649044 49.99
    endloop
  endfacet
  facet normal 0.7071067811865469 -0.7071067811865482 4.733362809593257e-19
    outer loop
      vertex 20.254666676607666 13.820907072649044 1.49
      vertex 21.179092927350958 14.745333323392334 1.49
      vertex 21.179092927350958 14.745333323392334 49.99
    endloop
  endfacet
  facet normal 0.5735764363510478 -0.8191520442889906 7.008043906371929e-19
    outer loop
      vertex 21.179092927350958 14.745333323392334 1.49
      vertex 22.25 15.49519052838329 1.49
      vertex 22.25 15.49519052838329 49.99
    endloop
  endfacet
  facet normal 0.7071067811865476 0.7071067811865476 0
    outer loop
      vertex 20.254666676607666 21.179092927350958 1.49
      vertex 20.254666676607666 21.179092927350958 49.99
      vertex 21.179092927350958 20.254666676607666 1.49
    endloop
  endfacet
  facet normal 0.5735764363510478 0.8191520442889906 0
    outer loop
      vertex 21.179092927350958 20.254666676607666 1.49
      vertex 21.179092927350958 20.254666676607666 49.99
      vertex 22.25 19.50480947161671 1.49
    endloop
  endfacet
  facet normal 0.42261826174069855 0.9063077870366504 0
    outer loop
      vertex 22.25 19.50480947161671 1.49
      vertex 22.25 19.50480947161671 49.99
      vertex 23.434848925057484 18.95230534410569 1.49
    endloop
  endfacet
  facet normal 0.42261826174069855 -0.9063077870366504 -2.2685634186461777e-19
    outer loop
      vertex 22.25 15.49519052838329 1.49
      vertex 23.434848925057484 16.04769465589431 1.49
      vertex 23.434848925057484 16.04769465589431 49.99
    endloop
  endfacet
  facet normal 0.2588190451025231 -0.9659258262890678 -2.0263898048032175e-19
    outer loop
      vertex 23.434848925057484 16.04769465589431 1.49
      vertex 24.697638667498023 16.386058147591562 1.49
      vertex 24.697638667498023 16.386058147591562 49.99
    endloop
  endfacet
  facet normal 0.2588190451025231 0.9659258262890678 0
    outer loop
      vertex 23.434848925057484 18.95230534410569 1.49
      vertex 23.434848925057484 18.95230534410569 49.99
      vertex 24.697638667498023 18.613941852408438 1.49
    endloop
  endfacet
  facet normal 0.08715574274765678 0.9961946980917457 0
    outer loop
      vertex 24.697638667498023 18.613941852408438 1.49
      vertex 24.697638667498023 18.613941852408438 49.99
      vertex 26 18.5 1.49
    endloop
  endfacet
  facet normal 0.08715574274765678 -0.9961946980917457 -1.6970250791199594e-19
    outer loop
      vertex 24.697638667498023 16.386058147591562 1.49
      vertex 26 16.5 1.49
      vertex 26 16.5 49.99
    endloop
  endfacet
  facet normal 0 0 1
    outer loop
      vertex 12.75 19.50480947161671 1.49
      vertex 13.820907072649044 20.254666676607666 1.49
      vertex 13.820907072649044 31.745333323392334 1.49
    endloop
  endfacet
  facet normal 0 0 1
    outer loop
      vertex 13.820907072649044 20.254666676607666 1.49
      vertex 14.745333323392334 21.179092927350958 1.49
      vertex 14.745333323392334 30.820907072649042 1.49
    endloop
  endfacet
  facet normal 0 0 1
    outer loop
      vertex 14.745333323392334 21.179092927350958 1.49
      vertex 15.49519052838329 22.25 1.49
      vertex 15.49519052838329 29.75 1.49
    endloop
  endfacet
  facet normal 0 0 1
    outer loop
      vertex 15.49519052838329 22.25 1.49
      vertex 16.04769465589431 23.434848925057484 1.49
      vertex 16.04769465589431 28.565151074942516 1.49
    endloop
  endfacet
  facet normal 0 0 1
    outer loop
      vertex 15.49519052838329 22.25 1.49
      vertex 16.04769465589431 28.565151074942516 1.49
      vertex 15.49519052838329 29.75 1.49
    endloop
  endfacet
  facet normal 0 0 1
    outer loop
      vertex 16.04769465589431 23.434848925057484 1.49
      vertex 16.386058147591562 27.302361332501977 1.49
      vertex 16.04769465589431 28.565151074942516 1.49
    endloop
  endfacet
  facet normal 0 0 1
    outer loop
      vertex 12.75 19.50480947161671 1.49
      vertex 13.820907072649044 31.745333323392334 1.49
      vertex 12.75 32.49519052838329 1.49
    endloop
  endfacet
  facet normal 0 0 1
    outer loop
      vertex 13.820907072649044 20.254666676607666 1.49
      vertex 14.745333323392334 30.820907072649042 1.49
      vertex 13.820907072649044 31.745333323392334 1.49
    endloop
  endfacet
  facet normal 0 0 1
    outer loop
      vertex 14.745333323392334 21.179092927350958 1.49
      vertex 15.49519052838329 29.75 1.49
      vertex 14.745333323392334 30.820907072649042 1.49
    endloop
  endfacet
  facet normal 0 0 1
    outer loop
      vertex 16.04769465589431 23.434848925057484 1.49
      vertex 16.386058147591562 24.697638667498023 1.49
      vertex 16.386058147591562 27.302361332501977 1.49
    endloop
  endfacet
  facet normal 0 0 1
    outer loop
      vertex 16.386058147591562 24.697638667498023 1.49
      vertex 16.5 26 1.49
      vertex 16.386058147591562 27.302361332501977 1.49
    endloop
  endfacet
  facet normal 0 0 1
    outer loop
      vertex 18.5 26 1.49
      vertex 18.613941852408438 24.697638667498023 1.49
      vertex 18.613941852408438 27.302361332501977 1.49
    endloop
  endfacet
  facet normal 0 0 1
    outer loop
      vertex 18.95230534410569 23.434848925057484 1.49
      vertex 19.50480947161671 22.25 1.49
      vertex 19.50480947161671 29.75 1.49
    endloop
  endfacet
  facet normal 0 0 1
    outer loop
      vertex 18.95230534410569 23.434848925057484 1.49
      vertex 18.95230534410569 28.565151074942516 1.49
      vertex 18.613941852408438 24.697638667498023 1.49
    endloop
  endfacet
  facet normal 0 0 1
    outer loop
      vertex 18.613941852408438 24.697638667498023 1.49
      vertex 18.95230534410569 28.565151074942516 1.49
      vertex 18.613941852408438 27.302361332501977 1.49
    endloop
  endfacet
  facet normal 0 0 -1
    outer loop
      vertex 3 0 0
      vertex 3 86 0
      vertex 49 0 0
    endloop
  endfacet
  facet normal 0 0 1
    outer loop
      vertex 18.95230534410569 23.434848925057484 1.49
      vertex 19.50480947161671 29.75 1.49
      vertex 18.95230534410569 28.565151074942516 1.49
    endloop
  endfacet
  facet normal 0 0 1
    outer loop
      vertex 12.75 36.50480947161671 1.49
      vertex 13.820907072649044 37.25466667660766 1.49
      vertex 13.820907072649044 48.74533332339234 1.49
    endloop
  endfacet
  facet normal 0 0 1
    outer loop
      vertex 13.820907072649044 37.25466667660766 1.49
      vertex 14.745333323392334 38.17909292735096 1.49
      vertex 14.745333323392334 47.82090707264904 1.49
    endloop
  endfacet
  facet normal 0 0 1
    outer loop
      vertex 14.745333323392334 38.17909292735096 1.49
      vertex 15.49519052838329 39.25 1.49
      vertex 15.49519052838329 46.75 1.49
    endloop
  endfacet
  facet normal 0 0 1
    outer loop
      vertex 15.49519052838329 39.25 1.49
      vertex 16.04769465589431 40.43484892505749 1.49
      vertex 16.04769465589431 45.56515107494251 1.49
    endloop
  endfacet
  facet normal 0 0 1
    outer loop
      vertex 16.04769465589431 40.43484892505749 1.49
      vertex 16.386058147591562 41.697638667498026 1.49
      vertex 16.386058147591562 44.302361332501974 1.49
    endloop
  endfacet
  facet normal 0 0 1
    outer loop
      vertex 18.95230534410569 40.43484892505749 1.49
      vertex 18.95230534410569 45.56515107494251 1.49
      vertex 18.613941852408438 41.697638667498026 1.49
    endloop
  endfacet
  facet normal 0 0 1
    outer loop
      vertex 18.95230534410569 40.43484892505749 1.49
      vertex 19.50480947161671 39.25 1.49
      vertex 19.50480947161671 46.75 1.49
    endloop
  endfacet
  facet normal 0 0 1
    outer loop
      vertex 20.254666676607666 21.179092927350958 1.49
      vertex 20.254666676607666 30.820907072649042 1.49
      vertex 19.50480947161671 22.25 1.49
    endloop
  endfacet
  facet normal 0 0 1
    outer loop
      vertex 20.254666676607666 21.179092927350958 1.49
      vertex 21.179092927350958 20.254666676607666 1.49
      vertex 21.179092927350958 31.745333323392334 1.49
    endloop
  endfacet
  facet normal 0 0 1
    outer loop
      vertex 21.179092927350958 20.254666676607666 1.49
      vertex 22.25 19.50480947161671 1.49
      vertex 22.25 32.49519052838329 1.49
    endloop
  endfacet
  facet normal 0 0 1
    outer loop
      vertex 19.50480947161671 22.25 1.49
      vertex 20.254666676607666 30.820907072649042 1.49
      vertex 19.50480947161671 29.75 1.49
    endloop
  endfacet
  facet normal 0 0 1
    outer loop
      vertex 20.254666676607666 21.179092927350958 1.49
      vertex 21.179092927350958 31.745333323392334 1.49
      vertex 20.254666676607666 30.820907072649042 1.49
    endloop
  endfacet
  facet normal 0 0 1
    outer loop
      vertex 21.179092927350958 20.254666676607666 1.49
      vertex 22.25 32.49519052838329 1.49
      vertex 21.179092927350958 31.745333323392334 1.49
    endloop
  endfacet
  facet normal 0 0 1
    outer loop
      vertex 22.25 19.50480947161671 1.49
      vertex 23.434848925057484 33.04769465589431 1.49
      vertex 22.25 32.49519052838329 1.49
    endloop
  endfacet
  facet normal 0 0 1
    outer loop
      vertex 22.25 19.50480947161671 1.49
      vertex 23.434848925057484 18.95230534410569 1.49
      vertex 23.434848925057484 33.04769465589431 1.49
    endloop
  endfacet
  facet normal 0 0 1
    outer loop
      vertex 23.434848925057484 18.95230534410569 1.49
      vertex 24.697638667498023 18.613941852408438 1.49
      vertex 24.697638667498023 33.38605814759156 1.49
    endloop
  endfacet
  facet normal 0 0 1
    outer loop
      vertex 24.697638667498023 18.613941852408438 1.49
      vertex 26 18.5 1.49
      vertex 26 33.5 1.49
    endloop
  endfacet
  facet normal 0 0 1
    outer loop
      vertex 23.434848925057484 18.95230534410569 1.49
      vertex 24.697638667498023 33.38605814759156 1.49
      vertex 23.434848925057484 33.04769465589431 1.49
    endloop
  endfacet
  facet normal 0 0 1
    outer loop
      vertex 24.697638667498023 18.613941852408438 1.49
      vertex 26 33.5 1.49
      vertex 24.697638667498023 33.38605814759156 1.49
    endloop
  endfacet
  facet normal 0 0 1
    outer loop
      vertex 19.50480947161671 39.25 1.49
      vertex 20.254666676607666 38.17909292735096 1.49
      vertex 20.254666676607666 47.82090707264904 1.49
    endloop
  endfacet
  facet normal 0 0 1
    outer loop
      vertex 21.179092927350958 37.25466667660766 1.49
      vertex 21.179092927350958 48.74533332339234 1.49
      vertex 20.254666676607666 38.17909292735096 1.49
    endloop
  endfacet
  facet normal 0 0 1
    outer loop
      vertex 21.179092927350958 37.25466667660766 1.49
      vertex 22.25 36.50480947161671 1.49
      vertex 22.25 49.49519052838329 1.49
    endloop
  endfacet
  facet normal 0 0 1
    outer loop
      vertex 22.25 36.50480947161671 1.49
      vertex 23.434848925057484 35.95230534410569 1.49
      vertex 23.434848925057484 50.04769465589431 1.49
    endloop
  endfacet
  facet normal 0 0 1
    outer loop
      vertex 23.434848925057484 35.95230534410569 1.49
      vertex 24.697638667498023 35.61394185240844 1.49
      vertex 24.697638667498023 50.38605814759156 1.49
    endloop
  endfacet
  facet normal 0 0 1
    outer loop
      vertex 24.697638667498023 35.61394185240844 1.49
      vertex 26 35.5 1.49
      vertex 26 50.5 1.49
    endloop
  endfacet
  facet normal -0.8191520442889906 0.5735764363510478 0
    outer loop
      vertex 14.745333323392334 21.179092927350958 1.49
      vertex 14.745333323392334 21.179092927350958 49.99
      vertex 15.49519052838329 22.25 1.49
    endloop
  endfacet
  facet normal -0.9063077870366504 0.42261826174069855 0
    outer loop
      vertex 15.49519052838329 22.25 1.49
      vertex 15.49519052838329 22.25 49.99
      vertex 16.04769465589431 23.434848925057484 1.49
    endloop
  endfacet
  facet normal -0.9659258262890678 0.2588190451025231 0
    outer loop
      vertex 16.04769465589431 23.434848925057484 1.49
      vertex 16.04769465589431 23.434848925057484 49.99
      vertex 16.386058147591562 24.697638667498023 1.49
    endloop
  endfacet
  facet normal -0.5735764363510472 -0.819152044288991 0
    outer loop
      vertex 13.820907072649044 31.745333323392334 1.49
      vertex 13.820907072649044 31.745333323392334 49.99
      vertex 12.75 32.49519052838329 1.49
    endloop
  endfacet
  facet normal -0.7071067811865482 -0.7071067811865469 -4.733362809593257e-19
    outer loop
      vertex 13.820907072649044 31.745333323392334 1.49
      vertex 14.745333323392334 30.820907072649042 1.49
      vertex 14.745333323392334 30.820907072649042 49.99
    endloop
  endfacet
  facet normal -0.9063077870366504 -0.42261826174069855 0
    outer loop
      vertex 16.04769465589431 28.565151074942516 1.49
      vertex 16.04769465589431 28.565151074942516 49.99
      vertex 15.49519052838329 29.75 1.49
    endloop
  endfacet
  facet normal -0.8191520442889906 -0.5735764363510478 -7.008043906371929e-19
    outer loop
      vertex 14.745333323392334 30.820907072649042 1.49
      vertex 15.49519052838329 29.75 1.49
      vertex 15.49519052838329 29.75 49.99
    endloop
  endfacet
  facet normal -0.9961946980917457 0.08715574274765678 0
    outer loop
      vertex 16.386058147591562 24.697638667498023 1.49
      vertex 16.386058147591562 24.697638667498023 49.99
      vertex 16.5 26 1.49
    endloop
  endfacet
  facet normal -0.9961946980917457 -0.08715574274765678 0
    outer loop
      vertex 16.5 26 1.49
      vertex 16.5 26 49.99
      vertex 16.386058147591562 27.302361332501977 1.49
    endloop
  endfacet
  facet normal 0.9063077870366504 0.42261826174069855 0
    outer loop
      vertex 18.95230534410569 23.434848925057484 1.49
      vertex 18.95230534410569 23.434848925057484 49.99
      vertex 19.50480947161671 22.25 1.49
    endloop
  endfacet
  facet normal 0.9961946980917457 0.08715574274765678 0
    outer loop
      vertex 18.5 26 1.49
      vertex 18.5 26 49.99
      vertex 18.613941852408438 24.697638667498023 1.49
    endloop
  endfacet
  facet normal 0.9961946980917457 -0.08715574274765678 -1.6970250791199594e-19
    outer loop
      vertex 18.5 26 1.49
      vertex 18.613941852408438 27.302361332501977 1.49
      vertex 18.613941852408438 27.302361332501977 49.99
    endloop
  endfacet
  facet normal 0.9659258262890678 0.2588190451025231 2.0263898048032175e-19
    outer loop
      vertex 18.95230534410569 23.434848925057484 1.49
      vertex 18.613941852408438 24.697638667498023 1.49
      vertex 18.613941852408438 24.697638667498023 49.99
    endloop
  endfacet
  facet normal -0.9659258262890678 -0.2588190451025231 2.0263898048032175e-19
    outer loop
      vertex 16.04769465589431 28.565151074942516 1.49
      vertex 16.386058147591562 27.302361332501977 1.49
      vertex 16.386058147591562 27.302361332501977 49.99
    endloop
  endfacet
  facet normal 0.9659258262890678 -0.2588190451025231 -2.0263898048032175e-19
    outer loop
      vertex 18.613941852408438 27.302361332501977 1.49
      vertex 18.95230534410569 28.565151074942516 1.49
      vertex 18.95230534410569 28.565151074942516 49.99
    endloop
  endfacet
  facet normal 0.9063077870366504 -0.42261826174069855 -2.2685634186461777e-19
    outer loop
      vertex 18.95230534410569 28.565151074942516 1.49
      vertex 19.50480947161671 29.75 1.49
      vertex 19.50480947161671 29.75 49.99
    endloop
  endfacet
  facet normal -0.5735764363510454 0.8191520442889924 0
    outer loop
      vertex 12.75 36.50480947161671 1.49
      vertex 12.75 36.50480947161671 49.99
      vertex 13.820907072649044 37.25466667660766 1.49
    endloop
  endfacet
  facet normal -0.7071067811865496 0.7071067811865455 0
    outer loop
      vertex 13.820907072649044 37.25466667660766 1.49
      vertex 13.820907072649044 37.25466667660766 49.99
      vertex 14.745333323392334 38.17909292735096 1.49
    endloop
  endfacet
  facet normal -0.8191520442889906 0.5735764363510478 0
    outer loop
      vertex 14.745333323392334 38.17909292735096 1.49
      vertex 14.745333323392334 38.17909292735096 49.99
      vertex 15.49519052838329 39.25 1.49
    endloop
  endfacet
  facet normal -0.9063077870366508 0.4226182617406975 0
    outer loop
      vertex 15.49519052838329 39.25 1.49
      vertex 15.49519052838329 39.25 49.99
      vertex 16.04769465589431 40.43484892505749 1.49
    endloop
  endfacet
  facet normal -0.9659258262890678 0.2588190451025231 0
    outer loop
      vertex 16.04769465589431 40.43484892505749 1.49
      vertex 16.04769465589431 40.43484892505749 49.99
      vertex 16.386058147591562 41.697638667498026 1.49
    endloop
  endfacet
  facet normal -0.9961946980917455 0.087155742747657 0
    outer loop
      vertex 16.386058147591562 41.697638667498026 1.49
      vertex 16.386058147591562 41.697638667498026 49.99
      vertex 16.5 43 1.49
    endloop
  endfacet
  facet normal 0.9063077870366508 0.4226182617406975 0
    outer loop
      vertex 18.95230534410569 40.43484892505749 1.49
      vertex 18.95230534410569 40.43484892505749 49.99
      vertex 19.50480947161671 39.25 1.49
    endloop
  endfacet
  facet normal 0.9961946980917455 0.087155742747657 -1.215555676047937e-20
    outer loop
      vertex 18.613941852408438 41.697638667498026 1.49
      vertex 18.5 43 1.49
      vertex 18.5 43 49.99
    endloop
  endfacet
  facet normal 0.9659258262890678 0.2588190451025231 2.0263898048032175e-19
    outer loop
      vertex 18.95230534410569 40.43484892505749 1.49
      vertex 18.613941852408438 41.697638667498026 1.49
      vertex 18.613941852408438 41.697638667498026 49.99
    endloop
  endfacet
  facet normal 0.8191520442889906 0.5735764363510478 -7.008043906371929e-19
    outer loop
      vertex 20.254666676607666 21.179092927350958 1.49
      vertex 19.50480947161671 22.25 1.49
      vertex 19.50480947161671 22.25 49.99
    endloop
  endfacet
  facet normal 0.8191520442889906 -0.5735764363510478 7.008043906371929e-19
    outer loop
      vertex 19.50480947161671 29.75 1.49
      vertex 20.254666676607666 30.820907072649042 1.49
      vertex 20.254666676607666 30.820907072649042 49.99
    endloop
  endfacet
  facet normal 0.7071067811865476 -0.7071067811865476 1.0706627308490779e-19
    outer loop
      vertex 20.254666676607666 30.820907072649042 1.49
      vertex 21.179092927350958 31.745333323392334 1.49
      vertex 21.179092927350958 31.745333323392334 49.99
    endloop
  endfacet
  facet normal 0.5735764363510478 -0.8191520442889906 7.008043906371929e-19
    outer loop
      vertex 21.179092927350958 31.745333323392334 1.49
      vertex 22.25 32.49519052838329 1.49
      vertex 22.25 32.49519052838329 49.99
    endloop
  endfacet
  facet normal 0.573576436351046 0.8191520442889919 0
    outer loop
      vertex 21.179092927350958 37.25466667660766 1.49
      vertex 21.179092927350958 37.25466667660766 49.99
      vertex 22.25 36.50480947161671 1.49
    endloop
  endfacet
  facet normal 0.42261826174069855 0.9063077870366504 0
    outer loop
      vertex 22.25 36.50480947161671 1.49
      vertex 22.25 36.50480947161671 49.99
      vertex 23.434848925057484 35.95230534410569 1.49
    endloop
  endfacet
  facet normal 0.8191520442889906 0.5735764363510478 0
    outer loop
      vertex 19.50480947161671 39.25 1.49
      vertex 19.50480947161671 39.25 49.99
      vertex 20.254666676607666 38.17909292735096 1.49
    endloop
  endfacet
  facet normal 0.7071067811865488 0.7071067811865461 6.25473742663926e-19
    outer loop
      vertex 21.179092927350958 37.25466667660766 1.49
      vertex 20.254666676607666 38.17909292735096 1.49
      vertex 20.254666676607666 38.17909292735096 49.99
    endloop
  endfacet
  facet normal 0.42261826174069855 -0.9063077870366504 -2.2685634186461777e-19
    outer loop
      vertex 22.25 32.49519052838329 1.49
      vertex 23.434848925057484 33.04769465589431 1.49
      vertex 23.434848925057484 33.04769465589431 49.99
    endloop
  endfacet
  facet normal 0.2588190451025231 -0.9659258262890678 -2.0263898048032175e-19
    outer loop
      vertex 23.434848925057484 33.04769465589431 1.49
      vertex 24.697638667498023 33.38605814759156 1.49
      vertex 24.697638667498023 33.38605814759156 49.99
    endloop
  endfacet
  facet normal 0.2588190451025231 0.9659258262890678 0
    outer loop
      vertex 23.434848925057484 35.95230534410569 1.49
      vertex 23.434848925057484 35.95230534410569 49.99
      vertex 24.697638667498023 35.61394185240844 1.49
    endloop
  endfacet
  facet normal 0.08715574274765678 -0.9961946980917457 -1.6970250791199594e-19
    outer loop
      vertex 24.697638667498023 33.38605814759156 1.49
      vertex 26 33.5 1.49
      vertex 26 33.5 49.99
    endloop
  endfacet
  facet normal 0.08715574274765678 0.9961946980917457 0
    outer loop
      vertex 24.697638667498023 35.61394185240844 1.49
      vertex 24.697638667498023 35.61394185240844 49.99
      vertex 26 35.5 1.49
    endloop
  endfacet
  facet normal -0.7730104533627375 -0.6343932841636448 0
    outer loop
      vertex 0.8786796564403572 0.8786796564403572 0
      vertex 0.8786796564403572 0.8786796564403572 50
      vertex 0.5055911630923644 1.3332893009411935 50
    endloop
  endfacet
  facet normal -0.9569403357322088 -0.2902846772544627 0
    outer loop
      vertex 0.22836140246614 1.8519497029047307 0
      vertex 0.22836140246614 1.8519497029047307 50
      vertex 0.05764415879030871 2.414729033951615 50
    endloop
  endfacet
  facet normal -0.9951847266721968 -0.0980171403295607 0
    outer loop
      vertex 0.05764415879030871 2.414729033951615 0
      vertex 0.05764415879030871 2.414729033951615 50
      vertex 0 3 50
    endloop
  endfacet
  facet normal -0.881921264348355 -0.47139673682599753 0
    outer loop
      vertex 0.5055911630923644 1.3332893009411935 0
      vertex 0.5055911630923644 1.3332893009411935 50
      vertex 0.22836140246614 1.8519497029047307 50
    endloop
  endfacet
  facet normal -0.6343932841636448 -0.7730104533627375 0
    outer loop
      vertex 1.3332893009411935 0.5055911630923644 0
      vertex 1.3332893009411935 0.5055911630923644 50
      vertex 0.8786796564403572 0.8786796564403572 50
    endloop
  endfacet
  facet normal -0.47139673682599753 -0.881921264348355 0
    outer loop
      vertex 1.8519497029047307 0.22836140246614 0
      vertex 1.8519497029047307 0.22836140246614 50
      vertex 1.3332893009411935 0.5055911630923644 50
    endloop
  endfacet
  facet normal -0.2902846772544627 -0.9569403357322088 0
    outer loop
      vertex 2.414729033951615 0.05764415879030871 0
      vertex 2.414729033951615 0.05764415879030871 50
      vertex 1.8519497029047307 0.22836140246614 50
    endloop
  endfacet
  facet normal -0.0980171403295607 -0.9951847266721968 0
    outer loop
      vertex 3 0 0
      vertex 3 0 50
      vertex 2.414729033951615 0.05764415879030871 50
    endloop
  endfacet
  facet normal 0.8191520442889917 0.5735764363510463 0
    outer loop
      vertex 3.2546666766076653 4.179092927350956 1.49
      vertex 2.504809471616711 5.25 49.99
      vertex 3.2546666766076653 4.179092927350956 49.99
    endloop
  endfacet
  facet normal 0.9961946980917454 0.08715574274765811 0
    outer loop
      vertex 1.6139418524084395 7.697638667498023 1.49
      vertex 1.5 9 49.99
      vertex 1.6139418524084395 7.697638667498023 49.99
    endloop
  endfacet
  facet normal 0.9961946980917454 -0.08715574274765811 0
    outer loop
      vertex 1.5 9 1.49
      vertex 1.6139418524084395 10.302361332501977 49.99
      vertex 1.5 9 49.99
    endloop
  endfacet
  facet normal 0.9063077870366498 0.42261826174069994 0
    outer loop
      vertex 2.504809471616711 5.25 1.49
      vertex 1.952305344105687 6.4348489250574845 49.99
      vertex 2.504809471616711 5.25 49.99
    endloop
  endfacet
  facet normal 0.9659258262890683 0.25881904510252074 0
    outer loop
      vertex 1.952305344105687 6.4348489250574845 1.49
      vertex 1.6139418524084395 7.697638667498023 49.99
      vertex 1.952305344105687 6.4348489250574845 49.99
    endloop
  endfacet
  facet normal 0.9659258262890683 -0.2588190451025206 0
    outer loop
      vertex 1.6139418524084395 10.302361332501977 1.49
      vertex 1.952305344105687 11.565151074942516 49.99
      vertex 1.6139418524084395 10.302361332501977 49.99
    endloop
  endfacet
  facet normal 0.7071067811865476 0.7071067811865476 0
    outer loop
      vertex 4.179092927350956 3.2546666766076653 1.49
      vertex 3.2546666766076653 4.179092927350956 49.99
      vertex 4.179092927350956 3.2546666766076653 49.99
    endloop
  endfacet
  facet normal 0.42261826174069994 0.9063077870366498 0
    outer loop
      vertex 6.4348489250574845 1.952305344105687 1.49
      vertex 5.25 2.504809471616711 49.99
      vertex 6.4348489250574845 1.952305344105687 49.99
    endloop
  endfacet
  facet normal 0.5735764363510463 0.8191520442889917 0
    outer loop
      vertex 5.25 2.504809471616711 1.49
      vertex 4.179092927350956 3.2546666766076653 49.99
      vertex 5.25 2.504809471616711 49.99
    endloop
  endfacet
  facet normal 0.9063077870366496 -0.4226182617407002 0
    outer loop
      vertex 1.952305344105687 11.565151074942516 1.49
      vertex 2.504809471616711 12.75 49.99
      vertex 1.952305344105687 11.565151074942516 49.99
    endloop
  endfacet
  facet normal 0.8191520442889917 -0.5735764363510463 0
    outer loop
      vertex 2.504809471616711 12.75 1.49
      vertex 3.2546666766076653 13.820907072649044 49.99
      vertex 2.504809471616711 12.75 49.99
    endloop
  endfacet
  facet normal 0.7071067811865471 -0.7071067811865478 0
    outer loop
      vertex 3.2546666766076653 13.820907072649044 1.49
      vertex 4.179092927350956 14.745333323392334 49.99
      vertex 3.2546666766076653 13.820907072649044 49.99
    endloop
  endfacet
  facet normal 0.5735764363510472 -0.819152044288991 0
    outer loop
      vertex 4.179092927350956 14.745333323392334 1.49
      vertex 5.25 15.49519052838329 49.99
      vertex 4.179092927350956 14.745333323392334 49.99
    endloop
  endfacet
  facet normal 0.4226182617406983 -0.9063077870366505 0
    outer loop
      vertex 5.25 15.49519052838329 1.49
      vertex 6.4348489250574845 16.04769465589431 49.99
      vertex 5.25 15.49519052838329 49.99
    endloop
  endfacet
  facet normal 0.7071067811865479 0.7071067811865472 0
    outer loop
      vertex 4.179092927350956 20.254666676607666 1.49
      vertex 3.2546666766076653 21.179092927350958 49.99
      vertex 4.179092927350956 20.254666676607666 49.99
    endloop
  endfacet
  facet normal 0.5735764363510472 0.819152044288991 0
    outer loop
      vertex 5.25 19.50480947161671 1.49
      vertex 4.179092927350956 20.254666676607666 49.99
      vertex 5.25 19.50480947161671 49.99
    endloop
  endfacet
  facet normal 0.4226182617406983 0.9063077870366505 0
    outer loop
      vertex 6.4348489250574845 18.95230534410569 1.49
      vertex 5.25 19.50480947161671 49.99
      vertex 6.4348489250574845 18.95230534410569 49.99
    endloop
  endfacet
  facet normal 0.25881904510252074 0.9659258262890683 0
    outer loop
      vertex 7.697638667498023 1.6139418524084395 1.49
      vertex 6.4348489250574845 1.952305344105687 49.99
      vertex 7.697638667498023 1.6139418524084395 49.99
    endloop
  endfacet
  facet normal 0.08715574274765811 0.9961946980917454 0
    outer loop
      vertex 9 1.5 1.49
      vertex 7.697638667498023 1.6139418524084395 49.99
      vertex 9 1.5 49.99
    endloop
  endfacet
  facet normal -0.08715574274765811 0.9961946980917454 0
    outer loop
      vertex 10.302361332501977 1.6139418524084395 1.49
      vertex 9 1.5 49.99
      vertex 10.302361332501977 1.6139418524084395 49.99
    endloop
  endfacet
  facet normal -0.2588190451025206 0.9659258262890683 0
    outer loop
      vertex 11.565151074942516 1.952305344105687 1.49
      vertex 10.302361332501977 1.6139418524084395 49.99
      vertex 11.565151074942516 1.952305344105687 49.99
    endloop
  endfacet
  facet normal -0.4226182617407002 0.9063077870366496 0
    outer loop
      vertex 12.75 2.504809471616711 1.49
      vertex 11.565151074942516 1.952305344105687 49.99
      vertex 12.75 2.504809471616711 49.99
    endloop
  endfacet
  facet normal 0.2588190451025233 -0.9659258262890676 0
    outer loop
      vertex 6.4348489250574845 16.04769465589431 1.49
      vertex 7.697638667498023 16.386058147591562 49.99
      vertex 6.4348489250574845 16.04769465589431 49.99
    endloop
  endfacet
  facet normal 0.2588190451025233 0.9659258262890676 0
    outer loop
      vertex 7.697638667498023 18.613941852408438 1.49
      vertex 6.4348489250574845 18.95230534410569 49.99
      vertex 7.697638667498023 18.613941852408438 49.99
    endloop
  endfacet
  facet normal 0.08715574274765678 -0.9961946980917457 0
    outer loop
      vertex 7.697638667498023 16.386058147591562 1.49
      vertex 9 16.5 49.99
      vertex 7.697638667498023 16.386058147591562 49.99
    endloop
  endfacet
  facet normal 0.08715574274765678 0.9961946980917457 0
    outer loop
      vertex 9 18.5 1.49
      vertex 7.697638667498023 18.613941852408438 49.99
      vertex 9 18.5 49.99
    endloop
  endfacet
  facet normal -0.08715574274765678 -0.9961946980917457 0
    outer loop
      vertex 9 16.5 1.49
      vertex 10.302361332501977 16.386058147591562 49.99
      vertex 9 16.5 49.99
    endloop
  endfacet
  facet normal -0.42261826174069855 -0.9063077870366504 0
    outer loop
      vertex 11.565151074942516 16.04769465589431 1.49
      vertex 12.75 15.49519052838329 49.99
      vertex 11.565151074942516 16.04769465589431 49.99
    endloop
  endfacet
  facet normal -0.08715574274765678 0.9961946980917457 0
    outer loop
      vertex 10.302361332501977 18.613941852408438 1.49
      vertex 9 18.5 49.99
      vertex 10.302361332501977 18.613941852408438 49.99
    endloop
  endfacet
  facet normal -0.2588190451025231 -0.9659258262890678 0
    outer loop
      vertex 10.302361332501977 16.386058147591562 1.49
      vertex 11.565151074942516 16.04769465589431 49.99
      vertex 10.302361332501977 16.386058147591562 49.99
    endloop
  endfacet
  facet normal -0.2588190451025231 0.9659258262890678 0
    outer loop
      vertex 11.565151074942516 18.95230534410569 1.49
      vertex 10.302361332501977 18.613941852408438 49.99
      vertex 11.565151074942516 18.95230534410569 49.99
    endloop
  endfacet
  facet normal -0.42261826174069855 0.9063077870366504 0
    outer loop
      vertex 12.75 19.50480947161671 1.49
      vertex 11.565151074942516 18.95230534410569 49.99
      vertex 12.75 19.50480947161671 49.99
    endloop
  endfacet
  facet normal 0 0 1
    outer loop
      vertex 1.3332893009411935 0.5055911630923644 50
      vertex 1.8519497029047307 0.22836140246614 50
      vertex 1.604142770288917 7.695910824934173 50
    endloop
  endfacet
  facet normal 0 0 1
    outer loop
      vertex 1.8519497029047307 0.22836140246614 50
      vertex 2.414729033951615 0.05764415879030871 50
      vertex 1.942955168774486 6.431445739551757 50
    endloop
  endfacet
  facet normal 0 0 1
    outer loop
      vertex 2.414729033951615 0.05764415879030871 50
      vertex 3 0 50
      vertex 2.496192303419852 5.245024875621891 50
    endloop
  endfacet
  facet normal 0 0 1
    outer loop
      vertex 2.414729033951615 0.05764415879030871 50
      vertex 2.496192303419852 5.245024875621891 50
      vertex 1.942955168774486 6.431445739551757 50
    endloop
  endfacet
  facet normal 0 0 1
    outer loop
      vertex 1.8519497029047307 0.22836140246614 50
      vertex 1.942955168774486 6.431445739551757 50
      vertex 1.604142770288917 7.695910824934173 50
    endloop
  endfacet
  facet normal 0 0 1
    outer loop
      vertex 3 0 50
      vertex 3.247044343840314 4.172697030737161 50
      vertex 2.496192303419852 5.245024875621891 50
    endloop
  endfacet
  facet normal 0.5817709499069942 0.407360404636301 0.7039886807178528
    outer loop
      vertex 2.504809471616711 5.25 49.99
      vertex 2.496192303419852 5.245024875621891 50
      vertex 3.2546666766076653 4.179092927350956 49.99
    endloop
  endfacet
  facet normal 0.5817709499070072 0.4073604046363104 0.7039886807178366
    outer loop
      vertex 3.2546666766076653 4.179092927350956 49.99
      vertex 2.496192303419852 5.245024875621891 50
      vertex 3.247044343840314 4.172697030737161 50
    endloop
  endfacet
  facet normal 0 0 1
    outer loop
      vertex 1.3332893009411935 0.5055911630923644 50
      vertex 1.604142770288917 7.695910824934173 50
      vertex 1.4900497512437831 9 50
    endloop
  endfacet
  facet normal 0.7075086241214305 0.06189898395744926 0.7039886807178335
    outer loop
      vertex 1.6139418524084395 7.697638667498023 49.99
      vertex 1.4900497512437831 9 50
      vertex 1.604142770288917 7.695910824934173 50
    endloop
  endfacet
  facet normal 0.7075086241214288 0.06189898395744908 0.703988680717835
    outer loop
      vertex 1.5 9 49.99
      vertex 1.4900497512437831 9 50
      vertex 1.6139418524084395 7.697638667498023 49.99
    endloop
  endfacet
  facet normal 0.707508624121429 -0.06189898395744908 0.7039886807178353
    outer loop
      vertex 1.5 9 49.99
      vertex 1.604142770288917 10.304089175065828 50
      vertex 1.4900497512437831 9 50
    endloop
  endfacet
  facet normal 0.7075086241214277 -0.06189898395744898 0.7039886807178363
    outer loop
      vertex 1.5 9 49.99
      vertex 1.6139418524084395 10.302361332501977 49.99
      vertex 1.604142770288917 10.304089175065828 50
    endloop
  endfacet
  facet normal 0.6436699338644545 0.300148219485117 0.7039886807178385
    outer loop
      vertex 1.952305344105687 6.4348489250574845 49.99
      vertex 1.942955168774486 6.431445739551757 50
      vertex 2.504809471616711 5.25 49.99
    endloop
  endfacet
  facet normal 0.6436699338644416 0.3001482194851108 0.7039886807178529
    outer loop
      vertex 2.504809471616711 5.25 49.99
      vertex 1.942955168774486 6.431445739551757 50
      vertex 2.496192303419852 5.245024875621891 50
    endloop
  endfacet
  facet normal 0.6860113325941398 0.18381618256719806 0.7039886807178329
    outer loop
      vertex 1.952305344105687 6.4348489250574845 49.99
      vertex 1.6139418524084395 7.697638667498023 49.99
      vertex 1.604142770288917 7.695910824934173 50
    endloop
  endfacet
  facet normal 0.6860113325941367 0.18381618256719717 0.7039886807178363
    outer loop
      vertex 1.952305344105687 6.4348489250574845 49.99
      vertex 1.604142770288917 7.695910824934173 50
      vertex 1.942955168774486 6.431445739551757 50
    endloop
  endfacet
  facet normal 0.6860113325941318 -0.183816182567196 0.7039886807178413
    outer loop
      vertex 1.6139418524084395 10.302361332501977 49.99
      vertex 1.942955168774486 11.568554260448243 50
      vertex 1.604142770288917 10.304089175065828 50
    endloop
  endfacet
  facet normal 0 0 1
    outer loop
      vertex 3 0 50
      vertex 4.172697030737161 3.247044343840314 50
      vertex 3.247044343840314 4.172697030737161 50
    endloop
  endfacet
  facet normal 0 0 1
    outer loop
      vertex 3 0 50
      vertex 5.245024875621891 2.4961923034198525 50
      vertex 4.172697030737161 3.247044343840314 50
    endloop
  endfacet
  facet normal 0.5021951500269392 0.5021951500269392 0.7039886807178368
    outer loop
      vertex 3.2546666766076653 4.179092927350956 49.99
      vertex 3.247044343840314 4.172697030737161 50
      vertex 4.179092927350956 3.2546666766076653 49.99
    endloop
  endfacet
  facet normal 0.502195150026939 0.502195150026939 0.7039886807178367
    outer loop
      vertex 4.179092927350956 3.2546666766076653 49.99
      vertex 3.247044343840314 4.172697030737161 50
      vertex 4.172697030737161 3.247044343840314 50
    endloop
  endfacet
  facet normal 0.4073604046363102 0.5817709499070073 0.7039886807178365
    outer loop
      vertex 4.179092927350956 3.2546666766076653 49.99
      vertex 4.172697030737161 3.247044343840314 50
      vertex 5.25 2.504809471616711 49.99
    endloop
  endfacet
  facet normal 0 0 1
    outer loop
      vertex 3 0 50
      vertex 6.431445739551757 1.9429551687744857 50
      vertex 5.245024875621891 2.4961923034198525 50
    endloop
  endfacet
  facet normal 0.300148219485117 0.6436699338644545 0.7039886807178385
    outer loop
      vertex 5.25 2.504809471616711 49.99
      vertex 5.245024875621891 2.4961923034198525 50
      vertex 6.4348489250574845 1.952305344105687 49.99
    endloop
  endfacet
  facet normal 0 0 1
    outer loop
      vertex 3 0 50
      vertex 7.695910824934173 1.604142770288917 50
      vertex 6.431445739551757 1.9429551687744857 50
    endloop
  endfacet
  facet normal 0.30014821948511416 0.643669933864448 0.7039886807178458
    outer loop
      vertex 6.4348489250574845 1.952305344105687 49.99
      vertex 5.245024875621891 2.4961923034198525 50
      vertex 6.431445739551757 1.9429551687744857 50
    endloop
  endfacet
  facet normal 0.40736040463630846 0.5817709499070048 0.7039886807178397
    outer loop
      vertex 5.25 2.504809471616711 49.99
      vertex 4.172697030737161 3.247044343840314 50
      vertex 5.245024875621891 2.4961923034198525 50
    endloop
  endfacet
  facet normal 0 0 1
    outer loop
      vertex 1.4900497512437831 9 50
      vertex 1.604142770288917 10.304089175065828 50
      vertex 1.4900497512437831 26 50
    endloop
  endfacet
  facet normal 0.6860113325941442 -0.1838161825671991 0.7039886807178283
    outer loop
      vertex 1.6139418524084395 10.302361332501977 49.99
      vertex 1.952305344105687 11.565151074942516 49.99
      vertex 1.942955168774486 11.568554260448243 50
    endloop
  endfacet
  facet normal 0.6436699338644665 -0.3001482194851226 0.703988680717825
    outer loop
      vertex 1.952305344105687 11.565151074942516 49.99
      vertex 2.496192303419852 12.754975124378108 50
      vertex 1.942955168774486 11.568554260448243 50
    endloop
  endfacet
  facet normal 0.6436699338644534 -0.3001482194851167 0.7039886807178397
    outer loop
      vertex 1.952305344105687 11.565151074942516 49.99
      vertex 2.504809471616711 12.75 49.99
      vertex 2.496192303419852 12.754975124378108 50
    endloop
  endfacet
  facet normal 0.5817709499070092 -0.40736040463631107 0.7039886807178345
    outer loop
      vertex 2.504809471616711 12.75 49.99
      vertex 3.247044343840314 13.82730296926284 50
      vertex 2.496192303419852 12.754975124378108 50
    endloop
  endfacet
  facet normal 0 0 1
    outer loop
      vertex 1.604142770288917 10.304089175065828 50
      vertex 1.942955168774486 11.568554260448243 50
      vertex 1.604142770288917 24.695910824934174 50
    endloop
  endfacet
  facet normal 0 0 1
    outer loop
      vertex 2.496192303419852 12.754975124378108 50
      vertex 1.942955168774486 23.431445739551755 50
      vertex 1.942955168774486 11.568554260448243 50
    endloop
  endfacet
  facet normal 0.5817709499069922 -0.4073604046362996 0.7039886807178553
    outer loop
      vertex 2.504809471616711 12.75 49.99
      vertex 3.2546666766076653 13.820907072649044 49.99
      vertex 3.247044343840314 13.82730296926284 50
    endloop
  endfacet
  facet normal 0 0 1
    outer loop
      vertex 1.604142770288917 10.304089175065828 50
      vertex 1.604142770288917 24.695910824934174 50
      vertex 1.4900497512437831 26 50
    endloop
  endfacet
  facet normal 0 0 1
    outer loop
      vertex 2.496192303419852 12.754975124378108 50
      vertex 3.247044343840314 13.82730296926284 50
      vertex 2.496192303419852 22.24502487562189 50
    endloop
  endfacet
  facet normal 0 0 1
    outer loop
      vertex 1.604142770288917 24.695910824934174 50
      vertex 1.942955168774486 11.568554260448243 50
      vertex 1.942955168774486 23.431445739551755 50
    endloop
  endfacet
  facet normal 0 0 1
    outer loop
      vertex 1.942955168774486 23.431445739551755 50
      vertex 2.496192303419852 12.754975124378108 50
      vertex 2.496192303419852 22.24502487562189 50
    endloop
  endfacet
  facet normal 0 0 1
    outer loop
      vertex 3.247044343840314 13.82730296926284 50
      vertex 3.247044343840314 21.17269703073716 50
      vertex 2.496192303419852 22.24502487562189 50
    endloop
  endfacet
  facet normal 0.5021951500269227 -0.5021951500269239 0.7039886807178591
    outer loop
      vertex 3.2546666766076653 13.820907072649044 49.99
      vertex 4.172697030737161 14.752955656159685 50
      vertex 3.247044343840314 13.82730296926284 50
    endloop
  endfacet
  facet normal 0.5021951500269458 -0.5021951500269464 0.7039886807178266
    outer loop
      vertex 3.2546666766076653 13.820907072649044 49.99
      vertex 4.179092927350956 14.745333323392334 49.99
      vertex 4.172697030737161 14.752955656159685 50
    endloop
  endfacet
  facet normal 0.4073604046363184 -0.5817709499070172 0.7039886807178236
    outer loop
      vertex 4.179092927350956 14.745333323392334 49.99
      vertex 5.245024875621891 15.503807696580148 50
      vertex 4.172697030737161 14.752955656159685 50
    endloop
  endfacet
  facet normal 0.4073604046363088 -0.581770949907004 0.70398868071784
    outer loop
      vertex 4.179092927350956 14.745333323392334 49.99
      vertex 5.25 15.49519052838329 49.99
      vertex 5.245024875621891 15.503807696580148 50
    endloop
  endfacet
  facet normal 0.30014821948511533 -0.6436699338644555 0.7039886807178385
    outer loop
      vertex 5.25 15.49519052838329 49.99
      vertex 6.431445739551757 16.05704483122551 50
      vertex 5.245024875621891 15.503807696580148 50
    endloop
  endfacet
  facet normal 0.3001482194851335 -0.6436699338644929 0.7039886807177963
    outer loop
      vertex 5.25 15.49519052838329 49.99
      vertex 6.4348489250574845 16.04769465589431 49.99
      vertex 6.431445739551757 16.05704483122551 50
    endloop
  endfacet
  facet normal 0 0 1
    outer loop
      vertex 3.247044343840314 13.82730296926284 50
      vertex 4.172697030737161 14.752955656159685 50
      vertex 3.247044343840314 21.17269703073716 50
    endloop
  endfacet
  facet normal 0 0 1
    outer loop
      vertex 3.247044343840314 21.17269703073716 50
      vertex 4.172697030737161 14.752955656159685 50
      vertex 4.172697030737161 20.247044343840315 50
    endloop
  endfacet
  facet normal 0 0 1
    outer loop
      vertex 4.172697030737161 14.752955656159685 50
      vertex 5.245024875621891 15.503807696580148 50
      vertex 4.172697030737161 20.247044343840315 50
    endloop
  endfacet
  facet normal 0.5021951500269236 0.502195150026923 0.7039886807178592
    outer loop
      vertex 3.2546666766076653 21.179092927350958 49.99
      vertex 3.247044343840314 21.17269703073716 50
      vertex 4.179092927350956 20.254666676607666 49.99
    endloop
  endfacet
  facet normal 0.5021951500269468 0.5021951500269471 0.7039886807178255
    outer loop
      vertex 4.179092927350956 20.254666676607666 49.99
      vertex 3.247044343840314 21.17269703073716 50
      vertex 4.172697030737161 20.247044343840315 50
    endloop
  endfacet
  facet normal 0.4073604046363182 0.5817709499070174 0.7039886807178235
    outer loop
      vertex 4.179092927350956 20.254666676607666 49.99
      vertex 4.172697030737161 20.247044343840315 50
      vertex 5.25 19.50480947161671 49.99
    endloop
  endfacet
  facet normal 0 0 1
    outer loop
      vertex 5.245024875621891 15.503807696580148 50
      vertex 6.431445739551757 16.05704483122551 50
      vertex 5.245024875621891 19.49619230341985 50
    endloop
  endfacet
  facet normal 0 0 1
    outer loop
      vertex 5.245024875621891 15.503807696580148 50
      vertex 5.245024875621891 19.49619230341985 50
      vertex 4.172697030737161 20.247044343840315 50
    endloop
  endfacet
  facet normal 0 0 1
    outer loop
      vertex 6.431445739551757 16.05704483122551 50
      vertex 6.431445739551757 18.94295516877449 50
      vertex 5.245024875621891 19.49619230341985 50
    endloop
  endfacet
  facet normal 0.40736040463628026 0.5817709499069614 0.7039886807178918
    outer loop
      vertex 5.25 19.50480947161671 49.99
      vertex 4.172697030737161 20.247044343840315 50
      vertex 5.245024875621891 19.49619230341985 50
    endloop
  endfacet
  facet normal 0.3001482194850917 0.6436699338644033 0.7039886807178961
    outer loop
      vertex 5.25 19.50480947161671 49.99
      vertex 5.245024875621891 19.49619230341985 50
      vertex 6.4348489250574845 18.95230534410569 49.99
    endloop
  endfacet
  facet normal 0.30014821948513254 0.6436699338644944 0.7039886807177955
    outer loop
      vertex 6.4348489250574845 18.95230534410569 49.99
      vertex 5.245024875621891 19.49619230341985 50
      vertex 6.431445739551757 18.94295516877449 50
    endloop
  endfacet
  facet normal 0 0 1
    outer loop
      vertex 3 0 50
      vertex 9 1.4900497512437831 50
      vertex 7.695910824934173 1.604142770288917 50
    endloop
  endfacet
  facet normal 0.18381618256719523 0.6860113325941293 0.7039886807178439
    outer loop
      vertex 6.4348489250574845 1.952305344105687 49.99
      vertex 6.431445739551757 1.9429551687744857 50
      vertex 7.697638667498023 1.6139418524084395 49.99
    endloop
  endfacet
  facet normal 0.18381618256719787 0.6860113325941398 0.703988680717833
    outer loop
      vertex 7.697638667498023 1.6139418524084395 49.99
      vertex 6.431445739551757 1.9429551687744857 50
      vertex 7.695910824934173 1.604142770288917 50
    endloop
  endfacet
  facet normal 0.061898983957449236 0.7075086241214306 0.7039886807178335
    outer loop
      vertex 7.697638667498023 1.6139418524084395 49.99
      vertex 7.695910824934173 1.604142770288917 50
      vertex 9 1.5 49.99
    endloop
  endfacet
  facet normal 0.061898983957449125 0.7075086241214289 0.7039886807178352
    outer loop
      vertex 9 1.5 49.99
      vertex 7.695910824934173 1.604142770288917 50
      vertex 9 1.4900497512437831 50
    endloop
  endfacet
  facet normal -0.06189898395744908 0.7075086241214288 0.703988680717835
    outer loop
      vertex 9 1.5 49.99
      vertex 9 1.4900497512437831 50
      vertex 10.302361332501977 1.6139418524084395 49.99
    endloop
  endfacet
  facet normal -0.06189898395744899 0.7075086241214279 0.7039886807178364
    outer loop
      vertex 10.302361332501977 1.6139418524084395 49.99
      vertex 9 1.4900497512437831 50
      vertex 10.304089175065828 1.604142770288917 50
    endloop
  endfacet
  facet normal -0.18381618256719578 0.6860113325941319 0.7039886807178413
    outer loop
      vertex 10.302361332501977 1.6139418524084395 49.99
      vertex 10.304089175065828 1.604142770288917 50
      vertex 11.565151074942516 1.952305344105687 49.99
    endloop
  endfacet
  facet normal -0.1838161825671973 0.6860113325941373 0.7039886807178358
    outer loop
      vertex 11.565151074942516 1.952305344105687 49.99
      vertex 10.304089175065828 1.604142770288917 50
      vertex 11.568554260448243 1.9429551687744857 50
    endloop
  endfacet
  facet normal -0.30014821948511977 0.6436699338644599 0.7039886807178323
    outer loop
      vertex 11.565151074942516 1.952305344105687 49.99
      vertex 11.568554260448243 1.9429551687744857 50
      vertex 12.75 2.504809471616711 49.99
    endloop
  endfacet
  facet normal -0.3001482194851229 0.6436699338644664 0.703988680717825
    outer loop
      vertex 12.75 2.504809471616711 49.99
      vertex 11.568554260448243 1.9429551687744857 50
      vertex 12.754975124378108 2.4961923034198525 50
    endloop
  endfacet
  facet normal 0.18381618256721077 -0.6860113325941803 0.7039886807177904
    outer loop
      vertex 6.4348489250574845 16.04769465589431 49.99
      vertex 7.695910824934173 16.395857229711083 50
      vertex 6.431445739551757 16.05704483122551 50
    endloop
  endfacet
  facet normal 0 0 1
    outer loop
      vertex 6.431445739551757 16.05704483122551 50
      vertex 7.695910824934173 16.395857229711083 50
      vertex 6.431445739551757 18.94295516877449 50
    endloop
  endfacet
  facet normal 0.18381618256721183 -0.686011332594184 0.7039886807177863
    outer loop
      vertex 6.4348489250574845 16.04769465589431 49.99
      vertex 7.697638667498023 16.386058147591562 49.99
      vertex 7.695910824934173 16.395857229711083 50
    endloop
  endfacet
  facet normal 0 0 1
    outer loop
      vertex 7.695910824934173 16.395857229711083 50
      vertex 7.695910824934173 18.604142770288917 50
      vertex 6.431445739551757 18.94295516877449 50
    endloop
  endfacet
  facet normal 0.18381618256721166 0.6860113325941837 0.703988680717787
    outer loop
      vertex 7.697638667498023 18.613941852408438 49.99
      vertex 6.431445739551757 18.94295516877449 50
      vertex 7.695910824934173 18.604142770288917 50
    endloop
  endfacet
  facet normal 0.18381618256721083 0.6860113325941802 0.7039886807177903
    outer loop
      vertex 6.4348489250574845 18.95230534410569 49.99
      vertex 6.431445739551757 18.94295516877449 50
      vertex 7.697638667498023 18.613941852408438 49.99
    endloop
  endfacet
  facet normal 0.06189898395745241 -0.7075086241214775 0.7039886807177859
    outer loop
      vertex 7.697638667498023 16.386058147591562 49.99
      vertex 9 16.509950248756216 50
      vertex 7.695910824934173 16.395857229711083 50
    endloop
  endfacet
  facet normal 0 0 1
    outer loop
      vertex 7.695910824934173 16.395857229711083 50
      vertex 9 16.509950248756216 50
      vertex 7.695910824934173 18.604142770288917 50
    endloop
  endfacet
  facet normal 0.06189898395745226 -0.7075086241214762 0.7039886807177873
    outer loop
      vertex 7.697638667498023 16.386058147591562 49.99
      vertex 9 16.5 49.99
      vertex 9 16.509950248756216 50
    endloop
  endfacet
  facet normal 0.061898983957452386 0.7075086241214776 0.7039886807177859
    outer loop
      vertex 7.697638667498023 18.613941852408438 49.99
      vertex 7.695910824934173 18.604142770288917 50
      vertex 9 18.5 49.99
    endloop
  endfacet
  facet normal 0 0 1
    outer loop
      vertex 9 16.509950248756216 50
      vertex 9 18.490049751243784 50
      vertex 7.695910824934173 18.604142770288917 50
    endloop
  endfacet
  facet normal 0.06189898395745227 0.707508624121476 0.7039886807177876
    outer loop
      vertex 9 18.5 49.99
      vertex 7.695910824934173 18.604142770288917 50
      vertex 9 18.490049751243784 50
    endloop
  endfacet
  facet normal -0.06189898395745222 -0.7075086241214759 0.7039886807177876
    outer loop
      vertex 9 16.5 49.99
      vertex 10.304089175065828 16.395857229711083 50
      vertex 9 16.509950248756216 50
    endloop
  endfacet
  facet normal 0 0 1
    outer loop
      vertex 9 16.509950248756216 50
      vertex 10.304089175065828 16.395857229711083 50
      vertex 9 18.490049751243784 50
    endloop
  endfacet
  facet normal -0.06189898395745223 0.7075086241214759 0.7039886807177876
    outer loop
      vertex 9 18.5 49.99
      vertex 9 18.490049751243784 50
      vertex 10.302361332501977 18.613941852408438 49.99
    endloop
  endfacet
  facet normal -0.3001482194851392 -0.6436699338645061 0.703988680717782
    outer loop
      vertex 11.565151074942516 16.04769465589431 49.99
      vertex 12.754975124378108 15.503807696580148 50
      vertex 11.568554260448243 16.05704483122551 50
    endloop
  endfacet
  facet normal -0.3001482194851212 -0.6436699338644661 0.7039886807178259
    outer loop
      vertex 11.565151074942516 16.04769465589431 49.99
      vertex 12.75 15.49519052838329 49.99
      vertex 12.754975124378108 15.503807696580148 50
    endloop
  endfacet
  facet normal -0.06189898395745216 -0.707508624121475 0.7039886807177886
    outer loop
      vertex 9 16.5 49.99
      vertex 10.302361332501977 16.386058147591562 49.99
      vertex 10.304089175065828 16.395857229711083 50
    endloop
  endfacet
  facet normal 0 0 1
    outer loop
      vertex 10.304089175065828 16.395857229711083 50
      vertex 10.304089175065828 18.604142770288917 50
      vertex 9 18.490049751243784 50
    endloop
  endfacet
  facet normal -0.06189898395745214 0.707508624121475 0.7039886807177888
    outer loop
      vertex 10.302361332501977 18.613941852408438 49.99
      vertex 9 18.490049751243784 50
      vertex 10.304089175065828 18.604142770288917 50
    endloop
  endfacet
  facet normal -0.18381618256720964 -0.6860113325941757 0.7039886807177951
    outer loop
      vertex 10.302361332501977 16.386058147591562 49.99
      vertex 11.568554260448243 16.05704483122551 50
      vertex 10.304089175065828 16.395857229711083 50
    endloop
  endfacet
  facet normal 0 0 1
    outer loop
      vertex 10.304089175065828 16.395857229711083 50
      vertex 11.568554260448243 16.05704483122551 50
      vertex 10.304089175065828 18.604142770288917 50
    endloop
  endfacet
  facet normal -0.18381618256721288 -0.6860113325941886 0.7039886807177815
    outer loop
      vertex 10.302361332501977 16.386058147591562 49.99
      vertex 11.565151074942516 16.04769465589431 49.99
      vertex 11.568554260448243 16.05704483122551 50
    endloop
  endfacet
  facet normal -0.18381618256720947 0.6860113325941757 0.7039886807177951
    outer loop
      vertex 10.302361332501977 18.613941852408438 49.99
      vertex 10.304089175065828 18.604142770288917 50
      vertex 11.565151074942516 18.95230534410569 49.99
    endloop
  endfacet
  facet normal 0 0 1
    outer loop
      vertex 11.568554260448243 16.05704483122551 50
      vertex 11.568554260448243 18.94295516877449 50
      vertex 10.304089175065828 18.604142770288917 50
    endloop
  endfacet
  facet normal -0.183816182567213 0.6860113325941881 0.7039886807177821
    outer loop
      vertex 11.565151074942516 18.95230534410569 49.99
      vertex 10.304089175065828 18.604142770288917 50
      vertex 11.568554260448243 18.94295516877449 50
    endloop
  endfacet
  facet normal 0 0 1
    outer loop
      vertex 11.568554260448243 16.05704483122551 50
      vertex 12.754975124378108 15.503807696580148 50
      vertex 11.568554260448243 18.94295516877449 50
    endloop
  endfacet
  facet normal 0 0 1
    outer loop
      vertex 12.754975124378108 15.503807696580148 50
      vertex 12.754975124378108 19.49619230341985 50
      vertex 11.568554260448243 18.94295516877449 50
    endloop
  endfacet
  facet normal -0.3001482194851397 0.6436699338645058 0.7039886807177819
    outer loop
      vertex 11.565151074942516 18.95230534410569 49.99
      vertex 11.568554260448243 18.94295516877449 50
      vertex 12.75 19.50480947161671 49.99
    endloop
  endfacet
  facet normal -0.3001482194850962 0.643669933864416 0.7039886807178827
    outer loop
      vertex 12.75 19.50480947161671 49.99
      vertex 11.568554260448243 18.94295516877449 50
      vertex 12.754975124378108 19.49619230341985 50
    endloop
  endfacet
  facet normal 0.9961946980917454 0.08715574274765811 0
    outer loop
      vertex 1.6139418524084395 24.697638667498023 1.49
      vertex 1.5 26 49.99
      vertex 1.6139418524084395 24.697638667498023 49.99
    endloop
  endfacet
  facet normal 0.9961946980917454 -0.08715574274765811 0
    outer loop
      vertex 1.5 26 1.49
      vertex 1.6139418524084395 27.302361332501977 49.99
      vertex 1.5 26 49.99
    endloop
  endfacet
  facet normal 0.9063077870366496 0.4226182617407002 0
    outer loop
      vertex 2.504809471616711 22.25 1.49
      vertex 1.952305344105687 23.434848925057484 49.99
      vertex 2.504809471616711 22.25 49.99
    endloop
  endfacet
  facet normal 0.9659258262890683 0.2588190451025206 0
    outer loop
      vertex 1.952305344105687 23.434848925057484 1.49
      vertex 1.6139418524084395 24.697638667498023 49.99
      vertex 1.952305344105687 23.434848925057484 49.99
    endloop
  endfacet
  facet normal 0.8191520442889912 0.5735764363510469 0
    outer loop
      vertex 3.2546666766076653 21.179092927350958 1.49
      vertex 2.504809471616711 22.25 49.99
      vertex 3.2546666766076653 21.179092927350958 49.99
    endloop
  endfacet
  facet normal -1 0 0
    outer loop
      vertex 0 3 0
      vertex 0 3 50
      vertex 0 83 50
    endloop
  endfacet
  facet normal 0.9659258262890683 -0.2588190451025206 0
    outer loop
      vertex 1.6139418524084395 27.302361332501977 1.49
      vertex 1.952305344105687 28.565151074942516 49.99
      vertex 1.6139418524084395 27.302361332501977 49.99
    endloop
  endfacet
  facet normal 0.9063077870366496 -0.4226182617407002 0
    outer loop
      vertex 1.952305344105687 28.565151074942516 1.49
      vertex 2.504809471616711 29.75 49.99
      vertex 1.952305344105687 28.565151074942516 49.99
    endloop
  endfacet
  facet normal 0.8191520442889912 -0.5735764363510469 0
    outer loop
      vertex 2.504809471616711 29.75 1.49
      vertex 3.2546666766076653 30.820907072649042 49.99
      vertex 2.504809471616711 29.75 49.99
    endloop
  endfacet
  facet normal 0.7071067811865479 -0.7071067811865472 0
    outer loop
      vertex 3.2546666766076653 30.820907072649042 1.49
      vertex 4.179092927350956 31.745333323392334 49.99
      vertex 3.2546666766076653 30.820907072649042 49.99
    endloop
  endfacet
  facet normal 0.5735764363510472 -0.819152044288991 0
    outer loop
      vertex 4.179092927350956 31.745333323392334 1.49
      vertex 5.25 32.49519052838329 49.99
      vertex 4.179092927350956 31.745333323392334 49.99
    endloop
  endfacet
  facet normal 0.9961946980917454 0.08715574274765835 0
    outer loop
      vertex 1.6139418524084395 41.697638667498026 1.49
      vertex 1.5 43 49.99
      vertex 1.6139418524084395 41.697638667498026 49.99
    endloop
  endfacet
  facet normal 0.9063077870366502 0.4226182617406992 0
    outer loop
      vertex 2.504809471616711 39.25 1.49
      vertex 1.952305344105687 40.43484892505749 49.99
      vertex 2.504809471616711 39.25 49.99
    endloop
  endfacet
  facet normal 0.8191520442889912 0.5735764363510469 0
    outer loop
      vertex 3.2546666766076653 38.17909292735096 1.49
      vertex 2.504809471616711 39.25 49.99
      vertex 3.2546666766076653 38.17909292735096 49.99
    endloop
  endfacet
  facet normal 0.9659258262890683 0.2588190451025206 0
    outer loop
      vertex 1.952305344105687 40.43484892505749 1.49
      vertex 1.6139418524084395 41.697638667498026 49.99
      vertex 1.952305344105687 40.43484892505749 49.99
    endloop
  endfacet
  facet normal 0.7071067811865492 0.7071067811865459 0
    outer loop
      vertex 4.179092927350956 37.25466667660766 1.49
      vertex 3.2546666766076653 38.17909292735096 49.99
      vertex 4.179092927350956 37.25466667660766 49.99
    endloop
  endfacet
  facet normal 0.4226182617406983 -0.9063077870366505 0
    outer loop
      vertex 5.25 32.49519052838329 1.49
      vertex 6.4348489250574845 33.04769465589431 49.99
      vertex 5.25 32.49519052838329 49.99
    endloop
  endfacet
  facet normal 0.5735764363510454 0.8191520442889924 0
    outer loop
      vertex 5.25 36.50480947161671 1.49
      vertex 4.179092927350956 37.25466667660766 49.99
      vertex 5.25 36.50480947161671 49.99
    endloop
  endfacet
  facet normal 0.4226182617406983 0.9063077870366505 0
    outer loop
      vertex 6.4348489250574845 35.95230534410569 1.49
      vertex 5.25 36.50480947161671 49.99
      vertex 6.4348489250574845 35.95230534410569 49.99
    endloop
  endfacet
  facet normal 0.2588190451025233 -0.9659258262890676 0
    outer loop
      vertex 6.4348489250574845 33.04769465589431 1.49
      vertex 7.697638667498023 33.38605814759156 49.99
      vertex 6.4348489250574845 33.04769465589431 49.99
    endloop
  endfacet
  facet normal 0.2588190451025233 0.9659258262890676 0
    outer loop
      vertex 7.697638667498023 35.61394185240844 1.49
      vertex 6.4348489250574845 35.95230534410569 49.99
      vertex 7.697638667498023 35.61394185240844 49.99
    endloop
  endfacet
  facet normal 0.08715574274765678 -0.9961946980917457 0
    outer loop
      vertex 7.697638667498023 33.38605814759156 1.49
      vertex 9 33.5 49.99
      vertex 7.697638667498023 33.38605814759156 49.99
    endloop
  endfacet
  facet normal -0.08715574274765678 -0.9961946980917457 0
    outer loop
      vertex 9 33.5 1.49
      vertex 10.302361332501977 33.38605814759156 49.99
      vertex 9 33.5 49.99
    endloop
  endfacet
  facet normal 0.08715574274765678 0.9961946980917457 0
    outer loop
      vertex 9 35.5 1.49
      vertex 7.697638667498023 35.61394185240844 49.99
      vertex 9 35.5 49.99
    endloop
  endfacet
  facet normal -0.2588190451025231 -0.9659258262890678 0
    outer loop
      vertex 10.302361332501977 33.38605814759156 1.49
      vertex 11.565151074942516 33.04769465589431 49.99
      vertex 10.302361332501977 33.38605814759156 49.99
    endloop
  endfacet
  facet normal -0.08715574274765678 0.9961946980917457 0
    outer loop
      vertex 10.302361332501977 35.61394185240844 1.49
      vertex 9 35.5 49.99
      vertex 10.302361332501977 35.61394185240844 49.99
    endloop
  endfacet
  facet normal -0.2588190451025231 0.9659258262890678 0
    outer loop
      vertex 11.565151074942516 35.95230534410569 1.49
      vertex 10.302361332501977 35.61394185240844 49.99
      vertex 11.565151074942516 35.95230534410569 49.99
    endloop
  endfacet
  facet normal -0.42261826174069855 -0.9063077870366504 0
    outer loop
      vertex 11.565151074942516 33.04769465589431 1.49
      vertex 12.75 32.49519052838329 49.99
      vertex 11.565151074942516 33.04769465589431 49.99
    endloop
  endfacet
  facet normal -0.42261826174069855 0.9063077870366504 0
    outer loop
      vertex 12.75 36.50480947161671 1.49
      vertex 11.565151074942516 35.95230534410569 49.99
      vertex 12.75 36.50480947161671 49.99
    endloop
  endfacet
  facet normal 0.7075086241214333 0.061898983957449555 0.7039886807178307
    outer loop
      vertex 1.6139418524084395 24.697638667498023 49.99
      vertex 1.4900497512437831 26 50
      vertex 1.604142770288917 24.695910824934174 50
    endloop
  endfacet
  facet normal 0.7075086241214288 0.06189898395744908 0.7039886807178353
    outer loop
      vertex 1.6139418524084395 24.697638667498023 49.99
      vertex 1.5 26 49.99
      vertex 1.4900497512437831 26 50
    endloop
  endfacet
  facet normal 0.7075086241214288 -0.06189898395744916 0.7039886807178352
    outer loop
      vertex 1.5 26 49.99
      vertex 1.604142770288917 27.304089175065826 50
      vertex 1.4900497512437831 26 50
    endloop
  endfacet
  facet normal 0.7075086241214332 -0.06189898395744947 0.7039886807178308
    outer loop
      vertex 1.5 26 49.99
      vertex 1.6139418524084395 27.302361332501977 49.99
      vertex 1.604142770288917 27.304089175065826 50
    endloop
  endfacet
  facet normal 0.6436699338644294 0.3001482194851053 0.7039886807178664
    outer loop
      vertex 2.504809471616711 22.25 49.99
      vertex 1.942955168774486 23.431445739551755 50
      vertex 2.496192303419852 22.24502487562189 50
    endloop
  endfacet
  facet normal 0.6860113325941288 0.18381618256719467 0.7039886807178445
    outer loop
      vertex 1.952305344105687 23.434848925057484 49.99
      vertex 1.604142770288917 24.695910824934174 50
      vertex 1.942955168774486 23.431445739551755 50
    endloop
  endfacet
  facet normal 0.6436699338644424 0.30014821948511156 0.703988680717852
    outer loop
      vertex 1.952305344105687 23.434848925057484 49.99
      vertex 1.942955168774486 23.431445739551755 50
      vertex 2.504809471616711 22.25 49.99
    endloop
  endfacet
  facet normal 0.5817709499069801 0.4073604046362918 0.7039886807178697
    outer loop
      vertex 3.2546666766076653 21.179092927350958 49.99
      vertex 2.504809471616711 22.25 49.99
      vertex 2.496192303419852 22.24502487562189 50
    endloop
  endfacet
  facet normal 0.581770949906992 0.4073604046363004 0.7039886807178549
    outer loop
      vertex 3.2546666766076653 21.179092927350958 49.99
      vertex 2.496192303419852 22.24502487562189 50
      vertex 3.247044343840314 21.17269703073716 50
    endloop
  endfacet
  facet normal 0.6860113325941471 0.18381618256719987 0.7039886807178253
    outer loop
      vertex 1.952305344105687 23.434848925057484 49.99
      vertex 1.6139418524084395 24.697638667498023 49.99
      vertex 1.604142770288917 24.695910824934174 50
    endloop
  endfacet
  facet normal 0 0 1
    outer loop
      vertex 0.05764415879030871 2.414729033951615 50
      vertex 0 83 50
      vertex 0 3 50
    endloop
  endfacet
  facet normal 0 0 1
    outer loop
      vertex 0.22836140246614 1.8519497029047307 50
      vertex 0.05764415879030871 83.58527096604838 50
      vertex 0.05764415879030871 2.414729033951615 50
    endloop
  endfacet
  facet normal 0 0 1
    outer loop
      vertex 0.5055911630923644 1.3332893009411935 50
      vertex 0.22836140246614 84.14805029709527 50
      vertex 0.22836140246614 1.8519497029047307 50
    endloop
  endfacet
  facet normal 0 0 1
    outer loop
      vertex 0.5055911630923644 1.3332893009411935 50
      vertex 0.8786796564403572 0.8786796564403572 50
      vertex 0.5055911630923644 84.66671069905881 50
    endloop
  endfacet
  facet normal 0 0 1
    outer loop
      vertex 0.8786796564403572 0.8786796564403572 50
      vertex 1.3332893009411935 0.5055911630923644 50
      vertex 0.8786796564403572 85.12132034355965 50
    endloop
  endfacet
  facet normal 0 0 1
    outer loop
      vertex 1.3332893009411935 0.5055911630923644 50
      vertex 1.4900497512437831 9 50
      vertex 1.3332893009411935 85.49440883690764 50
    endloop
  endfacet
  facet normal 0 0 1
    outer loop
      vertex 1.4900497512437831 43 50
      vertex 1.4900497512437831 26 50
      vertex 1.604142770288917 27.304089175065826 50
    endloop
  endfacet
  facet normal 0.6860113325941477 -0.18381618256719975 0.7039886807178247
    outer loop
      vertex 1.6139418524084395 27.302361332501977 49.99
      vertex 1.942955168774486 28.568554260448245 50
      vertex 1.604142770288917 27.304089175065826 50
    endloop
  endfacet
  facet normal 0.6860113325941285 -0.1838161825671949 0.7039886807178448
    outer loop
      vertex 1.6139418524084395 27.302361332501977 49.99
      vertex 1.952305344105687 28.565151074942516 49.99
      vertex 1.942955168774486 28.568554260448245 50
    endloop
  endfacet
  facet normal 0.6436699338644424 -0.30014821948511133 0.703988680717852
    outer loop
      vertex 1.952305344105687 28.565151074942516 49.99
      vertex 2.496192303419852 29.75497512437811 50
      vertex 1.942955168774486 28.568554260448245 50
    endloop
  endfacet
  facet normal 0.6436699338644292 -0.30014821948510545 0.7039886807178667
    outer loop
      vertex 1.952305344105687 28.565151074942516 49.99
      vertex 2.504809471616711 29.75 49.99
      vertex 2.496192303419852 29.75497512437811 50
    endloop
  endfacet
  facet normal 0.5817709499069789 -0.4073604046362913 0.703988680717871
    outer loop
      vertex 2.504809471616711 29.75 49.99
      vertex 3.247044343840314 30.82730296926284 50
      vertex 2.496192303419852 29.75497512437811 50
    endloop
  endfacet
  facet normal 0.5817709499069914 -0.4073604046362998 0.7039886807178557
    outer loop
      vertex 2.504809471616711 29.75 49.99
      vertex 3.2546666766076653 30.820907072649042 49.99
      vertex 3.247044343840314 30.82730296926284 50
    endloop
  endfacet
  facet normal 0.5021951500269232 -0.5021951500269235 0.7039886807178591
    outer loop
      vertex 3.2546666766076653 30.820907072649042 49.99
      vertex 4.172697030737161 31.752955656159685 50
      vertex 3.247044343840314 30.82730296926284 50
    endloop
  endfacet
  facet normal 0.5021951500269471 -0.5021951500269466 0.7039886807178256
    outer loop
      vertex 3.2546666766076653 30.820907072649042 49.99
      vertex 4.179092927350956 31.745333323392334 49.99
      vertex 4.172697030737161 31.752955656159685 50
    endloop
  endfacet
  facet normal 0.40736040463631773 -0.5817709499070176 0.7039886807178236
    outer loop
      vertex 4.179092927350956 31.745333323392334 49.99
      vertex 5.245024875621891 32.50380769658015 50
      vertex 4.172697030737161 31.752955656159685 50
    endloop
  endfacet
  facet normal 0.40736040463633844 -0.5817709499070464 0.703988680717788
    outer loop
      vertex 4.179092927350956 31.745333323392334 49.99
      vertex 5.25 32.49519052838329 49.99
      vertex 5.245024875621891 32.50380769658015 50
    endloop
  endfacet
  facet normal 0 0 1
    outer loop
      vertex 1.4900497512437831 43 50
      vertex 1.604142770288917 27.304089175065826 50
      vertex 1.942955168774486 28.568554260448245 50
    endloop
  endfacet
  facet normal 0 0 1
    outer loop
      vertex 2.496192303419852 29.75497512437811 50
      vertex 1.942955168774486 40.43144573955176 50
      vertex 1.942955168774486 28.568554260448245 50
    endloop
  endfacet
  facet normal 0 0 1
    outer loop
      vertex 2.496192303419852 29.75497512437811 50
      vertex 3.247044343840314 30.82730296926284 50
      vertex 2.496192303419852 39.245024875621894 50
    endloop
  endfacet
  facet normal 0 0 1
    outer loop
      vertex 1.604142770288916 41.695910824934174 50
      vertex 1.942955168774486 28.568554260448245 50
      vertex 1.942955168774486 40.43144573955176 50
    endloop
  endfacet
  facet normal 0 0 1
    outer loop
      vertex 1.942955168774486 40.43144573955176 50
      vertex 2.496192303419852 29.75497512437811 50
      vertex 2.496192303419852 39.245024875621894 50
    endloop
  endfacet
  facet normal 0 0 1
    outer loop
      vertex 3.247044343840314 30.82730296926284 50
      vertex 3.247044343840314 38.17269703073716 50
      vertex 2.496192303419852 39.245024875621894 50
    endloop
  endfacet
  facet normal 0 0 1
    outer loop
      vertex 1.3332893009411935 85.49440883690764 50
      vertex 1.4900497512437831 9 50
      vertex 1.4900497512437831 26 50
    endloop
  endfacet
  facet normal 0.7075086241213833 0.06189898395744457 0.7039886807178815
    outer loop
      vertex 1.6139418524084395 41.697638667498026 49.99
      vertex 1.4900497512437831 43 50
      vertex 1.604142770288916 41.695910824934174 50
    endloop
  endfacet
  facet normal 0.707508624121429 0.06189898395744927 0.7039886807178352
    outer loop
      vertex 1.6139418524084395 41.697638667498026 49.99
      vertex 1.5 43 49.99
      vertex 1.4900497512437831 43 50
    endloop
  endfacet
  facet normal 0 0 1
    outer loop
      vertex 1.942955168774486 28.568554260448245 50
      vertex 1.604142770288916 41.695910824934174 50
      vertex 1.4900497512437831 43 50
    endloop
  endfacet
  facet normal 0.6436699338644911 0.3001482194851335 0.703988680717798
    outer loop
      vertex 2.504809471616711 39.25 49.99
      vertex 1.952305344105687 40.43484892505749 49.99
      vertex 1.942955168774486 40.43144573955176 50
    endloop
  endfacet
  facet normal 0.6436699338644782 0.30014821948512715 0.7039886807178126
    outer loop
      vertex 2.504809471616711 39.25 49.99
      vertex 1.942955168774486 40.43144573955176 50
      vertex 2.496192303419852 39.245024875621894 50
    endloop
  endfacet
  facet normal 0.5817709499070383 0.40736040463633255 0.703988680717798
    outer loop
      vertex 2.504809471616711 39.25 49.99
      vertex 2.496192303419852 39.245024875621894 50
      vertex 3.2546666766076653 38.17909292735096 49.99
    endloop
  endfacet
  facet normal 0.5817709499069926 0.4073604046362995 0.7039886807178548
    outer loop
      vertex 3.2546666766076653 38.17909292735096 49.99
      vertex 2.496192303419852 39.245024875621894 50
      vertex 3.247044343840314 38.17269703073716 50
    endloop
  endfacet
  facet normal 0.68601133259416 0.18381618256720464 0.7039886807178116
    outer loop
      vertex 1.952305344105687 40.43484892505749 49.99
      vertex 1.604142770288916 41.695910824934174 50
      vertex 1.942955168774486 40.43144573955176 50
    endloop
  endfacet
  facet normal 0.6860113325940793 0.18381618256718169 0.7039886807178963
    outer loop
      vertex 1.952305344105687 40.43484892505749 49.99
      vertex 1.6139418524084395 41.697638667498026 49.99
      vertex 1.604142770288916 41.695910824934174 50
    endloop
  endfacet
  facet normal 0 0 1
    outer loop
      vertex 3.247044343840314 30.82730296926284 50
      vertex 4.172697030737161 31.752955656159685 50
      vertex 3.247044343840314 38.17269703073716 50
    endloop
  endfacet
  facet normal 0 0 1
    outer loop
      vertex 4.172697030737161 31.752955656159685 50
      vertex 5.245024875621891 32.50380769658015 50
      vertex 4.172697030737161 37.24704434384031 50
    endloop
  endfacet
  facet normal 0 0 1
    outer loop
      vertex 4.172697030737161 31.752955656159685 50
      vertex 4.172697030737161 37.24704434384031 50
      vertex 3.247044343840314 38.17269703073716 50
    endloop
  endfacet
  facet normal 0.5021951500268858 0.5021951500268822 0.7039886807179153
    outer loop
      vertex 4.179092927350956 37.25466667660766 49.99
      vertex 3.247044343840314 38.17269703073716 50
      vertex 4.172697030737161 37.24704434384031 50
    endloop
  endfacet
  facet normal 0.40736040463625767 0.5817709499069337 0.7039886807179278
    outer loop
      vertex 4.179092927350956 37.25466667660766 49.99
      vertex 4.172697030737161 37.24704434384031 50
      vertex 5.25 36.50480947161671 49.99
    endloop
  endfacet
  facet normal 0.3001482194851402 -0.6436699338645067 0.7039886807177808
    outer loop
      vertex 5.25 32.49519052838329 49.99
      vertex 6.431445739551757 33.05704483122551 50
      vertex 5.245024875621891 32.50380769658015 50
    endloop
  endfacet
  facet normal 0 0 1
    outer loop
      vertex 5.245024875621891 32.50380769658015 50
      vertex 6.431445739551757 33.05704483122551 50
      vertex 5.245024875621891 36.49619230341985 50
    endloop
  endfacet
  facet normal 0.3001482194851335 -0.6436699338644929 0.7039886807177963
    outer loop
      vertex 5.25 32.49519052838329 49.99
      vertex 6.4348489250574845 33.04769465589431 49.99
      vertex 6.431445739551757 33.05704483122551 50
    endloop
  endfacet
  facet normal 0 0 1
    outer loop
      vertex 5.245024875621891 32.50380769658015 50
      vertex 5.245024875621891 36.49619230341985 50
      vertex 4.172697030737161 37.24704434384031 50
    endloop
  endfacet
  facet normal 0.4073604046363356 0.5817709499070487 0.7039886807177878
    outer loop
      vertex 5.25 36.50480947161671 49.99
      vertex 4.172697030737161 37.24704434384031 50
      vertex 5.245024875621891 36.49619230341985 50
    endloop
  endfacet
  facet normal 0.30014821948514003 0.643669933864507 0.7039886807177809
    outer loop
      vertex 5.25 36.50480947161671 49.99
      vertex 5.245024875621891 36.49619230341985 50
      vertex 6.4348489250574845 35.95230534410569 49.99
    endloop
  endfacet
  facet normal 0 0 1
    outer loop
      vertex 6.431445739551757 33.05704483122551 50
      vertex 6.431445739551757 35.94295516877449 50
      vertex 5.245024875621891 36.49619230341985 50
    endloop
  endfacet
  facet normal 0.30014821948513415 0.6436699338644938 0.7039886807177954
    outer loop
      vertex 6.4348489250574845 35.95230534410569 49.99
      vertex 5.245024875621891 36.49619230341985 50
      vertex 6.431445739551757 35.94295516877449 50
    endloop
  endfacet
  facet normal 0.5021951500269252 0.5021951500269227 0.7039886807178585
    outer loop
      vertex 4.179092927350956 37.25466667660766 49.99
      vertex 3.2546666766076653 38.17909292735096 49.99
      vertex 3.247044343840314 38.17269703073716 50
    endloop
  endfacet
  facet normal 0.18381618256721077 -0.6860113325941803 0.7039886807177904
    outer loop
      vertex 6.4348489250574845 33.04769465589431 49.99
      vertex 7.695910824934173 33.39585722971108 50
      vertex 6.431445739551757 33.05704483122551 50
    endloop
  endfacet
  facet normal 0.18381618256721183 -0.686011332594184 0.7039886807177863
    outer loop
      vertex 6.4348489250574845 33.04769465589431 49.99
      vertex 7.697638667498023 33.38605814759156 49.99
      vertex 7.695910824934173 33.39585722971108 50
    endloop
  endfacet
  facet normal 0 0 1
    outer loop
      vertex 6.431445739551757 33.05704483122551 50
      vertex 7.695910824934173 33.39585722971108 50
      vertex 6.431445739551757 35.94295516877449 50
    endloop
  endfacet
  facet normal 0.18381618256721083 0.6860113325941802 0.7039886807177903
    outer loop
      vertex 6.4348489250574845 35.95230534410569 49.99
      vertex 6.431445739551757 35.94295516877449 50
      vertex 7.697638667498023 35.61394185240844 49.99
    endloop
  endfacet
  facet normal 0 0 1
    outer loop
      vertex 7.695910824934173 33.39585722971108 50
      vertex 7.695910824934173 35.60414277028892 50
      vertex 6.431445739551757 35.94295516877449 50
    endloop
  endfacet
  facet normal 0.18381618256721166 0.6860113325941837 0.703988680717787
    outer loop
      vertex 7.697638667498023 35.61394185240844 49.99
      vertex 6.431445739551757 35.94295516877449 50
      vertex 7.695910824934173 35.60414277028892 50
    endloop
  endfacet
  facet normal 0.06189898395745433 -0.7075086241214774 0.703988680717786
    outer loop
      vertex 7.697638667498023 33.38605814759156 49.99
      vertex 9 33.50995024875622 50
      vertex 7.695910824934173 33.39585722971108 50
    endloop
  endfacet
  facet normal 0.061898983957441304 -0.707508624121351 0.7039886807179141
    outer loop
      vertex 7.697638667498023 33.38605814759156 49.99
      vertex 9 33.5 49.99
      vertex 9 33.50995024875622 50
    endloop
  endfacet
  facet normal 0 0 1
    outer loop
      vertex 7.695910824934173 33.39585722971108 50
      vertex 9 33.50995024875622 50
      vertex 7.695910824934173 35.60414277028892 50
    endloop
  endfacet
  facet normal 0 0 1
    outer loop
      vertex 9 33.50995024875622 50
      vertex 9 35.49004975124378 50
      vertex 7.695910824934173 35.60414277028892 50
    endloop
  endfacet
  facet normal -0.0618989839574432 -0.7075086241213506 0.7039886807179144
    outer loop
      vertex 9 33.5 49.99
      vertex 10.304089175065828 33.39585722971108 50
      vertex 9 33.50995024875622 50
    endloop
  endfacet
  facet normal 0 0 1
    outer loop
      vertex 9 33.50995024875622 50
      vertex 10.304089175065828 33.39585722971108 50
      vertex 9 35.49004975124378 50
    endloop
  endfacet
  facet normal 0.061898983957452386 0.7075086241214776 0.7039886807177859
    outer loop
      vertex 7.697638667498023 35.61394185240844 49.99
      vertex 7.695910824934173 35.60414277028892 50
      vertex 9 35.5 49.99
    endloop
  endfacet
  facet normal 0.061898983957443234 0.7075086241213506 0.7039886807179143
    outer loop
      vertex 9 35.5 49.99
      vertex 7.695910824934173 35.60414277028892 50
      vertex 9 35.49004975124378 50
    endloop
  endfacet
  facet normal -0.061898983957441284 0.7075086241213506 0.7039886807179144
    outer loop
      vertex 9 35.5 49.99
      vertex 9 35.49004975124378 50
      vertex 10.302361332501977 35.61394185240844 49.99
    endloop
  endfacet
  facet normal -0.06189898395745216 -0.707508624121475 0.7039886807177886
    outer loop
      vertex 9 33.5 49.99
      vertex 10.302361332501977 33.38605814759156 49.99
      vertex 10.304089175065828 33.39585722971108 50
    endloop
  endfacet
  facet normal 0 0 1
    outer loop
      vertex 10.304089175065828 33.39585722971108 50
      vertex 10.304089175065828 35.60414277028892 50
      vertex 9 35.49004975124378 50
    endloop
  endfacet
  facet normal -0.18381618256720964 -0.6860113325941757 0.7039886807177951
    outer loop
      vertex 10.302361332501977 33.38605814759156 49.99
      vertex 11.568554260448243 33.05704483122551 50
      vertex 10.304089175065828 33.39585722971108 50
    endloop
  endfacet
  facet normal -0.18381618256721288 -0.6860113325941886 0.7039886807177815
    outer loop
      vertex 10.302361332501977 33.38605814759156 49.99
      vertex 11.565151074942516 33.04769465589431 49.99
      vertex 11.568554260448243 33.05704483122551 50
    endloop
  endfacet
  facet normal 0 0 1
    outer loop
      vertex 10.304089175065828 33.39585722971108 50
      vertex 11.568554260448243 33.05704483122551 50
      vertex 10.304089175065828 35.60414277028892 50
    endloop
  endfacet
  facet normal 0 0 1
    outer loop
      vertex 11.568554260448243 33.05704483122551 50
      vertex 11.568554260448243 35.94295516877449 50
      vertex 10.304089175065828 35.60414277028892 50
    endloop
  endfacet
  facet normal -0.061898983957454044 0.7075086241214746 0.7039886807177889
    outer loop
      vertex 10.302361332501977 35.61394185240844 49.99
      vertex 9 35.49004975124378 50
      vertex 10.304089175065828 35.60414277028892 50
    endloop
  endfacet
  facet normal -0.18381618256720947 0.6860113325941757 0.7039886807177951
    outer loop
      vertex 10.302361332501977 35.61394185240844 49.99
      vertex 10.304089175065828 35.60414277028892 50
      vertex 11.565151074942516 35.95230534410569 49.99
    endloop
  endfacet
  facet normal -0.183816182567213 0.6860113325941881 0.7039886807177821
    outer loop
      vertex 11.565151074942516 35.95230534410569 49.99
      vertex 10.304089175065828 35.60414277028892 50
      vertex 11.568554260448243 35.94295516877449 50
    endloop
  endfacet
  facet normal -0.30014821948514 -0.6436699338645058 0.703988680717782
    outer loop
      vertex 11.565151074942516 33.04769465589431 49.99
      vertex 12.754975124378108 32.50380769658015 50
      vertex 11.568554260448243 33.05704483122551 50
    endloop
  endfacet
  facet normal 0 0 1
    outer loop
      vertex 11.568554260448243 33.05704483122551 50
      vertex 12.754975124378108 32.50380769658015 50
      vertex 11.568554260448243 35.94295516877449 50
    endloop
  endfacet
  facet normal -0.3001482194851454 -0.643669933864518 0.7039886807177683
    outer loop
      vertex 11.565151074942516 33.04769465589431 49.99
      vertex 12.75 32.49519052838329 49.99
      vertex 12.754975124378108 32.50380769658015 50
    endloop
  endfacet
  facet normal -0.3001482194851397 0.6436699338645058 0.7039886807177819
    outer loop
      vertex 11.565151074942516 35.95230534410569 49.99
      vertex 11.568554260448243 35.94295516877449 50
      vertex 12.75 36.50480947161671 49.99
    endloop
  endfacet
  facet normal 0 0 1
    outer loop
      vertex 12.754975124378108 32.50380769658015 50
      vertex 12.754975124378108 36.49619230341985 50
      vertex 11.568554260448243 35.94295516877449 50
    endloop
  endfacet
  facet normal -0.30014821948514603 0.6436699338645189 0.7039886807177674
    outer loop
      vertex 12.75 36.50480947161671 49.99
      vertex 11.568554260448243 35.94295516877449 50
      vertex 12.754975124378108 36.49619230341985 50
    endloop
  endfacet
  facet normal -0.5735764363510463 0.8191520442889917 0
    outer loop
      vertex 13.820907072649044 3.2546666766076653 1.49
      vertex 12.75 2.504809471616711 49.99
      vertex 13.820907072649044 3.2546666766076653 49.99
    endloop
  endfacet
  facet normal -0.7071067811865478 0.7071067811865471 0
    outer loop
      vertex 14.745333323392334 4.179092927350956 1.49
      vertex 13.820907072649044 3.2546666766076653 49.99
      vertex 14.745333323392334 4.179092927350956 49.99
    endloop
  endfacet
  facet normal -0.819152044288991 0.5735764363510472 0
    outer loop
      vertex 15.49519052838329 5.25 1.49
      vertex 14.745333323392334 4.179092927350956 49.99
      vertex 15.49519052838329 5.25 49.99
    endloop
  endfacet
  facet normal -0.9063077870366505 0.4226182617406983 0
    outer loop
      vertex 16.04769465589431 6.4348489250574845 1.49
      vertex 15.49519052838329 5.25 49.99
      vertex 16.04769465589431 6.4348489250574845 49.99
    endloop
  endfacet
  facet normal -0.9659258262890676 0.2588190451025233 0
    outer loop
      vertex 16.386058147591562 7.697638667498023 1.49
      vertex 16.04769465589431 6.4348489250574845 49.99
      vertex 16.386058147591562 7.697638667498023 49.99
    endloop
  endfacet
  facet normal -0.9961946980917457 0.08715574274765678 0
    outer loop
      vertex 16.5 9 1.49
      vertex 16.386058147591562 7.697638667498023 49.99
      vertex 16.5 9 49.99
    endloop
  endfacet
  facet normal -0.9961946980917457 -0.08715574274765678 0
    outer loop
      vertex 16.386058147591562 10.302361332501977 1.49
      vertex 16.5 9 49.99
      vertex 16.386058147591562 10.302361332501977 49.99
    endloop
  endfacet
  facet normal 0.9063077870366505 0.4226182617406983 0
    outer loop
      vertex 19.50480947161671 5.25 1.49
      vertex 18.95230534410569 6.4348489250574845 49.99
      vertex 19.50480947161671 5.25 49.99
    endloop
  endfacet
  facet normal 0.9659258262890676 0.2588190451025233 0
    outer loop
      vertex 18.95230534410569 6.4348489250574845 1.49
      vertex 18.613941852408438 7.697638667498023 49.99
      vertex 18.95230534410569 6.4348489250574845 49.99
    endloop
  endfacet
  facet normal 0.9961946980917457 0.08715574274765678 0
    outer loop
      vertex 18.613941852408438 7.697638667498023 1.49
      vertex 18.5 9 49.99
      vertex 18.613941852408438 7.697638667498023 49.99
    endloop
  endfacet
  facet normal 0.9961946980917457 -0.08715574274765678 0
    outer loop
      vertex 18.5 9 1.49
      vertex 18.613941852408438 10.302361332501977 49.99
      vertex 18.5 9 49.99
    endloop
  endfacet
  facet normal 0.9659258262890678 -0.2588190451025231 0
    outer loop
      vertex 18.613941852408438 10.302361332501977 1.49
      vertex 18.95230534410569 11.565151074942516 49.99
      vertex 18.613941852408438 10.302361332501977 49.99
    endloop
  endfacet
  facet normal -0.5735764363510472 -0.819152044288991 0
    outer loop
      vertex 12.75 15.49519052838329 1.49
      vertex 13.820907072649044 14.745333323392334 49.99
      vertex 12.75 15.49519052838329 49.99
    endloop
  endfacet
  facet normal -0.7071067811865475 -0.7071067811865475 0
    outer loop
      vertex 13.820907072649044 14.745333323392334 1.49
      vertex 14.745333323392334 13.820907072649044 49.99
      vertex 13.820907072649044 14.745333323392334 49.99
    endloop
  endfacet
  facet normal -0.9659258262890678 -0.2588190451025231 0
    outer loop
      vertex 16.04769465589431 11.565151074942516 1.49
      vertex 16.386058147591562 10.302361332501977 49.99
      vertex 16.04769465589431 11.565151074942516 49.99
    endloop
  endfacet
  facet normal -0.9063077870366504 -0.42261826174069855 0
    outer loop
      vertex 15.49519052838329 12.75 1.49
      vertex 16.04769465589431 11.565151074942516 49.99
      vertex 15.49519052838329 12.75 49.99
    endloop
  endfacet
  facet normal -0.819152044288991 -0.5735764363510472 0
    outer loop
      vertex 14.745333323392334 13.820907072649044 1.49
      vertex 15.49519052838329 12.75 49.99
      vertex 14.745333323392334 13.820907072649044 49.99
    endloop
  endfacet
  facet normal -0.5735764363510472 0.819152044288991 0
    outer loop
      vertex 13.820907072649044 20.254666676607666 1.49
      vertex 12.75 19.50480947161671 49.99
      vertex 13.820907072649044 20.254666676607666 49.99
    endloop
  endfacet
  facet normal -0.7071067811865482 0.7071067811865469 0
    outer loop
      vertex 14.745333323392334 21.179092927350958 1.49
      vertex 13.820907072649044 20.254666676607666 49.99
      vertex 14.745333323392334 21.179092927350958 49.99
    endloop
  endfacet
  facet normal 0.9063077870366504 -0.42261826174069855 0
    outer loop
      vertex 18.95230534410569 11.565151074942516 1.49
      vertex 19.50480947161671 12.75 49.99
      vertex 18.95230534410569 11.565151074942516 49.99
    endloop
  endfacet
  facet normal 0.819152044288991 0.5735764363510472 0
    outer loop
      vertex 20.254666676607666 4.179092927350956 1.49
      vertex 19.50480947161671 5.25 49.99
      vertex 20.254666676607666 4.179092927350956 49.99
    endloop
  endfacet
  facet normal 0.7071067811865472 0.7071067811865479 0
    outer loop
      vertex 21.179092927350958 3.2546666766076653 1.49
      vertex 20.254666676607666 4.179092927350956 49.99
      vertex 21.179092927350958 3.2546666766076653 49.99
    endloop
  endfacet
  facet normal 0.5735764363510469 0.8191520442889912 0
    outer loop
      vertex 22.25 2.504809471616711 1.49
      vertex 21.179092927350958 3.2546666766076653 49.99
      vertex 22.25 2.504809471616711 49.99
    endloop
  endfacet
  facet normal 0.4226182617407002 0.9063077870366496 0
    outer loop
      vertex 23.434848925057484 1.952305344105687 1.49
      vertex 22.25 2.504809471616711 49.99
      vertex 23.434848925057484 1.952305344105687 49.99
    endloop
  endfacet
  facet normal 0.2588190451025206 0.9659258262890683 0
    outer loop
      vertex 24.697638667498023 1.6139418524084395 1.49
      vertex 23.434848925057484 1.952305344105687 49.99
      vertex 24.697638667498023 1.6139418524084395 49.99
    endloop
  endfacet
  facet normal 0.08715574274765811 0.9961946980917454 1.599915860920858e-20
    outer loop
      vertex 24.697638667498023 1.6139418524084395 49.99
      vertex 26 1.5 49.99
      vertex 26 1.5 1.49
    endloop
  endfacet
  facet normal 0.819152044288991 -0.5735764363510472 0
    outer loop
      vertex 19.50480947161671 12.75 1.49
      vertex 20.254666676607666 13.820907072649044 49.99
      vertex 19.50480947161671 12.75 49.99
    endloop
  endfacet
  facet normal 0.7071067811865469 -0.7071067811865482 0
    outer loop
      vertex 20.254666676607666 13.820907072649044 1.49
      vertex 21.179092927350958 14.745333323392334 49.99
      vertex 20.254666676607666 13.820907072649044 49.99
    endloop
  endfacet
  facet normal 0.5735764363510478 -0.8191520442889906 0
    outer loop
      vertex 21.179092927350958 14.745333323392334 1.49
      vertex 22.25 15.49519052838329 49.99
      vertex 21.179092927350958 14.745333323392334 49.99
    endloop
  endfacet
  facet normal 0.42261826174069855 -0.9063077870366504 0
    outer loop
      vertex 22.25 15.49519052838329 1.49
      vertex 23.434848925057484 16.04769465589431 49.99
      vertex 22.25 15.49519052838329 49.99
    endloop
  endfacet
  facet normal 0.7071067811865476 0.7071067811865476 0
    outer loop
      vertex 21.179092927350958 20.254666676607666 1.49
      vertex 20.254666676607666 21.179092927350958 49.99
      vertex 21.179092927350958 20.254666676607666 49.99
    endloop
  endfacet
  facet normal 0.5735764363510478 0.8191520442889906 0
    outer loop
      vertex 22.25 19.50480947161671 1.49
      vertex 21.179092927350958 20.254666676607666 49.99
      vertex 22.25 19.50480947161671 49.99
    endloop
  endfacet
  facet normal 0.2588190451025231 -0.9659258262890678 0
    outer loop
      vertex 23.434848925057484 16.04769465589431 1.49
      vertex 24.697638667498023 16.386058147591562 49.99
      vertex 23.434848925057484 16.04769465589431 49.99
    endloop
  endfacet
  facet normal 0.2588190451025231 0.9659258262890678 0
    outer loop
      vertex 24.697638667498023 18.613941852408438 1.49
      vertex 23.434848925057484 18.95230534410569 49.99
      vertex 24.697638667498023 18.613941852408438 49.99
    endloop
  endfacet
  facet normal 0.42261826174069855 0.9063077870366504 0
    outer loop
      vertex 23.434848925057484 18.95230534410569 1.49
      vertex 22.25 19.50480947161671 49.99
      vertex 23.434848925057484 18.95230534410569 49.99
    endloop
  endfacet
  facet normal 0.08715574274765678 -0.9961946980917457 0
    outer loop
      vertex 24.697638667498023 16.386058147591562 1.49
      vertex 26 16.5 49.99
      vertex 24.697638667498023 16.386058147591562 49.99
    endloop
  endfacet
  facet normal 0.08715574274765678 0.9961946980917457 1.6970250791199594e-19
    outer loop
      vertex 24.697638667498023 18.613941852408438 49.99
      vertex 26 18.5 49.99
      vertex 26 18.5 1.49
    endloop
  endfacet
  facet normal -0.4073604046363188 0.5817709499070196 0.7039886807178214
    outer loop
      vertex 12.75 2.504809471616711 49.99
      vertex 12.754975124378108 2.4961923034198525 50
      vertex 13.820907072649044 3.2546666766076653 49.99
    endloop
  endfacet
  facet normal -0.4073604046362994 0.5817709499069927 0.7039886807178549
    outer loop
      vertex 13.820907072649044 3.2546666766076653 49.99
      vertex 12.754975124378108 2.4961923034198525 50
      vertex 13.82730296926284 3.247044343840314 50
    endloop
  endfacet
  facet normal -0.5021951500269235 0.502195150026923 0.7039886807178591
    outer loop
      vertex 13.820907072649044 3.2546666766076653 49.99
      vertex 13.82730296926284 3.247044343840314 50
      vertex 14.745333323392334 4.179092927350956 49.99
    endloop
  endfacet
  facet normal -0.5021951500269476 0.5021951500269464 0.7039886807178255
    outer loop
      vertex 14.745333323392334 4.179092927350956 49.99
      vertex 13.82730296926284 3.247044343840314 50
      vertex 14.752955656159685 4.172697030737161 50
    endloop
  endfacet
  facet normal 0 0 1
    outer loop
      vertex 10.304089175065828 1.604142770288917 50
      vertex 23.431445739551755 1.9429551687744857 50
      vertex 11.568554260448243 1.9429551687744857 50
    endloop
  endfacet
  facet normal 0 0 1
    outer loop
      vertex 12.754975124378108 2.4961923034198525 50
      vertex 11.568554260448243 1.9429551687744857 50
      vertex 22.24502487562189 2.4961923034198525 50
    endloop
  endfacet
  facet normal -0.5817709499070174 0.4073604046363182 0.7039886807178236
    outer loop
      vertex 14.745333323392334 4.179092927350956 49.99
      vertex 14.752955656159685 4.172697030737161 50
      vertex 15.49519052838329 5.25 49.99
    endloop
  endfacet
  facet normal -0.5817709499070043 0.4073604046363093 0.7039886807178397
    outer loop
      vertex 15.49519052838329 5.25 49.99
      vertex 14.752955656159685 4.172697030737161 50
      vertex 15.503807696580148 5.245024875621891 50
    endloop
  endfacet
  facet normal 0 0 1
    outer loop
      vertex 12.754975124378108 2.4961923034198525 50
      vertex 21.17269703073716 3.247044343840314 50
      vertex 13.82730296926284 3.247044343840314 50
    endloop
  endfacet
  facet normal -0.643669933864455 0.30014821948511583 0.7039886807178385
    outer loop
      vertex 15.49519052838329 5.25 49.99
      vertex 15.503807696580148 5.245024875621891 50
      vertex 16.04769465589431 6.4348489250574845 49.99
    endloop
  endfacet
  facet normal -0.6436699338644941 0.30014821948513337 0.7039886807177954
    outer loop
      vertex 16.04769465589431 6.4348489250574845 49.99
      vertex 15.503807696580148 5.245024875621891 50
      vertex 16.05704483122551 6.431445739551757 50
    endloop
  endfacet
  facet normal -0.6860113325941802 0.18381618256721083 0.7039886807177903
    outer loop
      vertex 16.04769465589431 6.4348489250574845 49.99
      vertex 16.05704483122551 6.431445739551757 50
      vertex 16.386058147591562 7.697638667498023 49.99
    endloop
  endfacet
  facet normal 0 0 1
    outer loop
      vertex 13.82730296926284 3.247044343840314 50
      vertex 20.247044343840315 4.172697030737161 50
      vertex 14.752955656159685 4.172697030737161 50
    endloop
  endfacet
  facet normal 0 0 1
    outer loop
      vertex 14.752955656159685 4.172697030737161 50
      vertex 19.49619230341985 5.245024875621891 50
      vertex 15.503807696580148 5.245024875621891 50
    endloop
  endfacet
  facet normal 0 0 1
    outer loop
      vertex 11.568554260448243 1.9429551687744857 50
      vertex 23.431445739551755 1.9429551687744857 50
      vertex 22.24502487562189 2.4961923034198525 50
    endloop
  endfacet
  facet normal 0 0 1
    outer loop
      vertex 10.304089175065828 1.604142770288917 50
      vertex 24.695910824934174 1.604142770288917 50
      vertex 23.431445739551755 1.9429551687744857 50
    endloop
  endfacet
  facet normal 0 0 1
    outer loop
      vertex 13.82730296926284 3.247044343840314 50
      vertex 21.17269703073716 3.247044343840314 50
      vertex 20.247044343840315 4.172697030737161 50
    endloop
  endfacet
  facet normal 0 0 1
    outer loop
      vertex 14.752955656159685 4.172697030737161 50
      vertex 20.247044343840315 4.172697030737161 50
      vertex 19.49619230341985 5.245024875621891 50
    endloop
  endfacet
  facet normal 0 0 1
    outer loop
      vertex 12.754975124378108 2.4961923034198525 50
      vertex 22.24502487562189 2.4961923034198525 50
      vertex 21.17269703073716 3.247044343840314 50
    endloop
  endfacet
  facet normal 0 0 1
    outer loop
      vertex 16.05704483122551 6.431445739551757 50
      vertex 15.503807696580148 5.245024875621891 50
      vertex 18.94295516877449 6.431445739551757 50
    endloop
  endfacet
  facet normal -0.6860113325941836 0.18381618256721166 0.703988680717787
    outer loop
      vertex 16.386058147591562 7.697638667498023 49.99
      vertex 16.05704483122551 6.431445739551757 50
      vertex 16.395857229711083 7.695910824934173 50
    endloop
  endfacet
  facet normal 0 0 1
    outer loop
      vertex 16.05704483122551 6.431445739551757 50
      vertex 18.604142770288917 7.695910824934173 50
      vertex 16.395857229711083 7.695910824934173 50
    endloop
  endfacet
  facet normal 0 0 1
    outer loop
      vertex 16.05704483122551 6.431445739551757 50
      vertex 18.94295516877449 6.431445739551757 50
      vertex 18.604142770288917 7.695910824934173 50
    endloop
  endfacet
  facet normal -0.7075086241214776 0.061898983957452386 0.7039886807177859
    outer loop
      vertex 16.386058147591562 7.697638667498023 49.99
      vertex 16.395857229711083 7.695910824934173 50
      vertex 16.5 9 49.99
    endloop
  endfacet
  facet normal -0.707508624121476 0.06189898395745227 0.7039886807177876
    outer loop
      vertex 16.5 9 49.99
      vertex 16.395857229711083 7.695910824934173 50
      vertex 16.509950248756216 9 50
    endloop
  endfacet
  facet normal -0.707508624121475 -0.06189898395745213 0.7039886807177888
    outer loop
      vertex 16.386058147591562 10.302361332501977 49.99
      vertex 16.509950248756216 9 50
      vertex 16.395857229711083 10.304089175065828 50
    endloop
  endfacet
  facet normal -0.7075086241214759 -0.06189898395745223 0.7039886807177876
    outer loop
      vertex 16.5 9 49.99
      vertex 16.509950248756216 9 50
      vertex 16.386058147591562 10.302361332501977 49.99
    endloop
  endfacet
  facet normal -0.6860113325941756 -0.18381618256720944 0.7039886807177951
    outer loop
      vertex 16.386058147591562 10.302361332501977 49.99
      vertex 16.395857229711083 10.304089175065828 50
      vertex 16.04769465589431 11.565151074942516 49.99
    endloop
  endfacet
  facet normal 0 0 1
    outer loop
      vertex 16.509950248756216 9 50
      vertex 16.395857229711083 7.695910824934173 50
      vertex 18.490049751243784 9 50
    endloop
  endfacet
  facet normal 0 0 1
    outer loop
      vertex 16.395857229711083 7.695910824934173 50
      vertex 18.604142770288917 7.695910824934173 50
      vertex 18.490049751243784 9 50
    endloop
  endfacet
  facet normal 0 0 1
    outer loop
      vertex 16.395857229711083 10.304089175065828 50
      vertex 16.509950248756216 9 50
      vertex 18.604142770288917 10.304089175065828 50
    endloop
  endfacet
  facet normal 0 0 1
    outer loop
      vertex 16.509950248756216 9 50
      vertex 18.490049751243784 9 50
      vertex 18.604142770288917 10.304089175065828 50
    endloop
  endfacet
  facet normal 0 0 1
    outer loop
      vertex 19.49619230341985 5.245024875621891 50
      vertex 18.94295516877449 6.431445739551757 50
      vertex 15.503807696580148 5.245024875621891 50
    endloop
  endfacet
  facet normal 0.6436699338644938 0.30014821948513387 0.7039886807177953
    outer loop
      vertex 18.95230534410569 6.4348489250574845 49.99
      vertex 18.94295516877449 6.431445739551757 50
      vertex 19.50480947161671 5.25 49.99
    endloop
  endfacet
  facet normal 0.643669933864404 0.30014821948509035 0.7039886807178961
    outer loop
      vertex 19.50480947161671 5.25 49.99
      vertex 18.94295516877449 6.431445739551757 50
      vertex 19.49619230341985 5.245024875621891 50
    endloop
  endfacet
  facet normal 0.6860113325941803 0.18381618256721077 0.7039886807177903
    outer loop
      vertex 18.95230534410569 6.4348489250574845 49.99
      vertex 18.604142770288917 7.695910824934173 50
      vertex 18.94295516877449 6.431445739551757 50
    endloop
  endfacet
  facet normal 0.6860113325941828 0.1838161825672115 0.7039886807177874
    outer loop
      vertex 18.95230534410569 6.4348489250574845 49.99
      vertex 18.613941852408438 7.697638667498023 49.99
      vertex 18.604142770288917 7.695910824934173 50
    endloop
  endfacet
  facet normal 0.7075086241214775 0.0618989839574524 0.7039886807177859
    outer loop
      vertex 18.613941852408438 7.697638667498023 49.99
      vertex 18.490049751243784 9 50
      vertex 18.604142770288917 7.695910824934173 50
    endloop
  endfacet
  facet normal 0.7075086241214759 0.06189898395745223 0.7039886807177876
    outer loop
      vertex 18.5 9 49.99
      vertex 18.490049751243784 9 50
      vertex 18.613941852408438 7.697638667498023 49.99
    endloop
  endfacet
  facet normal 0 0 1
    outer loop
      vertex 16.395857229711083 10.304089175065828 50
      vertex 18.604142770288917 10.304089175065828 50
      vertex 18.94295516877449 11.568554260448243 50
    endloop
  endfacet
  facet normal 0.7075086241214759 -0.06189898395745222 0.7039886807177876
    outer loop
      vertex 18.5 9 49.99
      vertex 18.604142770288917 10.304089175065828 50
      vertex 18.490049751243784 9 50
    endloop
  endfacet
  facet normal 0.7075086241214747 -0.06189898395745213 0.7039886807177889
    outer loop
      vertex 18.5 9 49.99
      vertex 18.613941852408438 10.302361332501977 49.99
      vertex 18.604142770288917 10.304089175065828 50
    endloop
  endfacet
  facet normal 0.6860113325941756 -0.18381618256720964 0.7039886807177951
    outer loop
      vertex 18.613941852408438 10.302361332501977 49.99
      vertex 18.94295516877449 11.568554260448243 50
      vertex 18.604142770288917 10.304089175065828 50
    endloop
  endfacet
  facet normal -0.4073604046363192 -0.5817709499070193 0.7039886807178214
    outer loop
      vertex 12.75 15.49519052838329 49.99
      vertex 13.82730296926284 14.752955656159685 50
      vertex 12.754975124378108 15.503807696580148 50
    endloop
  endfacet
  facet normal -0.40736040463630696 -0.5817709499070014 0.7039886807178433
    outer loop
      vertex 12.75 15.49519052838329 49.99
      vertex 13.820907072649044 14.745333323392334 49.99
      vertex 13.82730296926284 14.752955656159685 50
    endloop
  endfacet
  facet normal -0.5021951500269312 -0.5021951500269313 0.7039886807178479
    outer loop
      vertex 13.820907072649044 14.745333323392334 49.99
      vertex 14.752955656159685 13.82730296926284 50
      vertex 13.82730296926284 14.752955656159685 50
    endloop
  endfacet
  facet normal -0.5021951500269322 -0.5021951500269322 0.7039886807178466
    outer loop
      vertex 13.820907072649044 14.745333323392334 49.99
      vertex 14.745333323392334 13.820907072649044 49.99
      vertex 14.752955656159685 13.82730296926284 50
    endloop
  endfacet
  facet normal -0.5817709499070193 -0.40736040463631945 0.7039886807178215
    outer loop
      vertex 15.49519052838329 12.75 49.99
      vertex 15.503807696580148 12.754975124378108 50
      vertex 14.745333323392334 13.820907072649044 49.99
    endloop
  endfacet
  facet normal -0.6860113325941881 -0.183816182567213 0.703988680717782
    outer loop
      vertex 16.04769465589431 11.565151074942516 49.99
      vertex 16.395857229711083 10.304089175065828 50
      vertex 16.05704483122551 11.568554260448243 50
    endloop
  endfacet
  facet normal -0.6436699338645058 -0.3001482194851397 0.7039886807177819
    outer loop
      vertex 16.04769465589431 11.565151074942516 49.99
      vertex 16.05704483122551 11.568554260448243 50
      vertex 15.49519052838329 12.75 49.99
    endloop
  endfacet
  facet normal -0.6436699338644675 -0.3001482194851211 0.703988680717825
    outer loop
      vertex 15.49519052838329 12.75 49.99
      vertex 16.05704483122551 11.568554260448243 50
      vertex 15.503807696580148 12.754975124378108 50
    endloop
  endfacet
  facet normal -0.5817709499070027 -0.40736040463630757 0.7039886807178419
    outer loop
      vertex 14.745333323392334 13.820907072649044 49.99
      vertex 15.503807696580148 12.754975124378108 50
      vertex 14.752955656159685 13.82730296926284 50
    endloop
  endfacet
  facet normal 0 0 1
    outer loop
      vertex 14.752955656159685 13.82730296926284 50
      vertex 15.503807696580148 12.754975124378108 50
      vertex 14.752955656159685 21.17269703073716 50
    endloop
  endfacet
  facet normal 0 0 1
    outer loop
      vertex 15.503807696580148 12.754975124378108 50
      vertex 16.05704483122551 11.568554260448243 50
      vertex 15.503807696580148 22.24502487562189 50
    endloop
  endfacet
  facet normal 0 0 1
    outer loop
      vertex 12.754975124378108 15.503807696580148 50
      vertex 13.82730296926284 14.752955656159685 50
      vertex 12.754975124378108 19.49619230341985 50
    endloop
  endfacet
  facet normal 0 0 1
    outer loop
      vertex 13.82730296926284 14.752955656159685 50
      vertex 13.82730296926284 20.247044343840315 50
      vertex 12.754975124378108 19.49619230341985 50
    endloop
  endfacet
  facet normal 0 0 1
    outer loop
      vertex 13.82730296926284 14.752955656159685 50
      vertex 14.752955656159685 13.82730296926284 50
      vertex 13.82730296926284 20.247044343840315 50
    endloop
  endfacet
  facet normal 0 0 1
    outer loop
      vertex 14.752955656159685 13.82730296926284 50
      vertex 14.752955656159685 21.17269703073716 50
      vertex 13.82730296926284 20.247044343840315 50
    endloop
  endfacet
  facet normal -0.4073604046362898 0.5817709499069769 0.7039886807178736
    outer loop
      vertex 12.75 19.50480947161671 49.99
      vertex 12.754975124378108 19.49619230341985 50
      vertex 13.820907072649044 20.254666676607666 49.99
    endloop
  endfacet
  facet normal -0.40736040463630824 0.5817709499070023 0.7039886807178419
    outer loop
      vertex 13.820907072649044 20.254666676607666 49.99
      vertex 12.754975124378108 19.49619230341985 50
      vertex 13.82730296926284 20.247044343840315 50
    endloop
  endfacet
  facet normal -0.5021951500269317 0.5021951500269307 0.7039886807178478
    outer loop
      vertex 13.820907072649044 20.254666676607666 49.99
      vertex 13.82730296926284 20.247044343840315 50
      vertex 14.745333323392334 21.179092927350958 49.99
    endloop
  endfacet
  facet normal -0.5021951500269316 0.5021951500269307 0.7039886807178479
    outer loop
      vertex 14.745333323392334 21.179092927350958 49.99
      vertex 13.82730296926284 20.247044343840315 50
      vertex 14.752955656159685 21.17269703073716 50
    endloop
  endfacet
  facet normal 0 0 1
    outer loop
      vertex 15.503807696580148 12.754975124378108 50
      vertex 15.503807696580148 22.24502487562189 50
      vertex 14.752955656159685 21.17269703073716 50
    endloop
  endfacet
  facet normal 0 0 1
    outer loop
      vertex 16.05704483122551 11.568554260448243 50
      vertex 16.05704483122551 23.431445739551755 50
      vertex 15.503807696580148 22.24502487562189 50
    endloop
  endfacet
  facet normal 0 0 1
    outer loop
      vertex 16.05704483122551 11.568554260448243 50
      vertex 16.395857229711083 10.304089175065828 50
      vertex 18.94295516877449 11.568554260448243 50
    endloop
  endfacet
  facet normal 0 0 1
    outer loop
      vertex 16.05704483122551 11.568554260448243 50
      vertex 18.94295516877449 11.568554260448243 50
      vertex 16.05704483122551 23.431445739551755 50
    endloop
  endfacet
  facet normal 0.6860113325941877 -0.18381618256721266 0.7039886807177825
    outer loop
      vertex 18.613941852408438 10.302361332501977 49.99
      vertex 18.95230534410569 11.565151074942516 49.99
      vertex 18.94295516877449 11.568554260448243 50
    endloop
  endfacet
  facet normal 0.6436699338645064 -0.30014821948513837 0.703988680717782
    outer loop
      vertex 18.95230534410569 11.565151074942516 49.99
      vertex 19.49619230341985 12.754975124378108 50
      vertex 18.94295516877449 11.568554260448243 50
    endloop
  endfacet
  facet normal 0.6436699338644142 -0.30014821948509696 0.7039886807178841
    outer loop
      vertex 18.95230534410569 11.565151074942516 49.99
      vertex 19.50480947161671 12.75 49.99
      vertex 19.49619230341985 12.754975124378108 50
    endloop
  endfacet
  facet normal 0 0 1
    outer loop
      vertex 18.94295516877449 11.568554260448243 50
      vertex 19.49619230341985 12.754975124378108 50
      vertex 18.94295516877449 23.431445739551755 50
    endloop
  endfacet
  facet normal 0 0 1
    outer loop
      vertex 18.94295516877449 11.568554260448243 50
      vertex 18.94295516877449 23.431445739551755 50
      vertex 16.05704483122551 23.431445739551755 50
    endloop
  endfacet
  facet normal 0 0 1
    outer loop
      vertex 19.49619230341985 12.754975124378108 50
      vertex 19.49619230341985 22.24502487562189 50
      vertex 18.94295516877449 23.431445739551755 50
    endloop
  endfacet
  facet normal 0 0 1
    outer loop
      vertex 3 0 50
      vertex 49 0 50
      vertex 9 1.4900497512437831 50
    endloop
  endfacet
  facet normal 0 0 1
    outer loop
      vertex 10.304089175065828 1.604142770288917 50
      vertex 26 1.4900497512437831 50
      vertex 24.695910824934174 1.604142770288917 50
    endloop
  endfacet
  facet normal 0.5817709499069609 0.40736040463627865 0.7039886807178932
    outer loop
      vertex 20.254666676607666 4.179092927350956 49.99
      vertex 19.50480947161671 5.25 49.99
      vertex 19.49619230341985 5.245024875621891 50
    endloop
  endfacet
  facet normal 0.5817709499070167 0.40736040463631895 0.7039886807178236
    outer loop
      vertex 20.254666676607666 4.179092927350956 49.99
      vertex 19.49619230341985 5.245024875621891 50
      vertex 20.247044343840315 4.172697030737161 50
    endloop
  endfacet
  facet normal 0.5021951500269467 0.5021951500269473 0.7039886807178254
    outer loop
      vertex 20.254666676607666 4.179092927350956 49.99
      vertex 20.247044343840315 4.172697030737161 50
      vertex 21.179092927350958 3.2546666766076653 49.99
    endloop
  endfacet
  facet normal 0.5021951500269234 0.5021951500269232 0.7039886807178591
    outer loop
      vertex 21.179092927350958 3.2546666766076653 49.99
      vertex 20.247044343840315 4.172697030737161 50
      vertex 21.17269703073716 3.247044343840314 50
    endloop
  endfacet
  facet normal 0.30014821948511156 0.6436699338644424 0.703988680717852
    outer loop
      vertex 22.25 2.504809471616711 49.99
      vertex 22.24502487562189 2.4961923034198525 50
      vertex 23.434848925057484 1.952305344105687 49.99
    endloop
  endfacet
  facet normal 0.40736040463630024 0.5817709499069921 0.7039886807178549
    outer loop
      vertex 21.179092927350958 3.2546666766076653 49.99
      vertex 21.17269703073716 3.247044343840314 50
      vertex 22.25 2.504809471616711 49.99
    endloop
  endfacet
  facet normal 0.4073604046362986 0.5817709499069896 0.703988680717858
    outer loop
      vertex 22.25 2.504809471616711 49.99
      vertex 21.17269703073716 3.247044343840314 50
      vertex 22.24502487562189 2.4961923034198525 50
    endloop
  endfacet
  facet normal 0 0 1
    outer loop
      vertex 49 0 50
      vertex 10.304089175065828 1.604142770288917 50
      vertex 9 1.4900497512437831 50
    endloop
  endfacet
  facet normal 0.30014821948510867 0.6436699338644358 0.7039886807178592
    outer loop
      vertex 23.434848925057484 1.952305344105687 49.99
      vertex 22.24502487562189 2.4961923034198525 50
      vertex 23.431445739551755 1.9429551687744857 50
    endloop
  endfacet
  facet normal 0.18381618256719298 0.6860113325941214 0.7039886807178521
    outer loop
      vertex 23.434848925057484 1.952305344105687 49.99
      vertex 23.431445739551755 1.9429551687744857 50
      vertex 24.697638667498023 1.6139418524084395 49.99
    endloop
  endfacet
  facet normal 0.18381618256719962 0.6860113325941477 0.7039886807178247
    outer loop
      vertex 24.697638667498023 1.6139418524084395 49.99
      vertex 23.431445739551755 1.9429551687744857 50
      vertex 24.695910824934174 1.604142770288917 50
    endloop
  endfacet
  facet normal 0.06189898395744947 0.7075086241214332 0.7039886807178307
    outer loop
      vertex 24.697638667498023 1.6139418524084395 49.99
      vertex 24.695910824934174 1.604142770288917 50
      vertex 26 1.5 49.99
    endloop
  endfacet
  facet normal 0.06189898395744916 0.7075086241214288 0.7039886807178352
    outer loop
      vertex 26 1.5 49.99
      vertex 24.695910824934174 1.604142770288917 50
      vertex 26 1.4900497512437831 50
    endloop
  endfacet
  facet normal 0.5817709499069766 -0.4073604046362902 0.7039886807178736
    outer loop
      vertex 19.50480947161671 12.75 49.99
      vertex 20.247044343840315 13.82730296926284 50
      vertex 19.49619230341985 12.754975124378108 50
    endloop
  endfacet
  facet normal 0.5817709499070037 -0.4073604046363086 0.7039886807178406
    outer loop
      vertex 19.50480947161671 12.75 49.99
      vertex 20.254666676607666 13.820907072649044 49.99
      vertex 20.247044343840315 13.82730296926284 50
    endloop
  endfacet
  facet normal 0.5021951500269308 -0.5021951500269317 0.7039886807178479
    outer loop
      vertex 20.254666676607666 13.820907072649044 49.99
      vertex 21.17269703073716 14.752955656159685 50
      vertex 20.247044343840315 13.82730296926284 50
    endloop
  endfacet
  facet normal 0.5021951500269298 -0.5021951500269309 0.7039886807178491
    outer loop
      vertex 20.254666676607666 13.820907072649044 49.99
      vertex 21.179092927350958 14.745333323392334 49.99
      vertex 21.17269703073716 14.752955656159685 50
    endloop
  endfacet
  facet normal 0.4073604046363084 -0.5817709499070021 0.7039886807178418
    outer loop
      vertex 21.179092927350958 14.745333323392334 49.99
      vertex 22.24502487562189 15.503807696580148 50
      vertex 21.17269703073716 14.752955656159685 50
    endloop
  endfacet
  facet normal 0.4073604046362989 -0.5817709499069889 0.7039886807178584
    outer loop
      vertex 21.179092927350958 14.745333323392334 49.99
      vertex 22.25 15.49519052838329 49.99
      vertex 22.24502487562189 15.503807696580148 50
    endloop
  endfacet
  facet normal 0.30014821948510984 -0.6436699338644433 0.7039886807178519
    outer loop
      vertex 22.25 15.49519052838329 49.99
      vertex 23.431445739551755 16.05704483122551 50
      vertex 22.24502487562189 15.503807696580148 50
    endloop
  endfacet
  facet normal 0 0 1
    outer loop
      vertex 19.49619230341985 12.754975124378108 50
      vertex 20.247044343840315 13.82730296926284 50
      vertex 19.49619230341985 22.24502487562189 50
    endloop
  endfacet
  facet normal 0 0 1
    outer loop
      vertex 20.247044343840315 13.82730296926284 50
      vertex 21.17269703073716 14.752955656159685 50
      vertex 20.247044343840315 21.17269703073716 50
    endloop
  endfacet
  facet normal 0 0 1
    outer loop
      vertex 21.17269703073716 14.752955656159685 50
      vertex 21.17269703073716 20.247044343840315 50
      vertex 20.247044343840315 21.17269703073716 50
    endloop
  endfacet
  facet normal 0 0 1
    outer loop
      vertex 20.247044343840315 13.82730296926284 50
      vertex 20.247044343840315 21.17269703073716 50
      vertex 19.49619230341985 22.24502487562189 50
    endloop
  endfacet
  facet normal 0.5021951500269312 0.5021951500269312 0.7039886807178478
    outer loop
      vertex 20.254666676607666 21.179092927350958 49.99
      vertex 20.247044343840315 21.17269703073716 50
      vertex 21.179092927350958 20.254666676607666 49.99
    endloop
  endfacet
  facet normal 0.5021951500269312 0.5021951500269313 0.7039886807178479
    outer loop
      vertex 21.179092927350958 20.254666676607666 49.99
      vertex 20.247044343840315 21.17269703073716 50
      vertex 21.17269703073716 20.247044343840315 50
    endloop
  endfacet
  facet normal 0 0 1
    outer loop
      vertex 21.17269703073716 14.752955656159685 50
      vertex 22.24502487562189 15.503807696580148 50
      vertex 21.17269703073716 20.247044343840315 50
    endloop
  endfacet
  facet normal 0 0 1
    outer loop
      vertex 22.24502487562189 15.503807696580148 50
      vertex 22.24502487562189 19.49619230341985 50
      vertex 21.17269703073716 20.247044343840315 50
    endloop
  endfacet
  facet normal 0 0 1
    outer loop
      vertex 22.24502487562189 15.503807696580148 50
      vertex 23.431445739551755 16.05704483122551 50
      vertex 22.24502487562189 19.49619230341985 50
    endloop
  endfacet
  facet normal 0.40736040463630824 0.5817709499070022 0.7039886807178419
    outer loop
      vertex 21.179092927350958 20.254666676607666 49.99
      vertex 21.17269703073716 20.247044343840315 50
      vertex 22.25 19.50480947161671 49.99
    endloop
  endfacet
  facet normal 0.4073604046362704 0.5817709499069462 0.70398868071791
    outer loop
      vertex 22.25 19.50480947161671 49.99
      vertex 21.17269703073716 20.247044343840315 50
      vertex 22.24502487562189 19.49619230341985 50
    endloop
  endfacet
  facet normal 0.30014821948508624 0.6436699338643911 0.7039886807179097
    outer loop
      vertex 22.25 19.50480947161671 49.99
      vertex 22.24502487562189 19.49619230341985 50
      vertex 23.434848925057484 18.95230534410569 49.99
    endloop
  endfacet
  facet normal 0.3001482194851291 -0.6436699338644831 0.7039886807178073
    outer loop
      vertex 22.25 15.49519052838329 49.99
      vertex 23.434848925057484 16.04769465589431 49.99
      vertex 23.431445739551755 16.05704483122551 50
    endloop
  endfacet
  facet normal 0 0 1
    outer loop
      vertex 22.24502487562189 19.49619230341985 50
      vertex 23.431445739551755 16.05704483122551 50
      vertex 23.431445739551755 18.94295516877449 50
    endloop
  endfacet
  facet normal 0.1838161825672083 -0.6860113325941725 0.7039886807177985
    outer loop
      vertex 23.434848925057484 16.04769465589431 49.99
      vertex 24.695910824934174 16.395857229711083 50
      vertex 23.431445739551755 16.05704483122551 50
    endloop
  endfacet
  facet normal 0 0 1
    outer loop
      vertex 24.695910824934174 16.395857229711083 50
      vertex 23.431445739551755 18.94295516877449 50
      vertex 23.431445739551755 16.05704483122551 50
    endloop
  endfacet
  facet normal 0.1838161825672135 -0.6860113325941908 0.7039886807177793
    outer loop
      vertex 23.434848925057484 16.04769465589431 49.99
      vertex 24.697638667498023 16.386058147591562 49.99
      vertex 24.695910824934174 16.395857229711083 50
    endloop
  endfacet
  facet normal 0 0 1
    outer loop
      vertex 24.695910824934174 16.395857229711083 50
      vertex 24.695910824934174 18.604142770288917 50
      vertex 23.431445739551755 18.94295516877449 50
    endloop
  endfacet
  facet normal 0.18381618256721338 0.6860113325941914 0.7039886807177785
    outer loop
      vertex 24.697638667498023 18.613941852408438 49.99
      vertex 23.431445739551755 18.94295516877449 50
      vertex 24.695910824934174 18.604142770288917 50
    endloop
  endfacet
  facet normal 0.30014821948512704 0.6436699338644822 0.7039886807178088
    outer loop
      vertex 23.434848925057484 18.95230534410569 49.99
      vertex 22.24502487562189 19.49619230341985 50
      vertex 23.431445739551755 18.94295516877449 50
    endloop
  endfacet
  facet normal 0.18381618256720855 0.6860113325941724 0.7039886807177985
    outer loop
      vertex 23.434848925057484 18.95230534410569 49.99
      vertex 23.431445739551755 18.94295516877449 50
      vertex 24.697638667498023 18.613941852408438 49.99
    endloop
  endfacet
  facet normal 0.0618989839574527 -0.7075086241214804 0.7039886807177832
    outer loop
      vertex 24.697638667498023 16.386058147591562 49.99
      vertex 26 16.509950248756216 50
      vertex 24.695910824934174 16.395857229711083 50
    endloop
  endfacet
  facet normal 0 0 1
    outer loop
      vertex 26 16.509950248756216 50
      vertex 24.695910824934174 18.604142770288917 50
      vertex 24.695910824934174 16.395857229711083 50
    endloop
  endfacet
  facet normal 0.06189898395745263 0.7075086241214804 0.7039886807177832
    outer loop
      vertex 24.697638667498023 18.613941852408438 49.99
      vertex 24.695910824934174 18.604142770288917 50
      vertex 26 18.5 49.99
    endloop
  endfacet
  facet normal 0.06189898395745226 -0.7075086241214762 0.7039886807177873
    outer loop
      vertex 24.697638667498023 16.386058147591562 49.99
      vertex 26 16.5 49.99
      vertex 26 16.509950248756216 50
    endloop
  endfacet
  facet normal 0 0 1
    outer loop
      vertex 26 16.509950248756216 50
      vertex 26 18.490049751243784 50
      vertex 24.695910824934174 18.604142770288917 50
    endloop
  endfacet
  facet normal 0.061898983957452317 0.707508624121476 0.7039886807177878
    outer loop
      vertex 26 18.5 49.99
      vertex 24.695910824934174 18.604142770288917 50
      vertex 26 18.490049751243784 50
    endloop
  endfacet
  facet normal -0.8191520442889906 0.5735764363510478 0
    outer loop
      vertex 15.49519052838329 22.25 1.49
      vertex 14.745333323392334 21.179092927350958 49.99
      vertex 15.49519052838329 22.25 49.99
    endloop
  endfacet
  facet normal -0.9063077870366504 0.42261826174069855 0
    outer loop
      vertex 16.04769465589431 23.434848925057484 1.49
      vertex 15.49519052838329 22.25 49.99
      vertex 16.04769465589431 23.434848925057484 49.99
    endloop
  endfacet
  facet normal -0.5735764363510472 -0.819152044288991 0
    outer loop
      vertex 12.75 32.49519052838329 1.49
      vertex 13.820907072649044 31.745333323392334 49.99
      vertex 12.75 32.49519052838329 49.99
    endloop
  endfacet
  facet normal -0.7071067811865482 -0.7071067811865469 0
    outer loop
      vertex 13.820907072649044 31.745333323392334 1.49
      vertex 14.745333323392334 30.820907072649042 49.99
      vertex 13.820907072649044 31.745333323392334 49.99
    endloop
  endfacet
  facet normal -0.9659258262890678 -0.2588190451025231 0
    outer loop
      vertex 16.04769465589431 28.565151074942516 1.49
      vertex 16.386058147591562 27.302361332501977 49.99
      vertex 16.04769465589431 28.565151074942516 49.99
    endloop
  endfacet
  facet normal -0.9063077870366504 -0.42261826174069855 0
    outer loop
      vertex 15.49519052838329 29.75 1.49
      vertex 16.04769465589431 28.565151074942516 49.99
      vertex 15.49519052838329 29.75 49.99
    endloop
  endfacet
  facet normal -0.8191520442889906 -0.5735764363510478 0
    outer loop
      vertex 14.745333323392334 30.820907072649042 1.49
      vertex 15.49519052838329 29.75 49.99
      vertex 14.745333323392334 30.820907072649042 49.99
    endloop
  endfacet
  facet normal -0.9659258262890678 0.2588190451025231 0
    outer loop
      vertex 16.386058147591562 24.697638667498023 1.49
      vertex 16.04769465589431 23.434848925057484 49.99
      vertex 16.386058147591562 24.697638667498023 49.99
    endloop
  endfacet
  facet normal -0.9961946980917457 0.08715574274765678 0
    outer loop
      vertex 16.5 26 1.49
      vertex 16.386058147591562 24.697638667498023 49.99
      vertex 16.5 26 49.99
    endloop
  endfacet
  facet normal -0.9961946980917457 -0.08715574274765678 0
    outer loop
      vertex 16.386058147591562 27.302361332501977 1.49
      vertex 16.5 26 49.99
      vertex 16.386058147591562 27.302361332501977 49.99
    endloop
  endfacet
  facet normal 0.9063077870366504 0.42261826174069855 0
    outer loop
      vertex 19.50480947161671 22.25 1.49
      vertex 18.95230534410569 23.434848925057484 49.99
      vertex 19.50480947161671 22.25 49.99
    endloop
  endfacet
  facet normal 0.9659258262890678 0.2588190451025231 0
    outer loop
      vertex 18.95230534410569 23.434848925057484 1.49
      vertex 18.613941852408438 24.697638667498023 49.99
      vertex 18.95230534410569 23.434848925057484 49.99
    endloop
  endfacet
  facet normal 0.9961946980917457 0.08715574274765678 0
    outer loop
      vertex 18.613941852408438 24.697638667498023 1.49
      vertex 18.5 26 49.99
      vertex 18.613941852408438 24.697638667498023 49.99
    endloop
  endfacet
  facet normal 0.9961946980917457 -0.08715574274765678 0
    outer loop
      vertex 18.5 26 1.49
      vertex 18.613941852408438 27.302361332501977 49.99
      vertex 18.5 26 49.99
    endloop
  endfacet
  facet normal 0.9659258262890678 -0.2588190451025231 0
    outer loop
      vertex 18.613941852408438 27.302361332501977 1.49
      vertex 18.95230534410569 28.565151074942516 49.99
      vertex 18.613941852408438 27.302361332501977 49.99
    endloop
  endfacet
  facet normal 0.9063077870366504 -0.42261826174069855 0
    outer loop
      vertex 18.95230534410569 28.565151074942516 1.49
      vertex 19.50480947161671 29.75 49.99
      vertex 18.95230534410569 28.565151074942516 49.99
    endloop
  endfacet
  facet normal -0.5735764363510454 0.8191520442889924 0
    outer loop
      vertex 13.820907072649044 37.25466667660766 1.49
      vertex 12.75 36.50480947161671 49.99
      vertex 13.820907072649044 37.25466667660766 49.99
    endloop
  endfacet
  facet normal -0.7071067811865496 0.7071067811865455 0
    outer loop
      vertex 14.745333323392334 38.17909292735096 1.49
      vertex 13.820907072649044 37.25466667660766 49.99
      vertex 14.745333323392334 38.17909292735096 49.99
    endloop
  endfacet
  facet normal -0.8191520442889906 0.5735764363510478 0
    outer loop
      vertex 15.49519052838329 39.25 1.49
      vertex 14.745333323392334 38.17909292735096 49.99
      vertex 15.49519052838329 39.25 49.99
    endloop
  endfacet
  facet normal -0.9063077870366508 0.4226182617406975 0
    outer loop
      vertex 16.04769465589431 40.43484892505749 1.49
      vertex 15.49519052838329 39.25 49.99
      vertex 16.04769465589431 40.43484892505749 49.99
    endloop
  endfacet
  facet normal -0.9659258262890678 0.2588190451025231 0
    outer loop
      vertex 16.386058147591562 41.697638667498026 1.49
      vertex 16.04769465589431 40.43484892505749 49.99
      vertex 16.386058147591562 41.697638667498026 49.99
    endloop
  endfacet
  facet normal -0.9961946980917455 0.087155742747657 1.215555676047937e-20
    outer loop
      vertex 16.386058147591562 41.697638667498026 49.99
      vertex 16.5 43 49.99
      vertex 16.5 43 1.49
    endloop
  endfacet
  facet normal 0.9063077870366508 0.4226182617406975 0
    outer loop
      vertex 19.50480947161671 39.25 1.49
      vertex 18.95230534410569 40.43484892505749 49.99
      vertex 19.50480947161671 39.25 49.99
    endloop
  endfacet
  facet normal 0.9961946980917455 0.087155742747657 0
    outer loop
      vertex 18.613941852408438 41.697638667498026 1.49
      vertex 18.5 43 49.99
      vertex 18.613941852408438 41.697638667498026 49.99
    endloop
  endfacet
  facet normal 0.9659258262890678 0.2588190451025231 0
    outer loop
      vertex 18.95230534410569 40.43484892505749 1.49
      vertex 18.613941852408438 41.697638667498026 49.99
      vertex 18.95230534410569 40.43484892505749 49.99
    endloop
  endfacet
  facet normal 0.8191520442889906 0.5735764363510478 0
    outer loop
      vertex 20.254666676607666 21.179092927350958 1.49
      vertex 19.50480947161671 22.25 49.99
      vertex 20.254666676607666 21.179092927350958 49.99
    endloop
  endfacet
  facet normal 0.8191520442889906 -0.5735764363510478 0
    outer loop
      vertex 19.50480947161671 29.75 1.49
      vertex 20.254666676607666 30.820907072649042 49.99
      vertex 19.50480947161671 29.75 49.99
    endloop
  endfacet
  facet normal 0.7071067811865476 -0.7071067811865476 0
    outer loop
      vertex 20.254666676607666 30.820907072649042 1.49
      vertex 21.179092927350958 31.745333323392334 49.99
      vertex 20.254666676607666 30.820907072649042 49.99
    endloop
  endfacet
  facet normal 0.5735764363510478 -0.8191520442889906 0
    outer loop
      vertex 21.179092927350958 31.745333323392334 1.49
      vertex 22.25 32.49519052838329 49.99
      vertex 21.179092927350958 31.745333323392334 49.99
    endloop
  endfacet
  facet normal 0.7071067811865488 0.7071067811865461 0
    outer loop
      vertex 21.179092927350958 37.25466667660766 1.49
      vertex 20.254666676607666 38.17909292735096 49.99
      vertex 21.179092927350958 37.25466667660766 49.99
    endloop
  endfacet
  facet normal 0.42261826174069855 -0.9063077870366504 0
    outer loop
      vertex 22.25 32.49519052838329 1.49
      vertex 23.434848925057484 33.04769465589431 49.99
      vertex 22.25 32.49519052838329 49.99
    endloop
  endfacet
  facet normal 0.573576436351046 0.8191520442889919 0
    outer loop
      vertex 22.25 36.50480947161671 1.49
      vertex 21.179092927350958 37.25466667660766 49.99
      vertex 22.25 36.50480947161671 49.99
    endloop
  endfacet
  facet normal 0.8191520442889906 0.5735764363510478 0
    outer loop
      vertex 20.254666676607666 38.17909292735096 1.49
      vertex 19.50480947161671 39.25 49.99
      vertex 20.254666676607666 38.17909292735096 49.99
    endloop
  endfacet
  facet normal 0.2588190451025231 -0.9659258262890678 0
    outer loop
      vertex 23.434848925057484 33.04769465589431 1.49
      vertex 24.697638667498023 33.38605814759156 49.99
      vertex 23.434848925057484 33.04769465589431 49.99
    endloop
  endfacet
  facet normal 0.42261826174069855 0.9063077870366504 0
    outer loop
      vertex 23.434848925057484 35.95230534410569 1.49
      vertex 22.25 36.50480947161671 49.99
      vertex 23.434848925057484 35.95230534410569 49.99
    endloop
  endfacet
  facet normal 0.2588190451025231 0.9659258262890678 0
    outer loop
      vertex 24.697638667498023 35.61394185240844 1.49
      vertex 23.434848925057484 35.95230534410569 49.99
      vertex 24.697638667498023 35.61394185240844 49.99
    endloop
  endfacet
  facet normal 0.08715574274765678 -0.9961946980917457 0
    outer loop
      vertex 24.697638667498023 33.38605814759156 1.49
      vertex 26 33.5 49.99
      vertex 24.697638667498023 33.38605814759156 49.99
    endloop
  endfacet
  facet normal 0.08715574274765678 0.9961946980917457 1.6970250791199594e-19
    outer loop
      vertex 24.697638667498023 35.61394185240844 49.99
      vertex 26 35.5 49.99
      vertex 26 35.5 1.49
    endloop
  endfacet
  facet normal -0.5817709499070022 0.40736040463630824 0.7039886807178419
    outer loop
      vertex 14.745333323392334 21.179092927350958 49.99
      vertex 14.752955656159685 21.17269703073716 50
      vertex 15.49519052838329 22.25 49.99
    endloop
  endfacet
  facet normal -0.5817709499069891 0.40736040463629936 0.7039886807178579
    outer loop
      vertex 15.49519052838329 22.25 49.99
      vertex 14.752955656159685 21.17269703073716 50
      vertex 15.503807696580148 22.24502487562189 50
    endloop
  endfacet
  facet normal -0.6436699338644429 0.3001482194851104 0.7039886807178519
    outer loop
      vertex 15.49519052838329 22.25 49.99
      vertex 15.503807696580148 22.24502487562189 50
      vertex 16.04769465589431 23.434848925057484 49.99
    endloop
  endfacet
  facet normal -0.643669933864482 0.30014821948512793 0.703988680717809
    outer loop
      vertex 16.04769465589431 23.434848925057484 49.99
      vertex 15.503807696580148 22.24502487562189 50
      vertex 16.05704483122551 23.431445739551755 50
    endloop
  endfacet
  facet normal -0.6860113325941724 0.18381618256720855 0.7039886807177984
    outer loop
      vertex 16.04769465589431 23.434848925057484 49.99
      vertex 16.05704483122551 23.431445739551755 50
      vertex 16.386058147591562 24.697638667498023 49.99
    endloop
  endfacet
  facet normal -0.4073604046363078 -0.5817709499070025 0.7039886807178417
    outer loop
      vertex 13.820907072649044 31.745333323392334 49.99
      vertex 13.82730296926284 31.752955656159685 50
      vertex 12.75 32.49519052838329 49.99
    endloop
  endfacet
  facet normal -0.5021951500269317 -0.5021951500269308 0.7039886807178479
    outer loop
      vertex 13.820907072649044 31.745333323392334 49.99
      vertex 14.752955656159685 30.82730296926284 50
      vertex 13.82730296926284 31.752955656159685 50
    endloop
  endfacet
  facet normal -0.5021951500269325 -0.5021951500269315 0.7039886807178468
    outer loop
      vertex 13.820907072649044 31.745333323392334 49.99
      vertex 14.745333323392334 30.820907072649042 49.99
      vertex 14.752955656159685 30.82730296926284 50
    endloop
  endfacet
  facet normal -0.6860113325941725 -0.1838161825672083 0.7039886807177985
    outer loop
      vertex 16.04769465589431 28.565151074942516 49.99
      vertex 16.395857229711083 27.304089175065826 50
      vertex 16.05704483122551 28.568554260448245 50
    endloop
  endfacet
  facet normal -0.6436699338644433 -0.30014821948510984 0.703988680717852
    outer loop
      vertex 15.49519052838329 29.75 49.99
      vertex 16.05704483122551 28.568554260448245 50
      vertex 15.503807696580148 29.75497512437811 50
    endloop
  endfacet
  facet normal -0.6436699338644818 -0.3001482194851285 0.7039886807178088
    outer loop
      vertex 16.04769465589431 28.565151074942516 49.99
      vertex 16.05704483122551 28.568554260448245 50
      vertex 15.49519052838329 29.75 49.99
    endloop
  endfacet
  facet normal -0.5817709499070021 -0.4073604046363084 0.7039886807178418
    outer loop
      vertex 14.745333323392334 30.820907072649042 49.99
      vertex 15.503807696580148 29.75497512437811 50
      vertex 14.752955656159685 30.82730296926284 50
    endloop
  endfacet
  facet normal -0.5817709499069897 -0.4073604046362996 0.703988680717857
    outer loop
      vertex 14.745333323392334 30.820907072649042 49.99
      vertex 15.49519052838329 29.75 49.99
      vertex 15.503807696580148 29.75497512437811 50
    endloop
  endfacet
  facet normal 0 0 1
    outer loop
      vertex 16.05704483122551 23.431445739551755 50
      vertex 18.94295516877449 23.431445739551755 50
      vertex 18.604142770288917 24.695910824934174 50
    endloop
  endfacet
  facet normal -0.6860113325941914 0.18381618256721338 0.7039886807177785
    outer loop
      vertex 16.386058147591562 24.697638667498023 49.99
      vertex 16.05704483122551 23.431445739551755 50
      vertex 16.395857229711083 24.695910824934174 50
    endloop
  endfacet
  facet normal -0.7075086241214804 0.06189898395745263 0.7039886807177832
    outer loop
      vertex 16.386058147591562 24.697638667498023 49.99
      vertex 16.395857229711083 24.695910824934174 50
      vertex 16.5 26 49.99
    endloop
  endfacet
  facet normal 0 0 1
    outer loop
      vertex 16.395857229711083 24.695910824934174 50
      vertex 16.05704483122551 23.431445739551755 50
      vertex 18.604142770288917 24.695910824934174 50
    endloop
  endfacet
  facet normal -0.707508624121476 0.061898983957452317 0.7039886807177878
    outer loop
      vertex 16.5 26 49.99
      vertex 16.395857229711083 24.695910824934174 50
      vertex 16.509950248756216 26 50
    endloop
  endfacet
  facet normal -0.7075086241214804 -0.06189898395745269 0.7039886807177832
    outer loop
      vertex 16.386058147591562 27.302361332501977 49.99
      vertex 16.509950248756216 26 50
      vertex 16.395857229711083 27.304089175065826 50
    endloop
  endfacet
  facet normal -0.7075086241214759 -0.06189898395745223 0.7039886807177876
    outer loop
      vertex 16.5 26 49.99
      vertex 16.509950248756216 26 50
      vertex 16.386058147591562 27.302361332501977 49.99
    endloop
  endfacet
  facet normal 0 0 1
    outer loop
      vertex 16.395857229711083 24.695910824934174 50
      vertex 18.604142770288917 24.695910824934174 50
      vertex 18.490049751243784 26 50
    endloop
  endfacet
  facet normal 0 0 1
    outer loop
      vertex 16.395857229711083 24.695910824934174 50
      vertex 18.490049751243784 26 50
      vertex 16.509950248756216 26 50
    endloop
  endfacet
  facet normal 0 0 1
    outer loop
      vertex 18.604142770288917 27.304089175065826 50
      vertex 16.395857229711083 27.304089175065826 50
      vertex 16.509950248756216 26 50
    endloop
  endfacet
  facet normal 0 0 1
    outer loop
      vertex 18.604142770288917 27.304089175065826 50
      vertex 16.509950248756216 26 50
      vertex 18.490049751243784 26 50
    endloop
  endfacet
  facet normal 0.6436699338643919 0.3001482194850849 0.7039886807179095
    outer loop
      vertex 19.50480947161671 22.25 49.99
      vertex 18.94295516877449 23.431445739551755 50
      vertex 19.49619230341985 22.24502487562189 50
    endloop
  endfacet
  facet normal 0.6860113325941725 0.1838161825672083 0.7039886807177985
    outer loop
      vertex 18.95230534410569 23.434848925057484 49.99
      vertex 18.604142770288917 24.695910824934174 50
      vertex 18.94295516877449 23.431445739551755 50
    endloop
  endfacet
  facet normal 0.6436699338644818 0.3001482194851285 0.7039886807178088
    outer loop
      vertex 18.95230534410569 23.434848925057484 49.99
      vertex 18.94295516877449 23.431445739551755 50
      vertex 19.50480947161671 22.25 49.99
    endloop
  endfacet
  facet normal 0.7075086241214804 0.06189898395745269 0.7039886807177832
    outer loop
      vertex 18.613941852408438 24.697638667498023 49.99
      vertex 18.490049751243784 26 50
      vertex 18.604142770288917 24.695910824934174 50
    endloop
  endfacet
  facet normal 0.7075086241214759 0.06189898395745223 0.7039886807177876
    outer loop
      vertex 18.5 26 49.99
      vertex 18.490049751243784 26 50
      vertex 18.613941852408438 24.697638667498023 49.99
    endloop
  endfacet
  facet normal 0.707508624121476 -0.061898983957452317 0.7039886807177878
    outer loop
      vertex 18.5 26 49.99
      vertex 18.604142770288917 27.304089175065826 50
      vertex 18.490049751243784 26 50
    endloop
  endfacet
  facet normal 0.7075086241214802 -0.06189898395745261 0.7039886807177834
    outer loop
      vertex 18.5 26 49.99
      vertex 18.613941852408438 27.302361332501977 49.99
      vertex 18.604142770288917 27.304089175065826 50
    endloop
  endfacet
  facet normal 0.6860113325941917 0.18381618256721372 0.7039886807177783
    outer loop
      vertex 18.95230534410569 23.434848925057484 49.99
      vertex 18.613941852408438 24.697638667498023 49.99
      vertex 18.604142770288917 24.695910824934174 50
    endloop
  endfacet
  facet normal -0.6860113325941917 -0.18381618256721372 0.7039886807177783
    outer loop
      vertex 16.04769465589431 28.565151074942516 49.99
      vertex 16.386058147591562 27.302361332501977 49.99
      vertex 16.395857229711083 27.304089175065826 50
    endloop
  endfacet
  facet normal 0 0 1
    outer loop
      vertex 16.395857229711083 27.304089175065826 50
      vertex 18.604142770288917 27.304089175065826 50
      vertex 18.94295516877449 28.568554260448245 50
    endloop
  endfacet
  facet normal 0 0 1
    outer loop
      vertex 16.395857229711083 27.304089175065826 50
      vertex 18.94295516877449 28.568554260448245 50
      vertex 19.49619230341985 29.75497512437811 50
    endloop
  endfacet
  facet normal 0.6860113325941914 -0.18381618256721338 0.7039886807177785
    outer loop
      vertex 18.613941852408438 27.302361332501977 49.99
      vertex 18.94295516877449 28.568554260448245 50
      vertex 18.604142770288917 27.304089175065826 50
    endloop
  endfacet
  facet normal 0.6860113325941719 -0.1838161825672084 0.703988680717799
    outer loop
      vertex 18.613941852408438 27.302361332501977 49.99
      vertex 18.95230534410569 28.565151074942516 49.99
      vertex 18.94295516877449 28.568554260448245 50
    endloop
  endfacet
  facet normal 0 0 1
    outer loop
      vertex 16.395857229711083 27.304089175065826 50
      vertex 19.49619230341985 29.75497512437811 50
      vertex 20.247044343840315 30.82730296926284 50
    endloop
  endfacet
  facet normal 0.6436699338644822 -0.30014821948512704 0.7039886807178088
    outer loop
      vertex 18.95230534410569 28.565151074942516 49.99
      vertex 19.49619230341985 29.75497512437811 50
      vertex 18.94295516877449 28.568554260448245 50
    endloop
  endfacet
  facet normal 0.6436699338643899 -0.3001482194850857 0.7039886807179109
    outer loop
      vertex 18.95230534410569 28.565151074942516 49.99
      vertex 19.50480947161671 29.75 49.99
      vertex 19.49619230341985 29.75497512437811 50
    endloop
  endfacet
  facet normal 0 0 1
    outer loop
      vertex 16.395857229711083 27.304089175065826 50
      vertex 23.431445739551755 35.94295516877449 50
      vertex 16.05704483122551 28.568554260448245 50
    endloop
  endfacet
  facet normal 0 0 1
    outer loop
      vertex 15.503807696580148 29.75497512437811 50
      vertex 16.05704483122551 28.568554260448245 50
      vertex 23.431445739551755 35.94295516877449 50
    endloop
  endfacet
  facet normal 0 0 1
    outer loop
      vertex 16.395857229711083 27.304089175065826 50
      vertex 20.247044343840315 30.82730296926284 50
      vertex 21.17269703073716 31.752955656159685 50
    endloop
  endfacet
  facet normal -0.4073604046363481 -0.581770949907062 0.7039886807177693
    outer loop
      vertex 12.75 32.49519052838329 49.99
      vertex 13.82730296926284 31.752955656159685 50
      vertex 12.754975124378108 32.50380769658015 50
    endloop
  endfacet
  facet normal 0 0 1
    outer loop
      vertex 12.754975124378108 32.50380769658015 50
      vertex 13.82730296926284 31.752955656159685 50
      vertex 12.754975124378108 36.49619230341985 50
    endloop
  endfacet
  facet normal 0 0 1
    outer loop
      vertex 13.82730296926284 31.752955656159685 50
      vertex 14.752955656159685 30.82730296926284 50
      vertex 13.82730296926284 37.24704434384031 50
    endloop
  endfacet
  facet normal 0 0 1
    outer loop
      vertex 13.82730296926284 31.752955656159685 50
      vertex 13.82730296926284 37.24704434384031 50
      vertex 12.754975124378108 36.49619230341985 50
    endloop
  endfacet
  facet normal -0.4073604046363477 0.5817709499070624 0.7039886807177693
    outer loop
      vertex 12.75 36.50480947161671 49.99
      vertex 12.754975124378108 36.49619230341985 50
      vertex 13.820907072649044 37.25466667660766 49.99
    endloop
  endfacet
  facet normal -0.4073604046362452 0.5817709499069205 0.703988680717946
    outer loop
      vertex 13.820907072649044 37.25466667660766 49.99
      vertex 12.754975124378108 36.49619230341985 50
      vertex 13.82730296926284 37.24704434384031 50
    endloop
  endfacet
  facet normal 0 0 1
    outer loop
      vertex 14.752955656159685 30.82730296926284 50
      vertex 14.752955656159685 38.17269703073716 50
      vertex 13.82730296926284 37.24704434384031 50
    endloop
  endfacet
  facet normal -0.5021951500268697 0.5021951500268668 0.7039886807179379
    outer loop
      vertex 13.820907072649044 37.25466667660766 49.99
      vertex 13.82730296926284 37.24704434384031 50
      vertex 14.745333323392334 38.17909292735096 49.99
    endloop
  endfacet
  facet normal -0.5021951500269335 0.5021951500269287 0.7039886807178481
    outer loop
      vertex 14.745333323392334 38.17909292735096 49.99
      vertex 13.82730296926284 37.24704434384031 50
      vertex 14.752955656159685 38.17269703073716 50
    endloop
  endfacet
  facet normal -0.5817709499070022 0.40736040463630824 0.7039886807178419
    outer loop
      vertex 14.745333323392334 38.17909292735096 49.99
      vertex 14.752955656159685 38.17269703073716 50
      vertex 15.49519052838329 39.25 49.99
    endloop
  endfacet
  facet normal -0.581770949907049 0.40736040463633993 0.703988680717785
    outer loop
      vertex 15.49519052838329 39.25 49.99
      vertex 14.752955656159685 38.17269703073716 50
      vertex 15.503807696580148 39.245024875621894 50
    endloop
  endfacet
  facet normal -0.6436699338644917 0.3001482194851322 0.7039886807177982
    outer loop
      vertex 15.49519052838329 39.25 49.99
      vertex 15.503807696580148 39.245024875621894 50
      vertex 16.04769465589431 40.43484892505749 49.99
    endloop
  endfacet
  facet normal -0.6436699338645305 0.3001482194851497 0.7039886807177551
    outer loop
      vertex 16.04769465589431 40.43484892505749 49.99
      vertex 15.503807696580148 39.245024875621894 50
      vertex 16.05704483122551 40.43144573955176 50
    endloop
  endfacet
  facet normal -0.6860113325942039 0.18381618256721702 0.7039886807177654
    outer loop
      vertex 16.04769465589431 40.43484892505749 49.99
      vertex 16.05704483122551 40.43144573955176 50
      vertex 16.386058147591562 41.697638667498026 49.99
    endloop
  endfacet
  facet normal 0 0 1
    outer loop
      vertex 14.752955656159685 30.82730296926284 50
      vertex 15.503807696580148 29.75497512437811 50
      vertex 22.24502487562189 36.49619230341985 50
    endloop
  endfacet
  facet normal 0 0 1
    outer loop
      vertex 14.752955656159685 30.82730296926284 50
      vertex 20.247044343840315 38.17269703073716 50
      vertex 14.752955656159685 38.17269703073716 50
    endloop
  endfacet
  facet normal 0 0 1
    outer loop
      vertex 14.752955656159685 30.82730296926284 50
      vertex 22.24502487562189 36.49619230341985 50
      vertex 21.17269703073716 37.24704434384031 50
    endloop
  endfacet
  facet normal 0 0 1
    outer loop
      vertex 14.752955656159685 30.82730296926284 50
      vertex 21.17269703073716 37.24704434384031 50
      vertex 20.247044343840315 38.17269703073716 50
    endloop
  endfacet
  facet normal 0 0 1
    outer loop
      vertex 14.752955656159685 38.17269703073716 50
      vertex 19.49619230341985 39.245024875621894 50
      vertex 15.503807696580148 39.245024875621894 50
    endloop
  endfacet
  facet normal 0 0 1
    outer loop
      vertex 16.05704483122551 40.43144573955176 50
      vertex 15.503807696580148 39.245024875621894 50
      vertex 18.94295516877449 40.43144573955176 50
    endloop
  endfacet
  facet normal -0.6860113325941597 0.18381618256720592 0.7039886807178115
    outer loop
      vertex 16.386058147591562 41.697638667498026 49.99
      vertex 16.05704483122551 40.43144573955176 50
      vertex 16.395857229711083 41.695910824934174 50
    endloop
  endfacet
  facet normal 0 0 1
    outer loop
      vertex 16.05704483122551 40.43144573955176 50
      vertex 18.604142770288917 41.695910824934174 50
      vertex 16.395857229711083 41.695910824934174 50
    endloop
  endfacet
  facet normal -0.7075086241214694 0.06189898395745184 0.7039886807177943
    outer loop
      vertex 16.386058147591562 41.697638667498026 49.99
      vertex 16.395857229711083 41.695910824934174 50
      vertex 16.5 43 49.99
    endloop
  endfacet
  facet normal -0.707508624121476 0.061898983957452317 0.7039886807177878
    outer loop
      vertex 16.5 43 49.99
      vertex 16.395857229711083 41.695910824934174 50
      vertex 16.509950248756216 43 50
    endloop
  endfacet
  facet normal 0 0 1
    outer loop
      vertex 16.05704483122551 40.43144573955176 50
      vertex 18.94295516877449 40.43144573955176 50
      vertex 18.604142770288917 41.695910824934174 50
    endloop
  endfacet
  facet normal 0 0 1
    outer loop
      vertex 16.395857229711083 41.695910824934174 50
      vertex 18.490049751243784 43 50
      vertex 16.509950248756216 43 50
    endloop
  endfacet
  facet normal 0 0 1
    outer loop
      vertex 16.395857229711083 41.695910824934174 50
      vertex 18.604142770288917 41.695910824934174 50
      vertex 18.490049751243784 43 50
    endloop
  endfacet
  facet normal 0 0 1
    outer loop
      vertex 14.752955656159685 38.17269703073716 50
      vertex 20.247044343840315 38.17269703073716 50
      vertex 19.49619230341985 39.245024875621894 50
    endloop
  endfacet
  facet normal 0 0 1
    outer loop
      vertex 15.503807696580148 39.245024875621894 50
      vertex 19.49619230341985 39.245024875621894 50
      vertex 18.94295516877449 40.43144573955176 50
    endloop
  endfacet
  facet normal 0.6436699338645303 0.30014821948515025 0.7039886807177551
    outer loop
      vertex 18.95230534410569 40.43484892505749 49.99
      vertex 18.94295516877449 40.43144573955176 50
      vertex 19.50480947161671 39.25 49.99
    endloop
  endfacet
  facet normal 0.6436699338644405 0.3001482194851067 0.7039886807178558
    outer loop
      vertex 19.50480947161671 39.25 49.99
      vertex 18.94295516877449 40.43144573955176 50
      vertex 19.49619230341985 39.245024875621894 50
    endloop
  endfacet
  facet normal 0.7075086241214694 0.061898983957451734 0.7039886807177943
    outer loop
      vertex 18.613941852408438 41.697638667498026 49.99
      vertex 18.490049751243784 43 50
      vertex 18.604142770288917 41.695910824934174 50
    endloop
  endfacet
  facet normal 0.7075086241214761 0.06189898395745242 0.7039886807177876
    outer loop
      vertex 18.613941852408438 41.697638667498026 49.99
      vertex 18.5 43 49.99
      vertex 18.490049751243784 43 50
    endloop
  endfacet
  facet normal 0.6860113325942038 0.1838161825672177 0.7039886807177657
    outer loop
      vertex 18.95230534410569 40.43484892505749 49.99
      vertex 18.604142770288917 41.695910824934174 50
      vertex 18.94295516877449 40.43144573955176 50
    endloop
  endfacet
  facet normal 0.6860113325941601 0.18381618256720528 0.7039886807178113
    outer loop
      vertex 18.95230534410569 40.43484892505749 49.99
      vertex 18.613941852408438 41.697638667498026 49.99
      vertex 18.604142770288917 41.695910824934174 50
    endloop
  endfacet
  facet normal 0.5817709499069479 0.40736040463627027 0.7039886807179089
    outer loop
      vertex 20.254666676607666 21.179092927350958 49.99
      vertex 19.50480947161671 22.25 49.99
      vertex 19.49619230341985 22.24502487562189 50
    endloop
  endfacet
  facet normal 0.5817709499070016 0.40736040463630907 0.7039886807178419
    outer loop
      vertex 20.254666676607666 21.179092927350958 49.99
      vertex 19.49619230341985 22.24502487562189 50
      vertex 20.247044343840315 21.17269703073716 50
    endloop
  endfacet
  facet normal 0.5817709499069462 -0.4073604046362703 0.70398868071791
    outer loop
      vertex 19.50480947161671 29.75 49.99
      vertex 20.247044343840315 30.82730296926284 50
      vertex 19.49619230341985 29.75497512437811 50
    endloop
  endfacet
  facet normal 0.5817709499070031 -0.40736040463630885 0.7039886807178409
    outer loop
      vertex 19.50480947161671 29.75 49.99
      vertex 20.254666676607666 30.820907072649042 49.99
      vertex 20.247044343840315 30.82730296926284 50
    endloop
  endfacet
  facet normal 0.5021951500269313 -0.5021951500269313 0.703988680717848
    outer loop
      vertex 20.254666676607666 30.820907072649042 49.99
      vertex 21.17269703073716 31.752955656159685 50
      vertex 20.247044343840315 30.82730296926284 50
    endloop
  endfacet
  facet normal 0 0 1
    outer loop
      vertex 16.395857229711083 27.304089175065826 50
      vertex 21.17269703073716 31.752955656159685 50
      vertex 23.431445739551755 35.94295516877449 50
    endloop
  endfacet
  facet normal 0.502195150026931 -0.502195150026931 0.703988680717848
    outer loop
      vertex 20.254666676607666 30.820907072649042 49.99
      vertex 21.179092927350958 31.745333323392334 49.99
      vertex 21.17269703073716 31.752955656159685 50
    endloop
  endfacet
  facet normal 0.40736040463630785 -0.5817709499070025 0.7039886807178418
    outer loop
      vertex 21.179092927350958 31.745333323392334 49.99
      vertex 22.24502487562189 32.50380769658015 50
      vertex 21.17269703073716 31.752955656159685 50
    endloop
  endfacet
  facet normal 0.40736040463632855 -0.5817709499070312 0.7039886807178063
    outer loop
      vertex 21.179092927350958 31.745333323392334 49.99
      vertex 22.25 32.49519052838329 49.99
      vertex 22.24502487562189 32.50380769658015 50
    endloop
  endfacet
  facet normal 0 0 1
    outer loop
      vertex 15.503807696580148 29.75497512437811 50
      vertex 23.431445739551755 35.94295516877449 50
      vertex 22.24502487562189 36.49619230341985 50
    endloop
  endfacet
  facet normal 0.5021951500268701 0.5021951500268663 0.7039886807179377
    outer loop
      vertex 21.179092927350958 37.25466667660766 49.99
      vertex 20.247044343840315 38.17269703073716 50
      vertex 21.17269703073716 37.24704434384031 50
    endloop
  endfacet
  facet normal 0 0 1
    outer loop
      vertex 21.17269703073716 31.752955656159685 50
      vertex 22.24502487562189 32.50380769658015 50
      vertex 23.431445739551755 35.94295516877449 50
    endloop
  endfacet
  facet normal 0.30014821948513476 -0.6436699338644946 0.7039886807177943
    outer loop
      vertex 22.25 32.49519052838329 49.99
      vertex 23.431445739551755 33.05704483122551 50
      vertex 22.24502487562189 32.50380769658015 50
    endloop
  endfacet
  facet normal 0.4073604046363256 0.5817709499070335 0.703988680717806
    outer loop
      vertex 22.25 36.50480947161671 49.99
      vertex 21.17269703073716 37.24704434384031 50
      vertex 22.24502487562189 36.49619230341985 50
    endloop
  endfacet
  facet normal 0.40736040463624773 0.5817709499069185 0.7039886807179461
    outer loop
      vertex 21.179092927350958 37.25466667660766 49.99
      vertex 21.17269703073716 37.24704434384031 50
      vertex 22.25 36.50480947161671 49.99
    endloop
  endfacet
  facet normal 0.30014821948513454 0.6436699338644948 0.7039886807177943
    outer loop
      vertex 22.25 36.50480947161671 49.99
      vertex 22.24502487562189 36.49619230341985 50
      vertex 23.434848925057484 35.95230534410569 49.99
    endloop
  endfacet
  facet normal 0.5817709499070062 0.407360404636311 0.703988680717837
    outer loop
      vertex 19.50480947161671 39.25 49.99
      vertex 19.49619230341985 39.245024875621894 50
      vertex 20.254666676607666 38.17909292735096 49.99
    endloop
  endfacet
  facet normal 0.5817709499070023 0.4073604046363081 0.7039886807178418
    outer loop
      vertex 20.254666676607666 38.17909292735096 49.99
      vertex 19.49619230341985 39.245024875621894 50
      vertex 20.247044343840315 38.17269703073716 50
    endloop
  endfacet
  facet normal 0.502195150026932 0.5021951500269302 0.7039886807178479
    outer loop
      vertex 21.179092927350958 37.25466667660766 49.99
      vertex 20.254666676607666 38.17909292735096 49.99
      vertex 20.247044343840315 38.17269703073716 50
    endloop
  endfacet
  facet normal 0.3001482194851291 -0.6436699338644831 0.7039886807178073
    outer loop
      vertex 22.25 32.49519052838329 49.99
      vertex 23.434848925057484 33.04769465589431 49.99
      vertex 23.431445739551755 33.05704483122551 50
    endloop
  endfacet
  facet normal 0 0 1
    outer loop
      vertex 22.24502487562189 32.50380769658015 50
      vertex 23.431445739551755 33.05704483122551 50
      vertex 23.431445739551755 35.94295516877449 50
    endloop
  endfacet
  facet normal 0.1838161825672083 -0.6860113325941725 0.7039886807177985
    outer loop
      vertex 23.434848925057484 33.04769465589431 49.99
      vertex 24.695910824934174 33.39585722971108 50
      vertex 23.431445739551755 33.05704483122551 50
    endloop
  endfacet
  facet normal 0.1838161825672135 -0.6860113325941908 0.7039886807177793
    outer loop
      vertex 23.434848925057484 33.04769465589431 49.99
      vertex 24.697638667498023 33.38605814759156 49.99
      vertex 24.695910824934174 33.39585722971108 50
    endloop
  endfacet
  facet normal 0 0 1
    outer loop
      vertex 23.431445739551755 33.05704483122551 50
      vertex 24.695910824934174 33.39585722971108 50
      vertex 23.431445739551755 35.94295516877449 50
    endloop
  endfacet
  facet normal 0.3001482194851287 0.6436699338644817 0.7039886807178088
    outer loop
      vertex 23.434848925057484 35.95230534410569 49.99
      vertex 22.24502487562189 36.49619230341985 50
      vertex 23.431445739551755 35.94295516877449 50
    endloop
  endfacet
  facet normal 0.18381618256720855 0.6860113325941724 0.7039886807177985
    outer loop
      vertex 23.434848925057484 35.95230534410569 49.99
      vertex 23.431445739551755 35.94295516877449 50
      vertex 24.697638667498023 35.61394185240844 49.99
    endloop
  endfacet
  facet normal 0 0 1
    outer loop
      vertex 24.695910824934174 33.39585722971108 50
      vertex 24.695910824934174 35.60414277028892 50
      vertex 23.431445739551755 35.94295516877449 50
    endloop
  endfacet
  facet normal 0.18381618256721338 0.6860113325941914 0.7039886807177785
    outer loop
      vertex 24.697638667498023 35.61394185240844 49.99
      vertex 23.431445739551755 35.94295516877449 50
      vertex 24.695910824934174 35.60414277028892 50
    endloop
  endfacet
  facet normal 0.061898983957454606 -0.7075086241214801 0.7039886807177833
    outer loop
      vertex 24.697638667498023 33.38605814759156 49.99
      vertex 26 33.50995024875622 50
      vertex 24.695910824934174 33.39585722971108 50
    endloop
  endfacet
  facet normal 0 0 1
    outer loop
      vertex 24.695910824934174 33.39585722971108 50
      vertex 26 33.50995024875622 50
      vertex 24.695910824934174 35.60414277028892 50
    endloop
  endfacet
  facet normal 0.061898983957441304 -0.707508624121351 0.7039886807179141
    outer loop
      vertex 24.697638667498023 33.38605814759156 49.99
      vertex 26 33.5 49.99
      vertex 26 33.50995024875622 50
    endloop
  endfacet
  facet normal 0 0 1
    outer loop
      vertex 26 33.50995024875622 50
      vertex 26 35.49004975124378 50
      vertex 24.695910824934174 35.60414277028892 50
    endloop
  endfacet
  facet normal 0.06189898395745263 0.7075086241214804 0.7039886807177832
    outer loop
      vertex 24.697638667498023 35.61394185240844 49.99
      vertex 24.695910824934174 35.60414277028892 50
      vertex 26 35.5 49.99
    endloop
  endfacet
  facet normal 0.06189898395744328 0.7075086241213506 0.7039886807179144
    outer loop
      vertex 26 35.5 49.99
      vertex 24.695910824934174 35.60414277028892 50
      vertex 26 35.49004975124378 50
    endloop
  endfacet
  facet normal 0 0 1
    outer loop
      vertex 1.6139418524084395 41.697638667498026 1.49
      vertex 1.6139418524084395 44.302361332501974 1.49
      vertex 1.5 43 1.49
    endloop
  endfacet
  facet normal 0 0 1
    outer loop
      vertex 1.6139418524084395 41.697638667498026 1.49
      vertex 1.952305344105687 45.56515107494251 1.49
      vertex 1.6139418524084395 44.302361332501974 1.49
    endloop
  endfacet
  facet normal 0 0 1
    outer loop
      vertex 1.952305344105687 40.43484892505749 1.49
      vertex 2.504809471616711 46.75 1.49
      vertex 1.952305344105687 45.56515107494251 1.49
    endloop
  endfacet
  facet normal 0 0 1
    outer loop
      vertex 2.504809471616711 39.25 1.49
      vertex 3.2546666766076653 47.82090707264904 1.49
      vertex 2.504809471616711 46.75 1.49
    endloop
  endfacet
  facet normal 0 0 1
    outer loop
      vertex 3.2546666766076653 38.17909292735096 1.49
      vertex 4.179092927350956 48.74533332339234 1.49
      vertex 3.2546666766076653 47.82090707264904 1.49
    endloop
  endfacet
  facet normal 0 0 1
    outer loop
      vertex 4.179092927350956 37.25466667660766 1.49
      vertex 5.25 49.49519052838329 1.49
      vertex 4.179092927350956 48.74533332339234 1.49
    endloop
  endfacet
  facet normal 0 0 1
    outer loop
      vertex 5.25 36.50480947161671 1.49
      vertex 6.4348489250574845 50.04769465589431 1.49
      vertex 5.25 49.49519052838329 1.49
    endloop
  endfacet
  facet normal 0 0 -1
    outer loop
      vertex 0.05764415879030871 2.414729033951615 0
      vertex 0 83 0
      vertex 0.05764415879030871 83.58527096604838 0
    endloop
  endfacet
  facet normal 0 0 -1
    outer loop
      vertex 0.22836140246614 1.8519497029047307 0
      vertex 0.05764415879030871 83.58527096604838 0
      vertex 0.22836140246614 84.14805029709527 0
    endloop
  endfacet
  facet normal 0 0 -1
    outer loop
      vertex 0.5055911630923644 1.3332893009411935 0
      vertex 0.22836140246614 84.14805029709527 0
      vertex 0.5055911630923644 84.66671069905881 0
    endloop
  endfacet
  facet normal 0 0 -1
    outer loop
      vertex 0.8786796564403572 0.8786796564403572 0
      vertex 0.5055911630923644 84.66671069905881 0
      vertex 0.8786796564403572 85.12132034355965 0
    endloop
  endfacet
  facet normal 0 0 -1
    outer loop
      vertex 1.3332893009411935 0.5055911630923644 0
      vertex 0.8786796564403572 85.12132034355965 0
      vertex 1.3332893009411935 85.49440883690764 0
    endloop
  endfacet
  facet normal 0 0 -1
    outer loop
      vertex 1.8519497029047307 0.22836140246614 0
      vertex 1.3332893009411935 85.49440883690764 0
      vertex 1.8519497029047307 85.77163859753387 0
    endloop
  endfacet
  facet normal 0 0 -1
    outer loop
      vertex 2.414729033951615 0.05764415879030871 0
      vertex 1.8519497029047307 85.77163859753387 0
      vertex 2.414729033951615 85.94235584120969 0
    endloop
  endfacet
  facet normal 0 0 -1
    outer loop
      vertex 3 0 0
      vertex 2.414729033951615 85.94235584120969 0
      vertex 3 86 0
    endloop
  endfacet
  facet normal 0 0 1
    outer loop
      vertex 2.504809471616711 56.25 1.49
      vertex 3.2546666766076653 55.17909292735096 1.49
      vertex 3.2546666766076653 64.82090707264905 1.49
    endloop
  endfacet
  facet normal 0 0 1
    outer loop
      vertex 1.6139418524084395 58.697638667498026 1.49
      vertex 1.6139418524084395 61.302361332501974 1.49
      vertex 1.5 60 1.49
    endloop
  endfacet
  facet normal 0 0 1
    outer loop
      vertex 1.952305344105687 57.43484892505749 1.49
      vertex 1.952305344105687 62.56515107494251 1.49
      vertex 1.6139418524084395 58.697638667498026 1.49
    endloop
  endfacet
  facet normal 0 0 1
    outer loop
      vertex 2.504809471616711 56.25 1.49
      vertex 2.504809471616711 63.75 1.49
      vertex 1.952305344105687 57.43484892505749 1.49
    endloop
  endfacet
  facet normal 0 0 1
    outer loop
      vertex 1.6139418524084395 58.697638667498026 1.49
      vertex 1.952305344105687 62.56515107494251 1.49
      vertex 1.6139418524084395 61.302361332501974 1.49
    endloop
  endfacet
  facet normal 0 0 1
    outer loop
      vertex 1.952305344105687 57.43484892505749 1.49
      vertex 2.504809471616711 63.75 1.49
      vertex 1.952305344105687 62.56515107494251 1.49
    endloop
  endfacet
  facet normal 0 0 1
    outer loop
      vertex 2.504809471616711 56.25 1.49
      vertex 3.2546666766076653 64.82090707264905 1.49
      vertex 2.504809471616711 63.75 1.49
    endloop
  endfacet
  facet normal 0 0 1
    outer loop
      vertex 3.2546666766076653 55.17909292735096 1.49
      vertex 4.179092927350956 54.25466667660766 1.49
      vertex 4.179092927350956 65.74533332339233 1.49
    endloop
  endfacet
  facet normal 0 0 1
    outer loop
      vertex 5.25 53.50480947161671 1.49
      vertex 5.25 66.49519052838329 1.49
      vertex 4.179092927350956 54.25466667660766 1.49
    endloop
  endfacet
  facet normal 0 0 1
    outer loop
      vertex 5.25 53.50480947161671 1.49
      vertex 6.4348489250574845 52.95230534410569 1.49
      vertex 6.4348489250574845 67.04769465589432 1.49
    endloop
  endfacet
  facet normal 0 0 1
    outer loop
      vertex 3.2546666766076653 55.17909292735096 1.49
      vertex 4.179092927350956 65.74533332339233 1.49
      vertex 3.2546666766076653 64.82090707264905 1.49
    endloop
  endfacet
  facet normal 0 0 1
    outer loop
      vertex 4.179092927350956 54.25466667660766 1.49
      vertex 5.25 66.49519052838329 1.49
      vertex 4.179092927350956 65.74533332339233 1.49
    endloop
  endfacet
  facet normal 0 0 1
    outer loop
      vertex 5.25 53.50480947161671 1.49
      vertex 6.4348489250574845 67.04769465589432 1.49
      vertex 5.25 66.49519052838329 1.49
    endloop
  endfacet
  facet normal 0 0 1
    outer loop
      vertex 6.4348489250574845 35.95230534410569 1.49
      vertex 7.697638667498023 50.38605814759156 1.49
      vertex 6.4348489250574845 50.04769465589431 1.49
    endloop
  endfacet
  facet normal 0 0 1
    outer loop
      vertex 7.697638667498023 35.61394185240844 1.49
      vertex 9 50.5 1.49
      vertex 7.697638667498023 50.38605814759156 1.49
    endloop
  endfacet
  facet normal 0 0 1
    outer loop
      vertex 9 35.5 1.49
      vertex 10.302361332501977 50.38605814759156 1.49
      vertex 9 50.5 1.49
    endloop
  endfacet
  facet normal 0 0 1
    outer loop
      vertex 10.302361332501977 35.61394185240844 1.49
      vertex 11.565151074942516 50.04769465589431 1.49
      vertex 10.302361332501977 50.38605814759156 1.49
    endloop
  endfacet
  facet normal 0 0 1
    outer loop
      vertex 11.565151074942516 35.95230534410569 1.49
      vertex 12.75 49.49519052838329 1.49
      vertex 11.565151074942516 50.04769465589431 1.49
    endloop
  endfacet
  facet normal 0 0 1
    outer loop
      vertex 6.4348489250574845 52.95230534410569 1.49
      vertex 7.697638667498023 52.61394185240844 1.49
      vertex 7.697638667498023 67.38605814759156 1.49
    endloop
  endfacet
  facet normal 0 0 1
    outer loop
      vertex 7.697638667498023 52.61394185240844 1.49
      vertex 9 52.5 1.49
      vertex 9 67.5 1.49
    endloop
  endfacet
  facet normal 0 0 1
    outer loop
      vertex 6.4348489250574845 52.95230534410569 1.49
      vertex 7.697638667498023 67.38605814759156 1.49
      vertex 6.4348489250574845 67.04769465589432 1.49
    endloop
  endfacet
  facet normal 0 0 1
    outer loop
      vertex 7.697638667498023 52.61394185240844 1.49
      vertex 9 67.5 1.49
      vertex 7.697638667498023 67.38605814759156 1.49
    endloop
  endfacet
  facet normal 0 0 1
    outer loop
      vertex 9 52.5 1.49
      vertex 10.302361332501977 67.38605814759156 1.49
      vertex 9 67.5 1.49
    endloop
  endfacet
  facet normal 0 0 1
    outer loop
      vertex 9 52.5 1.49
      vertex 10.302361332501977 52.61394185240844 1.49
      vertex 10.302361332501977 67.38605814759156 1.49
    endloop
  endfacet
  facet normal 0 0 1
    outer loop
      vertex 10.302361332501977 52.61394185240844 1.49
      vertex 11.565151074942516 52.95230534410569 1.49
      vertex 11.565151074942516 67.04769465589432 1.49
    endloop
  endfacet
  facet normal 0 0 1
    outer loop
      vertex 11.565151074942516 52.95230534410569 1.49
      vertex 12.75 53.50480947161671 1.49
      vertex 12.75 66.49519052838329 1.49
    endloop
  endfacet
  facet normal 0 0 1
    outer loop
      vertex 10.302361332501977 52.61394185240844 1.49
      vertex 11.565151074942516 67.04769465589432 1.49
      vertex 10.302361332501977 67.38605814759156 1.49
    endloop
  endfacet
  facet normal 0 0 1
    outer loop
      vertex 11.565151074942516 52.95230534410569 1.49
      vertex 12.75 66.49519052838329 1.49
      vertex 11.565151074942516 67.04769465589432 1.49
    endloop
  endfacet
  facet normal 0.9961946980917454 -0.08715574274765835 1.6585890606316756e-19
    outer loop
      vertex 1.5 43 1.49
      vertex 1.6139418524084395 44.302361332501974 1.49
      vertex 1.6139418524084395 44.302361332501974 49.99
    endloop
  endfacet
  facet normal 0.9659258262890683 -0.2588190451025206 -4.3775629464634516e-20
    outer loop
      vertex 1.6139418524084395 44.302361332501974 1.49
      vertex 1.952305344105687 45.56515107494251 1.49
      vertex 1.952305344105687 45.56515107494251 49.99
    endloop
  endfacet
  facet normal 0.9063077870366502 -0.4226182617406992 -2.285615468783277e-20
    outer loop
      vertex 1.952305344105687 45.56515107494251 1.49
      vertex 2.504809471616711 46.75 1.49
      vertex 2.504809471616711 46.75 49.99
    endloop
  endfacet
  facet normal 0.8191520442889912 -0.5735764363510469 4.652745127954951e-19
    outer loop
      vertex 2.504809471616711 46.75 1.49
      vertex 3.2546666766076653 47.82090707264904 1.49
      vertex 3.2546666766076653 47.82090707264904 49.99
    endloop
  endfacet
  facet normal 0.7071067811865492 -0.7071067811865459 4.3315133847524444e-19
    outer loop
      vertex 3.2546666766076653 47.82090707264904 1.49
      vertex 4.179092927350956 48.74533332339234 1.49
      vertex 4.179092927350956 48.74533332339234 49.99
    endloop
  endfacet
  facet normal 0.5735764363510454 -0.8191520442889924 2.257441353219589e-19
    outer loop
      vertex 4.179092927350956 48.74533332339234 1.49
      vertex 5.25 49.49519052838329 1.49
      vertex 5.25 49.49519052838329 49.99
    endloop
  endfacet
  facet normal 0.4226182617406983 -0.9063077870366505 5.086131405041563e-19
    outer loop
      vertex 5.25 49.49519052838329 1.49
      vertex 6.4348489250574845 50.04769465589431 1.49
      vertex 6.4348489250574845 50.04769465589431 49.99
    endloop
  endfacet
  facet normal 0.4226182617406983 0.9063077870366505 0
    outer loop
      vertex 5.25 53.50480947161671 1.49
      vertex 5.25 53.50480947161671 49.99
      vertex 6.4348489250574845 52.95230534410569 1.49
    endloop
  endfacet
  facet normal -1 0 0
    outer loop
      vertex 0 3 0
      vertex 0 83 50
      vertex 0 83 0
    endloop
  endfacet
  facet normal 0.8191520442889912 0.5735764363510469 0
    outer loop
      vertex 2.504809471616711 56.25 1.49
      vertex 2.504809471616711 56.25 49.99
      vertex 3.2546666766076653 55.17909292735096 1.49
    endloop
  endfacet
  facet normal 0.9063077870366502 0.4226182617406992 2.285615468783277e-20
    outer loop
      vertex 2.504809471616711 56.25 1.49
      vertex 1.952305344105687 57.43484892505749 1.49
      vertex 1.952305344105687 57.43484892505749 49.99
    endloop
  endfacet
  facet normal 0.9659258262890683 0.2588190451025206 4.3775629464634516e-20
    outer loop
      vertex 1.952305344105687 57.43484892505749 1.49
      vertex 1.6139418524084395 58.697638667498026 1.49
      vertex 1.6139418524084395 58.697638667498026 49.99
    endloop
  endfacet
  facet normal 0.9961946980917454 0.08715574274765835 -1.6585890606316756e-19
    outer loop
      vertex 1.6139418524084395 58.697638667498026 1.49
      vertex 1.5 60 1.49
      vertex 1.5 60 49.99
    endloop
  endfacet
  facet normal 0.9961946980917454 -0.08715574274765835 1.6585890606316756e-19
    outer loop
      vertex 1.5 60 1.49
      vertex 1.6139418524084395 61.302361332501974 1.49
      vertex 1.6139418524084395 61.302361332501974 49.99
    endloop
  endfacet
  facet normal 0.9659258262890683 -0.2588190451025206 -4.3775629464634516e-20
    outer loop
      vertex 1.6139418524084395 61.302361332501974 1.49
      vertex 1.952305344105687 62.56515107494251 1.49
      vertex 1.952305344105687 62.56515107494251 49.99
    endloop
  endfacet
  facet normal 0.9063077870366502 -0.4226182617406992 -2.285615468783277e-20
    outer loop
      vertex 1.952305344105687 62.56515107494251 1.49
      vertex 2.504809471616711 63.75 1.49
      vertex 2.504809471616711 63.75 49.99
    endloop
  endfacet
  facet normal 0.8191520442889929 -0.5735764363510444 4.492725142683418e-19
    outer loop
      vertex 2.504809471616711 63.75 1.49
      vertex 3.2546666766076653 64.82090707264905 1.49
      vertex 3.2546666766076653 64.82090707264905 49.99
    endloop
  endfacet
  facet normal 0.7071067811865492 0.7071067811865459 0
    outer loop
      vertex 3.2546666766076653 55.17909292735096 1.49
      vertex 3.2546666766076653 55.17909292735096 49.99
      vertex 4.179092927350956 54.25466667660766 1.49
    endloop
  endfacet
  facet normal 0.5735764363510454 0.8191520442889924 -2.257441353219589e-19
    outer loop
      vertex 5.25 53.50480947161671 1.49
      vertex 4.179092927350956 54.25466667660766 1.49
      vertex 4.179092927350956 54.25466667660766 49.99
    endloop
  endfacet
  facet normal 0.2588190451025233 -0.9659258262890676 3.105594112378516e-19
    outer loop
      vertex 6.4348489250574845 50.04769465589431 1.49
      vertex 7.697638667498023 50.38605814759156 1.49
      vertex 7.697638667498023 50.38605814759156 49.99
    endloop
  endfacet
  facet normal 0.2588190451025233 0.9659258262890676 0
    outer loop
      vertex 6.4348489250574845 52.95230534410569 1.49
      vertex 6.4348489250574845 52.95230534410569 49.99
      vertex 7.697638667498023 52.61394185240844 1.49
    endloop
  endfacet
  facet normal 0.08715574274765678 -0.9961946980917457 -1.6970250791199594e-19
    outer loop
      vertex 7.697638667498023 50.38605814759156 1.49
      vertex 9 50.5 1.49
      vertex 9 50.5 49.99
    endloop
  endfacet
  facet normal 0.08715574274765678 0.9961946980917457 0
    outer loop
      vertex 7.697638667498023 52.61394185240844 1.49
      vertex 7.697638667498023 52.61394185240844 49.99
      vertex 9 52.5 1.49
    endloop
  endfacet
  facet normal -0.08715574274765678 0.9961946980917457 0
    outer loop
      vertex 9 52.5 1.49
      vertex 9 52.5 49.99
      vertex 10.302361332501977 52.61394185240844 1.49
    endloop
  endfacet
  facet normal -0.08715574274765678 -0.9961946980917457 1.6970250791199594e-19
    outer loop
      vertex 9 50.5 1.49
      vertex 10.302361332501977 50.38605814759156 1.49
      vertex 10.302361332501977 50.38605814759156 49.99
    endloop
  endfacet
  facet normal -0.2588190451025231 -0.9659258262890678 2.0263898048032175e-19
    outer loop
      vertex 10.302361332501977 50.38605814759156 1.49
      vertex 11.565151074942516 50.04769465589431 1.49
      vertex 11.565151074942516 50.04769465589431 49.99
    endloop
  endfacet
  facet normal -0.2588190451025231 0.9659258262890678 0
    outer loop
      vertex 10.302361332501977 52.61394185240844 1.49
      vertex 10.302361332501977 52.61394185240844 49.99
      vertex 11.565151074942516 52.95230534410569 1.49
    endloop
  endfacet
  facet normal -0.42261826174069855 -0.9063077870366504 2.2685634186461777e-19
    outer loop
      vertex 11.565151074942516 50.04769465589431 1.49
      vertex 12.75 49.49519052838329 1.49
      vertex 12.75 49.49519052838329 49.99
    endloop
  endfacet
  facet normal -0.42261826174069855 0.9063077870366504 0
    outer loop
      vertex 11.565151074942516 52.95230534410569 1.49
      vertex 11.565151074942516 52.95230534410569 49.99
      vertex 12.75 53.50480947161671 1.49
    endloop
  endfacet
  facet normal 0 0 1
    outer loop
      vertex 4.179092927350956 71.25466667660767 1.49
      vertex 5.25 70.50480947161671 1.49
      vertex 5.25 83.49519052838329 1.49
    endloop
  endfacet
  facet normal 0 0 1
    outer loop
      vertex 5.25 70.50480947161671 1.49
      vertex 6.4348489250574845 69.95230534410568 1.49
      vertex 6.4348489250574845 84.04769465589432 1.49
    endloop
  endfacet
  facet normal 0 0 1
    outer loop
      vertex 1.6139418524084395 75.69763866749803 1.49
      vertex 1.6139418524084395 78.30236133250197 1.49
      vertex 1.5 77 1.49
    endloop
  endfacet
  facet normal 0 0 1
    outer loop
      vertex 1.952305344105687 74.43484892505748 1.49
      vertex 1.952305344105687 79.56515107494252 1.49
      vertex 1.6139418524084395 75.69763866749803 1.49
    endloop
  endfacet
  facet normal 0 0 1
    outer loop
      vertex 1.952305344105687 74.43484892505748 1.49
      vertex 2.504809471616711 73.25 1.49
      vertex 2.504809471616711 80.75 1.49
    endloop
  endfacet
  facet normal 0 0 1
    outer loop
      vertex 1.6139418524084395 75.69763866749803 1.49
      vertex 1.952305344105687 79.56515107494252 1.49
      vertex 1.6139418524084395 78.30236133250197 1.49
    endloop
  endfacet
  facet normal 0 0 1
    outer loop
      vertex 2.504809471616711 73.25 1.49
      vertex 3.2546666766076653 72.17909292735095 1.49
      vertex 3.2546666766076653 81.82090707264905 1.49
    endloop
  endfacet
  facet normal 0 0 1
    outer loop
      vertex 1.952305344105687 74.43484892505748 1.49
      vertex 2.504809471616711 80.75 1.49
      vertex 1.952305344105687 79.56515107494252 1.49
    endloop
  endfacet
  facet normal 0 0 1
    outer loop
      vertex 2.504809471616711 73.25 1.49
      vertex 3.2546666766076653 81.82090707264905 1.49
      vertex 2.504809471616711 80.75 1.49
    endloop
  endfacet
  facet normal 0 0 1
    outer loop
      vertex 3.2546666766076653 72.17909292735095 1.49
      vertex 4.179092927350956 71.25466667660767 1.49
      vertex 4.179092927350956 82.74533332339233 1.49
    endloop
  endfacet
  facet normal 0 0 1
    outer loop
      vertex 3.2546666766076653 72.17909292735095 1.49
      vertex 4.179092927350956 82.74533332339233 1.49
      vertex 3.2546666766076653 81.82090707264905 1.49
    endloop
  endfacet
  facet normal 0 0 1
    outer loop
      vertex 4.179092927350956 71.25466667660767 1.49
      vertex 5.25 83.49519052838329 1.49
      vertex 4.179092927350956 82.74533332339233 1.49
    endloop
  endfacet
  facet normal 0 0 1
    outer loop
      vertex 5.25 70.50480947161671 1.49
      vertex 6.4348489250574845 84.04769465589432 1.49
      vertex 5.25 83.49519052838329 1.49
    endloop
  endfacet
  facet normal 0 0 1
    outer loop
      vertex 6.4348489250574845 69.95230534410568 1.49
      vertex 7.697638667498023 69.61394185240844 1.49
      vertex 7.697638667498023 84.38605814759156 1.49
    endloop
  endfacet
  facet normal 0 0 1
    outer loop
      vertex 7.697638667498023 69.61394185240844 1.49
      vertex 9 69.5 1.49
      vertex 9 84.5 1.49
    endloop
  endfacet
  facet normal 0 0 1
    outer loop
      vertex 9 69.5 1.49
      vertex 10.302361332501977 69.61394185240844 1.49
      vertex 10.302361332501977 84.38605814759156 1.49
    endloop
  endfacet
  facet normal 0 0 1
    outer loop
      vertex 10.302361332501977 69.61394185240844 1.49
      vertex 11.565151074942516 69.95230534410568 1.49
      vertex 11.565151074942516 84.04769465589432 1.49
    endloop
  endfacet
  facet normal 0 0 1
    outer loop
      vertex 11.565151074942516 69.95230534410568 1.49
      vertex 12.75 70.50480947161671 1.49
      vertex 12.75 83.49519052838329 1.49
    endloop
  endfacet
  facet normal 0 0 1
    outer loop
      vertex 6.4348489250574845 69.95230534410568 1.49
      vertex 7.697638667498023 84.38605814759156 1.49
      vertex 6.4348489250574845 84.04769465589432 1.49
    endloop
  endfacet
  facet normal 0 0 1
    outer loop
      vertex 7.697638667498023 69.61394185240844 1.49
      vertex 9 84.5 1.49
      vertex 7.697638667498023 84.38605814759156 1.49
    endloop
  endfacet
  facet normal 0 0 1
    outer loop
      vertex 9 69.5 1.49
      vertex 10.302361332501977 84.38605814759156 1.49
      vertex 9 84.5 1.49
    endloop
  endfacet
  facet normal 0 0 1
    outer loop
      vertex 10.302361332501977 69.61394185240844 1.49
      vertex 11.565151074942516 84.04769465589432 1.49
      vertex 10.302361332501977 84.38605814759156 1.49
    endloop
  endfacet
  facet normal 0 0 1
    outer loop
      vertex 11.565151074942516 69.95230534410568 1.49
      vertex 12.75 83.49519052838329 1.49
      vertex 11.565151074942516 84.04769465589432 1.49
    endloop
  endfacet
  facet normal 0.9063077870366492 0.4226182617407012 0
    outer loop
      vertex 1.952305344105687 74.43484892505748 1.49
      vertex 1.952305344105687 74.43484892505748 49.99
      vertex 2.504809471616711 73.25 1.49
    endloop
  endfacet
  facet normal 0.8191520442889929 0.5735764363510444 0
    outer loop
      vertex 2.504809471616711 73.25 1.49
      vertex 2.504809471616711 73.25 49.99
      vertex 3.2546666766076653 72.17909292735095 1.49
    endloop
  endfacet
  facet normal 0.7071067811865438 -0.7071067811865512 -1.3864890733726987e-19
    outer loop
      vertex 3.2546666766076653 64.82090707264905 1.49
      vertex 4.179092927350956 65.74533332339233 1.49
      vertex 4.179092927350956 65.74533332339233 49.99
    endloop
  endfacet
  facet normal 0.573576436351049 -0.8191520442889898 -5.831165077150775e-19
    outer loop
      vertex 4.179092927350956 65.74533332339233 1.49
      vertex 5.25 66.49519052838329 1.49
      vertex 5.25 66.49519052838329 49.99
    endloop
  endfacet
  facet normal 0.42261826174070277 -0.9063077870366485 2.1152644532448094e-19
    outer loop
      vertex 5.25 66.49519052838329 1.49
      vertex 6.4348489250574845 67.04769465589432 1.49
      vertex 6.4348489250574845 67.04769465589432 49.99
    endloop
  endfacet
  facet normal 0.7071067811865438 0.7071067811865512 0
    outer loop
      vertex 3.2546666766076653 72.17909292735095 1.49
      vertex 3.2546666766076653 72.17909292735095 49.99
      vertex 4.179092927350956 71.25466667660767 1.49
    endloop
  endfacet
  facet normal 0.573576436351049 0.8191520442889898 0
    outer loop
      vertex 4.179092927350956 71.25466667660767 1.49
      vertex 4.179092927350956 71.25466667660767 49.99
      vertex 5.25 70.50480947161671 1.49
    endloop
  endfacet
  facet normal 0.42261826174070277 0.9063077870366485 0
    outer loop
      vertex 5.25 70.50480947161671 1.49
      vertex 5.25 70.50480947161671 49.99
      vertex 6.4348489250574845 69.95230534410568 1.49
    endloop
  endfacet
  facet normal 0.9961946980917454 0.08715574274765835 -1.6585890606316756e-19
    outer loop
      vertex 1.6139418524084395 75.69763866749803 1.49
      vertex 1.5 77 1.49
      vertex 1.5 77 49.99
    endloop
  endfacet
  facet normal 0.9961946980917454 -0.08715574274765835 1.6585890606316756e-19
    outer loop
      vertex 1.5 77 1.49
      vertex 1.6139418524084395 78.30236133250197 1.49
      vertex 1.6139418524084395 78.30236133250197 49.99
    endloop
  endfacet
  facet normal 0.9659258262890688 0.25881904510251924 -2.280876227996465e-19
    outer loop
      vertex 1.952305344105687 74.43484892505748 1.49
      vertex 1.6139418524084395 75.69763866749803 1.49
      vertex 1.6139418524084395 75.69763866749803 49.99
    endloop
  endfacet
  facet normal 0.9659258262890688 -0.25881904510251924 2.280876227996465e-19
    outer loop
      vertex 1.6139418524084395 78.30236133250197 1.49
      vertex 1.952305344105687 79.56515107494252 1.49
      vertex 1.952305344105687 79.56515107494252 49.99
    endloop
  endfacet
  facet normal 0.9063077870366492 -0.4226182617407012 -6.536715504262346e-19
    outer loop
      vertex 1.952305344105687 79.56515107494252 1.49
      vertex 2.504809471616711 80.75 1.49
      vertex 2.504809471616711 80.75 49.99
    endloop
  endfacet
  facet normal -0.9951847266721968 0.09801714032956084 1.030313585682671e-19
    outer loop
      vertex 0 83 0
      vertex 0.05764415879030871 83.58527096604838 50
      vertex 0.05764415879030871 83.58527096604838 0
    endloop
  endfacet
  facet normal -0.9569403357322086 0.29028467725446333 -1.3476043376985872e-19
    outer loop
      vertex 0.05764415879030871 83.58527096604838 0
      vertex 0.22836140246614 84.14805029709527 50
      vertex 0.22836140246614 84.14805029709527 0
    endloop
  endfacet
  facet normal -0.8819212643483577 0.47139673682599287 -1.6547831982521458e-19
    outer loop
      vertex 0.22836140246614 84.14805029709527 0
      vertex 0.5055911630923644 84.66671069905881 50
      vertex 0.5055911630923644 84.66671069905881 0
    endloop
  endfacet
  facet normal -0.7730104533627363 0.6343932841636463 -4.388311302491472e-19
    outer loop
      vertex 0.5055911630923644 84.66671069905881 0
      vertex 0.8786796564403572 85.12132034355965 50
      vertex 0.8786796564403572 85.12132034355965 0
    endloop
  endfacet
  facet normal -0.6343932841636448 0.7730104533627375 3.8959736769422604e-19
    outer loop
      vertex 0.8786796564403572 85.12132034355965 0
      vertex 1.3332893009411935 85.49440883690764 50
      vertex 1.3332893009411935 85.49440883690764 0
    endloop
  endfacet
  facet normal 0.8191520442889929 -0.5735764363510444 4.492725142683418e-19
    outer loop
      vertex 2.504809471616711 80.75 1.49
      vertex 3.2546666766076653 81.82090707264905 1.49
      vertex 3.2546666766076653 81.82090707264905 49.99
    endloop
  endfacet
  facet normal -0.47139673682600103 0.8819212643483532 7.640229484639643e-20
    outer loop
      vertex 1.3332893009411935 85.49440883690764 0
      vertex 1.8519497029047307 85.77163859753387 50
      vertex 1.8519497029047307 85.77163859753387 0
    endloop
  endfacet
  facet normal -0.2902846772544516 0.956940335732212 -1.873697921626913e-20
    outer loop
      vertex 1.8519497029047307 85.77163859753387 0
      vertex 2.414729033951615 85.94235584120969 50
      vertex 2.414729033951615 85.94235584120969 0
    endloop
  endfacet
  facet normal -0.0980171403295637 0.9951847266721966 -8.390382090138332e-20
    outer loop
      vertex 2.414729033951615 85.94235584120969 0
      vertex 3 86 50
      vertex 3 86 0
    endloop
  endfacet
  facet normal 0.7071067811865438 -0.7071067811865512 -1.3864890733726987e-19
    outer loop
      vertex 3.2546666766076653 81.82090707264905 1.49
      vertex 4.179092927350956 82.74533332339233 1.49
      vertex 4.179092927350956 82.74533332339233 49.99
    endloop
  endfacet
  facet normal 0.573576436351049 -0.8191520442889898 -5.831165077150775e-19
    outer loop
      vertex 4.179092927350956 82.74533332339233 1.49
      vertex 5.25 83.49519052838329 1.49
      vertex 5.25 83.49519052838329 49.99
    endloop
  endfacet
  facet normal 0.42261826174070277 -0.9063077870366485 2.1152644532448094e-19
    outer loop
      vertex 5.25 83.49519052838329 1.49
      vertex 6.4348489250574845 84.04769465589432 1.49
      vertex 6.4348489250574845 84.04769465589432 49.99
    endloop
  endfacet
  facet normal 0.2588190451025131 -0.9659258262890703 7.052273809878667e-20
    outer loop
      vertex 6.4348489250574845 67.04769465589432 1.49
      vertex 7.697638667498023 67.38605814759156 1.49
      vertex 7.697638667498023 67.38605814759156 49.99
    endloop
  endfacet
  facet normal 0.2588190451025131 0.9659258262890703 0
    outer loop
      vertex 6.4348489250574845 69.95230534410568 1.49
      vertex 6.4348489250574845 69.95230534410568 49.99
      vertex 7.697638667498023 69.61394185240844 1.49
    endloop
  endfacet
  facet normal 0.08715574274766216 -0.9961946980917451 7.36585069814612e-21
    outer loop
      vertex 7.697638667498023 67.38605814759156 1.49
      vertex 9 67.5 1.49
      vertex 9 67.5 49.99
    endloop
  endfacet
  facet normal 0.08715574274766216 0.9961946980917451 0
    outer loop
      vertex 7.697638667498023 69.61394185240844 1.49
      vertex 7.697638667498023 69.61394185240844 49.99
      vertex 9 69.5 1.49
    endloop
  endfacet
  facet normal -0.08715574274766216 0.9961946980917451 0
    outer loop
      vertex 9 69.5 1.49
      vertex 9 69.5 49.99
      vertex 10.302361332501977 69.61394185240844 1.49
    endloop
  endfacet
  facet normal -0.2588190451025129 -0.9659258262890703 -4.3281442358242846e-19
    outer loop
      vertex 10.302361332501977 67.38605814759156 1.49
      vertex 11.565151074942516 67.04769465589432 1.49
      vertex 11.565151074942516 67.04769465589432 49.99
    endloop
  endfacet
  facet normal -0.08715574274766216 -0.9961946980917451 -7.36585069814612e-21
    outer loop
      vertex 9 67.5 1.49
      vertex 10.302361332501977 67.38605814759156 1.49
      vertex 10.302361332501977 67.38605814759156 49.99
    endloop
  endfacet
  facet normal -0.2588190451025129 0.9659258262890703 0
    outer loop
      vertex 10.302361332501977 69.61394185240844 1.49
      vertex 10.302361332501977 69.61394185240844 49.99
      vertex 11.565151074942516 69.95230534410568 1.49
    endloop
  endfacet
  facet normal -0.42261826174070305 -0.9063077870366484 5.239430370443912e-19
    outer loop
      vertex 11.565151074942516 67.04769465589432 1.49
      vertex 12.75 66.49519052838329 1.49
      vertex 12.75 66.49519052838329 49.99
    endloop
  endfacet
  facet normal -0.42261826174070305 0.9063077870366484 0
    outer loop
      vertex 11.565151074942516 69.95230534410568 1.49
      vertex 11.565151074942516 69.95230534410568 49.99
      vertex 12.75 70.50480947161671 1.49
    endloop
  endfacet
  facet normal 0.2588190451025131 -0.9659258262890703 7.052273809878667e-20
    outer loop
      vertex 6.4348489250574845 84.04769465589432 1.49
      vertex 7.697638667498023 84.38605814759156 1.49
      vertex 7.697638667498023 84.38605814759156 49.99
    endloop
  endfacet
  facet normal 0.08715574274766216 -0.9961946980917451 7.36585069814612e-21
    outer loop
      vertex 7.697638667498023 84.38605814759156 1.49
      vertex 9 84.5 1.49
      vertex 9 84.5 49.99
    endloop
  endfacet
  facet normal -0.08715574274766216 -0.9961946980917451 -7.36585069814612e-21
    outer loop
      vertex 9 84.5 1.49
      vertex 10.302361332501977 84.38605814759156 1.49
      vertex 10.302361332501977 84.38605814759156 49.99
    endloop
  endfacet
  facet normal -0.2588190451025129 -0.9659258262890703 -4.3281442358242846e-19
    outer loop
      vertex 10.302361332501977 84.38605814759156 1.49
      vertex 11.565151074942516 84.04769465589432 1.49
      vertex 11.565151074942516 84.04769465589432 49.99
    endloop
  endfacet
  facet normal -0.42261826174070305 -0.9063077870366484 5.239430370443912e-19
    outer loop
      vertex 11.565151074942516 84.04769465589432 1.49
      vertex 12.75 83.49519052838329 1.49
      vertex 12.75 83.49519052838329 49.99
    endloop
  endfacet
  facet normal 0 0 1
    outer loop
      vertex 12.75 36.50480947161671 1.49
      vertex 13.820907072649044 48.74533332339234 1.49
      vertex 12.75 49.49519052838329 1.49
    endloop
  endfacet
  facet normal 0 0 1
    outer loop
      vertex 13.820907072649044 37.25466667660766 1.49
      vertex 14.745333323392334 47.82090707264904 1.49
      vertex 13.820907072649044 48.74533332339234 1.49
    endloop
  endfacet
  facet normal 0 0 1
    outer loop
      vertex 14.745333323392334 38.17909292735096 1.49
      vertex 15.49519052838329 46.75 1.49
      vertex 14.745333323392334 47.82090707264904 1.49
    endloop
  endfacet
  facet normal 0 0 1
    outer loop
      vertex 15.49519052838329 39.25 1.49
      vertex 16.04769465589431 45.56515107494251 1.49
      vertex 15.49519052838329 46.75 1.49
    endloop
  endfacet
  facet normal 0 0 1
    outer loop
      vertex 16.04769465589431 40.43484892505749 1.49
      vertex 16.386058147591562 44.302361332501974 1.49
      vertex 16.04769465589431 45.56515107494251 1.49
    endloop
  endfacet
  facet normal 0 0 1
    outer loop
      vertex 16.386058147591562 41.697638667498026 1.49
      vertex 16.5 43 1.49
      vertex 16.386058147591562 44.302361332501974 1.49
    endloop
  endfacet
  facet normal 0 0 1
    outer loop
      vertex 18.613941852408438 41.697638667498026 1.49
      vertex 18.613941852408438 44.302361332501974 1.49
      vertex 18.5 43 1.49
    endloop
  endfacet
  facet normal 0 0 1
    outer loop
      vertex 18.613941852408438 41.697638667498026 1.49
      vertex 18.95230534410569 45.56515107494251 1.49
      vertex 18.613941852408438 44.302361332501974 1.49
    endloop
  endfacet
  facet normal 0 0 1
    outer loop
      vertex 18.95230534410569 40.43484892505749 1.49
      vertex 19.50480947161671 46.75 1.49
      vertex 18.95230534410569 45.56515107494251 1.49
    endloop
  endfacet
  facet normal 0 0 1
    outer loop
      vertex 12.75 53.50480947161671 1.49
      vertex 13.820907072649044 54.25466667660766 1.49
      vertex 13.820907072649044 65.74533332339233 1.49
    endloop
  endfacet
  facet normal 0 0 1
    outer loop
      vertex 13.820907072649044 54.25466667660766 1.49
      vertex 14.745333323392334 55.17909292735096 1.49
      vertex 14.745333323392334 64.82090707264905 1.49
    endloop
  endfacet
  facet normal 0 0 1
    outer loop
      vertex 14.745333323392334 55.17909292735096 1.49
      vertex 15.49519052838329 56.25 1.49
      vertex 15.49519052838329 63.75 1.49
    endloop
  endfacet
  facet normal 0 0 1
    outer loop
      vertex 15.49519052838329 56.25 1.49
      vertex 16.04769465589431 57.43484892505749 1.49
      vertex 16.04769465589431 62.56515107494251 1.49
    endloop
  endfacet
  facet normal 0 0 1
    outer loop
      vertex 13.820907072649044 54.25466667660766 1.49
      vertex 14.745333323392334 64.82090707264905 1.49
      vertex 13.820907072649044 65.74533332339233 1.49
    endloop
  endfacet
  facet normal 0 0 1
    outer loop
      vertex 12.75 53.50480947161671 1.49
      vertex 13.820907072649044 65.74533332339233 1.49
      vertex 12.75 66.49519052838329 1.49
    endloop
  endfacet
  facet normal 0 0 1
    outer loop
      vertex 14.745333323392334 55.17909292735096 1.49
      vertex 15.49519052838329 63.75 1.49
      vertex 14.745333323392334 64.82090707264905 1.49
    endloop
  endfacet
  facet normal 0 0 1
    outer loop
      vertex 16.04769465589431 57.43484892505749 1.49
      vertex 16.386058147591562 61.302361332501974 1.49
      vertex 16.04769465589431 62.56515107494251 1.49
    endloop
  endfacet
  facet normal 0 0 1
    outer loop
      vertex 15.49519052838329 56.25 1.49
      vertex 16.04769465589431 62.56515107494251 1.49
      vertex 15.49519052838329 63.75 1.49
    endloop
  endfacet
  facet normal 0 0 1
    outer loop
      vertex 16.04769465589431 57.43484892505749 1.49
      vertex 16.386058147591562 58.697638667498026 1.49
      vertex 16.386058147591562 61.302361332501974 1.49
    endloop
  endfacet
  facet normal 0 0 1
    outer loop
      vertex 16.386058147591562 58.697638667498026 1.49
      vertex 16.5 60 1.49
      vertex 16.386058147591562 61.302361332501974 1.49
    endloop
  endfacet
  facet normal 0 0 1
    outer loop
      vertex 18.613941852408438 58.697638667498026 1.49
      vertex 18.613941852408438 61.302361332501974 1.49
      vertex 18.5 60 1.49
    endloop
  endfacet
  facet normal 0 0 1
    outer loop
      vertex 18.95230534410569 57.43484892505749 1.49
      vertex 18.95230534410569 62.56515107494251 1.49
      vertex 18.613941852408438 58.697638667498026 1.49
    endloop
  endfacet
  facet normal 0 0 1
    outer loop
      vertex 18.95230534410569 57.43484892505749 1.49
      vertex 19.50480947161671 56.25 1.49
      vertex 19.50480947161671 63.75 1.49
    endloop
  endfacet
  facet normal 0 0 1
    outer loop
      vertex 18.613941852408438 58.697638667498026 1.49
      vertex 18.95230534410569 62.56515107494251 1.49
      vertex 18.613941852408438 61.302361332501974 1.49
    endloop
  endfacet
  facet normal 0 0 1
    outer loop
      vertex 18.95230534410569 57.43484892505749 1.49
      vertex 19.50480947161671 63.75 1.49
      vertex 18.95230534410569 62.56515107494251 1.49
    endloop
  endfacet
  facet normal 0 0 1
    outer loop
      vertex 19.50480947161671 39.25 1.49
      vertex 20.254666676607666 47.82090707264904 1.49
      vertex 19.50480947161671 46.75 1.49
    endloop
  endfacet
  facet normal 0 0 1
    outer loop
      vertex 20.254666676607666 38.17909292735096 1.49
      vertex 21.179092927350958 48.74533332339234 1.49
      vertex 20.254666676607666 47.82090707264904 1.49
    endloop
  endfacet
  facet normal 0 0 1
    outer loop
      vertex 21.179092927350958 37.25466667660766 1.49
      vertex 22.25 49.49519052838329 1.49
      vertex 21.179092927350958 48.74533332339234 1.49
    endloop
  endfacet
  facet normal 0 0 1
    outer loop
      vertex 22.25 36.50480947161671 1.49
      vertex 23.434848925057484 50.04769465589431 1.49
      vertex 22.25 49.49519052838329 1.49
    endloop
  endfacet
  facet normal 0 0 1
    outer loop
      vertex 23.434848925057484 35.95230534410569 1.49
      vertex 24.697638667498023 50.38605814759156 1.49
      vertex 23.434848925057484 50.04769465589431 1.49
    endloop
  endfacet
  facet normal 0 0 1
    outer loop
      vertex 24.697638667498023 35.61394185240844 1.49
      vertex 26 50.5 1.49
      vertex 24.697638667498023 50.38605814759156 1.49
    endloop
  endfacet
  facet normal 0 0 1
    outer loop
      vertex 19.50480947161671 56.25 1.49
      vertex 20.254666676607666 55.17909292735096 1.49
      vertex 20.254666676607666 64.82090707264905 1.49
    endloop
  endfacet
  facet normal 0 0 1
    outer loop
      vertex 20.254666676607666 55.17909292735096 1.49
      vertex 21.179092927350958 54.25466667660766 1.49
      vertex 21.179092927350958 65.74533332339233 1.49
    endloop
  endfacet
  facet normal 0 0 1
    outer loop
      vertex 22.25 53.50480947161671 1.49
      vertex 22.25 66.49519052838329 1.49
      vertex 21.179092927350958 54.25466667660766 1.49
    endloop
  endfacet
  facet normal 0 0 1
    outer loop
      vertex 19.50480947161671 56.25 1.49
      vertex 20.254666676607666 64.82090707264905 1.49
      vertex 19.50480947161671 63.75 1.49
    endloop
  endfacet
  facet normal 0 0 1
    outer loop
      vertex 20.254666676607666 55.17909292735096 1.49
      vertex 21.179092927350958 65.74533332339233 1.49
      vertex 20.254666676607666 64.82090707264905 1.49
    endloop
  endfacet
  facet normal 0 0 1
    outer loop
      vertex 21.179092927350958 54.25466667660766 1.49
      vertex 22.25 66.49519052838329 1.49
      vertex 21.179092927350958 65.74533332339233 1.49
    endloop
  endfacet
  facet normal 0 0 1
    outer loop
      vertex 22.25 53.50480947161671 1.49
      vertex 23.434848925057484 67.04769465589432 1.49
      vertex 22.25 66.49519052838329 1.49
    endloop
  endfacet
  facet normal 0 0 1
    outer loop
      vertex 22.25 53.50480947161671 1.49
      vertex 23.434848925057484 52.95230534410569 1.49
      vertex 23.434848925057484 67.04769465589432 1.49
    endloop
  endfacet
  facet normal 0 0 1
    outer loop
      vertex 23.434848925057484 52.95230534410569 1.49
      vertex 24.697638667498023 52.61394185240844 1.49
      vertex 24.697638667498023 67.38605814759156 1.49
    endloop
  endfacet
  facet normal 0 0 1
    outer loop
      vertex 24.697638667498023 52.61394185240844 1.49
      vertex 26 52.5 1.49
      vertex 26 67.5 1.49
    endloop
  endfacet
  facet normal 0 0 1
    outer loop
      vertex 23.434848925057484 52.95230534410569 1.49
      vertex 24.697638667498023 67.38605814759156 1.49
      vertex 23.434848925057484 67.04769465589432 1.49
    endloop
  endfacet
  facet normal 0 0 1
    outer loop
      vertex 24.697638667498023 52.61394185240844 1.49
      vertex 26 67.5 1.49
      vertex 24.697638667498023 67.38605814759156 1.49
    endloop
  endfacet
  facet normal -0.7071067811865496 -0.7071067811865455 0
    outer loop
      vertex 14.745333323392334 47.82090707264904 1.49
      vertex 14.745333323392334 47.82090707264904 49.99
      vertex 13.820907072649044 48.74533332339234 1.49
    endloop
  endfacet
  facet normal -0.8191520442889906 -0.5735764363510478 -7.008043906371929e-19
    outer loop
      vertex 14.745333323392334 47.82090707264904 1.49
      vertex 15.49519052838329 46.75 1.49
      vertex 15.49519052838329 46.75 49.99
    endloop
  endfacet
  facet normal -0.9063077870366508 -0.4226182617406975 0
    outer loop
      vertex 16.04769465589431 45.56515107494251 1.49
      vertex 16.04769465589431 45.56515107494251 49.99
      vertex 15.49519052838329 46.75 1.49
    endloop
  endfacet
  facet normal -0.5735764363510454 -0.8191520442889924 -2.257441353219589e-19
    outer loop
      vertex 12.75 49.49519052838329 1.49
      vertex 13.820907072649044 48.74533332339234 1.49
      vertex 13.820907072649044 48.74533332339234 49.99
    endloop
  endfacet
  facet normal -0.9961946980917455 -0.087155742747657 -1.215555676047937e-20
    outer loop
      vertex 16.386058147591562 44.302361332501974 1.49
      vertex 16.5 43 1.49
      vertex 16.5 43 49.99
    endloop
  endfacet
  facet normal -0.9659258262890678 -0.2588190451025231 2.0263898048032175e-19
    outer loop
      vertex 16.04769465589431 45.56515107494251 1.49
      vertex 16.386058147591562 44.302361332501974 1.49
      vertex 16.386058147591562 44.302361332501974 49.99
    endloop
  endfacet
  facet normal 0.9961946980917455 -0.087155742747657 1.215555676047937e-20
    outer loop
      vertex 18.5 43 1.49
      vertex 18.613941852408438 44.302361332501974 1.49
      vertex 18.613941852408438 44.302361332501974 49.99
    endloop
  endfacet
  facet normal 0.9659258262890678 -0.2588190451025231 -2.0263898048032175e-19
    outer loop
      vertex 18.613941852408438 44.302361332501974 1.49
      vertex 18.95230534410569 45.56515107494251 1.49
      vertex 18.95230534410569 45.56515107494251 49.99
    endloop
  endfacet
  facet normal 0.9063077870366508 -0.4226182617406975 -7.869387211975802e-19
    outer loop
      vertex 18.95230534410569 45.56515107494251 1.49
      vertex 19.50480947161671 46.75 1.49
      vertex 19.50480947161671 46.75 49.99
    endloop
  endfacet
  facet normal -0.5735764363510454 0.8191520442889924 0
    outer loop
      vertex 12.75 53.50480947161671 1.49
      vertex 12.75 53.50480947161671 49.99
      vertex 13.820907072649044 54.25466667660766 1.49
    endloop
  endfacet
  facet normal -0.7071067811865496 0.7071067811865455 0
    outer loop
      vertex 13.820907072649044 54.25466667660766 1.49
      vertex 13.820907072649044 54.25466667660766 49.99
      vertex 14.745333323392334 55.17909292735096 1.49
    endloop
  endfacet
  facet normal -0.8191520442889906 0.5735764363510478 0
    outer loop
      vertex 14.745333323392334 55.17909292735096 1.49
      vertex 14.745333323392334 55.17909292735096 49.99
      vertex 15.49519052838329 56.25 1.49
    endloop
  endfacet
  facet normal -0.9063077870366508 0.4226182617406975 0
    outer loop
      vertex 15.49519052838329 56.25 1.49
      vertex 15.49519052838329 56.25 49.99
      vertex 16.04769465589431 57.43484892505749 1.49
    endloop
  endfacet
  facet normal -0.9659258262890678 0.2588190451025231 0
    outer loop
      vertex 16.04769465589431 57.43484892505749 1.49
      vertex 16.04769465589431 57.43484892505749 49.99
      vertex 16.386058147591562 58.697638667498026 1.49
    endloop
  endfacet
  facet normal -0.8191520442889924 -0.5735764363510454 0
    outer loop
      vertex 15.49519052838329 63.75 1.49
      vertex 15.49519052838329 63.75 49.99
      vertex 14.745333323392334 64.82090707264905 1.49
    endloop
  endfacet
  facet normal -0.9063077870366508 -0.4226182617406975 0
    outer loop
      vertex 16.04769465589431 62.56515107494251 1.49
      vertex 16.04769465589431 62.56515107494251 49.99
      vertex 15.49519052838329 63.75 1.49
    endloop
  endfacet
  facet normal 0.9063077870366508 0.4226182617406975 0
    outer loop
      vertex 18.95230534410569 57.43484892505749 1.49
      vertex 18.95230534410569 57.43484892505749 49.99
      vertex 19.50480947161671 56.25 1.49
    endloop
  endfacet
  facet normal 0.9659258262890678 0.2588190451025231 2.0263898048032175e-19
    outer loop
      vertex 18.95230534410569 57.43484892505749 1.49
      vertex 18.613941852408438 58.697638667498026 1.49
      vertex 18.613941852408438 58.697638667498026 49.99
    endloop
  endfacet
  facet normal -0.9961946980917455 0.087155742747657 0
    outer loop
      vertex 16.386058147591562 58.697638667498026 1.49
      vertex 16.386058147591562 58.697638667498026 49.99
      vertex 16.5 60 1.49
    endloop
  endfacet
  facet normal -0.9961946980917455 -0.087155742747657 0
    outer loop
      vertex 16.5 60 1.49
      vertex 16.5 60 49.99
      vertex 16.386058147591562 61.302361332501974 1.49
    endloop
  endfacet
  facet normal -0.9659258262890678 -0.2588190451025231 2.0263898048032175e-19
    outer loop
      vertex 16.04769465589431 62.56515107494251 1.49
      vertex 16.386058147591562 61.302361332501974 1.49
      vertex 16.386058147591562 61.302361332501974 49.99
    endloop
  endfacet
  facet normal 0.9961946980917455 0.087155742747657 -1.215555676047937e-20
    outer loop
      vertex 18.613941852408438 58.697638667498026 1.49
      vertex 18.5 60 1.49
      vertex 18.5 60 49.99
    endloop
  endfacet
  facet normal 0.9961946980917455 -0.087155742747657 1.215555676047937e-20
    outer loop
      vertex 18.5 60 1.49
      vertex 18.613941852408438 61.302361332501974 1.49
      vertex 18.613941852408438 61.302361332501974 49.99
    endloop
  endfacet
  facet normal 0.9659258262890678 -0.2588190451025231 -2.0263898048032175e-19
    outer loop
      vertex 18.613941852408438 61.302361332501974 1.49
      vertex 18.95230534410569 62.56515107494251 1.49
      vertex 18.95230534410569 62.56515107494251 49.99
    endloop
  endfacet
  facet normal 0.9063077870366508 -0.4226182617406975 -7.869387211975802e-19
    outer loop
      vertex 18.95230534410569 62.56515107494251 1.49
      vertex 19.50480947161671 63.75 1.49
      vertex 19.50480947161671 63.75 49.99
    endloop
  endfacet
  facet normal 0.8191520442889906 -0.5735764363510478 7.008043906371929e-19
    outer loop
      vertex 19.50480947161671 46.75 1.49
      vertex 20.254666676607666 47.82090707264904 1.49
      vertex 20.254666676607666 47.82090707264904 49.99
    endloop
  endfacet
  facet normal 0.7071067811865488 -0.7071067811865461 -6.25473742663926e-19
    outer loop
      vertex 20.254666676607666 47.82090707264904 1.49
      vertex 21.179092927350958 48.74533332339234 1.49
      vertex 21.179092927350958 48.74533332339234 49.99
    endloop
  endfacet
  facet normal 0.573576436351046 -0.8191520442889919 2.2974463495379678e-19
    outer loop
      vertex 21.179092927350958 48.74533332339234 1.49
      vertex 22.25 49.49519052838329 1.49
      vertex 22.25 49.49519052838329 49.99
    endloop
  endfacet
  facet normal 0.42261826174069855 0.9063077870366504 0
    outer loop
      vertex 22.25 53.50480947161671 1.49
      vertex 22.25 53.50480947161671 49.99
      vertex 23.434848925057484 52.95230534410569 1.49
    endloop
  endfacet
  facet normal 0.42261826174069855 -0.9063077870366504 -2.2685634186461777e-19
    outer loop
      vertex 22.25 49.49519052838329 1.49
      vertex 23.434848925057484 50.04769465589431 1.49
      vertex 23.434848925057484 50.04769465589431 49.99
    endloop
  endfacet
  facet normal 0.2588190451025231 -0.9659258262890678 -2.0263898048032175e-19
    outer loop
      vertex 23.434848925057484 50.04769465589431 1.49
      vertex 24.697638667498023 50.38605814759156 1.49
      vertex 24.697638667498023 50.38605814759156 49.99
    endloop
  endfacet
  facet normal 0.2588190451025231 0.9659258262890678 0
    outer loop
      vertex 23.434848925057484 52.95230534410569 1.49
      vertex 23.434848925057484 52.95230534410569 49.99
      vertex 24.697638667498023 52.61394185240844 1.49
    endloop
  endfacet
  facet normal 0.08715574274765678 -0.9961946980917457 -1.6970250791199594e-19
    outer loop
      vertex 24.697638667498023 50.38605814759156 1.49
      vertex 26 50.5 1.49
      vertex 26 50.5 49.99
    endloop
  endfacet
  facet normal 0.08715574274765678 0.9961946980917457 0
    outer loop
      vertex 24.697638667498023 52.61394185240844 1.49
      vertex 24.697638667498023 52.61394185240844 49.99
      vertex 26 52.5 1.49
    endloop
  endfacet
  facet normal 0.8191520442889906 0.5735764363510478 0
    outer loop
      vertex 19.50480947161671 56.25 1.49
      vertex 19.50480947161671 56.25 49.99
      vertex 20.254666676607666 55.17909292735096 1.49
    endloop
  endfacet
  facet normal 0.7071067811865488 0.7071067811865461 0
    outer loop
      vertex 20.254666676607666 55.17909292735096 1.49
      vertex 20.254666676607666 55.17909292735096 49.99
      vertex 21.179092927350958 54.25466667660766 1.49
    endloop
  endfacet
  facet normal 0.573576436351046 0.8191520442889919 -2.2974463495379678e-19
    outer loop
      vertex 22.25 53.50480947161671 1.49
      vertex 21.179092927350958 54.25466667660766 1.49
      vertex 21.179092927350958 54.25466667660766 49.99
    endloop
  endfacet
  facet normal 0.8191520442889924 -0.5735764363510454 6.848023921102378e-19
    outer loop
      vertex 19.50480947161671 63.75 1.49
      vertex 20.254666676607666 64.82090707264905 1.49
      vertex 20.254666676607666 64.82090707264905 49.99
    endloop
  endfacet
  facet normal 0 0 1
    outer loop
      vertex 12.75 70.50480947161671 1.49
      vertex 13.820907072649044 71.25466667660767 1.49
      vertex 13.820907072649044 82.74533332339233 1.49
    endloop
  endfacet
  facet normal 0 0 1
    outer loop
      vertex 13.820907072649044 71.25466667660767 1.49
      vertex 14.745333323392334 72.17909292735095 1.49
      vertex 14.745333323392334 81.82090707264905 1.49
    endloop
  endfacet
  facet normal 0 0 1
    outer loop
      vertex 12.75 70.50480947161671 1.49
      vertex 13.820907072649044 82.74533332339233 1.49
      vertex 12.75 83.49519052838329 1.49
    endloop
  endfacet
  facet normal 0 0 1
    outer loop
      vertex 13.820907072649044 71.25466667660767 1.49
      vertex 14.745333323392334 81.82090707264905 1.49
      vertex 13.820907072649044 82.74533332339233 1.49
    endloop
  endfacet
  facet normal 0 0 1
    outer loop
      vertex 14.745333323392334 72.17909292735095 1.49
      vertex 15.49519052838329 73.25 1.49
      vertex 15.49519052838329 80.75 1.49
    endloop
  endfacet
  facet normal 0 0 1
    outer loop
      vertex 15.49519052838329 73.25 1.49
      vertex 16.04769465589431 74.43484892505748 1.49
      vertex 16.04769465589431 79.56515107494252 1.49
    endloop
  endfacet
  facet normal 0 0 1
    outer loop
      vertex 15.49519052838329 73.25 1.49
      vertex 16.04769465589431 79.56515107494252 1.49
      vertex 15.49519052838329 80.75 1.49
    endloop
  endfacet
  facet normal 0 0 1
    outer loop
      vertex 16.04769465589431 74.43484892505748 1.49
      vertex 16.386058147591562 78.30236133250197 1.49
      vertex 16.04769465589431 79.56515107494252 1.49
    endloop
  endfacet
  facet normal 0 0 1
    outer loop
      vertex 14.745333323392334 72.17909292735095 1.49
      vertex 15.49519052838329 80.75 1.49
      vertex 14.745333323392334 81.82090707264905 1.49
    endloop
  endfacet
  facet normal 0 0 1
    outer loop
      vertex 16.04769465589431 74.43484892505748 1.49
      vertex 16.386058147591562 75.69763866749803 1.49
      vertex 16.386058147591562 78.30236133250197 1.49
    endloop
  endfacet
  facet normal 0 0 1
    outer loop
      vertex 16.386058147591562 75.69763866749803 1.49
      vertex 16.5 77 1.49
      vertex 16.386058147591562 78.30236133250197 1.49
    endloop
  endfacet
  facet normal 0 0 1
    outer loop
      vertex 18.5 77 1.49
      vertex 18.613941852408438 75.69763866749803 1.49
      vertex 18.613941852408438 78.30236133250197 1.49
    endloop
  endfacet
  facet normal 0 0 1
    outer loop
      vertex 18.95230534410569 74.43484892505748 1.49
      vertex 18.95230534410569 79.56515107494252 1.49
      vertex 18.613941852408438 75.69763866749803 1.49
    endloop
  endfacet
  facet normal 0 0 1
    outer loop
      vertex 18.95230534410569 74.43484892505748 1.49
      vertex 19.50480947161671 73.25 1.49
      vertex 19.50480947161671 80.75 1.49
    endloop
  endfacet
  facet normal 0 0 1
    outer loop
      vertex 18.613941852408438 75.69763866749803 1.49
      vertex 18.95230534410569 79.56515107494252 1.49
      vertex 18.613941852408438 78.30236133250197 1.49
    endloop
  endfacet
  facet normal 0 0 1
    outer loop
      vertex 18.95230534410569 74.43484892505748 1.49
      vertex 19.50480947161671 80.75 1.49
      vertex 18.95230534410569 79.56515107494252 1.49
    endloop
  endfacet
  facet normal 0 0 1
    outer loop
      vertex 21.179092927350958 71.25466667660767 1.49
      vertex 22.25 70.50480947161671 1.49
      vertex 22.25 83.49519052838329 1.49
    endloop
  endfacet
  facet normal 0 0 1
    outer loop
      vertex 22.25 70.50480947161671 1.49
      vertex 23.434848925057484 69.95230534410568 1.49
      vertex 23.434848925057484 84.04769465589432 1.49
    endloop
  endfacet
  facet normal 0 0 1
    outer loop
      vertex 23.434848925057484 69.95230534410568 1.49
      vertex 24.697638667498023 69.61394185240844 1.49
      vertex 24.697638667498023 84.38605814759156 1.49
    endloop
  endfacet
  facet normal 0 0 1
    outer loop
      vertex 24.697638667498023 69.61394185240844 1.49
      vertex 26 69.5 1.49
      vertex 26 84.5 1.49
    endloop
  endfacet
  facet normal 0 0 1
    outer loop
      vertex 20.254666676607666 72.17909292735095 1.49
      vertex 20.254666676607666 81.82090707264905 1.49
      vertex 19.50480947161671 73.25 1.49
    endloop
  endfacet
  facet normal 0 0 1
    outer loop
      vertex 20.254666676607666 72.17909292735095 1.49
      vertex 21.179092927350958 71.25466667660767 1.49
      vertex 21.179092927350958 82.74533332339233 1.49
    endloop
  endfacet
  facet normal 0 0 1
    outer loop
      vertex 19.50480947161671 73.25 1.49
      vertex 20.254666676607666 81.82090707264905 1.49
      vertex 19.50480947161671 80.75 1.49
    endloop
  endfacet
  facet normal 0 0 1
    outer loop
      vertex 20.254666676607666 72.17909292735095 1.49
      vertex 21.179092927350958 82.74533332339233 1.49
      vertex 20.254666676607666 81.82090707264905 1.49
    endloop
  endfacet
  facet normal 0 0 1
    outer loop
      vertex 21.179092927350958 71.25466667660767 1.49
      vertex 22.25 83.49519052838329 1.49
      vertex 21.179092927350958 82.74533332339233 1.49
    endloop
  endfacet
  facet normal 0 0 1
    outer loop
      vertex 22.25 70.50480947161671 1.49
      vertex 23.434848925057484 84.04769465589432 1.49
      vertex 22.25 83.49519052838329 1.49
    endloop
  endfacet
  facet normal 0 0 1
    outer loop
      vertex 23.434848925057484 69.95230534410568 1.49
      vertex 24.697638667498023 84.38605814759156 1.49
      vertex 23.434848925057484 84.04769465589432 1.49
    endloop
  endfacet
  facet normal 0 0 1
    outer loop
      vertex 24.697638667498023 69.61394185240844 1.49
      vertex 26 84.5 1.49
      vertex 24.697638667498023 84.38605814759156 1.49
    endloop
  endfacet
  facet normal -0.573576436351049 -0.8191520442889898 5.831165077150775e-19
    outer loop
      vertex 12.75 66.49519052838329 1.49
      vertex 13.820907072649044 65.74533332339233 1.49
      vertex 13.820907072649044 65.74533332339233 49.99
    endloop
  endfacet
  facet normal -0.707106781186544 -0.7071067811865509 8.310039806019297e-19
    outer loop
      vertex 13.820907072649044 65.74533332339233 1.49
      vertex 14.745333323392334 64.82090707264905 1.49
      vertex 14.745333323392334 64.82090707264905 49.99
    endloop
  endfacet
  facet normal -0.573576436351049 0.8191520442889898 0
    outer loop
      vertex 12.75 70.50480947161671 1.49
      vertex 12.75 70.50480947161671 49.99
      vertex 13.820907072649044 71.25466667660767 1.49
    endloop
  endfacet
  facet normal -0.707106781186544 0.7071067811865509 0
    outer loop
      vertex 13.820907072649044 71.25466667660767 1.49
      vertex 13.820907072649044 71.25466667660767 49.99
      vertex 14.745333323392334 72.17909292735095 1.49
    endloop
  endfacet
  facet normal -0.8191520442889924 0.5735764363510454 0
    outer loop
      vertex 14.745333323392334 72.17909292735095 1.49
      vertex 14.745333323392334 72.17909292735095 49.99
      vertex 15.49519052838329 73.25 1.49
    endloop
  endfacet
  facet normal -0.9063077870366498 0.42261826174069955 0
    outer loop
      vertex 15.49519052838329 73.25 1.49
      vertex 15.49519052838329 73.25 49.99
      vertex 16.04769465589431 74.43484892505748 1.49
    endloop
  endfacet
  facet normal -0.965925826289068 0.25881904510252174 0
    outer loop
      vertex 16.04769465589431 74.43484892505748 1.49
      vertex 16.04769465589431 74.43484892505748 49.99
      vertex 16.386058147591562 75.69763866749803 1.49
    endloop
  endfacet
  facet normal 0.9063077870366498 0.42261826174069955 0
    outer loop
      vertex 18.95230534410569 74.43484892505748 1.49
      vertex 18.95230534410569 74.43484892505748 49.99
      vertex 19.50480947161671 73.25 1.49
    endloop
  endfacet
  facet normal -0.9063077870366498 -0.42261826174069955 0
    outer loop
      vertex 16.04769465589431 79.56515107494252 1.49
      vertex 16.04769465589431 79.56515107494252 49.99
      vertex 15.49519052838329 80.75 1.49
    endloop
  endfacet
  facet normal -0.573576436351049 -0.8191520442889898 5.831165077150775e-19
    outer loop
      vertex 12.75 83.49519052838329 1.49
      vertex 13.820907072649044 82.74533332339233 1.49
      vertex 13.820907072649044 82.74533332339233 49.99
    endloop
  endfacet
  facet normal -0.707106781186544 -0.7071067811865509 8.310039806019297e-19
    outer loop
      vertex 13.820907072649044 82.74533332339233 1.49
      vertex 14.745333323392334 81.82090707264905 1.49
      vertex 14.745333323392334 81.82090707264905 49.99
    endloop
  endfacet
  facet normal -0.8191520442889924 -0.5735764363510454 0
    outer loop
      vertex 15.49519052838329 80.75 1.49
      vertex 15.49519052838329 80.75 49.99
      vertex 14.745333323392334 81.82090707264905 1.49
    endloop
  endfacet
  facet normal -0.9961946980917455 0.087155742747657 0
    outer loop
      vertex 16.386058147591562 75.69763866749803 1.49
      vertex 16.386058147591562 75.69763866749803 49.99
      vertex 16.5 77 1.49
    endloop
  endfacet
  facet normal -0.9961946980917455 -0.087155742747657 -1.215555676047937e-20
    outer loop
      vertex 16.386058147591562 78.30236133250197 1.49
      vertex 16.5 77 1.49
      vertex 16.5 77 49.99
    endloop
  endfacet
  facet normal -0.965925826289068 -0.25881904510252174 -6.922427178435806e-20
    outer loop
      vertex 16.04769465589431 79.56515107494252 1.49
      vertex 16.386058147591562 78.30236133250197 1.49
      vertex 16.386058147591562 78.30236133250197 49.99
    endloop
  endfacet
  facet normal 0.9961946980917455 0.087155742747657 0
    outer loop
      vertex 18.5 77 1.49
      vertex 18.5 77 49.99
      vertex 18.613941852408438 75.69763866749803 1.49
    endloop
  endfacet
  facet normal 0.9961946980917455 -0.087155742747657 1.215555676047937e-20
    outer loop
      vertex 18.5 77 1.49
      vertex 18.613941852408438 78.30236133250197 1.49
      vertex 18.613941852408438 78.30236133250197 49.99
    endloop
  endfacet
  facet normal 0.965925826289068 0.25881904510252174 -6.922427178435806e-20
    outer loop
      vertex 18.95230534410569 74.43484892505748 1.49
      vertex 18.613941852408438 75.69763866749803 1.49
      vertex 18.613941852408438 75.69763866749803 49.99
    endloop
  endfacet
  facet normal 0.965925826289068 -0.25881904510252174 6.922427178435806e-20
    outer loop
      vertex 18.613941852408438 78.30236133250197 1.49
      vertex 18.95230534410569 79.56515107494252 1.49
      vertex 18.95230534410569 79.56515107494252 49.99
    endloop
  endfacet
  facet normal 0.9063077870366498 -0.42261826174069955 3.332260374683474e-19
    outer loop
      vertex 18.95230534410569 79.56515107494252 1.49
      vertex 19.50480947161671 80.75 1.49
      vertex 19.50480947161671 80.75 49.99
    endloop
  endfacet
  facet normal 0.7071067811865435 -0.7071067811865516 5.537061659273894e-19
    outer loop
      vertex 20.254666676607666 64.82090707264905 1.49
      vertex 21.179092927350958 65.74533332339233 1.49
      vertex 21.179092927350958 65.74533332339233 49.99
    endloop
  endfacet
  facet normal 0.5735764363510497 -0.8191520442889894 -5.791160080834396e-19
    outer loop
      vertex 21.179092927350958 65.74533332339233 1.49
      vertex 22.25 66.49519052838329 1.49
      vertex 22.25 66.49519052838329 49.99
    endloop
  endfacet
  facet normal 0.7071067811865435 0.7071067811865516 0
    outer loop
      vertex 20.254666676607666 72.17909292735095 1.49
      vertex 20.254666676607666 72.17909292735095 49.99
      vertex 21.179092927350958 71.25466667660767 1.49
    endloop
  endfacet
  facet normal 0.8191520442889924 0.5735764363510454 -6.848023921102378e-19
    outer loop
      vertex 20.254666676607666 72.17909292735095 1.49
      vertex 19.50480947161671 73.25 1.49
      vertex 19.50480947161671 73.25 49.99
    endloop
  endfacet
  facet normal 0.5735764363510497 0.8191520442889894 0
    outer loop
      vertex 21.179092927350958 71.25466667660767 1.49
      vertex 21.179092927350958 71.25466667660767 49.99
      vertex 22.25 70.50480947161671 1.49
    endloop
  endfacet
  facet normal 0.42261826174070305 0.9063077870366484 0
    outer loop
      vertex 22.25 70.50480947161671 1.49
      vertex 22.25 70.50480947161671 49.99
      vertex 23.434848925057484 69.95230534410568 1.49
    endloop
  endfacet
  facet normal 0.42261826174070305 -0.9063077870366484 -5.239430370443912e-19
    outer loop
      vertex 22.25 66.49519052838329 1.49
      vertex 23.434848925057484 67.04769465589432 1.49
      vertex 23.434848925057484 67.04769465589432 49.99
    endloop
  endfacet
  facet normal 0.2588190451025129 -0.9659258262890703 4.3281442358242846e-19
    outer loop
      vertex 23.434848925057484 67.04769465589432 1.49
      vertex 24.697638667498023 67.38605814759156 1.49
      vertex 24.697638667498023 67.38605814759156 49.99
    endloop
  endfacet
  facet normal 0.2588190451025129 0.9659258262890703 0
    outer loop
      vertex 23.434848925057484 69.95230534410568 1.49
      vertex 23.434848925057484 69.95230534410568 49.99
      vertex 24.697638667498023 69.61394185240844 1.49
    endloop
  endfacet
  facet normal 0.08715574274766216 0.9961946980917451 0
    outer loop
      vertex 24.697638667498023 69.61394185240844 1.49
      vertex 24.697638667498023 69.61394185240844 49.99
      vertex 26 69.5 1.49
    endloop
  endfacet
  facet normal 0.08715574274766216 -0.9961946980917451 7.36585069814612e-21
    outer loop
      vertex 24.697638667498023 67.38605814759156 1.49
      vertex 26 67.5 1.49
      vertex 26 67.5 49.99
    endloop
  endfacet
  facet normal 0.8191520442889924 -0.5735764363510454 6.848023921102378e-19
    outer loop
      vertex 19.50480947161671 80.75 1.49
      vertex 20.254666676607666 81.82090707264905 1.49
      vertex 20.254666676607666 81.82090707264905 49.99
    endloop
  endfacet
  facet normal 0.7071067811865435 -0.7071067811865516 5.537061659273894e-19
    outer loop
      vertex 20.254666676607666 81.82090707264905 1.49
      vertex 21.179092927350958 82.74533332339233 1.49
      vertex 21.179092927350958 82.74533332339233 49.99
    endloop
  endfacet
  facet normal 0.5735764363510497 -0.8191520442889894 -5.791160080834396e-19
    outer loop
      vertex 21.179092927350958 82.74533332339233 1.49
      vertex 22.25 83.49519052838329 1.49
      vertex 22.25 83.49519052838329 49.99
    endloop
  endfacet
  facet normal 0.42261826174070305 -0.9063077870366484 -5.239430370443912e-19
    outer loop
      vertex 22.25 83.49519052838329 1.49
      vertex 23.434848925057484 84.04769465589432 1.49
      vertex 23.434848925057484 84.04769465589432 49.99
    endloop
  endfacet
  facet normal 0.2588190451025129 -0.9659258262890703 4.3281442358242846e-19
    outer loop
      vertex 23.434848925057484 84.04769465589432 1.49
      vertex 24.697638667498023 84.38605814759156 1.49
      vertex 24.697638667498023 84.38605814759156 49.99
    endloop
  endfacet
  facet normal 0.08715574274766216 -0.9961946980917451 7.36585069814612e-21
    outer loop
      vertex 24.697638667498023 84.38605814759156 1.49
      vertex 26 84.5 1.49
      vertex 26 84.5 49.99
    endloop
  endfacet
  facet normal 0.9961946980917454 -0.08715574274765835 0
    outer loop
      vertex 1.5 43 1.49
      vertex 1.6139418524084395 44.302361332501974 49.99
      vertex 1.5 43 49.99
    endloop
  endfacet
  facet normal 0.9659258262890683 -0.2588190451025206 0
    outer loop
      vertex 1.6139418524084395 44.302361332501974 1.49
      vertex 1.952305344105687 45.56515107494251 49.99
      vertex 1.6139418524084395 44.302361332501974 49.99
    endloop
  endfacet
  facet normal 0.9063077870366502 -0.4226182617406992 0
    outer loop
      vertex 1.952305344105687 45.56515107494251 1.49
      vertex 2.504809471616711 46.75 49.99
      vertex 1.952305344105687 45.56515107494251 49.99
    endloop
  endfacet
  facet normal 0.8191520442889912 -0.5735764363510469 0
    outer loop
      vertex 2.504809471616711 46.75 1.49
      vertex 3.2546666766076653 47.82090707264904 49.99
      vertex 2.504809471616711 46.75 49.99
    endloop
  endfacet
  facet normal 0.7071067811865492 -0.7071067811865459 0
    outer loop
      vertex 3.2546666766076653 47.82090707264904 1.49
      vertex 4.179092927350956 48.74533332339234 49.99
      vertex 3.2546666766076653 47.82090707264904 49.99
    endloop
  endfacet
  facet normal 0.5735764363510454 -0.8191520442889924 0
    outer loop
      vertex 4.179092927350956 48.74533332339234 1.49
      vertex 5.25 49.49519052838329 49.99
      vertex 4.179092927350956 48.74533332339234 49.99
    endloop
  endfacet
  facet normal 0.4226182617406983 -0.9063077870366505 0
    outer loop
      vertex 5.25 49.49519052838329 1.49
      vertex 6.4348489250574845 50.04769465589431 49.99
      vertex 5.25 49.49519052838329 49.99
    endloop
  endfacet
  facet normal 0.4226182617406983 0.9063077870366505 0
    outer loop
      vertex 6.4348489250574845 52.95230534410569 1.49
      vertex 5.25 53.50480947161671 49.99
      vertex 6.4348489250574845 52.95230534410569 49.99
    endloop
  endfacet
  facet normal 0.8191520442889912 0.5735764363510469 0
    outer loop
      vertex 3.2546666766076653 55.17909292735096 1.49
      vertex 2.504809471616711 56.25 49.99
      vertex 3.2546666766076653 55.17909292735096 49.99
    endloop
  endfacet
  facet normal 0.9063077870366502 0.4226182617406992 0
    outer loop
      vertex 2.504809471616711 56.25 1.49
      vertex 1.952305344105687 57.43484892505749 49.99
      vertex 2.504809471616711 56.25 49.99
    endloop
  endfacet
  facet normal 0.9659258262890683 0.2588190451025206 0
    outer loop
      vertex 1.952305344105687 57.43484892505749 1.49
      vertex 1.6139418524084395 58.697638667498026 49.99
      vertex 1.952305344105687 57.43484892505749 49.99
    endloop
  endfacet
  facet normal 0.9961946980917454 0.08715574274765835 0
    outer loop
      vertex 1.6139418524084395 58.697638667498026 1.49
      vertex 1.5 60 49.99
      vertex 1.6139418524084395 58.697638667498026 49.99
    endloop
  endfacet
  facet normal 0.9961946980917454 -0.08715574274765835 0
    outer loop
      vertex 1.5 60 1.49
      vertex 1.6139418524084395 61.302361332501974 49.99
      vertex 1.5 60 49.99
    endloop
  endfacet
  facet normal 0.9659258262890683 -0.2588190451025206 0
    outer loop
      vertex 1.6139418524084395 61.302361332501974 1.49
      vertex 1.952305344105687 62.56515107494251 49.99
      vertex 1.6139418524084395 61.302361332501974 49.99
    endloop
  endfacet
  facet normal 0.9063077870366502 -0.4226182617406992 0
    outer loop
      vertex 1.952305344105687 62.56515107494251 1.49
      vertex 2.504809471616711 63.75 49.99
      vertex 1.952305344105687 62.56515107494251 49.99
    endloop
  endfacet
  facet normal 0.8191520442889929 -0.5735764363510444 0
    outer loop
      vertex 2.504809471616711 63.75 1.49
      vertex 3.2546666766076653 64.82090707264905 49.99
      vertex 2.504809471616711 63.75 49.99
    endloop
  endfacet
  facet normal 0.7071067811865492 0.7071067811865459 0
    outer loop
      vertex 4.179092927350956 54.25466667660766 1.49
      vertex 3.2546666766076653 55.17909292735096 49.99
      vertex 4.179092927350956 54.25466667660766 49.99
    endloop
  endfacet
  facet normal 0.5735764363510454 0.8191520442889924 0
    outer loop
      vertex 5.25 53.50480947161671 1.49
      vertex 4.179092927350956 54.25466667660766 49.99
      vertex 5.25 53.50480947161671 49.99
    endloop
  endfacet
  facet normal 0.2588190451025233 -0.9659258262890676 0
    outer loop
      vertex 6.4348489250574845 50.04769465589431 1.49
      vertex 7.697638667498023 50.38605814759156 49.99
      vertex 6.4348489250574845 50.04769465589431 49.99
    endloop
  endfacet
  facet normal 0.2588190451025233 0.9659258262890676 0
    outer loop
      vertex 7.697638667498023 52.61394185240844 1.49
      vertex 6.4348489250574845 52.95230534410569 49.99
      vertex 7.697638667498023 52.61394185240844 49.99
    endloop
  endfacet
  facet normal 0.08715574274765678 -0.9961946980917457 0
    outer loop
      vertex 7.697638667498023 50.38605814759156 1.49
      vertex 9 50.5 49.99
      vertex 7.697638667498023 50.38605814759156 49.99
    endloop
  endfacet
  facet normal -0.08715574274765678 -0.9961946980917457 0
    outer loop
      vertex 9 50.5 1.49
      vertex 10.302361332501977 50.38605814759156 49.99
      vertex 9 50.5 49.99
    endloop
  endfacet
  facet normal 0.08715574274765678 0.9961946980917457 0
    outer loop
      vertex 9 52.5 1.49
      vertex 7.697638667498023 52.61394185240844 49.99
      vertex 9 52.5 49.99
    endloop
  endfacet
  facet normal -0.2588190451025231 -0.9659258262890678 0
    outer loop
      vertex 10.302361332501977 50.38605814759156 1.49
      vertex 11.565151074942516 50.04769465589431 49.99
      vertex 10.302361332501977 50.38605814759156 49.99
    endloop
  endfacet
  facet normal -0.08715574274765678 0.9961946980917457 0
    outer loop
      vertex 10.302361332501977 52.61394185240844 1.49
      vertex 9 52.5 49.99
      vertex 10.302361332501977 52.61394185240844 49.99
    endloop
  endfacet
  facet normal -0.2588190451025231 0.9659258262890678 0
    outer loop
      vertex 11.565151074942516 52.95230534410569 1.49
      vertex 10.302361332501977 52.61394185240844 49.99
      vertex 11.565151074942516 52.95230534410569 49.99
    endloop
  endfacet
  facet normal -0.42261826174069855 -0.9063077870366504 0
    outer loop
      vertex 11.565151074942516 50.04769465589431 1.49
      vertex 12.75 49.49519052838329 49.99
      vertex 11.565151074942516 50.04769465589431 49.99
    endloop
  endfacet
  facet normal -0.42261826174069855 0.9063077870366504 0
    outer loop
      vertex 12.75 53.50480947161671 1.49
      vertex 11.565151074942516 52.95230534410569 49.99
      vertex 12.75 53.50480947161671 49.99
    endloop
  endfacet
  facet normal 0.7075086241214289 -0.061898983957449256 0.7039886807178352
    outer loop
      vertex 1.5 43 49.99
      vertex 1.6139418524084395 44.302361332501974 49.99
      vertex 1.4900497512437831 43 50
    endloop
  endfacet
  facet normal 0.7075086241214537 -0.0618989839574518 0.7039886807178102
    outer loop
      vertex 1.6139418524084395 44.302361332501974 49.99
      vertex 1.604142770288918 44.304089175065826 50
      vertex 1.4900497512437831 43 50
    endloop
  endfacet
  facet normal 0.6860113325941455 -0.1838161825671997 0.7039886807178269
    outer loop
      vertex 1.6139418524084395 44.302361332501974 49.99
      vertex 1.942955168774486 45.56855426044824 50
      vertex 1.604142770288918 44.304089175065826 50
    endloop
  endfacet
  facet normal 0.6860113325941601 -0.18381618256720333 0.703988680717812
    outer loop
      vertex 1.6139418524084395 44.302361332501974 49.99
      vertex 1.952305344105687 45.56515107494251 49.99
      vertex 1.942955168774486 45.56855426044824 50
    endloop
  endfacet
  facet normal 0.643669933864491 -0.30014821948513315 0.7039886807177983
    outer loop
      vertex 1.952305344105687 45.56515107494251 49.99
      vertex 2.496192303419852 46.754975124378106 50
      vertex 1.942955168774486 45.56855426044824 50
    endloop
  endfacet
  facet normal 0.6436699338644767 -0.3001482194851267 0.7039886807178141
    outer loop
      vertex 1.952305344105687 45.56515107494251 49.99
      vertex 2.504809471616711 46.75 49.99
      vertex 2.496192303419852 46.754975124378106 50
    endloop
  endfacet
  facet normal 0.5817709499070388 -0.4073604046363319 0.703988680717798
    outer loop
      vertex 2.504809471616711 46.75 49.99
      vertex 3.247044343840314 47.82730296926284 50
      vertex 2.496192303419852 46.754975124378106 50
    endloop
  endfacet
  facet normal 0.5817709499069914 -0.4073604046362998 0.7039886807178557
    outer loop
      vertex 2.504809471616711 46.75 49.99
      vertex 3.2546666766076653 47.82090707264904 49.99
      vertex 3.247044343840314 47.82730296926284 50
    endloop
  endfacet
  facet normal 0 0 1
    outer loop
      vertex 1.4900497512437831 43 50
      vertex 1.604142770288918 44.304089175065826 50
      vertex 1.490049751243785 60 50
    endloop
  endfacet
  facet normal 0 0 1
    outer loop
      vertex 1.3332893009411935 85.49440883690764 50
      vertex 1.4900497512437831 26 50
      vertex 1.4900497512437831 43 50
    endloop
  endfacet
  facet normal 0 0 1
    outer loop
      vertex 1.604142770288918 44.304089175065826 50
      vertex 1.942955168774486 45.56855426044824 50
      vertex 1.604142770288917 58.695910824934174 50
    endloop
  endfacet
  facet normal 0 0 1
    outer loop
      vertex 2.496192303419852 46.754975124378106 50
      vertex 1.942955168774486 57.43144573955176 50
      vertex 1.942955168774486 45.56855426044824 50
    endloop
  endfacet
  facet normal 0 0 1
    outer loop
      vertex 2.496192303419852 46.754975124378106 50
      vertex 3.247044343840314 47.82730296926284 50
      vertex 2.496192303419852 56.245024875621894 50
    endloop
  endfacet
  facet normal 0 0 1
    outer loop
      vertex 1.942955168774486 57.43144573955176 50
      vertex 2.496192303419852 46.754975124378106 50
      vertex 2.496192303419852 56.245024875621894 50
    endloop
  endfacet
  facet normal 0 0 1
    outer loop
      vertex 3.247044343840314 47.82730296926284 50
      vertex 3.247044343840314 55.17269703073716 50
      vertex 2.496192303419852 56.245024875621894 50
    endloop
  endfacet
  facet normal 0.502195150026925 -0.5021951500269215 0.7039886807178594
    outer loop
      vertex 3.2546666766076653 47.82090707264904 49.99
      vertex 4.172697030737161 48.75295565615969 50
      vertex 3.247044343840314 47.82730296926284 50
    endloop
  endfacet
  facet normal 0.5021951500268842 -0.5021951500268818 0.7039886807179168
    outer loop
      vertex 3.2546666766076653 47.82090707264904 49.99
      vertex 4.179092927350956 48.74533332339234 49.99
      vertex 4.172697030737161 48.75295565615969 50
    endloop
  endfacet
  facet normal 0 0 1
    outer loop
      vertex 3.247044343840314 47.82730296926284 50
      vertex 4.172697030737161 48.75295565615969 50
      vertex 3.247044343840314 55.17269703073716 50
    endloop
  endfacet
  facet normal 0.407360404636256 -0.5817709499069349 0.7039886807179278
    outer loop
      vertex 4.179092927350956 48.74533332339234 49.99
      vertex 5.245024875621891 49.50380769658015 50
      vertex 4.172697030737161 48.75295565615969 50
    endloop
  endfacet
  facet normal 0 0 1
    outer loop
      vertex 4.172697030737161 48.75295565615969 50
      vertex 5.245024875621891 49.50380769658015 50
      vertex 4.172697030737161 54.24704434384031 50
    endloop
  endfacet
  facet normal 0 0 1
    outer loop
      vertex 4.172697030737161 48.75295565615969 50
      vertex 4.172697030737161 54.24704434384031 50
      vertex 3.247044343840314 55.17269703073716 50
    endloop
  endfacet
  facet normal 0.4073604046363373 -0.5817709499070475 0.7039886807177878
    outer loop
      vertex 4.179092927350956 48.74533332339234 49.99
      vertex 5.25 49.49519052838329 49.99
      vertex 5.245024875621891 49.50380769658015 50
    endloop
  endfacet
  facet normal 0.3001482194851402 -0.6436699338645067 0.7039886807177808
    outer loop
      vertex 5.25 49.49519052838329 49.99
      vertex 6.431445739551757 50.05704483122551 50
      vertex 5.245024875621891 49.50380769658015 50
    endloop
  endfacet
  facet normal 0 0 1
    outer loop
      vertex 5.245024875621891 49.50380769658015 50
      vertex 6.431445739551757 50.05704483122551 50
      vertex 5.245024875621891 53.49619230341985 50
    endloop
  endfacet
  facet normal 0.3001482194851335 -0.6436699338644929 0.7039886807177963
    outer loop
      vertex 5.25 49.49519052838329 49.99
      vertex 6.4348489250574845 50.04769465589431 49.99
      vertex 6.431445739551757 50.05704483122551 50
    endloop
  endfacet
  facet normal 0 0 1
    outer loop
      vertex 5.245024875621891 49.50380769658015 50
      vertex 5.245024875621891 53.49619230341985 50
      vertex 4.172697030737161 54.24704434384031 50
    endloop
  endfacet
  facet normal 0.4073604046363356 0.5817709499070487 0.7039886807177878
    outer loop
      vertex 5.25 53.50480947161671 49.99
      vertex 4.172697030737161 54.24704434384031 50
      vertex 5.245024875621891 53.49619230341985 50
    endloop
  endfacet
  facet normal 0.30014821948514003 0.643669933864507 0.7039886807177809
    outer loop
      vertex 5.25 53.50480947161671 49.99
      vertex 5.245024875621891 53.49619230341985 50
      vertex 6.4348489250574845 52.95230534410569 49.99
    endloop
  endfacet
  facet normal 0 0 1
    outer loop
      vertex 6.431445739551757 50.05704483122551 50
      vertex 6.431445739551757 52.94295516877449 50
      vertex 5.245024875621891 53.49619230341985 50
    endloop
  endfacet
  facet normal 0.30014821948513415 0.6436699338644938 0.7039886807177954
    outer loop
      vertex 6.4348489250574845 52.95230534410569 49.99
      vertex 5.245024875621891 53.49619230341985 50
      vertex 6.431445739551757 52.94295516877449 50
    endloop
  endfacet
  facet normal 0 0 1
    outer loop
      vertex 0.05764415879030871 2.414729033951615 50
      vertex 0.05764415879030871 83.58527096604838 50
      vertex 0 83 50
    endloop
  endfacet
  facet normal 0 0 1
    outer loop
      vertex 1.604142770288918 44.304089175065826 50
      vertex 1.604142770288917 58.695910824934174 50
      vertex 1.490049751243785 60 50
    endloop
  endfacet
  facet normal 0 0 1
    outer loop
      vertex 0.22836140246614 1.8519497029047307 50
      vertex 0.22836140246614 84.14805029709527 50
      vertex 0.05764415879030871 83.58527096604838 50
    endloop
  endfacet
  facet normal 0 0 1
    outer loop
      vertex 0.5055911630923644 1.3332893009411935 50
      vertex 0.5055911630923644 84.66671069905881 50
      vertex 0.22836140246614 84.14805029709527 50
    endloop
  endfacet
  facet normal 0 0 1
    outer loop
      vertex 0.8786796564403572 0.8786796564403572 50
      vertex 0.8786796564403572 85.12132034355965 50
      vertex 0.5055911630923644 84.66671069905881 50
    endloop
  endfacet
  facet normal 0 0 1
    outer loop
      vertex 1.3332893009411935 0.5055911630923644 50
      vertex 1.3332893009411935 85.49440883690764 50
      vertex 0.8786796564403572 85.12132034355965 50
    endloop
  endfacet
  facet normal 0 0 1
    outer loop
      vertex 1.604142770288917 58.695910824934174 50
      vertex 1.942955168774486 45.56855426044824 50
      vertex 1.942955168774486 57.43144573955176 50
    endloop
  endfacet
  facet normal 0.5817709499070383 0.40736040463633255 0.703988680717798
    outer loop
      vertex 2.504809471616711 56.25 49.99
      vertex 2.496192303419852 56.245024875621894 50
      vertex 3.2546666766076653 55.17909292735096 49.99
    endloop
  endfacet
  facet normal 0.5817709499069926 0.4073604046362995 0.7039886807178548
    outer loop
      vertex 3.2546666766076653 55.17909292735096 49.99
      vertex 2.496192303419852 56.245024875621894 50
      vertex 3.247044343840314 55.17269703073716 50
    endloop
  endfacet
  facet normal 0.6436699338644911 0.3001482194851335 0.703988680717798
    outer loop
      vertex 2.504809471616711 56.25 49.99
      vertex 1.952305344105687 57.43484892505749 49.99
      vertex 1.942955168774486 57.43144573955176 50
    endloop
  endfacet
  facet normal 0.6436699338644782 0.30014821948512715 0.7039886807178126
    outer loop
      vertex 2.504809471616711 56.25 49.99
      vertex 1.942955168774486 57.43144573955176 50
      vertex 2.496192303419852 56.245024875621894 50
    endloop
  endfacet
  facet normal 0.6860113325941156 0.18381618256719143 0.7039886807178583
    outer loop
      vertex 1.952305344105687 57.43484892505749 49.99
      vertex 1.6139418524084395 58.697638667498026 49.99
      vertex 1.604142770288917 58.695910824934174 50
    endloop
  endfacet
  facet normal 0.6860113325941601 0.18381618256720408 0.7039886807178115
    outer loop
      vertex 1.952305344105687 57.43484892505749 49.99
      vertex 1.604142770288917 58.695910824934174 50
      vertex 1.942955168774486 57.43144573955176 50
    endloop
  endfacet
  facet normal 0.7075086241214225 0.06189898395744763 0.7039886807178417
    outer loop
      vertex 1.6139418524084395 58.697638667498026 49.99
      vertex 1.490049751243785 60 50
      vertex 1.604142770288917 58.695910824934174 50
    endloop
  endfacet
  facet normal 0.7075086241214913 0.06189898395745472 0.703988680717772
    outer loop
      vertex 1.6139418524084395 58.697638667498026 49.99
      vertex 1.5 60 49.99
      vertex 1.490049751243785 60 50
    endloop
  endfacet
  facet normal 0.7075086241214915 -0.06189898395745368 0.7039886807177719
    outer loop
      vertex 1.5 60 49.99
      vertex 1.604142770288917 61.304089175065826 50
      vertex 1.490049751243785 60 50
    endloop
  endfacet
  facet normal 0.7075086241214225 -0.0618989839574487 0.7039886807178417
    outer loop
      vertex 1.5 60 49.99
      vertex 1.6139418524084395 61.302361332501974 49.99
      vertex 1.604142770288917 61.304089175065826 50
    endloop
  endfacet
  facet normal 0 0 1
    outer loop
      vertex 1.3332893009411935 85.49440883690764 50
      vertex 1.4900497512437831 43 50
      vertex 1.490049751243785 60 50
    endloop
  endfacet
  facet normal 0.686011332594116 -0.18381618256719226 0.7039886807178577
    outer loop
      vertex 1.6139418524084395 61.302361332501974 49.99
      vertex 1.942955168774486 62.56855426044824 50
      vertex 1.604142770288917 61.304089175065826 50
    endloop
  endfacet
  facet normal 0.6860113325941601 -0.18381618256720333 0.703988680717812
    outer loop
      vertex 1.6139418524084395 61.302361332501974 49.99
      vertex 1.952305344105687 62.56515107494251 49.99
      vertex 1.942955168774486 62.56855426044824 50
    endloop
  endfacet
  facet normal 0.643669933864491 -0.30014821948513315 0.7039886807177983
    outer loop
      vertex 1.952305344105687 62.56515107494251 49.99
      vertex 2.496192303419852 63.754975124378106 50
      vertex 1.942955168774486 62.56855426044824 50
    endloop
  endfacet
  facet normal 0.6436699338644767 -0.3001482194851267 0.7039886807178141
    outer loop
      vertex 1.952305344105687 62.56515107494251 49.99
      vertex 2.504809471616711 63.75 49.99
      vertex 2.496192303419852 63.754975124378106 50
    endloop
  endfacet
  facet normal 0.58177094990704 -0.40736040463633 0.7039886807177982
    outer loop
      vertex 2.504809471616711 63.75 49.99
      vertex 3.247044343840314 64.82730296926285 50
      vertex 2.496192303419852 63.754975124378106 50
    endloop
  endfacet
  facet normal 0.581770949906994 -0.40736040463629886 0.7039886807178539
    outer loop
      vertex 2.504809471616711 63.75 49.99
      vertex 3.2546666766076653 64.82090707264905 49.99
      vertex 3.247044343840314 64.82730296926285 50
    endloop
  endfacet
  facet normal 0.5021951500269246 0.502195150026922 0.7039886807178594
    outer loop
      vertex 3.2546666766076653 55.17909292735096 49.99
      vertex 3.247044343840314 55.17269703073716 50
      vertex 4.179092927350956 54.25466667660766 49.99
    endloop
  endfacet
  facet normal 0.5021951500268858 0.5021951500268822 0.7039886807179153
    outer loop
      vertex 4.179092927350956 54.25466667660766 49.99
      vertex 3.247044343840314 55.17269703073716 50
      vertex 4.172697030737161 54.24704434384031 50
    endloop
  endfacet
  facet normal 0.4073604046362577 0.5817709499069338 0.7039886807179275
    outer loop
      vertex 5.25 53.50480947161671 49.99
      vertex 4.179092927350956 54.25466667660766 49.99
      vertex 4.172697030737161 54.24704434384031 50
    endloop
  endfacet
  facet normal 0.18381618256721077 -0.6860113325941803 0.7039886807177904
    outer loop
      vertex 6.4348489250574845 50.04769465589431 49.99
      vertex 7.695910824934173 50.39585722971108 50
      vertex 6.431445739551757 50.05704483122551 50
    endloop
  endfacet
  facet normal 0.18381618256721183 -0.686011332594184 0.7039886807177863
    outer loop
      vertex 6.4348489250574845 50.04769465589431 49.99
      vertex 7.697638667498023 50.38605814759156 49.99
      vertex 7.695910824934173 50.39585722971108 50
    endloop
  endfacet
  facet normal 0 0 1
    outer loop
      vertex 6.431445739551757 50.05704483122551 50
      vertex 7.695910824934173 50.39585722971108 50
      vertex 6.431445739551757 52.94295516877449 50
    endloop
  endfacet
  facet normal 0 0 1
    outer loop
      vertex 7.695910824934173 50.39585722971108 50
      vertex 7.695910824934173 52.60414277028892 50
      vertex 6.431445739551757 52.94295516877449 50
    endloop
  endfacet
  facet normal 0.18381618256721083 0.6860113325941802 0.7039886807177903
    outer loop
      vertex 6.4348489250574845 52.95230534410569 49.99
      vertex 6.431445739551757 52.94295516877449 50
      vertex 7.697638667498023 52.61394185240844 49.99
    endloop
  endfacet
  facet normal 0.18381618256721166 0.6860113325941837 0.703988680717787
    outer loop
      vertex 7.697638667498023 52.61394185240844 49.99
      vertex 6.431445739551757 52.94295516877449 50
      vertex 7.695910824934173 52.60414277028892 50
    endloop
  endfacet
  facet normal 0.06189898395745433 -0.7075086241214774 0.703988680717786
    outer loop
      vertex 7.697638667498023 50.38605814759156 49.99
      vertex 9 50.50995024875622 50
      vertex 7.695910824934173 50.39585722971108 50
    endloop
  endfacet
  facet normal 0.061898983957441304 -0.707508624121351 0.7039886807179141
    outer loop
      vertex 7.697638667498023 50.38605814759156 49.99
      vertex 9 50.5 49.99
      vertex 9 50.50995024875622 50
    endloop
  endfacet
  facet normal -0.0618989839574432 -0.7075086241213506 0.7039886807179144
    outer loop
      vertex 9 50.5 49.99
      vertex 10.304089175065828 50.39585722971108 50
      vertex 9 50.50995024875622 50
    endloop
  endfacet
  facet normal 0 0 1
    outer loop
      vertex 9 50.50995024875622 50
      vertex 7.695910824934173 52.60414277028892 50
      vertex 7.695910824934173 50.39585722971108 50
    endloop
  endfacet
  facet normal 0 0 1
    outer loop
      vertex 9 50.50995024875622 50
      vertex 9 52.49004975124378 50
      vertex 7.695910824934173 52.60414277028892 50
    endloop
  endfacet
  facet normal 0.061898983957452386 0.7075086241214776 0.7039886807177859
    outer loop
      vertex 7.697638667498023 52.61394185240844 49.99
      vertex 7.695910824934173 52.60414277028892 50
      vertex 9 52.5 49.99
    endloop
  endfacet
  facet normal 0.061898983957443234 0.7075086241213506 0.7039886807179143
    outer loop
      vertex 9 52.5 49.99
      vertex 7.695910824934173 52.60414277028892 50
      vertex 9 52.49004975124378 50
    endloop
  endfacet
  facet normal 0 0 1
    outer loop
      vertex 10.304089175065828 50.39585722971108 50
      vertex 9 52.49004975124378 50
      vertex 9 50.50995024875622 50
    endloop
  endfacet
  facet normal -0.061898983957441284 0.7075086241213506 0.7039886807179144
    outer loop
      vertex 9 52.5 49.99
      vertex 9 52.49004975124378 50
      vertex 10.302361332501977 52.61394185240844 49.99
    endloop
  endfacet
  facet normal -0.06189898395745216 -0.707508624121475 0.7039886807177886
    outer loop
      vertex 9 50.5 49.99
      vertex 10.302361332501977 50.38605814759156 49.99
      vertex 10.304089175065828 50.39585722971108 50
    endloop
  endfacet
  facet normal -0.18381618256720964 -0.6860113325941757 0.7039886807177951
    outer loop
      vertex 10.302361332501977 50.38605814759156 49.99
      vertex 11.568554260448243 50.05704483122551 50
      vertex 10.304089175065828 50.39585722971108 50
    endloop
  endfacet
  facet normal 0 0 1
    outer loop
      vertex 10.304089175065828 50.39585722971108 50
      vertex 11.568554260448243 50.05704483122551 50
      vertex 10.304089175065828 52.60414277028892 50
    endloop
  endfacet
  facet normal -0.18381618256721288 -0.6860113325941886 0.7039886807177815
    outer loop
      vertex 10.302361332501977 50.38605814759156 49.99
      vertex 11.565151074942516 50.04769465589431 49.99
      vertex 11.568554260448243 50.05704483122551 50
    endloop
  endfacet
  facet normal 0 0 1
    outer loop
      vertex 10.304089175065828 50.39585722971108 50
      vertex 10.304089175065828 52.60414277028892 50
      vertex 9 52.49004975124378 50
    endloop
  endfacet
  facet normal -0.061898983957454044 0.7075086241214746 0.7039886807177889
    outer loop
      vertex 10.302361332501977 52.61394185240844 49.99
      vertex 9 52.49004975124378 50
      vertex 10.304089175065828 52.60414277028892 50
    endloop
  endfacet
  facet normal 0 0 1
    outer loop
      vertex 10.304089175065828 52.60414277028892 50
      vertex 11.568554260448243 50.05704483122551 50
      vertex 11.568554260448243 52.94295516877449 50
    endloop
  endfacet
  facet normal -0.18381618256720947 0.6860113325941757 0.7039886807177951
    outer loop
      vertex 10.302361332501977 52.61394185240844 49.99
      vertex 10.304089175065828 52.60414277028892 50
      vertex 11.565151074942516 52.95230534410569 49.99
    endloop
  endfacet
  facet normal -0.183816182567213 0.6860113325941881 0.7039886807177821
    outer loop
      vertex 11.565151074942516 52.95230534410569 49.99
      vertex 10.304089175065828 52.60414277028892 50
      vertex 11.568554260448243 52.94295516877449 50
    endloop
  endfacet
  facet normal -0.30014821948514 -0.6436699338645058 0.703988680717782
    outer loop
      vertex 11.565151074942516 50.04769465589431 49.99
      vertex 12.754975124378108 49.50380769658015 50
      vertex 11.568554260448243 50.05704483122551 50
    endloop
  endfacet
  facet normal 0 0 1
    outer loop
      vertex 11.568554260448243 50.05704483122551 50
      vertex 12.754975124378108 49.50380769658015 50
      vertex 11.568554260448243 52.94295516877449 50
    endloop
  endfacet
  facet normal -0.3001482194851454 -0.643669933864518 0.7039886807177683
    outer loop
      vertex 11.565151074942516 50.04769465589431 49.99
      vertex 12.75 49.49519052838329 49.99
      vertex 12.754975124378108 49.50380769658015 50
    endloop
  endfacet
  facet normal 0 0 1
    outer loop
      vertex 11.568554260448243 52.94295516877449 50
      vertex 12.754975124378108 49.50380769658015 50
      vertex 13.82730296926284 48.75295565615969 50
    endloop
  endfacet
  facet normal -0.3001482194851397 0.6436699338645058 0.7039886807177819
    outer loop
      vertex 11.565151074942516 52.95230534410569 49.99
      vertex 11.568554260448243 52.94295516877449 50
      vertex 12.75 53.50480947161671 49.99
    endloop
  endfacet
  facet normal -0.30014821948514603 0.6436699338645189 0.7039886807177674
    outer loop
      vertex 12.75 53.50480947161671 49.99
      vertex 11.568554260448243 52.94295516877449 50
      vertex 12.754975124378108 53.49619230341985 50
    endloop
  endfacet
  facet normal 0.8191520442889929 0.5735764363510444 0
    outer loop
      vertex 3.2546666766076653 72.17909292735095 1.49
      vertex 2.504809471616711 73.25 49.99
      vertex 3.2546666766076653 72.17909292735095 49.99
    endloop
  endfacet
  facet normal 0.9063077870366492 0.4226182617407012 0
    outer loop
      vertex 2.504809471616711 73.25 1.49
      vertex 1.952305344105687 74.43484892505748 49.99
      vertex 2.504809471616711 73.25 49.99
    endloop
  endfacet
  facet normal 0.9659258262890688 0.25881904510251924 0
    outer loop
      vertex 1.952305344105687 74.43484892505748 1.49
      vertex 1.6139418524084395 75.69763866749803 49.99
      vertex 1.952305344105687 74.43484892505748 49.99
    endloop
  endfacet
  facet normal 0.7071067811865438 -0.7071067811865512 0
    outer loop
      vertex 3.2546666766076653 64.82090707264905 1.49
      vertex 4.179092927350956 65.74533332339233 49.99
      vertex 3.2546666766076653 64.82090707264905 49.99
    endloop
  endfacet
  facet normal 0.573576436351049 -0.8191520442889898 0
    outer loop
      vertex 4.179092927350956 65.74533332339233 1.49
      vertex 5.25 66.49519052838329 49.99
      vertex 4.179092927350956 65.74533332339233 49.99
    endloop
  endfacet
  facet normal 0.42261826174070277 -0.9063077870366485 0
    outer loop
      vertex 5.25 66.49519052838329 1.49
      vertex 6.4348489250574845 67.04769465589432 49.99
      vertex 5.25 66.49519052838329 49.99
    endloop
  endfacet
  facet normal 0.7071067811865438 0.7071067811865512 0
    outer loop
      vertex 4.179092927350956 71.25466667660767 1.49
      vertex 3.2546666766076653 72.17909292735095 49.99
      vertex 4.179092927350956 71.25466667660767 49.99
    endloop
  endfacet
  facet normal 0.573576436351049 0.8191520442889898 0
    outer loop
      vertex 5.25 70.50480947161671 1.49
      vertex 4.179092927350956 71.25466667660767 49.99
      vertex 5.25 70.50480947161671 49.99
    endloop
  endfacet
  facet normal 0.42261826174070277 0.9063077870366485 0
    outer loop
      vertex 6.4348489250574845 69.95230534410568 1.49
      vertex 5.25 70.50480947161671 49.99
      vertex 6.4348489250574845 69.95230534410568 49.99
    endloop
  endfacet
  facet normal 0.9961946980917454 0.08715574274765835 0
    outer loop
      vertex 1.6139418524084395 75.69763866749803 1.49
      vertex 1.5 77 49.99
      vertex 1.6139418524084395 75.69763866749803 49.99
    endloop
  endfacet
  facet normal 0.9961946980917454 -0.08715574274765835 0
    outer loop
      vertex 1.5 77 1.49
      vertex 1.6139418524084395 78.30236133250197 49.99
      vertex 1.5 77 49.99
    endloop
  endfacet
  facet normal 0.9659258262890688 -0.25881904510251924 0
    outer loop
      vertex 1.6139418524084395 78.30236133250197 1.49
      vertex 1.952305344105687 79.56515107494252 49.99
      vertex 1.6139418524084395 78.30236133250197 49.99
    endloop
  endfacet
  facet normal 0.9063077870366492 -0.4226182617407012 0
    outer loop
      vertex 1.952305344105687 79.56515107494252 1.49
      vertex 2.504809471616711 80.75 49.99
      vertex 1.952305344105687 79.56515107494252 49.99
    endloop
  endfacet
  facet normal -0.9951847266721968 0.09801714032956084 0
    outer loop
      vertex 0 83 0
      vertex 0 83 50
      vertex 0.05764415879030871 83.58527096604838 50
    endloop
  endfacet
  facet normal -0.9569403357322086 0.29028467725446333 0
    outer loop
      vertex 0.05764415879030871 83.58527096604838 0
      vertex 0.05764415879030871 83.58527096604838 50
      vertex 0.22836140246614 84.14805029709527 50
    endloop
  endfacet
  facet normal -0.8819212643483577 0.47139673682599287 0
    outer loop
      vertex 0.22836140246614 84.14805029709527 0
      vertex 0.22836140246614 84.14805029709527 50
      vertex 0.5055911630923644 84.66671069905881 50
    endloop
  endfacet
  facet normal -0.7730104533627363 0.6343932841636463 0
    outer loop
      vertex 0.5055911630923644 84.66671069905881 0
      vertex 0.5055911630923644 84.66671069905881 50
      vertex 0.8786796564403572 85.12132034355965 50
    endloop
  endfacet
  facet normal -0.6343932841636448 0.7730104533627375 0
    outer loop
      vertex 0.8786796564403572 85.12132034355965 0
      vertex 0.8786796564403572 85.12132034355965 50
      vertex 1.3332893009411935 85.49440883690764 50
    endloop
  endfacet
  facet normal -0.47139673682600103 0.8819212643483532 0
    outer loop
      vertex 1.3332893009411935 85.49440883690764 0
      vertex 1.3332893009411935 85.49440883690764 50
      vertex 1.8519497029047307 85.77163859753387 50
    endloop
  endfacet
  facet normal 0.8191520442889929 -0.5735764363510444 0
    outer loop
      vertex 2.504809471616711 80.75 1.49
      vertex 3.2546666766076653 81.82090707264905 49.99
      vertex 2.504809471616711 80.75 49.99
    endloop
  endfacet
  facet normal -0.2902846772544516 0.956940335732212 0
    outer loop
      vertex 1.8519497029047307 85.77163859753387 0
      vertex 1.8519497029047307 85.77163859753387 50
      vertex 2.414729033951615 85.94235584120969 50
    endloop
  endfacet
  facet normal -0.0980171403295637 0.9951847266721966 0
    outer loop
      vertex 2.414729033951615 85.94235584120969 0
      vertex 2.414729033951615 85.94235584120969 50
      vertex 3 86 50
    endloop
  endfacet
  facet normal 0.7071067811865438 -0.7071067811865512 0
    outer loop
      vertex 3.2546666766076653 81.82090707264905 1.49
      vertex 4.179092927350956 82.74533332339233 49.99
      vertex 3.2546666766076653 81.82090707264905 49.99
    endloop
  endfacet
  facet normal 0.573576436351049 -0.8191520442889898 0
    outer loop
      vertex 4.179092927350956 82.74533332339233 1.49
      vertex 5.25 83.49519052838329 49.99
      vertex 4.179092927350956 82.74533332339233 49.99
    endloop
  endfacet
  facet normal 0.42261826174070277 -0.9063077870366485 0
    outer loop
      vertex 5.25 83.49519052838329 1.49
      vertex 6.4348489250574845 84.04769465589432 49.99
      vertex 5.25 83.49519052838329 49.99
    endloop
  endfacet
  facet normal 0.2588190451025131 -0.9659258262890703 0
    outer loop
      vertex 6.4348489250574845 67.04769465589432 1.49
      vertex 7.697638667498023 67.38605814759156 49.99
      vertex 6.4348489250574845 67.04769465589432 49.99
    endloop
  endfacet
  facet normal 0.2588190451025131 0.9659258262890703 0
    outer loop
      vertex 7.697638667498023 69.61394185240844 1.49
      vertex 6.4348489250574845 69.95230534410568 49.99
      vertex 7.697638667498023 69.61394185240844 49.99
    endloop
  endfacet
  facet normal 0.08715574274766216 -0.9961946980917451 0
    outer loop
      vertex 7.697638667498023 67.38605814759156 1.49
      vertex 9 67.5 49.99
      vertex 7.697638667498023 67.38605814759156 49.99
    endloop
  endfacet
  facet normal 0.08715574274766216 0.9961946980917451 0
    outer loop
      vertex 9 69.5 1.49
      vertex 7.697638667498023 69.61394185240844 49.99
      vertex 9 69.5 49.99
    endloop
  endfacet
  facet normal -0.08715574274766216 -0.9961946980917451 0
    outer loop
      vertex 9 67.5 1.49
      vertex 10.302361332501977 67.38605814759156 49.99
      vertex 9 67.5 49.99
    endloop
  endfacet
  facet normal -0.08715574274766216 0.9961946980917451 0
    outer loop
      vertex 10.302361332501977 69.61394185240844 1.49
      vertex 9 69.5 49.99
      vertex 10.302361332501977 69.61394185240844 49.99
    endloop
  endfacet
  facet normal -0.2588190451025129 -0.9659258262890703 0
    outer loop
      vertex 10.302361332501977 67.38605814759156 1.49
      vertex 11.565151074942516 67.04769465589432 49.99
      vertex 10.302361332501977 67.38605814759156 49.99
    endloop
  endfacet
  facet normal -0.2588190451025129 0.9659258262890703 0
    outer loop
      vertex 11.565151074942516 69.95230534410568 1.49
      vertex 10.302361332501977 69.61394185240844 49.99
      vertex 11.565151074942516 69.95230534410568 49.99
    endloop
  endfacet
  facet normal -0.42261826174070305 -0.9063077870366484 0
    outer loop
      vertex 11.565151074942516 67.04769465589432 1.49
      vertex 12.75 66.49519052838329 49.99
      vertex 11.565151074942516 67.04769465589432 49.99
    endloop
  endfacet
  facet normal -0.42261826174070305 0.9063077870366484 0
    outer loop
      vertex 12.75 70.50480947161671 1.49
      vertex 11.565151074942516 69.95230534410568 49.99
      vertex 12.75 70.50480947161671 49.99
    endloop
  endfacet
  facet normal 0.2588190451025131 -0.9659258262890703 0
    outer loop
      vertex 6.4348489250574845 84.04769465589432 1.49
      vertex 7.697638667498023 84.38605814759156 49.99
      vertex 6.4348489250574845 84.04769465589432 49.99
    endloop
  endfacet
  facet normal 0.08715574274766216 -0.9961946980917451 0
    outer loop
      vertex 7.697638667498023 84.38605814759156 1.49
      vertex 9 84.5 49.99
      vertex 7.697638667498023 84.38605814759156 49.99
    endloop
  endfacet
  facet normal -0.08715574274766216 -0.9961946980917451 0
    outer loop
      vertex 9 84.5 1.49
      vertex 10.302361332501977 84.38605814759156 49.99
      vertex 9 84.5 49.99
    endloop
  endfacet
  facet normal -0.2588190451025129 -0.9659258262890703 0
    outer loop
      vertex 10.302361332501977 84.38605814759156 1.49
      vertex 11.565151074942516 84.04769465589432 49.99
      vertex 10.302361332501977 84.38605814759156 49.99
    endloop
  endfacet
  facet normal -0.42261826174070305 -0.9063077870366484 0
    outer loop
      vertex 11.565151074942516 84.04769465589432 1.49
      vertex 12.75 83.49519052838329 49.99
      vertex 11.565151074942516 84.04769465589432 49.99
    endloop
  endfacet
  facet normal 0 0 1
    outer loop
      vertex 1.490049751243785 60 50
      vertex 1.604142770288917 61.304089175065826 50
      vertex 1.4900497512437831 77 50
    endloop
  endfacet
  facet normal 0 0 1
    outer loop
      vertex 1.604142770288917 61.304089175065826 50
      vertex 1.942955168774486 62.56855426044824 50
      vertex 1.604142770288917 75.69591082493417 50
    endloop
  endfacet
  facet normal 0 0 1
    outer loop
      vertex 1.604142770288917 75.69591082493417 50
      vertex 1.942955168774486 62.56855426044824 50
      vertex 2.496192303419852 63.754975124378106 50
    endloop
  endfacet
  facet normal 0 0 1
    outer loop
      vertex 2.496192303419852 63.754975124378106 50
      vertex 3.247044343840314 64.82730296926285 50
      vertex 2.496192303419852 73.2450248756219 50
    endloop
  endfacet
  facet normal 0 0 1
    outer loop
      vertex 1.604142770288917 61.304089175065826 50
      vertex 1.604142770288917 75.69591082493417 50
      vertex 1.4900497512437831 77 50
    endloop
  endfacet
  facet normal 0 0 1
    outer loop
      vertex 1.3332893009411935 85.49440883690764 50
      vertex 1.490049751243785 60 50
      vertex 1.4900497512437831 77 50
    endloop
  endfacet
  facet normal 0 0 1
    outer loop
      vertex 1.9429551687744864 74.43144573955175 50
      vertex 2.496192303419852 63.754975124378106 50
      vertex 2.496192303419852 73.2450248756219 50
    endloop
  endfacet
  facet normal 0 0 1
    outer loop
      vertex 2.496192303419852 63.754975124378106 50
      vertex 1.9429551687744864 74.43144573955175 50
      vertex 1.604142770288917 75.69591082493417 50
    endloop
  endfacet
  facet normal 0 0 1
    outer loop
      vertex 3.247044343840314 64.82730296926285 50
      vertex 3.247044343840314 72.17269703073715 50
      vertex 2.496192303419852 73.2450248756219 50
    endloop
  endfacet
  facet normal 0.581770949906994 0.40736040463629775 0.7039886807178547
    outer loop
      vertex 3.2546666766076653 72.17909292735095 49.99
      vertex 2.496192303419852 73.2450248756219 50
      vertex 3.247044343840314 72.17269703073715 50
    endloop
  endfacet
  facet normal 0.6436699338644768 0.3001482194851299 0.7039886807178128
    outer loop
      vertex 2.504809471616711 73.25 49.99
      vertex 1.9429551687744864 74.43144573955175 50
      vertex 2.496192303419852 73.2450248756219 50
    endloop
  endfacet
  facet normal 0.6860113325941123 0.18381618256718946 0.703988680717862
    outer loop
      vertex 1.952305344105687 74.43484892505748 49.99
      vertex 1.604142770288917 75.69591082493417 50
      vertex 1.9429551687744864 74.43144573955175 50
    endloop
  endfacet
  facet normal 0.6436699338644066 0.30014821948509585 0.7039886807178913
    outer loop
      vertex 1.952305344105687 74.43484892505748 49.99
      vertex 1.9429551687744864 74.43144573955175 50
      vertex 2.504809471616711 73.25 49.99
    endloop
  endfacet
  facet normal 0.5817709499070395 0.4073604046363307 0.7039886807177981
    outer loop
      vertex 2.504809471616711 73.25 49.99
      vertex 2.496192303419852 73.2450248756219 50
      vertex 3.2546666766076653 72.17909292735095 49.99
    endloop
  endfacet
  facet normal 0.5021951500269214 -0.5021951500269255 0.703988680717859
    outer loop
      vertex 3.2546666766076653 64.82090707264905 49.99
      vertex 4.172697030737161 65.75295565615968 50
      vertex 3.247044343840314 64.82730296926285 50
    endloop
  endfacet
  facet normal 0.5021951500268812 -0.5021951500268865 0.7039886807179153
    outer loop
      vertex 3.2546666766076653 64.82090707264905 49.99
      vertex 4.179092927350956 65.74533332339233 49.99
      vertex 4.172697030737161 65.75295565615968 50
    endloop
  endfacet
  facet normal 0.40736040463626105 -0.5817709499069311 0.703988680717928
    outer loop
      vertex 4.179092927350956 65.74533332339233 49.99
      vertex 5.245024875621891 66.50380769658015 50
      vertex 4.172697030737161 65.75295565615968 50
    endloop
  endfacet
  facet normal 0 0 1
    outer loop
      vertex 3.247044343840314 64.82730296926285 50
      vertex 4.172697030737161 65.75295565615968 50
      vertex 3.247044343840314 72.17269703073715 50
    endloop
  endfacet
  facet normal 0 0 1
    outer loop
      vertex 4.172697030737161 65.75295565615968 50
      vertex 4.172697030737161 71.24704434384032 50
      vertex 3.247044343840314 72.17269703073715 50
    endloop
  endfacet
  facet normal 0 0 1
    outer loop
      vertex 4.172697030737161 65.75295565615968 50
      vertex 5.245024875621891 66.50380769658015 50
      vertex 4.172697030737161 71.24704434384032 50
    endloop
  endfacet
  facet normal 0.40736040463622103 -0.581770949906876 0.7039886807179968
    outer loop
      vertex 4.179092927350956 65.74533332339233 49.99
      vertex 5.25 66.49519052838329 49.99
      vertex 5.245024875621891 66.50380769658015 50
    endloop
  endfacet
  facet normal 0.3001482194850467 -0.6436699338642979 0.7039886807180117
    outer loop
      vertex 5.25 66.49519052838329 49.99
      vertex 6.431445739551757 67.05704483122553 50
      vertex 5.245024875621891 66.50380769658015 50
    endloop
  endfacet
  facet normal 0.30014821948504056 -0.6436699338642853 0.7039886807180257
    outer loop
      vertex 5.25 66.49519052838329 49.99
      vertex 6.4348489250574845 67.04769465589432 49.99
      vertex 6.431445739551757 67.05704483122553 50
    endloop
  endfacet
  facet normal 0 0 1
    outer loop
      vertex 5.245024875621891 66.50380769658015 50
      vertex 6.431445739551757 67.05704483122553 50
      vertex 5.245024875621891 70.49619230341985 50
    endloop
  endfacet
  facet normal 0 0 1
    outer loop
      vertex 5.245024875621891 66.50380769658015 50
      vertex 5.245024875621891 70.49619230341985 50
      vertex 4.172697030737161 71.24704434384032 50
    endloop
  endfacet
  facet normal 0 0 1
    outer loop
      vertex 6.431445739551757 67.05704483122553 50
      vertex 6.431445739551757 69.94295516877447 50
      vertex 5.245024875621891 70.49619230341985 50
    endloop
  endfacet
  facet normal 0.5021951500269208 0.502195150026926 0.703988680717859
    outer loop
      vertex 3.2546666766076653 72.17909292735095 49.99
      vertex 3.247044343840314 72.17269703073715 50
      vertex 4.179092927350956 71.25466667660767 49.99
    endloop
  endfacet
  facet normal 0.5021951500268819 0.5021951500268859 0.7039886807179155
    outer loop
      vertex 4.179092927350956 71.25466667660767 49.99
      vertex 3.247044343840314 72.17269703073715 50
      vertex 4.172697030737161 71.24704434384032 50
    endloop
  endfacet
  facet normal 0.4073604046362601 0.5817709499069317 0.7039886807179279
    outer loop
      vertex 4.179092927350956 71.25466667660767 49.99
      vertex 4.172697030737161 71.24704434384032 50
      vertex 5.25 70.50480947161671 49.99
    endloop
  endfacet
  facet normal 0.4073604046362223 0.581770949906876 0.7039886807179958
    outer loop
      vertex 5.25 70.50480947161671 49.99
      vertex 4.172697030737161 71.24704434384032 50
      vertex 5.245024875621891 70.49619230341985 50
    endloop
  endfacet
  facet normal 0.3001482194850465 0.643669933864298 0.7039886807180117
    outer loop
      vertex 5.25 70.50480947161671 49.99
      vertex 5.245024875621891 70.49619230341985 50
      vertex 6.4348489250574845 69.95230534410568 49.99
    endloop
  endfacet
  facet normal 0.3001482194850407 0.6436699338642851 0.7039886807180258
    outer loop
      vertex 6.4348489250574845 69.95230534410568 49.99
      vertex 5.245024875621891 70.49619230341985 50
      vertex 6.431445739551757 69.94295516877447 50
    endloop
  endfacet
  facet normal 0.7075086241214223 0.06189898395744858 0.7039886807178418
    outer loop
      vertex 1.6139418524084395 75.69763866749803 49.99
      vertex 1.4900497512437831 77 50
      vertex 1.604142770288917 75.69591082493417 50
    endloop
  endfacet
  facet normal 0.707508624121429 0.06189898395744927 0.7039886807178352
    outer loop
      vertex 1.6139418524084395 75.69763866749803 49.99
      vertex 1.5 77 49.99
      vertex 1.4900497512437831 77 50
    endloop
  endfacet
  facet normal 0.7075086241214288 -0.06189898395744916 0.7039886807178352
    outer loop
      vertex 1.5 77 49.99
      vertex 1.604142770288917 78.30408917506583 50
      vertex 1.4900497512437831 77 50
    endloop
  endfacet
  facet normal 0.7075086241214225 -0.0618989839574487 0.7039886807178417
    outer loop
      vertex 1.5 77 49.99
      vertex 1.6139418524084395 78.30236133250197 49.99
      vertex 1.604142770288917 78.30408917506583 50
    endloop
  endfacet
  facet normal 0 0 1
    outer loop
      vertex 1.3332893009411935 85.49440883690764 50
      vertex 1.4900497512437831 77 50
      vertex 1.604142770288917 78.30408917506583 50
    endloop
  endfacet
  facet normal 0.6860113325941167 0.1838161825671907 0.7039886807178576
    outer loop
      vertex 1.952305344105687 74.43484892505748 49.99
      vertex 1.6139418524084395 75.69763866749803 49.99
      vertex 1.604142770288917 75.69591082493417 50
    endloop
  endfacet
  facet normal 0.6860113325941165 -0.18381618256719046 0.7039886807178578
    outer loop
      vertex 1.6139418524084395 78.30236133250197 49.99
      vertex 1.9429551687744862 79.56855426044825 50
      vertex 1.604142770288917 78.30408917506583 50
    endloop
  endfacet
  facet normal 0.6860113325941045 -0.1838161825671874 0.7039886807178704
    outer loop
      vertex 1.6139418524084395 78.30236133250197 49.99
      vertex 1.952305344105687 79.56515107494252 49.99
      vertex 1.9429551687744862 79.56855426044825 50
    endloop
  endfacet
  facet normal 0.6436699338643996 -0.30014821948509424 0.7039886807178986
    outer loop
      vertex 1.952305344105687 79.56515107494252 49.99
      vertex 2.4961923034198525 80.7549751243781 50
      vertex 1.9429551687744862 79.56855426044825 50
    endloop
  endfacet
  facet normal 0.6436699338644891 -0.3001482194851343 0.7039886807177995
    outer loop
      vertex 1.952305344105687 79.56515107494252 49.99
      vertex 2.504809471616711 80.75 49.99
      vertex 2.4961923034198525 80.7549751243781 50
    endloop
  endfacet
  facet normal 0 0 1
    outer loop
      vertex 1.3332893009411935 85.49440883690764 50
      vertex 1.604142770288917 78.30408917506583 50
      vertex 1.9429551687744862 79.56855426044825 50
    endloop
  endfacet
  facet normal 0 0 1
    outer loop
      vertex 1.8519497029047307 85.77163859753387 50
      vertex 1.9429551687744862 79.56855426044825 50
      vertex 2.4961923034198525 80.7549751243781 50
    endloop
  endfacet
  facet normal 0.5817709499070507 -0.4073604046363372 0.7039886807177851
    outer loop
      vertex 2.504809471616711 80.75 49.99
      vertex 3.247044343840314 81.82730296926285 50
      vertex 2.4961923034198525 80.7549751243781 50
    endloop
  endfacet
  facet normal 0.581770949906994 -0.40736040463629886 0.7039886807178539
    outer loop
      vertex 2.504809471616711 80.75 49.99
      vertex 3.2546666766076653 81.82090707264905 49.99
      vertex 3.247044343840314 81.82730296926285 50
    endloop
  endfacet
  facet normal 0 0 1
    outer loop
      vertex 2.414729033951615 85.94235584120969 50
      vertex 2.4961923034198525 80.7549751243781 50
      vertex 3.247044343840314 81.82730296926285 50
    endloop
  endfacet
  facet normal 0 0 1
    outer loop
      vertex 1.3332893009411935 85.49440883690764 50
      vertex 1.9429551687744862 79.56855426044825 50
      vertex 1.8519497029047307 85.77163859753387 50
    endloop
  endfacet
  facet normal 0 0 1
    outer loop
      vertex 1.8519497029047307 85.77163859753387 50
      vertex 2.4961923034198525 80.7549751243781 50
      vertex 2.414729033951615 85.94235584120969 50
    endloop
  endfacet
  facet normal 0 0 1
    outer loop
      vertex 2.414729033951615 85.94235584120969 50
      vertex 3.247044343840314 81.82730296926285 50
      vertex 3 86 50
    endloop
  endfacet
  facet normal 0.5021951500269214 -0.5021951500269255 0.703988680717859
    outer loop
      vertex 3.2546666766076653 81.82090707264905 49.99
      vertex 4.172697030737161 82.75295565615968 50
      vertex 3.247044343840314 81.82730296926285 50
    endloop
  endfacet
  facet normal 0.5021951500268812 -0.5021951500268865 0.7039886807179153
    outer loop
      vertex 3.2546666766076653 81.82090707264905 49.99
      vertex 4.179092927350956 82.74533332339233 49.99
      vertex 4.172697030737161 82.75295565615968 50
    endloop
  endfacet
  facet normal 0.40736040463626105 -0.5817709499069311 0.703988680717928
    outer loop
      vertex 4.179092927350956 82.74533332339233 49.99
      vertex 5.245024875621891 83.50380769658015 50
      vertex 4.172697030737161 82.75295565615968 50
    endloop
  endfacet
  facet normal 0 0 1
    outer loop
      vertex 3 86 50
      vertex 3.247044343840314 81.82730296926285 50
      vertex 4.172697030737161 82.75295565615968 50
    endloop
  endfacet
  facet normal 0 0 1
    outer loop
      vertex 3 86 50
      vertex 4.172697030737161 82.75295565615968 50
      vertex 5.245024875621891 83.50380769658015 50
    endloop
  endfacet
  facet normal 0.40736040463622103 -0.581770949906876 0.7039886807179968
    outer loop
      vertex 4.179092927350956 82.74533332339233 49.99
      vertex 5.25 83.49519052838329 49.99
      vertex 5.245024875621891 83.50380769658015 50
    endloop
  endfacet
  facet normal 0 0 1
    outer loop
      vertex 3 86 50
      vertex 5.245024875621891 83.50380769658015 50
      vertex 6.431445739551757 84.05704483122553 50
    endloop
  endfacet
  facet normal 0.3001482194850467 -0.6436699338642979 0.7039886807180117
    outer loop
      vertex 5.25 83.49519052838329 49.99
      vertex 6.431445739551757 84.05704483122553 50
      vertex 5.245024875621891 83.50380769658015 50
    endloop
  endfacet
  facet normal 0.30014821948504056 -0.6436699338642853 0.7039886807180257
    outer loop
      vertex 5.25 83.49519052838329 49.99
      vertex 6.4348489250574845 84.04769465589432 49.99
      vertex 6.431445739551757 84.05704483122553 50
    endloop
  endfacet
  facet normal 0 0 1
    outer loop
      vertex 3 86 50
      vertex 6.431445739551757 84.05704483122553 50
      vertex 7.695910824934173 84.39585722971108 50
    endloop
  endfacet
  facet normal 0.18381618256714058 -0.6860113325939471 0.7039886807180359
    outer loop
      vertex 6.4348489250574845 67.04769465589432 49.99
      vertex 7.695910824934173 67.39585722971108 50
      vertex 6.431445739551757 67.05704483122553 50
    endloop
  endfacet
  facet normal 0 0 1
    outer loop
      vertex 6.431445739551757 67.05704483122553 50
      vertex 7.695910824934173 67.39585722971108 50
      vertex 6.431445739551757 69.94295516877447 50
    endloop
  endfacet
  facet normal 0.1838161825671414 -0.6860113325939501 0.7039886807180328
    outer loop
      vertex 6.4348489250574845 67.04769465589432 49.99
      vertex 7.697638667498023 67.38605814759156 49.99
      vertex 7.695910824934173 67.39585722971108 50
    endloop
  endfacet
  facet normal 0.18381618256714063 0.6860113325939471 0.7039886807180359
    outer loop
      vertex 6.4348489250574845 69.95230534410568 49.99
      vertex 6.431445739551757 69.94295516877447 50
      vertex 7.697638667498023 69.61394185240844 49.99
    endloop
  endfacet
  facet normal 0 0 1
    outer loop
      vertex 7.695910824934173 67.39585722971108 50
      vertex 7.695910824934173 69.60414277028892 50
      vertex 6.431445739551757 69.94295516877447 50
    endloop
  endfacet
  facet normal 0.18381618256714127 0.6860113325939498 0.703988680718033
    outer loop
      vertex 7.697638667498023 69.61394185240844 49.99
      vertex 6.431445739551757 69.94295516877447 50
      vertex 7.695910824934173 69.60414277028892 50
    endloop
  endfacet
  facet normal 0.0618989839574286 -0.7075086241212274 0.7039886807180394
    outer loop
      vertex 7.697638667498023 67.38605814759156 49.99
      vertex 9 67.50995024875621 50
      vertex 7.695910824934173 67.39585722971108 50
    endloop
  endfacet
  facet normal 0 0 1
    outer loop
      vertex 7.695910824934173 67.39585722971108 50
      vertex 9 67.50995024875621 50
      vertex 7.695910824934173 69.60414277028892 50
    endloop
  endfacet
  facet normal 0.06189898395746704 -0.707508624121601 0.7039886807176607
    outer loop
      vertex 7.697638667498023 67.38605814759156 49.99
      vertex 9 67.5 49.99
      vertex 9 67.50995024875621 50
    endloop
  endfacet
  facet normal 0.0618989839574343 0.7075086241212268 0.7039886807180397
    outer loop
      vertex 7.697638667498023 69.61394185240844 49.99
      vertex 7.695910824934173 69.60414277028892 50
      vertex 9 69.5 49.99
    endloop
  endfacet
  facet normal 0 0 1
    outer loop
      vertex 9 67.50995024875621 50
      vertex 9 69.49004975124379 50
      vertex 7.695910824934173 69.60414277028892 50
    endloop
  endfacet
  facet normal 0.0618989839574613 0.7075086241216012 0.7039886807176611
    outer loop
      vertex 9 69.5 49.99
      vertex 7.695910824934173 69.60414277028892 50
      vertex 9 69.49004975124379 50
    endloop
  endfacet
  facet normal -0.061898983957461254 -0.7075086241216012 0.703988680717661
    outer loop
      vertex 9 67.5 49.99
      vertex 10.304089175065828 67.39585722971108 50
      vertex 9 67.50995024875621 50
    endloop
  endfacet
  facet normal 0 0 1
    outer loop
      vertex 9 67.50995024875621 50
      vertex 10.304089175065828 67.39585722971108 50
      vertex 9 69.49004975124379 50
    endloop
  endfacet
  facet normal -0.06189898395746704 0.707508624121601 0.7039886807176607
    outer loop
      vertex 9 69.5 49.99
      vertex 9 69.49004975124379 50
      vertex 10.302361332501977 69.61394185240844 49.99
    endloop
  endfacet
  facet normal -0.18381618256714266 -0.6860113325939553 0.7039886807180274
    outer loop
      vertex 10.302361332501977 67.38605814759156 49.99
      vertex 11.565151074942516 67.04769465589432 49.99
      vertex 11.568554260448243 67.05704483122553 50
    endloop
  endfacet
  facet normal -0.06189898395743406 -0.707508624121224 0.7039886807180425
    outer loop
      vertex 9 67.5 49.99
      vertex 10.302361332501977 67.38605814759156 49.99
      vertex 10.304089175065828 67.39585722971108 50
    endloop
  endfacet
  facet normal 0 0 1
    outer loop
      vertex 10.304089175065828 67.39585722971108 50
      vertex 10.304089175065828 69.60414277028892 50
      vertex 9 69.49004975124379 50
    endloop
  endfacet
  facet normal -0.06189898395742833 0.7075086241212248 0.7039886807180422
    outer loop
      vertex 10.302361332501977 69.61394185240844 49.99
      vertex 9 69.49004975124379 50
      vertex 10.304089175065828 69.60414277028892 50
    endloop
  endfacet
  facet normal -0.1838161825671393 -0.686011332593942 0.7039886807180413
    outer loop
      vertex 10.302361332501977 67.38605814759156 49.99
      vertex 11.568554260448243 67.05704483122553 50
      vertex 10.304089175065828 67.39585722971108 50
    endloop
  endfacet
  facet normal 0 0 1
    outer loop
      vertex 10.304089175065828 67.39585722971108 50
      vertex 11.568554260448243 67.05704483122553 50
      vertex 10.304089175065828 69.60414277028892 50
    endloop
  endfacet
  facet normal -0.18381618256713905 0.6860113325939419 0.7039886807180412
    outer loop
      vertex 10.302361332501977 69.61394185240844 49.99
      vertex 10.304089175065828 69.60414277028892 50
      vertex 11.565151074942516 69.95230534410568 49.99
    endloop
  endfacet
  facet normal 0 0 1
    outer loop
      vertex 11.568554260448243 67.05704483122553 50
      vertex 11.568554260448243 69.94295516877447 50
      vertex 10.304089175065828 69.60414277028892 50
    endloop
  endfacet
  facet normal -0.1838161825671428 0.6860113325939549 0.7039886807180276
    outer loop
      vertex 11.565151074942516 69.95230534410568 49.99
      vertex 10.304089175065828 69.60414277028892 50
      vertex 11.568554260448243 69.94295516877447 50
    endloop
  endfacet
  facet normal -0.3001482194850465 -0.6436699338642972 0.7039886807180123
    outer loop
      vertex 11.565151074942516 67.04769465589432 49.99
      vertex 12.754975124378108 66.50380769658015 50
      vertex 11.568554260448243 67.05704483122553 50
    endloop
  endfacet
  facet normal -0.30014821948505205 -0.6436699338643095 0.7039886807179987
    outer loop
      vertex 11.565151074942516 67.04769465589432 49.99
      vertex 12.75 66.49519052838329 49.99
      vertex 12.754975124378108 66.50380769658015 50
    endloop
  endfacet
  facet normal 0 0 1
    outer loop
      vertex 11.568554260448243 69.94295516877447 50
      vertex 11.568554260448243 67.05704483122553 50
      vertex 12.754975124378108 66.50380769658015 50
    endloop
  endfacet
  facet normal 0 0 1
    outer loop
      vertex 11.568554260448243 69.94295516877447 50
      vertex 12.754975124378108 66.50380769658015 50
      vertex 13.827302969262837 65.75295565615968 50
    endloop
  endfacet
  facet normal -0.30014821948504633 0.6436699338642973 0.7039886807180123
    outer loop
      vertex 11.565151074942516 69.95230534410568 49.99
      vertex 11.568554260448243 69.94295516877447 50
      vertex 12.75 70.50480947161671 49.99
    endloop
  endfacet
  facet normal -0.3001482194850525 0.6436699338643099 0.7039886807179982
    outer loop
      vertex 12.75 70.50480947161671 49.99
      vertex 11.568554260448243 69.94295516877447 50
      vertex 12.754975124378108 70.49619230341985 50
    endloop
  endfacet
  facet normal 0.18381618256714058 -0.6860113325939471 0.7039886807180359
    outer loop
      vertex 6.4348489250574845 84.04769465589432 49.99
      vertex 7.695910824934173 84.39585722971108 50
      vertex 6.431445739551757 84.05704483122553 50
    endloop
  endfacet
  facet normal 0.1838161825671414 -0.6860113325939501 0.7039886807180328
    outer loop
      vertex 6.4348489250574845 84.04769465589432 49.99
      vertex 7.697638667498023 84.38605814759156 49.99
      vertex 7.695910824934173 84.39585722971108 50
    endloop
  endfacet
  facet normal 0 0 1
    outer loop
      vertex 3 86 50
      vertex 7.695910824934173 84.39585722971108 50
      vertex 9 84.50995024875621 50
    endloop
  endfacet
  facet normal 0 0 1
    outer loop
      vertex 3 86 50
      vertex 9 84.50995024875621 50
      vertex 10.304089175065828 84.39585722971108 50
    endloop
  endfacet
  facet normal 0.0618989839574286 -0.7075086241212274 0.7039886807180394
    outer loop
      vertex 7.697638667498023 84.38605814759156 49.99
      vertex 9 84.50995024875621 50
      vertex 7.695910824934173 84.39585722971108 50
    endloop
  endfacet
  facet normal 0.06189898395746704 -0.707508624121601 0.7039886807176607
    outer loop
      vertex 7.697638667498023 84.38605814759156 49.99
      vertex 9 84.5 49.99
      vertex 9 84.50995024875621 50
    endloop
  endfacet
  facet normal -0.061898983957461254 -0.7075086241216012 0.703988680717661
    outer loop
      vertex 9 84.5 49.99
      vertex 10.304089175065828 84.39585722971108 50
      vertex 9 84.50995024875621 50
    endloop
  endfacet
  facet normal -0.06189898395743406 -0.707508624121224 0.7039886807180425
    outer loop
      vertex 9 84.5 49.99
      vertex 10.302361332501977 84.38605814759156 49.99
      vertex 10.304089175065828 84.39585722971108 50
    endloop
  endfacet
  facet normal -0.1838161825671393 -0.686011332593942 0.7039886807180413
    outer loop
      vertex 10.302361332501977 84.38605814759156 49.99
      vertex 11.568554260448243 84.05704483122553 50
      vertex 10.304089175065828 84.39585722971108 50
    endloop
  endfacet
  facet normal -0.18381618256714266 -0.6860113325939553 0.7039886807180274
    outer loop
      vertex 10.302361332501977 84.38605814759156 49.99
      vertex 11.565151074942516 84.04769465589432 49.99
      vertex 11.568554260448243 84.05704483122553 50
    endloop
  endfacet
  facet normal -0.3001482194850465 -0.6436699338642972 0.7039886807180123
    outer loop
      vertex 11.565151074942516 84.04769465589432 49.99
      vertex 12.754975124378108 83.50380769658015 50
      vertex 11.568554260448243 84.05704483122553 50
    endloop
  endfacet
  facet normal -0.30014821948505205 -0.6436699338643095 0.7039886807179987
    outer loop
      vertex 11.565151074942516 84.04769465589432 49.99
      vertex 12.75 83.49519052838329 49.99
      vertex 12.754975124378108 83.50380769658015 50
    endloop
  endfacet
  facet normal -0.9659258262890678 -0.2588190451025231 0
    outer loop
      vertex 16.04769465589431 45.56515107494251 1.49
      vertex 16.386058147591562 44.302361332501974 49.99
      vertex 16.04769465589431 45.56515107494251 49.99
    endloop
  endfacet
  facet normal -0.8191520442889906 -0.5735764363510478 0
    outer loop
      vertex 14.745333323392334 47.82090707264904 1.49
      vertex 15.49519052838329 46.75 49.99
      vertex 14.745333323392334 47.82090707264904 49.99
    endloop
  endfacet
  facet normal -0.9063077870366508 -0.4226182617406975 0
    outer loop
      vertex 15.49519052838329 46.75 1.49
      vertex 16.04769465589431 45.56515107494251 49.99
      vertex 15.49519052838329 46.75 49.99
    endloop
  endfacet
  facet normal -0.5735764363510454 -0.8191520442889924 0
    outer loop
      vertex 12.75 49.49519052838329 1.49
      vertex 13.820907072649044 48.74533332339234 49.99
      vertex 12.75 49.49519052838329 49.99
    endloop
  endfacet
  facet normal -0.7071067811865496 -0.7071067811865455 0
    outer loop
      vertex 13.820907072649044 48.74533332339234 1.49
      vertex 14.745333323392334 47.82090707264904 49.99
      vertex 13.820907072649044 48.74533332339234 49.99
    endloop
  endfacet
  facet normal -0.9961946980917455 -0.087155742747657 0
    outer loop
      vertex 16.386058147591562 44.302361332501974 1.49
      vertex 16.5 43 49.99
      vertex 16.386058147591562 44.302361332501974 49.99
    endloop
  endfacet
  facet normal 0.9961946980917455 -0.087155742747657 0
    outer loop
      vertex 18.5 43 1.49
      vertex 18.613941852408438 44.302361332501974 49.99
      vertex 18.5 43 49.99
    endloop
  endfacet
  facet normal 0.9659258262890678 -0.2588190451025231 0
    outer loop
      vertex 18.613941852408438 44.302361332501974 1.49
      vertex 18.95230534410569 45.56515107494251 49.99
      vertex 18.613941852408438 44.302361332501974 49.99
    endloop
  endfacet
  facet normal 0.9063077870366508 -0.4226182617406975 0
    outer loop
      vertex 18.95230534410569 45.56515107494251 1.49
      vertex 19.50480947161671 46.75 49.99
      vertex 18.95230534410569 45.56515107494251 49.99
    endloop
  endfacet
  facet normal -0.5735764363510454 0.8191520442889924 0
    outer loop
      vertex 13.820907072649044 54.25466667660766 1.49
      vertex 12.75 53.50480947161671 49.99
      vertex 13.820907072649044 54.25466667660766 49.99
    endloop
  endfacet
  facet normal -0.7071067811865496 0.7071067811865455 0
    outer loop
      vertex 14.745333323392334 55.17909292735096 1.49
      vertex 13.820907072649044 54.25466667660766 49.99
      vertex 14.745333323392334 55.17909292735096 49.99
    endloop
  endfacet
  facet normal -0.8191520442889906 0.5735764363510478 0
    outer loop
      vertex 15.49519052838329 56.25 1.49
      vertex 14.745333323392334 55.17909292735096 49.99
      vertex 15.49519052838329 56.25 49.99
    endloop
  endfacet
  facet normal -0.9063077870366508 0.4226182617406975 0
    outer loop
      vertex 16.04769465589431 57.43484892505749 1.49
      vertex 15.49519052838329 56.25 49.99
      vertex 16.04769465589431 57.43484892505749 49.99
    endloop
  endfacet
  facet normal -0.8191520442889924 -0.5735764363510454 0
    outer loop
      vertex 14.745333323392334 64.82090707264905 1.49
      vertex 15.49519052838329 63.75 49.99
      vertex 14.745333323392334 64.82090707264905 49.99
    endloop
  endfacet
  facet normal -0.9659258262890678 -0.2588190451025231 0
    outer loop
      vertex 16.04769465589431 62.56515107494251 1.49
      vertex 16.386058147591562 61.302361332501974 49.99
      vertex 16.04769465589431 62.56515107494251 49.99
    endloop
  endfacet
  facet normal -0.9063077870366508 -0.4226182617406975 0
    outer loop
      vertex 15.49519052838329 63.75 1.49
      vertex 16.04769465589431 62.56515107494251 49.99
      vertex 15.49519052838329 63.75 49.99
    endloop
  endfacet
  facet normal -0.9659258262890678 0.2588190451025231 0
    outer loop
      vertex 16.386058147591562 58.697638667498026 1.49
      vertex 16.04769465589431 57.43484892505749 49.99
      vertex 16.386058147591562 58.697638667498026 49.99
    endloop
  endfacet
  facet normal 0.9063077870366508 0.4226182617406975 0
    outer loop
      vertex 19.50480947161671 56.25 1.49
      vertex 18.95230534410569 57.43484892505749 49.99
      vertex 19.50480947161671 56.25 49.99
    endloop
  endfacet
  facet normal 0.9659258262890678 0.2588190451025231 0
    outer loop
      vertex 18.95230534410569 57.43484892505749 1.49
      vertex 18.613941852408438 58.697638667498026 49.99
      vertex 18.95230534410569 57.43484892505749 49.99
    endloop
  endfacet
  facet normal -0.9961946980917455 0.087155742747657 0
    outer loop
      vertex 16.5 60 1.49
      vertex 16.386058147591562 58.697638667498026 49.99
      vertex 16.5 60 49.99
    endloop
  endfacet
  facet normal -0.9961946980917455 -0.087155742747657 0
    outer loop
      vertex 16.386058147591562 61.302361332501974 1.49
      vertex 16.5 60 49.99
      vertex 16.386058147591562 61.302361332501974 49.99
    endloop
  endfacet
  facet normal 0.9961946980917455 0.087155742747657 0
    outer loop
      vertex 18.613941852408438 58.697638667498026 1.49
      vertex 18.5 60 49.99
      vertex 18.613941852408438 58.697638667498026 49.99
    endloop
  endfacet
  facet normal 0.9961946980917455 -0.087155742747657 0
    outer loop
      vertex 18.5 60 1.49
      vertex 18.613941852408438 61.302361332501974 49.99
      vertex 18.5 60 49.99
    endloop
  endfacet
  facet normal 0.9659258262890678 -0.2588190451025231 0
    outer loop
      vertex 18.613941852408438 61.302361332501974 1.49
      vertex 18.95230534410569 62.56515107494251 49.99
      vertex 18.613941852408438 61.302361332501974 49.99
    endloop
  endfacet
  facet normal 0.9063077870366508 -0.4226182617406975 0
    outer loop
      vertex 18.95230534410569 62.56515107494251 1.49
      vertex 19.50480947161671 63.75 49.99
      vertex 18.95230534410569 62.56515107494251 49.99
    endloop
  endfacet
  facet normal 0.8191520442889906 -0.5735764363510478 0
    outer loop
      vertex 19.50480947161671 46.75 1.49
      vertex 20.254666676607666 47.82090707264904 49.99
      vertex 19.50480947161671 46.75 49.99
    endloop
  endfacet
  facet normal 0.7071067811865488 -0.7071067811865461 0
    outer loop
      vertex 20.254666676607666 47.82090707264904 1.49
      vertex 21.179092927350958 48.74533332339234 49.99
      vertex 20.254666676607666 47.82090707264904 49.99
    endloop
  endfacet
  facet normal 0.573576436351046 -0.8191520442889919 0
    outer loop
      vertex 21.179092927350958 48.74533332339234 1.49
      vertex 22.25 49.49519052838329 49.99
      vertex 21.179092927350958 48.74533332339234 49.99
    endloop
  endfacet
  facet normal 0.42261826174069855 -0.9063077870366504 0
    outer loop
      vertex 22.25 49.49519052838329 1.49
      vertex 23.434848925057484 50.04769465589431 49.99
      vertex 22.25 49.49519052838329 49.99
    endloop
  endfacet
  facet normal 0.2588190451025231 -0.9659258262890678 0
    outer loop
      vertex 23.434848925057484 50.04769465589431 1.49
      vertex 24.697638667498023 50.38605814759156 49.99
      vertex 23.434848925057484 50.04769465589431 49.99
    endloop
  endfacet
  facet normal 0.42261826174069855 0.9063077870366504 0
    outer loop
      vertex 23.434848925057484 52.95230534410569 1.49
      vertex 22.25 53.50480947161671 49.99
      vertex 23.434848925057484 52.95230534410569 49.99
    endloop
  endfacet
  facet normal 0.2588190451025231 0.9659258262890678 0
    outer loop
      vertex 24.697638667498023 52.61394185240844 1.49
      vertex 23.434848925057484 52.95230534410569 49.99
      vertex 24.697638667498023 52.61394185240844 49.99
    endloop
  endfacet
  facet normal 0.08715574274765678 -0.9961946980917457 0
    outer loop
      vertex 24.697638667498023 50.38605814759156 1.49
      vertex 26 50.5 49.99
      vertex 24.697638667498023 50.38605814759156 49.99
    endloop
  endfacet
  facet normal 0.08715574274765678 0.9961946980917457 1.6970250791199594e-19
    outer loop
      vertex 24.697638667498023 52.61394185240844 49.99
      vertex 26 52.5 49.99
      vertex 26 52.5 1.49
    endloop
  endfacet
  facet normal 0.8191520442889906 0.5735764363510478 0
    outer loop
      vertex 20.254666676607666 55.17909292735096 1.49
      vertex 19.50480947161671 56.25 49.99
      vertex 20.254666676607666 55.17909292735096 49.99
    endloop
  endfacet
  facet normal 0.7071067811865488 0.7071067811865461 0
    outer loop
      vertex 21.179092927350958 54.25466667660766 1.49
      vertex 20.254666676607666 55.17909292735096 49.99
      vertex 21.179092927350958 54.25466667660766 49.99
    endloop
  endfacet
  facet normal 0.573576436351046 0.8191520442889919 0
    outer loop
      vertex 22.25 53.50480947161671 1.49
      vertex 21.179092927350958 54.25466667660766 49.99
      vertex 22.25 53.50480947161671 49.99
    endloop
  endfacet
  facet normal 0.8191520442889924 -0.5735764363510454 0
    outer loop
      vertex 19.50480947161671 63.75 1.49
      vertex 20.254666676607666 64.82090707264905 49.99
      vertex 19.50480947161671 63.75 49.99
    endloop
  endfacet
  facet normal -0.5021951500269326 -0.5021951500269297 0.703988680717848
    outer loop
      vertex 14.745333323392334 47.82090707264904 49.99
      vertex 14.752955656159685 47.82730296926284 50
      vertex 13.820907072649044 48.74533332339234 49.99
    endloop
  endfacet
  facet normal -0.6860113325942038 -0.1838161825672177 0.7039886807177657
    outer loop
      vertex 16.04769465589431 45.56515107494251 49.99
      vertex 16.395857229711083 44.304089175065826 50
      vertex 16.05704483122551 45.56855426044824 50
    endloop
  endfacet
  facet normal -0.5817709499070027 -0.40736040463630757 0.7039886807178419
    outer loop
      vertex 14.745333323392334 47.82090707264904 49.99
      vertex 15.503807696580148 46.754975124378106 50
      vertex 14.752955656159685 47.82730296926284 50
    endloop
  endfacet
  facet normal -0.5817709499070491 -0.4073604046363411 0.7039886807177841
    outer loop
      vertex 14.745333323392334 47.82090707264904 49.99
      vertex 15.49519052838329 46.75 49.99
      vertex 15.503807696580148 46.754975124378106 50
    endloop
  endfacet
  facet normal -0.6436699338644919 -0.3001482194851316 0.7039886807177981
    outer loop
      vertex 15.49519052838329 46.75 49.99
      vertex 16.05704483122551 45.56855426044824 50
      vertex 15.503807696580148 46.754975124378106 50
    endloop
  endfacet
  facet normal -0.6436699338645303 -0.30014821948515025 0.7039886807177551
    outer loop
      vertex 16.04769465589431 45.56515107494251 49.99
      vertex 16.05704483122551 45.56855426044824 50
      vertex 15.49519052838329 46.75 49.99
    endloop
  endfacet
  facet normal -0.4073604046363455 -0.5817709499070638 0.7039886807177695
    outer loop
      vertex 12.75 49.49519052838329 49.99
      vertex 13.82730296926284 48.75295565615969 50
      vertex 12.754975124378108 49.50380769658015 50
    endloop
  endfacet
  facet normal -0.40736040463624734 -0.581770949906919 0.7039886807179458
    outer loop
      vertex 12.75 49.49519052838329 49.99
      vertex 13.820907072649044 48.74533332339234 49.99
      vertex 13.82730296926284 48.75295565615969 50
    endloop
  endfacet
  facet normal -0.5021951500268707 -0.502195150026866 0.7039886807179379
    outer loop
      vertex 13.820907072649044 48.74533332339234 49.99
      vertex 14.752955656159685 47.82730296926284 50
      vertex 13.82730296926284 48.75295565615969 50
    endloop
  endfacet
  facet normal 0 0 1
    outer loop
      vertex 11.568554260448243 52.94295516877449 50
      vertex 13.82730296926284 48.75295565615969 50
      vertex 20.247044343840315 47.82730296926284 50
    endloop
  endfacet
  facet normal 0 0 1
    outer loop
      vertex 11.568554260448243 52.94295516877449 50
      vertex 20.247044343840315 47.82730296926284 50
      vertex 12.754975124378108 53.49619230341985 50
    endloop
  endfacet
  facet normal 0 0 1
    outer loop
      vertex 12.754975124378108 53.49619230341985 50
      vertex 20.247044343840315 47.82730296926284 50
      vertex 13.82730296926284 54.24704434384031 50
    endloop
  endfacet
  facet normal -0.7075086241214761 -0.06189898395745242 0.7039886807177876
    outer loop
      vertex 16.386058147591562 44.302361332501974 49.99
      vertex 16.5 43 49.99
      vertex 16.509950248756216 43 50
    endloop
  endfacet
  facet normal -0.7075086241214694 -0.061898983957451734 0.7039886807177943
    outer loop
      vertex 16.386058147591562 44.302361332501974 49.99
      vertex 16.509950248756216 43 50
      vertex 16.395857229711083 44.304089175065826 50
    endloop
  endfacet
  facet normal -0.6860113325941601 -0.18381618256720528 0.7039886807178113
    outer loop
      vertex 16.04769465589431 45.56515107494251 49.99
      vertex 16.386058147591562 44.302361332501974 49.99
      vertex 16.395857229711083 44.304089175065826 50
    endloop
  endfacet
  facet normal 0 0 1
    outer loop
      vertex 16.509950248756216 43 50
      vertex 18.604142770288917 44.304089175065826 50
      vertex 16.395857229711083 44.304089175065826 50
    endloop
  endfacet
  facet normal 0 0 1
    outer loop
      vertex 18.490049751243784 43 50
      vertex 18.604142770288917 44.304089175065826 50
      vertex 16.509950248756216 43 50
    endloop
  endfacet
  facet normal 0 0 1
    outer loop
      vertex 16.395857229711083 44.304089175065826 50
      vertex 18.94295516877449 45.56855426044824 50
      vertex 16.05704483122551 45.56855426044824 50
    endloop
  endfacet
  facet normal 0 0 1
    outer loop
      vertex 15.503807696580148 46.754975124378106 50
      vertex 16.05704483122551 45.56855426044824 50
      vertex 19.49619230341985 46.754975124378106 50
    endloop
  endfacet
  facet normal 0 0 1
    outer loop
      vertex 13.82730296926284 48.75295565615969 50
      vertex 14.752955656159685 47.82730296926284 50
      vertex 20.247044343840315 47.82730296926284 50
    endloop
  endfacet
  facet normal 0 0 1
    outer loop
      vertex 14.752955656159685 47.82730296926284 50
      vertex 15.503807696580148 46.754975124378106 50
      vertex 20.247044343840315 47.82730296926284 50
    endloop
  endfacet
  facet normal 0.707508624121476 -0.061898983957452317 0.7039886807177878
    outer loop
      vertex 18.5 43 49.99
      vertex 18.604142770288917 44.304089175065826 50
      vertex 18.490049751243784 43 50
    endloop
  endfacet
  facet normal 0.7075086241214694 -0.06189898395745184 0.7039886807177943
    outer loop
      vertex 18.5 43 49.99
      vertex 18.613941852408438 44.302361332501974 49.99
      vertex 18.604142770288917 44.304089175065826 50
    endloop
  endfacet
  facet normal 0 0 1
    outer loop
      vertex 16.395857229711083 44.304089175065826 50
      vertex 18.604142770288917 44.304089175065826 50
      vertex 18.94295516877449 45.56855426044824 50
    endloop
  endfacet
  facet normal 0.6860113325941597 -0.18381618256720592 0.7039886807178115
    outer loop
      vertex 18.613941852408438 44.302361332501974 49.99
      vertex 18.94295516877449 45.56855426044824 50
      vertex 18.604142770288917 44.304089175065826 50
    endloop
  endfacet
  facet normal 0.6860113325942035 -0.1838161825672169 0.7039886807177661
    outer loop
      vertex 18.613941852408438 44.302361332501974 49.99
      vertex 18.95230534410569 45.56515107494251 49.99
      vertex 18.94295516877449 45.56855426044824 50
    endloop
  endfacet
  facet normal 0 0 1
    outer loop
      vertex 16.05704483122551 45.56855426044824 50
      vertex 18.94295516877449 45.56855426044824 50
      vertex 19.49619230341985 46.754975124378106 50
    endloop
  endfacet
  facet normal 0 0 1
    outer loop
      vertex 15.503807696580148 46.754975124378106 50
      vertex 19.49619230341985 46.754975124378106 50
      vertex 20.247044343840315 47.82730296926284 50
    endloop
  endfacet
  facet normal 0.6436699338645309 -0.30014821948514886 0.7039886807177551
    outer loop
      vertex 18.95230534410569 45.56515107494251 49.99
      vertex 19.49619230341985 46.754975124378106 50
      vertex 18.94295516877449 45.56855426044824 50
    endloop
  endfacet
  facet normal 0.6436699338644402 -0.3001482194851082 0.7039886807178553
    outer loop
      vertex 18.95230534410569 45.56515107494251 49.99
      vertex 19.50480947161671 46.75 49.99
      vertex 19.49619230341985 46.754975124378106 50
    endloop
  endfacet
  facet normal 0 0 1
    outer loop
      vertex 13.82730296926284 54.24704434384031 50
      vertex 21.17269703073716 48.75295565615969 50
      vertex 14.752955656159685 55.17269703073716 50
    endloop
  endfacet
  facet normal 0 0 1
    outer loop
      vertex 14.752955656159685 55.17269703073716 50
      vertex 22.24502487562189 49.50380769658015 50
      vertex 15.503807696580148 56.245024875621894 50
    endloop
  endfacet
  facet normal 0 0 1
    outer loop
      vertex 13.82730296926284 54.24704434384031 50
      vertex 20.247044343840315 47.82730296926284 50
      vertex 21.17269703073716 48.75295565615969 50
    endloop
  endfacet
  facet normal 0 0 1
    outer loop
      vertex 14.752955656159685 55.17269703073716 50
      vertex 21.17269703073716 48.75295565615969 50
      vertex 22.24502487562189 49.50380769658015 50
    endloop
  endfacet
  facet normal -0.4073604046363477 0.5817709499070624 0.7039886807177693
    outer loop
      vertex 12.75 53.50480947161671 49.99
      vertex 12.754975124378108 53.49619230341985 50
      vertex 13.820907072649044 54.25466667660766 49.99
    endloop
  endfacet
  facet normal -0.4073604046362452 0.5817709499069205 0.703988680717946
    outer loop
      vertex 13.820907072649044 54.25466667660766 49.99
      vertex 12.754975124378108 53.49619230341985 50
      vertex 13.82730296926284 54.24704434384031 50
    endloop
  endfacet
  facet normal -0.5021951500268697 0.5021951500268668 0.7039886807179379
    outer loop
      vertex 13.820907072649044 54.25466667660766 49.99
      vertex 13.82730296926284 54.24704434384031 50
      vertex 14.745333323392334 55.17909292735096 49.99
    endloop
  endfacet
  facet normal -0.5021951500269335 0.5021951500269287 0.7039886807178481
    outer loop
      vertex 14.745333323392334 55.17909292735096 49.99
      vertex 13.82730296926284 54.24704434384031 50
      vertex 14.752955656159685 55.17269703073716 50
    endloop
  endfacet
  facet normal -0.5817709499070022 0.40736040463630824 0.7039886807178419
    outer loop
      vertex 14.745333323392334 55.17909292735096 49.99
      vertex 14.752955656159685 55.17269703073716 50
      vertex 15.49519052838329 56.25 49.99
    endloop
  endfacet
  facet normal -0.581770949907049 0.40736040463633993 0.703988680717785
    outer loop
      vertex 15.49519052838329 56.25 49.99
      vertex 14.752955656159685 55.17269703073716 50
      vertex 15.503807696580148 56.245024875621894 50
    endloop
  endfacet
  facet normal -0.6436699338644917 0.3001482194851322 0.7039886807177982
    outer loop
      vertex 15.49519052838329 56.25 49.99
      vertex 15.503807696580148 56.245024875621894 50
      vertex 16.04769465589431 57.43484892505749 49.99
    endloop
  endfacet
  facet normal -0.6436699338645305 0.3001482194851497 0.7039886807177551
    outer loop
      vertex 16.04769465589431 57.43484892505749 49.99
      vertex 15.503807696580148 56.245024875621894 50
      vertex 16.05704483122551 57.43144573955176 50
    endloop
  endfacet
  facet normal -0.6860113325942039 0.18381618256721702 0.7039886807177654
    outer loop
      vertex 16.04769465589431 57.43484892505749 49.99
      vertex 16.05704483122551 57.43144573955176 50
      vertex 16.386058147591562 58.697638667498026 49.99
    endloop
  endfacet
  facet normal -0.5817709499070042 -0.4073604046363058 0.7039886807178418
    outer loop
      vertex 14.745333323392334 64.82090707264905 49.99
      vertex 15.503807696580148 63.754975124378106 50
      vertex 14.752955656159685 64.82730296926285 50
    endloop
  endfacet
  facet normal -0.5817709499070497 -0.4073604046363388 0.7039886807177851
    outer loop
      vertex 15.49519052838329 63.75 49.99
      vertex 15.503807696580148 63.754975124378106 50
      vertex 14.745333323392334 64.82090707264905 49.99
    endloop
  endfacet
  facet normal -0.6860113325942038 -0.1838161825672177 0.7039886807177657
    outer loop
      vertex 16.04769465589431 62.56515107494251 49.99
      vertex 16.395857229711083 61.304089175065826 50
      vertex 16.05704483122551 62.56855426044824 50
    endloop
  endfacet
  facet normal -0.6436699338645303 -0.30014821948515025 0.7039886807177551
    outer loop
      vertex 16.04769465589431 62.56515107494251 49.99
      vertex 16.05704483122551 62.56855426044824 50
      vertex 15.49519052838329 63.75 49.99
    endloop
  endfacet
  facet normal -0.6436699338644919 -0.3001482194851316 0.7039886807177981
    outer loop
      vertex 15.49519052838329 63.75 49.99
      vertex 16.05704483122551 62.56855426044824 50
      vertex 15.503807696580148 63.754975124378106 50
    endloop
  endfacet
  facet normal -0.6860113325941597 0.18381618256720592 0.7039886807178115
    outer loop
      vertex 16.386058147591562 58.697638667498026 49.99
      vertex 16.05704483122551 57.43144573955176 50
      vertex 16.395857229711083 58.695910824934174 50
    endloop
  endfacet
  facet normal 0 0 1
    outer loop
      vertex 23.431445739551755 50.05704483122551 50
      vertex 16.05704483122551 57.43144573955176 50
      vertex 15.503807696580148 56.245024875621894 50
    endloop
  endfacet
  facet normal 0 0 1
    outer loop
      vertex 23.431445739551755 50.05704483122551 50
      vertex 16.395857229711083 58.695910824934174 50
      vertex 16.05704483122551 57.43144573955176 50
    endloop
  endfacet
  facet normal 0 0 1
    outer loop
      vertex 23.431445739551755 50.05704483122551 50
      vertex 16.509950248756216 60 50
      vertex 16.395857229711083 58.695910824934174 50
    endloop
  endfacet
  facet normal 0 0 1
    outer loop
      vertex 16.509950248756216 60 50
      vertex 18.94295516877449 57.43144573955176 50
      vertex 18.604142770288917 58.695910824934174 50
    endloop
  endfacet
  facet normal 0 0 1
    outer loop
      vertex 16.509950248756216 60 50
      vertex 19.49619230341985 56.245024875621894 50
      vertex 18.94295516877449 57.43144573955176 50
    endloop
  endfacet
  facet normal 0.6436699338645303 0.30014821948515025 0.7039886807177551
    outer loop
      vertex 18.95230534410569 57.43484892505749 49.99
      vertex 18.94295516877449 57.43144573955176 50
      vertex 19.50480947161671 56.25 49.99
    endloop
  endfacet
  facet normal 0.6436699338644405 0.3001482194851067 0.7039886807178558
    outer loop
      vertex 19.50480947161671 56.25 49.99
      vertex 18.94295516877449 57.43144573955176 50
      vertex 19.49619230341985 56.245024875621894 50
    endloop
  endfacet
  facet normal 0.6860113325942038 0.1838161825672177 0.7039886807177657
    outer loop
      vertex 18.95230534410569 57.43484892505749 49.99
      vertex 18.604142770288917 58.695910824934174 50
      vertex 18.94295516877449 57.43144573955176 50
    endloop
  endfacet
  facet normal 0.6860113325941601 0.18381618256720528 0.7039886807178113
    outer loop
      vertex 18.95230534410569 57.43484892505749 49.99
      vertex 18.613941852408438 58.697638667498026 49.99
      vertex 18.604142770288917 58.695910824934174 50
    endloop
  endfacet
  facet normal -0.7075086241214694 0.06189898395745184 0.7039886807177943
    outer loop
      vertex 16.386058147591562 58.697638667498026 49.99
      vertex 16.395857229711083 58.695910824934174 50
      vertex 16.5 60 49.99
    endloop
  endfacet
  facet normal -0.707508624121476 0.061898983957452317 0.7039886807177878
    outer loop
      vertex 16.5 60 49.99
      vertex 16.395857229711083 58.695910824934174 50
      vertex 16.509950248756216 60 50
    endloop
  endfacet
  facet normal -0.7075086241214757 -0.0618989839574524 0.7039886807177876
    outer loop
      vertex 16.5 60 49.99
      vertex 16.509950248756216 60 50
      vertex 16.386058147591562 61.302361332501974 49.99
    endloop
  endfacet
  facet normal -0.7075086241214694 -0.061898983957451734 0.7039886807177943
    outer loop
      vertex 16.386058147591562 61.302361332501974 49.99
      vertex 16.509950248756216 60 50
      vertex 16.395857229711083 61.304089175065826 50
    endloop
  endfacet
  facet normal -0.6860113325941601 -0.18381618256720528 0.7039886807178113
    outer loop
      vertex 16.04769465589431 62.56515107494251 49.99
      vertex 16.386058147591562 61.302361332501974 49.99
      vertex 16.395857229711083 61.304089175065826 50
    endloop
  endfacet
  facet normal 0 0 1
    outer loop
      vertex 16.509950248756216 60 50
      vertex 18.604142770288917 58.695910824934174 50
      vertex 18.490049751243784 60 50
    endloop
  endfacet
  facet normal 0 0 1
    outer loop
      vertex 16.509950248756216 60 50
      vertex 18.490049751243784 60 50
      vertex 18.604142770288917 61.304089175065826 50
    endloop
  endfacet
  facet normal 0 0 1
    outer loop
      vertex 16.509950248756216 60 50
      vertex 18.604142770288917 61.304089175065826 50
      vertex 16.395857229711083 61.304089175065826 50
    endloop
  endfacet
  facet normal 0.7075086241214694 0.061898983957451734 0.7039886807177943
    outer loop
      vertex 18.613941852408438 58.697638667498026 49.99
      vertex 18.490049751243784 60 50
      vertex 18.604142770288917 58.695910824934174 50
    endloop
  endfacet
  facet normal 0.7075086241214761 0.06189898395745242 0.7039886807177876
    outer loop
      vertex 18.613941852408438 58.697638667498026 49.99
      vertex 18.5 60 49.99
      vertex 18.490049751243784 60 50
    endloop
  endfacet
  facet normal 0.707508624121476 -0.061898983957452317 0.7039886807177878
    outer loop
      vertex 18.5 60 49.99
      vertex 18.604142770288917 61.304089175065826 50
      vertex 18.490049751243784 60 50
    endloop
  endfacet
  facet normal 0.7075086241214694 -0.06189898395745184 0.7039886807177943
    outer loop
      vertex 18.5 60 49.99
      vertex 18.613941852408438 61.302361332501974 49.99
      vertex 18.604142770288917 61.304089175065826 50
    endloop
  endfacet
  facet normal 0.6860113325941597 -0.18381618256720592 0.7039886807178115
    outer loop
      vertex 18.613941852408438 61.302361332501974 49.99
      vertex 18.94295516877449 62.56855426044824 50
      vertex 18.604142770288917 61.304089175065826 50
    endloop
  endfacet
  facet normal 0.6860113325942035 -0.1838161825672169 0.7039886807177661
    outer loop
      vertex 18.613941852408438 61.302361332501974 49.99
      vertex 18.95230534410569 62.56515107494251 49.99
      vertex 18.94295516877449 62.56855426044824 50
    endloop
  endfacet
  facet normal 0.6436699338645309 -0.30014821948514886 0.7039886807177551
    outer loop
      vertex 18.95230534410569 62.56515107494251 49.99
      vertex 19.49619230341985 63.754975124378106 50
      vertex 18.94295516877449 62.56855426044824 50
    endloop
  endfacet
  facet normal 0.6436699338644402 -0.3001482194851082 0.7039886807178553
    outer loop
      vertex 18.95230534410569 62.56515107494251 49.99
      vertex 19.50480947161671 63.75 49.99
      vertex 19.49619230341985 63.754975124378106 50
    endloop
  endfacet
  facet normal 0.5817709499070062 -0.4073604046363109 0.703988680717837
    outer loop
      vertex 19.50480947161671 46.75 49.99
      vertex 20.247044343840315 47.82730296926284 50
      vertex 19.49619230341985 46.754975124378106 50
    endloop
  endfacet
  facet normal 0.5817709499070031 -0.40736040463630885 0.7039886807178409
    outer loop
      vertex 19.50480947161671 46.75 49.99
      vertex 20.254666676607666 47.82090707264904 49.99
      vertex 20.247044343840315 47.82730296926284 50
    endloop
  endfacet
  facet normal 0.502195150026933 -0.5021951500269292 0.703988680717848
    outer loop
      vertex 20.254666676607666 47.82090707264904 49.99
      vertex 21.17269703073716 48.75295565615969 50
      vertex 20.247044343840315 47.82730296926284 50
    endloop
  endfacet
  facet normal 0.5021951500268682 -0.5021951500268663 0.7039886807179393
    outer loop
      vertex 20.254666676607666 47.82090707264904 49.99
      vertex 21.179092927350958 48.74533332339234 49.99
      vertex 21.17269703073716 48.75295565615969 50
    endloop
  endfacet
  facet normal 0 0 1
    outer loop
      vertex 15.503807696580148 56.245024875621894 50
      vertex 22.24502487562189 49.50380769658015 50
      vertex 23.431445739551755 50.05704483122551 50
    endloop
  endfacet
  facet normal 0.40736040463624607 -0.5817709499069198 0.7039886807179458
    outer loop
      vertex 21.179092927350958 48.74533332339234 49.99
      vertex 22.24502487562189 49.50380769658015 50
      vertex 21.17269703073716 48.75295565615969 50
    endloop
  endfacet
  facet normal 0.4073604046363274 -0.5817709499070323 0.703988680717806
    outer loop
      vertex 21.179092927350958 48.74533332339234 49.99
      vertex 22.25 49.49519052838329 49.99
      vertex 22.24502487562189 49.50380769658015 50
    endloop
  endfacet
  facet normal 0.30014821948513476 -0.6436699338644946 0.7039886807177943
    outer loop
      vertex 22.25 49.49519052838329 49.99
      vertex 23.431445739551755 50.05704483122551 50
      vertex 22.24502487562189 49.50380769658015 50
    endloop
  endfacet
  facet normal 0 0 1
    outer loop
      vertex 23.431445739551755 50.05704483122551 50
      vertex 21.17269703073716 54.24704434384031 50
      vertex 20.247044343840315 55.17269703073716 50
    endloop
  endfacet
  facet normal 0.4073604046363256 0.5817709499070335 0.703988680717806
    outer loop
      vertex 22.25 53.50480947161671 49.99
      vertex 21.17269703073716 54.24704434384031 50
      vertex 22.24502487562189 53.49619230341985 50
    endloop
  endfacet
  facet normal 0 0 1
    outer loop
      vertex 23.431445739551755 50.05704483122551 50
      vertex 22.24502487562189 53.49619230341985 50
      vertex 21.17269703073716 54.24704434384031 50
    endloop
  endfacet
  facet normal 0.30014821948513454 0.6436699338644948 0.7039886807177943
    outer loop
      vertex 22.25 53.50480947161671 49.99
      vertex 22.24502487562189 53.49619230341985 50
      vertex 23.434848925057484 52.95230534410569 49.99
    endloop
  endfacet
  facet normal 0.3001482194851291 -0.6436699338644831 0.7039886807178073
    outer loop
      vertex 22.25 49.49519052838329 49.99
      vertex 23.434848925057484 50.04769465589431 49.99
      vertex 23.431445739551755 50.05704483122551 50
    endloop
  endfacet
  facet normal 0.1838161825672083 -0.6860113325941725 0.7039886807177985
    outer loop
      vertex 23.434848925057484 50.04769465589431 49.99
      vertex 24.695910824934174 50.39585722971108 50
      vertex 23.431445739551755 50.05704483122551 50
    endloop
  endfacet
  facet normal 0.1838161825672135 -0.6860113325941908 0.7039886807177793
    outer loop
      vertex 23.434848925057484 50.04769465589431 49.99
      vertex 24.697638667498023 50.38605814759156 49.99
      vertex 24.695910824934174 50.39585722971108 50
    endloop
  endfacet
  facet normal 0 0 1
    outer loop
      vertex 22.24502487562189 53.49619230341985 50
      vertex 23.431445739551755 50.05704483122551 50
      vertex 23.431445739551755 52.94295516877449 50
    endloop
  endfacet
  facet normal 0.3001482194851287 0.6436699338644817 0.7039886807178088
    outer loop
      vertex 23.434848925057484 52.95230534410569 49.99
      vertex 22.24502487562189 53.49619230341985 50
      vertex 23.431445739551755 52.94295516877449 50
    endloop
  endfacet
  facet normal 0 0 1
    outer loop
      vertex 24.695910824934174 50.39585722971108 50
      vertex 23.431445739551755 52.94295516877449 50
      vertex 23.431445739551755 50.05704483122551 50
    endloop
  endfacet
  facet normal 0 0 1
    outer loop
      vertex 24.695910824934174 50.39585722971108 50
      vertex 24.695910824934174 52.60414277028892 50
      vertex 23.431445739551755 52.94295516877449 50
    endloop
  endfacet
  facet normal 0.18381618256720855 0.6860113325941724 0.7039886807177985
    outer loop
      vertex 23.434848925057484 52.95230534410569 49.99
      vertex 23.431445739551755 52.94295516877449 50
      vertex 24.697638667498023 52.61394185240844 49.99
    endloop
  endfacet
  facet normal 0.18381618256721338 0.6860113325941914 0.7039886807177785
    outer loop
      vertex 24.697638667498023 52.61394185240844 49.99
      vertex 23.431445739551755 52.94295516877449 50
      vertex 24.695910824934174 52.60414277028892 50
    endloop
  endfacet
  facet normal 0.061898983957454606 -0.7075086241214801 0.7039886807177833
    outer loop
      vertex 24.697638667498023 50.38605814759156 49.99
      vertex 26 50.50995024875622 50
      vertex 24.695910824934174 50.39585722971108 50
    endloop
  endfacet
  facet normal 0.061898983957441304 -0.707508624121351 0.7039886807179141
    outer loop
      vertex 24.697638667498023 50.38605814759156 49.99
      vertex 26 50.5 49.99
      vertex 26 50.50995024875622 50
    endloop
  endfacet
  facet normal 0 0 1
    outer loop
      vertex 26 50.50995024875622 50
      vertex 24.695910824934174 52.60414277028892 50
      vertex 24.695910824934174 50.39585722971108 50
    endloop
  endfacet
  facet normal 0.06189898395745263 0.7075086241214804 0.7039886807177832
    outer loop
      vertex 24.697638667498023 52.61394185240844 49.99
      vertex 24.695910824934174 52.60414277028892 50
      vertex 26 52.5 49.99
    endloop
  endfacet
  facet normal 0 0 1
    outer loop
      vertex 26 50.50995024875622 50
      vertex 26 52.49004975124378 50
      vertex 24.695910824934174 52.60414277028892 50
    endloop
  endfacet
  facet normal 0.06189898395744328 0.7075086241213506 0.7039886807179144
    outer loop
      vertex 26 52.5 49.99
      vertex 24.695910824934174 52.60414277028892 50
      vertex 26 52.49004975124378 50
    endloop
  endfacet
  facet normal 0 0 1
    outer loop
      vertex 16.509950248756216 60 50
      vertex 23.431445739551755 50.05704483122551 50
      vertex 19.49619230341985 56.245024875621894 50
    endloop
  endfacet
  facet normal 0.5817709499070062 0.407360404636311 0.703988680717837
    outer loop
      vertex 19.50480947161671 56.25 49.99
      vertex 19.49619230341985 56.245024875621894 50
      vertex 20.254666676607666 55.17909292735096 49.99
    endloop
  endfacet
  facet normal 0.5817709499070023 0.4073604046363081 0.7039886807178418
    outer loop
      vertex 20.254666676607666 55.17909292735096 49.99
      vertex 19.49619230341985 56.245024875621894 50
      vertex 20.247044343840315 55.17269703073716 50
    endloop
  endfacet
  facet normal 0.5021951500269322 0.5021951500269303 0.703988680717848
    outer loop
      vertex 20.254666676607666 55.17909292735096 49.99
      vertex 20.247044343840315 55.17269703073716 50
      vertex 21.179092927350958 54.25466667660766 49.99
    endloop
  endfacet
  facet normal 0 0 1
    outer loop
      vertex 23.431445739551755 50.05704483122551 50
      vertex 20.247044343840315 55.17269703073716 50
      vertex 19.49619230341985 56.245024875621894 50
    endloop
  endfacet
  facet normal 0.5021951500268701 0.5021951500268663 0.7039886807179377
    outer loop
      vertex 21.179092927350958 54.25466667660766 49.99
      vertex 20.247044343840315 55.17269703073716 50
      vertex 21.17269703073716 54.24704434384031 50
    endloop
  endfacet
  facet normal 0.40736040463624784 0.5817709499069186 0.7039886807179458
    outer loop
      vertex 22.25 53.50480947161671 49.99
      vertex 21.179092927350958 54.25466667660766 49.99
      vertex 21.17269703073716 54.24704434384031 50
    endloop
  endfacet
  facet normal 0.5817709499070074 -0.40736040463630907 0.7039886807178372
    outer loop
      vertex 19.50480947161671 63.75 49.99
      vertex 20.247044343840315 64.82730296926285 50
      vertex 19.49619230341985 63.754975124378106 50
    endloop
  endfacet
  facet normal 0.5817709499070031 -0.4073604046363062 0.7039886807178423
    outer loop
      vertex 19.50480947161671 63.75 49.99
      vertex 20.254666676607666 64.82090707264905 49.99
      vertex 20.247044343840315 64.82730296926285 50
    endloop
  endfacet
  facet normal -0.573576436351049 -0.8191520442889898 0
    outer loop
      vertex 12.75 66.49519052838329 1.49
      vertex 13.820907072649044 65.74533332339233 49.99
      vertex 12.75 66.49519052838329 49.99
    endloop
  endfacet
  facet normal -0.707106781186544 -0.7071067811865509 0
    outer loop
      vertex 13.820907072649044 65.74533332339233 1.49
      vertex 14.745333323392334 64.82090707264905 49.99
      vertex 13.820907072649044 65.74533332339233 49.99
    endloop
  endfacet
  facet normal -0.573576436351049 0.8191520442889898 0
    outer loop
      vertex 13.820907072649044 71.25466667660767 1.49
      vertex 12.75 70.50480947161671 49.99
      vertex 13.820907072649044 71.25466667660767 49.99
    endloop
  endfacet
  facet normal -0.707106781186544 0.7071067811865509 0
    outer loop
      vertex 14.745333323392334 72.17909292735095 1.49
      vertex 13.820907072649044 71.25466667660767 49.99
      vertex 14.745333323392334 72.17909292735095 49.99
    endloop
  endfacet
  facet normal -0.8191520442889924 0.5735764363510454 0
    outer loop
      vertex 15.49519052838329 73.25 1.49
      vertex 14.745333323392334 72.17909292735095 49.99
      vertex 15.49519052838329 73.25 49.99
    endloop
  endfacet
  facet normal -0.9063077870366498 0.42261826174069955 0
    outer loop
      vertex 16.04769465589431 74.43484892505748 1.49
      vertex 15.49519052838329 73.25 49.99
      vertex 16.04769465589431 74.43484892505748 49.99
    endloop
  endfacet
  facet normal 0.9063077870366498 0.42261826174069955 0
    outer loop
      vertex 19.50480947161671 73.25 1.49
      vertex 18.95230534410569 74.43484892505748 49.99
      vertex 19.50480947161671 73.25 49.99
    endloop
  endfacet
  facet normal 0.965925826289068 0.25881904510252174 0
    outer loop
      vertex 18.95230534410569 74.43484892505748 1.49
      vertex 18.613941852408438 75.69763866749803 49.99
      vertex 18.95230534410569 74.43484892505748 49.99
    endloop
  endfacet
  facet normal -0.965925826289068 -0.25881904510252174 0
    outer loop
      vertex 16.04769465589431 79.56515107494252 1.49
      vertex 16.386058147591562 78.30236133250197 49.99
      vertex 16.04769465589431 79.56515107494252 49.99
    endloop
  endfacet
  facet normal -0.9063077870366498 -0.42261826174069955 0
    outer loop
      vertex 15.49519052838329 80.75 1.49
      vertex 16.04769465589431 79.56515107494252 49.99
      vertex 15.49519052838329 80.75 49.99
    endloop
  endfacet
  facet normal -0.573576436351049 -0.8191520442889898 0
    outer loop
      vertex 12.75 83.49519052838329 1.49
      vertex 13.820907072649044 82.74533332339233 49.99
      vertex 12.75 83.49519052838329 49.99
    endloop
  endfacet
  facet normal -0.707106781186544 -0.7071067811865509 0
    outer loop
      vertex 13.820907072649044 82.74533332339233 1.49
      vertex 14.745333323392334 81.82090707264905 49.99
      vertex 13.820907072649044 82.74533332339233 49.99
    endloop
  endfacet
  facet normal -0.8191520442889924 -0.5735764363510454 0
    outer loop
      vertex 14.745333323392334 81.82090707264905 1.49
      vertex 15.49519052838329 80.75 49.99
      vertex 14.745333323392334 81.82090707264905 49.99
    endloop
  endfacet
  facet normal -0.965925826289068 0.25881904510252174 0
    outer loop
      vertex 16.386058147591562 75.69763866749803 1.49
      vertex 16.04769465589431 74.43484892505748 49.99
      vertex 16.386058147591562 75.69763866749803 49.99
    endloop
  endfacet
  facet normal -0.9961946980917455 0.087155742747657 0
    outer loop
      vertex 16.5 77 1.49
      vertex 16.386058147591562 75.69763866749803 49.99
      vertex 16.5 77 49.99
    endloop
  endfacet
  facet normal -0.9961946980917455 -0.087155742747657 0
    outer loop
      vertex 16.386058147591562 78.30236133250197 1.49
      vertex 16.5 77 49.99
      vertex 16.386058147591562 78.30236133250197 49.99
    endloop
  endfacet
  facet normal 0.9961946980917455 0.087155742747657 0
    outer loop
      vertex 18.613941852408438 75.69763866749803 1.49
      vertex 18.5 77 49.99
      vertex 18.613941852408438 75.69763866749803 49.99
    endloop
  endfacet
  facet normal 0.9961946980917455 -0.087155742747657 0
    outer loop
      vertex 18.5 77 1.49
      vertex 18.613941852408438 78.30236133250197 49.99
      vertex 18.5 77 49.99
    endloop
  endfacet
  facet normal 0.965925826289068 -0.25881904510252174 0
    outer loop
      vertex 18.613941852408438 78.30236133250197 1.49
      vertex 18.95230534410569 79.56515107494252 49.99
      vertex 18.613941852408438 78.30236133250197 49.99
    endloop
  endfacet
  facet normal 0.9063077870366498 -0.42261826174069955 0
    outer loop
      vertex 18.95230534410569 79.56515107494252 1.49
      vertex 19.50480947161671 80.75 49.99
      vertex 18.95230534410569 79.56515107494252 49.99
    endloop
  endfacet
  facet normal 0 1 0
    outer loop
      vertex 3 86 0
      vertex 3 86 50
      vertex 49 86 50
    endloop
  endfacet
  facet normal 0.7071067811865435 -0.7071067811865516 0
    outer loop
      vertex 20.254666676607666 64.82090707264905 1.49
      vertex 21.179092927350958 65.74533332339233 49.99
      vertex 20.254666676607666 64.82090707264905 49.99
    endloop
  endfacet
  facet normal 0.5735764363510497 -0.8191520442889894 0
    outer loop
      vertex 21.179092927350958 65.74533332339233 1.49
      vertex 22.25 66.49519052838329 49.99
      vertex 21.179092927350958 65.74533332339233 49.99
    endloop
  endfacet
  facet normal 0.42261826174070305 -0.9063077870366484 0
    outer loop
      vertex 22.25 66.49519052838329 1.49
      vertex 23.434848925057484 67.04769465589432 49.99
      vertex 22.25 66.49519052838329 49.99
    endloop
  endfacet
  facet normal 0.8191520442889924 0.5735764363510454 0
    outer loop
      vertex 20.254666676607666 72.17909292735095 1.49
      vertex 19.50480947161671 73.25 49.99
      vertex 20.254666676607666 72.17909292735095 49.99
    endloop
  endfacet
  facet normal 0.7071067811865435 0.7071067811865516 0
    outer loop
      vertex 21.179092927350958 71.25466667660767 1.49
      vertex 20.254666676607666 72.17909292735095 49.99
      vertex 21.179092927350958 71.25466667660767 49.99
    endloop
  endfacet
  facet normal 0.5735764363510497 0.8191520442889894 0
    outer loop
      vertex 22.25 70.50480947161671 1.49
      vertex 21.179092927350958 71.25466667660767 49.99
      vertex 22.25 70.50480947161671 49.99
    endloop
  endfacet
  facet normal 0.2588190451025129 -0.9659258262890703 0
    outer loop
      vertex 23.434848925057484 67.04769465589432 1.49
      vertex 24.697638667498023 67.38605814759156 49.99
      vertex 23.434848925057484 67.04769465589432 49.99
    endloop
  endfacet
  facet normal 0.2588190451025129 0.9659258262890703 0
    outer loop
      vertex 24.697638667498023 69.61394185240844 1.49
      vertex 23.434848925057484 69.95230534410568 49.99
      vertex 24.697638667498023 69.61394185240844 49.99
    endloop
  endfacet
  facet normal 0.08715574274766216 -0.9961946980917451 0
    outer loop
      vertex 24.697638667498023 67.38605814759156 1.49
      vertex 26 67.5 49.99
      vertex 24.697638667498023 67.38605814759156 49.99
    endloop
  endfacet
  facet normal 0.08715574274766216 0.9961946980917451 -7.36585069814612e-21
    outer loop
      vertex 24.697638667498023 69.61394185240844 49.99
      vertex 26 69.5 49.99
      vertex 26 69.5 1.49
    endloop
  endfacet
  facet normal 0.42261826174070305 0.9063077870366484 0
    outer loop
      vertex 23.434848925057484 69.95230534410568 1.49
      vertex 22.25 70.50480947161671 49.99
      vertex 23.434848925057484 69.95230534410568 49.99
    endloop
  endfacet
  facet normal 0.8191520442889924 -0.5735764363510454 0
    outer loop
      vertex 19.50480947161671 80.75 1.49
      vertex 20.254666676607666 81.82090707264905 49.99
      vertex 19.50480947161671 80.75 49.99
    endloop
  endfacet
  facet normal 0.7071067811865435 -0.7071067811865516 0
    outer loop
      vertex 20.254666676607666 81.82090707264905 1.49
      vertex 21.179092927350958 82.74533332339233 49.99
      vertex 20.254666676607666 81.82090707264905 49.99
    endloop
  endfacet
  facet normal 0.5735764363510497 -0.8191520442889894 0
    outer loop
      vertex 21.179092927350958 82.74533332339233 1.49
      vertex 22.25 83.49519052838329 49.99
      vertex 21.179092927350958 82.74533332339233 49.99
    endloop
  endfacet
  facet normal 0.42261826174070305 -0.9063077870366484 0
    outer loop
      vertex 22.25 83.49519052838329 1.49
      vertex 23.434848925057484 84.04769465589432 49.99
      vertex 22.25 83.49519052838329 49.99
    endloop
  endfacet
  facet normal 0.2588190451025129 -0.9659258262890703 0
    outer loop
      vertex 23.434848925057484 84.04769465589432 1.49
      vertex 24.697638667498023 84.38605814759156 49.99
      vertex 23.434848925057484 84.04769465589432 49.99
    endloop
  endfacet
  facet normal 0.08715574274766216 -0.9961946980917451 0
    outer loop
      vertex 24.697638667498023 84.38605814759156 1.49
      vertex 26 84.5 49.99
      vertex 24.697638667498023 84.38605814759156 49.99
    endloop
  endfacet
  facet normal -0.4073604046362332 -0.5817709499068905 0.7039886807179777
    outer loop
      vertex 12.75 66.49519052838329 49.99
      vertex 13.827302969262837 65.75295565615968 50
      vertex 12.754975124378108 66.50380769658015 50
    endloop
  endfacet
  facet normal 0 0 1
    outer loop
      vertex 11.568554260448243 69.94295516877447 50
      vertex 13.827302969262837 65.75295565615968 50
      vertex 14.752955656159685 64.82730296926285 50
    endloop
  endfacet
  facet normal -0.4073604046362913 -0.5817709499069762 0.7039886807178731
    outer loop
      vertex 12.75 66.49519052838329 49.99
      vertex 13.820907072649044 65.74533332339233 49.99
      vertex 13.827302969262837 65.75295565615968 50
    endloop
  endfacet
  facet normal -0.5021951500269288 -0.5021951500269336 0.7039886807178483
    outer loop
      vertex 13.820907072649044 65.74533332339233 49.99
      vertex 14.752955656159685 64.82730296926285 50
      vertex 13.827302969262837 65.75295565615968 50
    endloop
  endfacet
  facet normal -0.5021951500269287 -0.5021951500269335 0.7039886807178481
    outer loop
      vertex 13.820907072649044 65.74533332339233 49.99
      vertex 14.745333323392334 64.82090707264905 49.99
      vertex 14.752955656159685 64.82730296926285 50
    endloop
  endfacet
  facet normal 0 0 1
    outer loop
      vertex 14.752955656159685 64.82730296926285 50
      vertex 12.754975124378108 70.49619230341985 50
      vertex 11.568554260448243 69.94295516877447 50
    endloop
  endfacet
  facet normal 0 0 1
    outer loop
      vertex 14.752955656159685 64.82730296926285 50
      vertex 13.82730296926284 71.24704434384032 50
      vertex 12.754975124378108 70.49619230341985 50
    endloop
  endfacet
  facet normal 0 0 1
    outer loop
      vertex 14.752955656159685 64.82730296926285 50
      vertex 14.752955656159685 72.17269703073715 50
      vertex 13.82730296926284 71.24704434384032 50
    endloop
  endfacet
  facet normal 0 0 1
    outer loop
      vertex 14.752955656159685 64.82730296926285 50
      vertex 15.503807696580148 63.754975124378106 50
      vertex 14.752955656159685 72.17269703073715 50
    endloop
  endfacet
  facet normal 0 0 1
    outer loop
      vertex 15.503807696580148 63.754975124378106 50
      vertex 16.05704483122551 62.56855426044824 50
      vertex 15.503807696580148 73.2450248756219 50
    endloop
  endfacet
  facet normal 0 0 1
    outer loop
      vertex 16.395857229711083 61.304089175065826 50
      vertex 16.05704483122551 74.43144573955175 50
      vertex 16.05704483122551 62.56855426044824 50
    endloop
  endfacet
  facet normal 0 0 1
    outer loop
      vertex 14.752955656159685 72.17269703073715 50
      vertex 15.503807696580148 63.754975124378106 50
      vertex 15.503807696580148 73.2450248756219 50
    endloop
  endfacet
  facet normal -0.4073604046362318 0.5817709499068913 0.7039886807179777
    outer loop
      vertex 12.75 70.50480947161671 49.99
      vertex 12.754975124378108 70.49619230341985 50
      vertex 13.820907072649044 71.25466667660767 49.99
    endloop
  endfacet
  facet normal -0.40736040463625023 0.5817709499069166 0.7039886807179462
    outer loop
      vertex 13.820907072649044 71.25466667660767 49.99
      vertex 12.754975124378108 70.49619230341985 50
      vertex 13.82730296926284 71.24704434384032 50
    endloop
  endfacet
  facet normal -0.5021951500268657 0.5021951500268704 0.7039886807179382
    outer loop
      vertex 13.820907072649044 71.25466667660767 49.99
      vertex 13.82730296926284 71.24704434384032 50
      vertex 14.745333323392334 72.17909292735095 49.99
    endloop
  endfacet
  facet normal -0.5021951500269298 0.5021951500269327 0.7039886807178478
    outer loop
      vertex 14.745333323392334 72.17909292735095 49.99
      vertex 13.82730296926284 71.24704434384032 50
      vertex 14.752955656159685 72.17269703073715 50
    endloop
  endfacet
  facet normal -0.5817709499070035 0.4073604046363065 0.7039886807178418
    outer loop
      vertex 14.745333323392334 72.17909292735095 49.99
      vertex 14.752955656159685 72.17269703073715 50
      vertex 15.49519052838329 73.25 49.99
    endloop
  endfacet
  facet normal 0 0 1
    outer loop
      vertex 16.05704483122551 62.56855426044824 50
      vertex 16.05704483122551 74.43144573955175 50
      vertex 15.503807696580148 73.2450248756219 50
    endloop
  endfacet
  facet normal -0.5817709499070501 0.40736040463633805 0.7039886807177851
    outer loop
      vertex 15.49519052838329 73.25 49.99
      vertex 14.752955656159685 72.17269703073715 50
      vertex 15.503807696580148 73.2450248756219 50
    endloop
  endfacet
  facet normal -0.6436699338644908 0.30014821948513365 0.7039886807177982
    outer loop
      vertex 15.49519052838329 73.25 49.99
      vertex 15.503807696580148 73.2450248756219 50
      vertex 16.04769465589431 74.43484892505748 49.99
    endloop
  endfacet
  facet normal -0.6436699338644325 0.3001482194851076 0.7039886807178625
    outer loop
      vertex 16.04769465589431 74.43484892505748 49.99
      vertex 15.503807696580148 73.2450248756219 50
      vertex 16.05704483122551 74.43144573955175 50
    endloop
  endfacet
  facet normal -0.6860113325941412 0.18381618256719917 0.7039886807178315
    outer loop
      vertex 16.04769465589431 74.43484892505748 49.99
      vertex 16.05704483122551 74.43144573955175 50
      vertex 16.386058147591562 75.69763866749803 49.99
    endloop
  endfacet
  facet normal 0 0 1
    outer loop
      vertex 16.395857229711083 61.304089175065826 50
      vertex 18.604142770288917 61.304089175065826 50
      vertex 16.395857229711083 75.69591082493417 50
    endloop
  endfacet
  facet normal 0 0 1
    outer loop
      vertex 18.94295516877449 62.56855426044824 50
      vertex 18.604142770288917 75.69591082493417 50
      vertex 18.604142770288917 61.304089175065826 50
    endloop
  endfacet
  facet normal 0 0 1
    outer loop
      vertex 18.94295516877449 62.56855426044824 50
      vertex 19.49619230341985 63.754975124378106 50
      vertex 18.94295516877449 74.43144573955175 50
    endloop
  endfacet
  facet normal 0 0 1
    outer loop
      vertex 16.395857229711083 61.304089175065826 50
      vertex 16.395857229711083 75.69591082493417 50
      vertex 16.05704483122551 74.43144573955175 50
    endloop
  endfacet
  facet normal 0 0 1
    outer loop
      vertex 18.604142770288917 61.304089175065826 50
      vertex 18.604142770288917 75.69591082493417 50
      vertex 16.395857229711083 75.69591082493417 50
    endloop
  endfacet
  facet normal 0 0 1
    outer loop
      vertex 18.94295516877449 62.56855426044824 50
      vertex 18.94295516877449 74.43144573955175 50
      vertex 18.604142770288917 75.69591082493417 50
    endloop
  endfacet
  facet normal 0 0 1
    outer loop
      vertex 19.49619230341985 63.754975124378106 50
      vertex 19.49619230341985 73.2450248756219 50
      vertex 18.94295516877449 74.43144573955175 50
    endloop
  endfacet
  facet normal 0.6436699338644389 0.3001482194851096 0.7039886807178559
    outer loop
      vertex 19.50480947161671 73.25 49.99
      vertex 18.94295516877449 74.43144573955175 50
      vertex 19.49619230341985 73.2450248756219 50
    endloop
  endfacet
  facet normal 0.6860113325941413 0.1838161825671989 0.7039886807178314
    outer loop
      vertex 18.95230534410569 74.43484892505748 49.99
      vertex 18.604142770288917 75.69591082493417 50
      vertex 18.94295516877449 74.43144573955175 50
    endloop
  endfacet
  facet normal 0.643669933864433 0.3001482194851067 0.7039886807178626
    outer loop
      vertex 18.95230534410569 74.43484892505748 49.99
      vertex 18.94295516877449 74.43144573955175 50
      vertex 19.50480947161671 73.25 49.99
    endloop
  endfacet
  facet normal -0.6860113325941413 -0.1838161825671989 0.7039886807178314
    outer loop
      vertex 16.04769465589431 79.56515107494252 49.99
      vertex 16.395857229711083 78.30408917506583 50
      vertex 16.05704483122551 79.56855426044825 50
    endloop
  endfacet
  facet normal -0.6436699338644903 -0.3001482194851345 0.7039886807177982
    outer loop
      vertex 15.49519052838329 80.75 49.99
      vertex 16.05704483122551 79.56855426044825 50
      vertex 15.503807696580148 80.7549751243781 50
    endloop
  endfacet
  facet normal -0.643669933864433 -0.3001482194851067 0.7039886807178626
    outer loop
      vertex 16.04769465589431 79.56515107494252 49.99
      vertex 16.05704483122551 79.56855426044825 50
      vertex 15.49519052838329 80.75 49.99
    endloop
  endfacet
  facet normal -0.4073604046362323 -0.581770949906891 0.7039886807179778
    outer loop
      vertex 12.75 83.49519052838329 49.99
      vertex 13.82730296926284 82.75295565615968 50
      vertex 12.754975124378108 83.50380769658015 50
    endloop
  endfacet
  facet normal -0.40736040463624984 -0.581770949906917 0.7039886807179463
    outer loop
      vertex 12.75 83.49519052838329 49.99
      vertex 13.820907072649044 82.74533332339233 49.99
      vertex 13.82730296926284 82.75295565615968 50
    endloop
  endfacet
  facet normal -0.5021951500268667 -0.5021951500268697 0.7039886807179381
    outer loop
      vertex 13.820907072649044 82.74533332339233 49.99
      vertex 14.752955656159685 81.82730296926285 50
      vertex 13.82730296926284 82.75295565615968 50
    endloop
  endfacet
  facet normal -0.5021951500269287 -0.5021951500269335 0.7039886807178481
    outer loop
      vertex 13.820907072649044 82.74533332339233 49.99
      vertex 14.745333323392334 81.82090707264905 49.99
      vertex 14.752955656159685 81.82730296926285 50
    endloop
  endfacet
  facet normal -0.5817709499070042 -0.4073604046363058 0.7039886807178418
    outer loop
      vertex 14.745333323392334 81.82090707264905 49.99
      vertex 15.503807696580148 80.7549751243781 50
      vertex 14.752955656159685 81.82730296926285 50
    endloop
  endfacet
  facet normal -0.5817709499070497 -0.4073604046363388 0.7039886807177851
    outer loop
      vertex 15.49519052838329 80.75 49.99
      vertex 15.503807696580148 80.7549751243781 50
      vertex 14.745333323392334 81.82090707264905 49.99
    endloop
  endfacet
  facet normal 0 0 1
    outer loop
      vertex 10.304089175065828 84.39585722971108 50
      vertex 11.568554260448243 84.05704483122553 50
      vertex 24.695910824934174 84.39585722971108 50
    endloop
  endfacet
  facet normal 0 0 1
    outer loop
      vertex 11.568554260448243 84.05704483122553 50
      vertex 12.754975124378108 83.50380769658015 50
      vertex 23.431445739551755 84.05704483122553 50
    endloop
  endfacet
  facet normal -0.6860113325941603 0.18381618256720397 0.7039886807178116
    outer loop
      vertex 16.386058147591562 75.69763866749803 49.99
      vertex 16.05704483122551 74.43144573955175 50
      vertex 16.395857229711083 75.69591082493417 50
    endloop
  endfacet
  facet normal -0.7075086241214694 0.06189898395745184 0.7039886807177943
    outer loop
      vertex 16.386058147591562 75.69763866749803 49.99
      vertex 16.395857229711083 75.69591082493417 50
      vertex 16.5 77 49.99
    endloop
  endfacet
  facet normal -0.707508624121476 0.061898983957452317 0.7039886807177878
    outer loop
      vertex 16.5 77 49.99
      vertex 16.395857229711083 75.69591082493417 50
      vertex 16.509950248756216 77 50
    endloop
  endfacet
  facet normal -0.7075086241214694 -0.061898983957451734 0.7039886807177943
    outer loop
      vertex 16.386058147591562 78.30236133250197 49.99
      vertex 16.509950248756216 77 50
      vertex 16.395857229711083 78.30408917506583 50
    endloop
  endfacet
  facet normal -0.7075086241214761 -0.06189898395745242 0.7039886807177876
    outer loop
      vertex 16.386058147591562 78.30236133250197 49.99
      vertex 16.5 77 49.99
      vertex 16.509950248756216 77 50
    endloop
  endfacet
  facet normal 0 0 1
    outer loop
      vertex 16.395857229711083 75.69591082493417 50
      vertex 18.490049751243784 77 50
      vertex 16.509950248756216 77 50
    endloop
  endfacet
  facet normal 0 0 1
    outer loop
      vertex 18.604142770288917 75.69591082493417 50
      vertex 18.490049751243784 77 50
      vertex 16.395857229711083 75.69591082493417 50
    endloop
  endfacet
  facet normal 0 0 1
    outer loop
      vertex 16.509950248756216 77 50
      vertex 18.604142770288917 78.30408917506583 50
      vertex 16.395857229711083 78.30408917506583 50
    endloop
  endfacet
  facet normal 0 0 1
    outer loop
      vertex 16.509950248756216 77 50
      vertex 18.490049751243784 77 50
      vertex 18.604142770288917 78.30408917506583 50
    endloop
  endfacet
  facet normal -0.6860113325941597 -0.18381618256720414 0.703988680717812
    outer loop
      vertex 16.04769465589431 79.56515107494252 49.99
      vertex 16.386058147591562 78.30236133250197 49.99
      vertex 16.395857229711083 78.30408917506583 50
    endloop
  endfacet
  facet normal 0 0 1
    outer loop
      vertex 15.503807696580148 80.7549751243781 50
      vertex 16.05704483122551 79.56855426044825 50
      vertex 19.49619230341985 80.7549751243781 50
    endloop
  endfacet
  facet normal 0 0 1
    outer loop
      vertex 16.395857229711083 78.30408917506583 50
      vertex 18.94295516877449 79.56855426044825 50
      vertex 16.05704483122551 79.56855426044825 50
    endloop
  endfacet
  facet normal 0.7075086241214694 0.061898983957451734 0.7039886807177943
    outer loop
      vertex 18.613941852408438 75.69763866749803 49.99
      vertex 18.490049751243784 77 50
      vertex 18.604142770288917 75.69591082493417 50
    endloop
  endfacet
  facet normal 0.7075086241214757 0.0618989839574524 0.7039886807177876
    outer loop
      vertex 18.5 77 49.99
      vertex 18.490049751243784 77 50
      vertex 18.613941852408438 75.69763866749803 49.99
    endloop
  endfacet
  facet normal 0.707508624121476 -0.061898983957452317 0.7039886807177878
    outer loop
      vertex 18.5 77 49.99
      vertex 18.604142770288917 78.30408917506583 50
      vertex 18.490049751243784 77 50
    endloop
  endfacet
  facet normal 0.7075086241214694 -0.06189898395745184 0.7039886807177943
    outer loop
      vertex 18.5 77 49.99
      vertex 18.613941852408438 78.30236133250197 49.99
      vertex 18.604142770288917 78.30408917506583 50
    endloop
  endfacet
  facet normal 0.6860113325941597 0.18381618256720414 0.703988680717812
    outer loop
      vertex 18.95230534410569 74.43484892505748 49.99
      vertex 18.613941852408438 75.69763866749803 49.99
      vertex 18.604142770288917 75.69591082493417 50
    endloop
  endfacet
  facet normal 0 0 1
    outer loop
      vertex 16.395857229711083 78.30408917506583 50
      vertex 18.604142770288917 78.30408917506583 50
      vertex 18.94295516877449 79.56855426044825 50
    endloop
  endfacet
  facet normal 0 0 1
    outer loop
      vertex 16.05704483122551 79.56855426044825 50
      vertex 18.94295516877449 79.56855426044825 50
      vertex 19.49619230341985 80.7549751243781 50
    endloop
  endfacet
  facet normal 0.6860113325941603 -0.18381618256720397 0.7039886807178116
    outer loop
      vertex 18.613941852408438 78.30236133250197 49.99
      vertex 18.94295516877449 79.56855426044825 50
      vertex 18.604142770288917 78.30408917506583 50
    endloop
  endfacet
  facet normal 0.6860113325941406 -0.183816182567199 0.703988680717832
    outer loop
      vertex 18.613941852408438 78.30236133250197 49.99
      vertex 18.95230534410569 79.56515107494252 49.99
      vertex 18.94295516877449 79.56855426044825 50
    endloop
  endfacet
  facet normal 0.6436699338644329 -0.3001482194851068 0.7039886807178626
    outer loop
      vertex 18.95230534410569 79.56515107494252 49.99
      vertex 19.49619230341985 80.7549751243781 50
      vertex 18.94295516877449 79.56855426044825 50
    endloop
  endfacet
  facet normal 0.6436699338644389 -0.30014821948510945 0.7039886807178559
    outer loop
      vertex 18.95230534410569 79.56515107494252 49.99
      vertex 19.50480947161671 80.75 49.99
      vertex 19.49619230341985 80.7549751243781 50
    endloop
  endfacet
  facet normal 0 0 1
    outer loop
      vertex 14.752955656159685 81.82730296926285 50
      vertex 15.503807696580148 80.7549751243781 50
      vertex 20.247044343840315 81.82730296926285 50
    endloop
  endfacet
  facet normal 0 0 1
    outer loop
      vertex 13.82730296926284 82.75295565615968 50
      vertex 14.752955656159685 81.82730296926285 50
      vertex 21.17269703073716 82.75295565615968 50
    endloop
  endfacet
  facet normal 0 0 1
    outer loop
      vertex 12.754975124378108 83.50380769658015 50
      vertex 13.82730296926284 82.75295565615968 50
      vertex 22.24502487562189 83.50380769658015 50
    endloop
  endfacet
  facet normal 0 0 1
    outer loop
      vertex 19.49619230341985 80.7549751243781 50
      vertex 20.247044343840315 81.82730296926285 50
      vertex 15.503807696580148 80.7549751243781 50
    endloop
  endfacet
  facet normal 0 0 1
    outer loop
      vertex 14.752955656159685 81.82730296926285 50
      vertex 20.247044343840315 81.82730296926285 50
      vertex 21.17269703073716 82.75295565615968 50
    endloop
  endfacet
  facet normal 0 0 1
    outer loop
      vertex 13.82730296926284 82.75295565615968 50
      vertex 21.17269703073716 82.75295565615968 50
      vertex 22.24502487562189 83.50380769658015 50
    endloop
  endfacet
  facet normal 0 0 1
    outer loop
      vertex 12.754975124378108 83.50380769658015 50
      vertex 22.24502487562189 83.50380769658015 50
      vertex 23.431445739551755 84.05704483122553 50
    endloop
  endfacet
  facet normal 0.5021951500269294 -0.5021951500269332 0.7039886807178478
    outer loop
      vertex 20.254666676607666 64.82090707264905 49.99
      vertex 21.17269703073716 65.75295565615968 50
      vertex 20.247044343840315 64.82730296926285 50
    endloop
  endfacet
  facet normal 0.5021951500268652 -0.5021951500268711 0.7039886807179379
    outer loop
      vertex 20.254666676607666 64.82090707264905 49.99
      vertex 21.179092927350958 65.74533332339233 49.99
      vertex 21.17269703073716 65.75295565615968 50
    endloop
  endfacet
  facet normal 0 0 1
    outer loop
      vertex 19.49619230341985 63.754975124378106 50
      vertex 20.247044343840315 64.82730296926285 50
      vertex 19.49619230341985 73.2450248756219 50
    endloop
  endfacet
  facet normal 0 0 1
    outer loop
      vertex 20.247044343840315 64.82730296926285 50
      vertex 21.17269703073716 65.75295565615968 50
      vertex 20.247044343840315 72.17269703073715 50
    endloop
  endfacet
  facet normal 0 0 1
    outer loop
      vertex 21.17269703073716 65.75295565615968 50
      vertex 21.17269703073716 71.24704434384032 50
      vertex 20.247044343840315 72.17269703073715 50
    endloop
  endfacet
  facet normal 0.40736040463625106 -0.5817709499069159 0.7039886807179463
    outer loop
      vertex 21.179092927350958 65.74533332339233 49.99
      vertex 22.24502487562189 66.50380769658015 50
      vertex 21.17269703073716 65.75295565615968 50
    endloop
  endfacet
  facet normal 0.40736040463621115 -0.5817709499068607 0.7039886807180151
    outer loop
      vertex 21.179092927350958 65.74533332339233 49.99
      vertex 22.25 66.49519052838329 49.99
      vertex 22.24502487562189 66.50380769658015 50
    endloop
  endfacet
  facet normal 0.3001482194850412 -0.6436699338642857 0.7039886807180251
    outer loop
      vertex 22.25 66.49519052838329 49.99
      vertex 23.431445739551755 67.05704483122553 50
      vertex 22.24502487562189 66.50380769658015 50
    endloop
  endfacet
  facet normal 0 0 1
    outer loop
      vertex 21.17269703073716 65.75295565615968 50
      vertex 22.24502487562189 66.50380769658015 50
      vertex 21.17269703073716 71.24704434384032 50
    endloop
  endfacet
  facet normal 0 0 1
    outer loop
      vertex 22.24502487562189 66.50380769658015 50
      vertex 22.24502487562189 70.49619230341985 50
      vertex 21.17269703073716 71.24704434384032 50
    endloop
  endfacet
  facet normal 0 0 1
    outer loop
      vertex 22.24502487562189 66.50380769658015 50
      vertex 23.431445739551755 67.05704483122553 50
      vertex 22.24502487562189 70.49619230341985 50
    endloop
  endfacet
  facet normal 0 0 1
    outer loop
      vertex 20.247044343840315 64.82730296926285 50
      vertex 20.247044343840315 72.17269703073715 50
      vertex 19.49619230341985 73.2450248756219 50
    endloop
  endfacet
  facet normal 0.5817709499070036 0.40736040463630635 0.7039886807178417
    outer loop
      vertex 20.254666676607666 72.17909292735095 49.99
      vertex 19.49619230341985 73.2450248756219 50
      vertex 20.247044343840315 72.17269703073715 50
    endloop
  endfacet
  facet normal 0.5021951500269285 0.5021951500269343 0.7039886807178478
    outer loop
      vertex 20.254666676607666 72.17909292735095 49.99
      vertex 20.247044343840315 72.17269703073715 50
      vertex 21.179092927350958 71.25466667660767 49.99
    endloop
  endfacet
  facet normal 0.5021951500268661 0.50219515002687 0.703988680717938
    outer loop
      vertex 21.179092927350958 71.25466667660767 49.99
      vertex 20.247044343840315 72.17269703073715 50
      vertex 21.17269703073716 71.24704434384032 50
    endloop
  endfacet
  facet normal 0.5817709499070073 0.4073604046363091 0.7039886807178374
    outer loop
      vertex 20.254666676607666 72.17909292735095 49.99
      vertex 19.50480947161671 73.25 49.99
      vertex 19.49619230341985 73.2450248756219 50
    endloop
  endfacet
  facet normal 0.40736040463625023 0.5817709499069166 0.7039886807179462
    outer loop
      vertex 21.179092927350958 71.25466667660767 49.99
      vertex 21.17269703073716 71.24704434384032 50
      vertex 22.25 70.50480947161671 49.99
    endloop
  endfacet
  facet normal 0.4073604046362124 0.5817709499068607 0.7039886807180141
    outer loop
      vertex 22.25 70.50480947161671 49.99
      vertex 21.17269703073716 71.24704434384032 50
      vertex 22.24502487562189 70.49619230341985 50
    endloop
  endfacet
  facet normal 0.300148219485041 0.6436699338642858 0.703988680718025
    outer loop
      vertex 22.25 70.50480947161671 49.99
      vertex 22.24502487562189 70.49619230341985 50
      vertex 23.434848925057484 69.95230534410568 49.99
    endloop
  endfacet
  facet normal 0.3001482194850349 -0.6436699338642727 0.7039886807180396
    outer loop
      vertex 22.25 66.49519052838329 49.99
      vertex 23.434848925057484 67.04769465589432 49.99
      vertex 23.431445739551755 67.05704483122553 50
    endloop
  endfacet
  facet normal 0.18381618256713808 -0.6860113325939392 0.703988680718044
    outer loop
      vertex 23.434848925057484 67.04769465589432 49.99
      vertex 24.695910824934174 67.39585722971108 50
      vertex 23.431445739551755 67.05704483122553 50
    endloop
  endfacet
  facet normal 0 0 1
    outer loop
      vertex 22.24502487562189 70.49619230341985 50
      vertex 23.431445739551755 67.05704483122553 50
      vertex 23.431445739551755 69.94295516877447 50
    endloop
  endfacet
  facet normal 0 0 1
    outer loop
      vertex 23.431445739551755 67.05704483122553 50
      vertex 24.695910824934174 67.39585722971108 50
      vertex 23.431445739551755 69.94295516877447 50
    endloop
  endfacet
  facet normal 0.18381618256714347 -0.6860113325939583 0.7039886807180243
    outer loop
      vertex 23.434848925057484 67.04769465589432 49.99
      vertex 24.697638667498023 67.38605814759156 49.99
      vertex 24.695910824934174 67.39585722971108 50
    endloop
  endfacet
  facet normal 0.18381618256713836 0.6860113325939392 0.7039886807180441
    outer loop
      vertex 23.434848925057484 69.95230534410568 49.99
      vertex 23.431445739551755 69.94295516877447 50
      vertex 24.697638667498023 69.61394185240844 49.99
    endloop
  endfacet
  facet normal 0 0 1
    outer loop
      vertex 24.695910824934174 67.39585722971108 50
      vertex 24.695910824934174 69.60414277028892 50
      vertex 23.431445739551755 69.94295516877447 50
    endloop
  endfacet
  facet normal 0.183816182567143 0.6860113325939576 0.7039886807180247
    outer loop
      vertex 24.697638667498023 69.61394185240844 49.99
      vertex 23.431445739551755 69.94295516877447 50
      vertex 24.695910824934174 69.60414277028892 50
    endloop
  endfacet
  facet normal 0.06189898395742888 -0.7075086241212302 0.7039886807180366
    outer loop
      vertex 24.697638667498023 67.38605814759156 49.99
      vertex 26 67.50995024875621 50
      vertex 24.695910824934174 67.39585722971108 50
    endloop
  endfacet
  facet normal 0 0 1
    outer loop
      vertex 24.695910824934174 67.39585722971108 50
      vertex 26 67.50995024875621 50
      vertex 24.695910824934174 69.60414277028892 50
    endloop
  endfacet
  facet normal 0.06189898395743454 0.7075086241212295 0.7039886807180368
    outer loop
      vertex 24.697638667498023 69.61394185240844 49.99
      vertex 24.695910824934174 69.60414277028892 50
      vertex 26 69.5 49.99
    endloop
  endfacet
  facet normal 0.06189898395746704 -0.707508624121601 0.7039886807176607
    outer loop
      vertex 24.697638667498023 67.38605814759156 49.99
      vertex 26 67.5 49.99
      vertex 26 67.50995024875621 50
    endloop
  endfacet
  facet normal 0 0 1
    outer loop
      vertex 26 67.50995024875621 50
      vertex 26 69.49004975124379 50
      vertex 24.695910824934174 69.60414277028892 50
    endloop
  endfacet
  facet normal 0.06189898395746134 0.7075086241216012 0.703988680717661
    outer loop
      vertex 26 69.5 49.99
      vertex 24.695910824934174 69.60414277028892 50
      vertex 26 69.49004975124379 50
    endloop
  endfacet
  facet normal 0.3001482194850353 0.643669933864273 0.7039886807180393
    outer loop
      vertex 23.434848925057484 69.95230534410568 49.99
      vertex 22.24502487562189 70.49619230341985 50
      vertex 23.431445739551755 69.94295516877447 50
    endloop
  endfacet
  facet normal 0.5817709499070074 -0.40736040463630907 0.7039886807178372
    outer loop
      vertex 19.50480947161671 80.75 49.99
      vertex 20.247044343840315 81.82730296926285 50
      vertex 19.49619230341985 80.7549751243781 50
    endloop
  endfacet
  facet normal 0.5817709499070031 -0.4073604046363062 0.7039886807178423
    outer loop
      vertex 19.50480947161671 80.75 49.99
      vertex 20.254666676607666 81.82090707264905 49.99
      vertex 20.247044343840315 81.82730296926285 50
    endloop
  endfacet
  facet normal 0.5021951500269294 -0.5021951500269332 0.7039886807178478
    outer loop
      vertex 20.254666676607666 81.82090707264905 49.99
      vertex 21.17269703073716 82.75295565615968 50
      vertex 20.247044343840315 81.82730296926285 50
    endloop
  endfacet
  facet normal 0.5021951500268652 -0.5021951500268711 0.7039886807179379
    outer loop
      vertex 20.254666676607666 81.82090707264905 49.99
      vertex 21.179092927350958 82.74533332339233 49.99
      vertex 21.17269703073716 82.75295565615968 50
    endloop
  endfacet
  facet normal 0 0 1
    outer loop
      vertex 11.568554260448243 84.05704483122553 50
      vertex 23.431445739551755 84.05704483122553 50
      vertex 24.695910824934174 84.39585722971108 50
    endloop
  endfacet
  facet normal 0 0 1
    outer loop
      vertex 10.304089175065828 84.39585722971108 50
      vertex 24.695910824934174 84.39585722971108 50
      vertex 26 84.50995024875621 50
    endloop
  endfacet
  facet normal 0 0 1
    outer loop
      vertex 3 86 50
      vertex 10.304089175065828 84.39585722971108 50
      vertex 49 86 50
    endloop
  endfacet
  facet normal 0.40736040463625106 -0.5817709499069159 0.7039886807179463
    outer loop
      vertex 21.179092927350958 82.74533332339233 49.99
      vertex 22.24502487562189 83.50380769658015 50
      vertex 21.17269703073716 82.75295565615968 50
    endloop
  endfacet
  facet normal 0.40736040463621115 -0.5817709499068607 0.7039886807180151
    outer loop
      vertex 21.179092927350958 82.74533332339233 49.99
      vertex 22.25 83.49519052838329 49.99
      vertex 22.24502487562189 83.50380769658015 50
    endloop
  endfacet
  facet normal 0.3001482194850412 -0.6436699338642857 0.7039886807180251
    outer loop
      vertex 22.25 83.49519052838329 49.99
      vertex 23.431445739551755 84.05704483122553 50
      vertex 22.24502487562189 83.50380769658015 50
    endloop
  endfacet
  facet normal 0.3001482194850349 -0.6436699338642727 0.7039886807180396
    outer loop
      vertex 22.25 83.49519052838329 49.99
      vertex 23.434848925057484 84.04769465589432 49.99
      vertex 23.431445739551755 84.05704483122553 50
    endloop
  endfacet
  facet normal 0.18381618256713808 -0.6860113325939392 0.703988680718044
    outer loop
      vertex 23.434848925057484 84.04769465589432 49.99
      vertex 24.695910824934174 84.39585722971108 50
      vertex 23.431445739551755 84.05704483122553 50
    endloop
  endfacet
  facet normal 0.18381618256714347 -0.6860113325939583 0.7039886807180243
    outer loop
      vertex 23.434848925057484 84.04769465589432 49.99
      vertex 24.697638667498023 84.38605814759156 49.99
      vertex 24.695910824934174 84.39585722971108 50
    endloop
  endfacet
  facet normal 0.06189898395742888 -0.7075086241212302 0.7039886807180366
    outer loop
      vertex 24.697638667498023 84.38605814759156 49.99
      vertex 26 84.50995024875621 50
      vertex 24.695910824934174 84.39585722971108 50
    endloop
  endfacet
  facet normal 0.06189898395746704 -0.707508624121601 0.7039886807176607
    outer loop
      vertex 24.697638667498023 84.38605814759156 49.99
      vertex 26 84.5 49.99
      vertex 26 84.50995024875621 50
    endloop
  endfacet
  facet normal 0 0 1
    outer loop
      vertex 26 1.5 1.49
      vertex 27.302361332501977 1.6139418524084395 1.49
      vertex 27.302361332501977 16.386058147591562 1.49
    endloop
  endfacet
  facet normal 0 0 1
    outer loop
      vertex 27.302361332501977 1.6139418524084395 1.49
      vertex 28.565151074942516 1.952305344105687 1.49
      vertex 28.565151074942516 16.04769465589431 1.49
    endloop
  endfacet
  facet normal 0 0 1
    outer loop
      vertex 28.565151074942516 1.952305344105687 1.49
      vertex 29.75 2.504809471616711 1.49
      vertex 29.75 15.49519052838329 1.49
    endloop
  endfacet
  facet normal 0 0 1
    outer loop
      vertex 29.75 2.504809471616711 1.49
      vertex 30.820907072649042 3.2546666766076653 1.49
      vertex 30.820907072649042 14.745333323392334 1.49
    endloop
  endfacet
  facet normal 0 0 1
    outer loop
      vertex 30.820907072649042 3.2546666766076653 1.49
      vertex 31.745333323392334 4.179092927350956 1.49
      vertex 31.745333323392334 13.820907072649044 1.49
    endloop
  endfacet
  facet normal 0 0 1
    outer loop
      vertex 31.745333323392334 4.179092927350956 1.49
      vertex 32.49519052838329 5.25 1.49
      vertex 32.49519052838329 12.75 1.49
    endloop
  endfacet
  facet normal 0 0 1
    outer loop
      vertex 30.820907072649042 3.2546666766076653 1.49
      vertex 31.745333323392334 13.820907072649044 1.49
      vertex 30.820907072649042 14.745333323392334 1.49
    endloop
  endfacet
  facet normal 0 0 1
    outer loop
      vertex 31.745333323392334 4.179092927350956 1.49
      vertex 32.49519052838329 12.75 1.49
      vertex 31.745333323392334 13.820907072649044 1.49
    endloop
  endfacet
  facet normal 0 0 1
    outer loop
      vertex 26 1.5 1.49
      vertex 27.302361332501977 16.386058147591562 1.49
      vertex 26 16.5 1.49
    endloop
  endfacet
  facet normal 0 0 1
    outer loop
      vertex 27.302361332501977 1.6139418524084395 1.49
      vertex 28.565151074942516 16.04769465589431 1.49
      vertex 27.302361332501977 16.386058147591562 1.49
    endloop
  endfacet
  facet normal 0 0 1
    outer loop
      vertex 28.565151074942516 1.952305344105687 1.49
      vertex 29.75 15.49519052838329 1.49
      vertex 28.565151074942516 16.04769465589431 1.49
    endloop
  endfacet
  facet normal 0 0 1
    outer loop
      vertex 29.75 2.504809471616711 1.49
      vertex 30.820907072649042 14.745333323392334 1.49
      vertex 29.75 15.49519052838329 1.49
    endloop
  endfacet
  facet normal 0 0 1
    outer loop
      vertex 32.49519052838329 5.25 1.49
      vertex 33.04769465589431 6.4348489250574845 1.49
      vertex 33.04769465589431 11.565151074942516 1.49
    endloop
  endfacet
  facet normal 0 0 1
    outer loop
      vertex 33.04769465589431 6.4348489250574845 1.49
      vertex 33.38605814759156 7.697638667498023 1.49
      vertex 33.38605814759156 10.302361332501977 1.49
    endloop
  endfacet
  facet normal 0 0 1
    outer loop
      vertex 32.49519052838329 5.25 1.49
      vertex 33.04769465589431 11.565151074942516 1.49
      vertex 32.49519052838329 12.75 1.49
    endloop
  endfacet
  facet normal 0 0 1
    outer loop
      vertex 33.04769465589431 6.4348489250574845 1.49
      vertex 33.38605814759156 10.302361332501977 1.49
      vertex 33.04769465589431 11.565151074942516 1.49
    endloop
  endfacet
  facet normal 0 0 1
    outer loop
      vertex 33.38605814759156 7.697638667498023 1.49
      vertex 33.5 9 1.49
      vertex 33.38605814759156 10.302361332501977 1.49
    endloop
  endfacet
  facet normal 0 0 1
    outer loop
      vertex 35.5 9 1.49
      vertex 35.61394185240844 7.697638667498023 1.49
      vertex 35.61394185240844 10.302361332501977 1.49
    endloop
  endfacet
  facet normal 0 0 1
    outer loop
      vertex 35.61394185240844 7.697638667498023 1.49
      vertex 35.95230534410569 11.565151074942516 1.49
      vertex 35.61394185240844 10.302361332501977 1.49
    endloop
  endfacet
  facet normal 0 0 1
    outer loop
      vertex 37.25466667660766 4.179092927350956 1.49
      vertex 37.25466667660766 13.820907072649044 1.49
      vertex 36.50480947161671 5.25 1.49
    endloop
  endfacet
  facet normal 0 0 1
    outer loop
      vertex 35.61394185240844 7.697638667498023 1.49
      vertex 35.95230534410569 6.4348489250574845 1.49
      vertex 35.95230534410569 11.565151074942516 1.49
    endloop
  endfacet
  facet normal 0 0 1
    outer loop
      vertex 36.50480947161671 5.25 1.49
      vertex 36.50480947161671 12.75 1.49
      vertex 35.95230534410569 6.4348489250574845 1.49
    endloop
  endfacet
  facet normal 0 0 1
    outer loop
      vertex 35.95230534410569 6.4348489250574845 1.49
      vertex 36.50480947161671 12.75 1.49
      vertex 35.95230534410569 11.565151074942516 1.49
    endloop
  endfacet
  facet normal 0 0 1
    outer loop
      vertex 36.50480947161671 5.25 1.49
      vertex 37.25466667660766 13.820907072649044 1.49
      vertex 36.50480947161671 12.75 1.49
    endloop
  endfacet
  facet normal 0 0 1
    outer loop
      vertex 37.25466667660766 4.179092927350956 1.49
      vertex 38.17909292735096 3.2546666766076653 1.49
      vertex 38.17909292735096 14.745333323392334 1.49
    endloop
  endfacet
  facet normal 0 0 1
    outer loop
      vertex 38.17909292735096 3.2546666766076653 1.49
      vertex 39.25 2.504809471616711 1.49
      vertex 39.25 15.49519052838329 1.49
    endloop
  endfacet
  facet normal 0 0 1
    outer loop
      vertex 37.25466667660766 4.179092927350956 1.49
      vertex 38.17909292735096 14.745333323392334 1.49
      vertex 37.25466667660766 13.820907072649044 1.49
    endloop
  endfacet
  facet normal 0 0 1
    outer loop
      vertex 38.17909292735096 3.2546666766076653 1.49
      vertex 39.25 15.49519052838329 1.49
      vertex 38.17909292735096 14.745333323392334 1.49
    endloop
  endfacet
  facet normal -0.08715574274765811 0.9961946980917454 0
    outer loop
      vertex 26 1.5 1.49
      vertex 26 1.5 49.99
      vertex 27.302361332501977 1.6139418524084395 1.49
    endloop
  endfacet
  facet normal -0.2588190451025206 0.9659258262890683 0
    outer loop
      vertex 27.302361332501977 1.6139418524084395 1.49
      vertex 27.302361332501977 1.6139418524084395 49.99
      vertex 28.565151074942516 1.952305344105687 1.49
    endloop
  endfacet
  facet normal -0.4226182617407002 0.9063077870366496 0
    outer loop
      vertex 28.565151074942516 1.952305344105687 1.49
      vertex 28.565151074942516 1.952305344105687 49.99
      vertex 29.75 2.504809471616711 1.49
    endloop
  endfacet
  facet normal -0.5735764363510469 0.8191520442889912 0
    outer loop
      vertex 29.75 2.504809471616711 1.49
      vertex 29.75 2.504809471616711 49.99
      vertex 30.820907072649042 3.2546666766076653 1.49
    endloop
  endfacet
  facet normal -0.7071067811865472 0.7071067811865479 0
    outer loop
      vertex 30.820907072649042 3.2546666766076653 1.49
      vertex 30.820907072649042 3.2546666766076653 49.99
      vertex 31.745333323392334 4.179092927350956 1.49
    endloop
  endfacet
  facet normal -0.819152044288991 0.5735764363510472 0
    outer loop
      vertex 31.745333323392334 4.179092927350956 1.49
      vertex 31.745333323392334 4.179092927350956 49.99
      vertex 32.49519052838329 5.25 1.49
    endloop
  endfacet
  facet normal -0.08715574274765678 0.9961946980917457 0
    outer loop
      vertex 26 18.5 1.49
      vertex 26 18.5 49.99
      vertex 27.302361332501977 18.613941852408438 1.49
    endloop
  endfacet
  facet normal -0.08715574274765678 -0.9961946980917457 1.6970250791199594e-19
    outer loop
      vertex 26 16.5 1.49
      vertex 27.302361332501977 16.386058147591562 1.49
      vertex 27.302361332501977 16.386058147591562 49.99
    endloop
  endfacet
  facet normal -0.2588190451025231 -0.9659258262890678 2.0263898048032175e-19
    outer loop
      vertex 27.302361332501977 16.386058147591562 1.49
      vertex 28.565151074942516 16.04769465589431 1.49
      vertex 28.565151074942516 16.04769465589431 49.99
    endloop
  endfacet
  facet normal -0.2588190451025231 0.9659258262890678 0
    outer loop
      vertex 27.302361332501977 18.613941852408438 1.49
      vertex 27.302361332501977 18.613941852408438 49.99
      vertex 28.565151074942516 18.95230534410569 1.49
    endloop
  endfacet
  facet normal -0.42261826174069855 0.9063077870366504 0
    outer loop
      vertex 28.565151074942516 18.95230534410569 1.49
      vertex 28.565151074942516 18.95230534410569 49.99
      vertex 29.75 19.50480947161671 1.49
    endloop
  endfacet
  facet normal -0.42261826174069855 -0.9063077870366504 2.2685634186461777e-19
    outer loop
      vertex 28.565151074942516 16.04769465589431 1.49
      vertex 29.75 15.49519052838329 1.49
      vertex 29.75 15.49519052838329 49.99
    endloop
  endfacet
  facet normal -0.5735764363510478 -0.8191520442889906 -7.008043906371929e-19
    outer loop
      vertex 29.75 15.49519052838329 1.49
      vertex 30.820907072649042 14.745333323392334 1.49
      vertex 30.820907072649042 14.745333323392334 49.99
    endloop
  endfacet
  facet normal -0.819152044288991 -0.5735764363510472 0
    outer loop
      vertex 32.49519052838329 12.75 1.49
      vertex 32.49519052838329 12.75 49.99
      vertex 31.745333323392334 13.820907072649044 1.49
    endloop
  endfacet
  facet normal -0.7071067811865469 -0.7071067811865482 -4.733362809593257e-19
    outer loop
      vertex 30.820907072649042 14.745333323392334 1.49
      vertex 31.745333323392334 13.820907072649044 1.49
      vertex 31.745333323392334 13.820907072649044 49.99
    endloop
  endfacet
  facet normal -0.5735764363510478 0.8191520442889906 0
    outer loop
      vertex 29.75 19.50480947161671 1.49
      vertex 29.75 19.50480947161671 49.99
      vertex 30.820907072649042 20.254666676607666 1.49
    endloop
  endfacet
  facet normal -0.7071067811865476 0.7071067811865476 0
    outer loop
      vertex 30.820907072649042 20.254666676607666 1.49
      vertex 30.820907072649042 20.254666676607666 49.99
      vertex 31.745333323392334 21.179092927350958 1.49
    endloop
  endfacet
  facet normal -0.9063077870366505 0.4226182617406983 0
    outer loop
      vertex 32.49519052838329 5.25 1.49
      vertex 32.49519052838329 5.25 49.99
      vertex 33.04769465589431 6.4348489250574845 1.49
    endloop
  endfacet
  facet normal -0.9659258262890676 0.2588190451025233 0
    outer loop
      vertex 33.04769465589431 6.4348489250574845 1.49
      vertex 33.04769465589431 6.4348489250574845 49.99
      vertex 33.38605814759156 7.697638667498023 1.49
    endloop
  endfacet
  facet normal -0.9659258262890678 -0.2588190451025231 0
    outer loop
      vertex 33.38605814759156 10.302361332501977 1.49
      vertex 33.38605814759156 10.302361332501977 49.99
      vertex 33.04769465589431 11.565151074942516 1.49
    endloop
  endfacet
  facet normal -0.9961946980917457 0.08715574274765678 0
    outer loop
      vertex 33.38605814759156 7.697638667498023 1.49
      vertex 33.38605814759156 7.697638667498023 49.99
      vertex 33.5 9 1.49
    endloop
  endfacet
  facet normal -0.9961946980917457 -0.08715574274765678 1.6970250791199594e-19
    outer loop
      vertex 33.38605814759156 10.302361332501977 1.49
      vertex 33.5 9 1.49
      vertex 33.5 9 49.99
    endloop
  endfacet
  facet normal 0.9659258262890676 0.2588190451025233 0
    outer loop
      vertex 35.61394185240844 7.697638667498023 1.49
      vertex 35.61394185240844 7.697638667498023 49.99
      vertex 35.95230534410569 6.4348489250574845 1.49
    endloop
  endfacet
  facet normal 0.9961946980917457 0.08715574274765678 0
    outer loop
      vertex 35.5 9 1.49
      vertex 35.5 9 49.99
      vertex 35.61394185240844 7.697638667498023 1.49
    endloop
  endfacet
  facet normal 0.9961946980917457 -0.08715574274765678 -1.6970250791199594e-19
    outer loop
      vertex 35.5 9 1.49
      vertex 35.61394185240844 10.302361332501977 1.49
      vertex 35.61394185240844 10.302361332501977 49.99
    endloop
  endfacet
  facet normal 0.8191520442889924 0.5735764363510454 -2.257441353219589e-19
    outer loop
      vertex 37.25466667660766 4.179092927350956 1.49
      vertex 36.50480947161671 5.25 1.49
      vertex 36.50480947161671 5.25 49.99
    endloop
  endfacet
  facet normal 0.7071067811865459 0.7071067811865492 0
    outer loop
      vertex 37.25466667660766 4.179092927350956 1.49
      vertex 37.25466667660766 4.179092927350956 49.99
      vertex 38.17909292735096 3.2546666766076653 1.49
    endloop
  endfacet
  facet normal 0.5735764363510469 0.8191520442889912 0
    outer loop
      vertex 38.17909292735096 3.2546666766076653 1.49
      vertex 38.17909292735096 3.2546666766076653 49.99
      vertex 39.25 2.504809471616711 1.49
    endloop
  endfacet
  facet normal 0.9063077870366505 0.4226182617406983 -5.086131405041563e-19
    outer loop
      vertex 36.50480947161671 5.25 1.49
      vertex 35.95230534410569 6.4348489250574845 1.49
      vertex 35.95230534410569 6.4348489250574845 49.99
    endloop
  endfacet
  facet normal -0.9063077870366504 -0.42261826174069855 2.2685634186461777e-19
    outer loop
      vertex 32.49519052838329 12.75 1.49
      vertex 33.04769465589431 11.565151074942516 1.49
      vertex 33.04769465589431 11.565151074942516 49.99
    endloop
  endfacet
  facet normal 0.9659258262890678 -0.2588190451025231 -2.0263898048032175e-19
    outer loop
      vertex 35.61394185240844 10.302361332501977 1.49
      vertex 35.95230534410569 11.565151074942516 1.49
      vertex 35.95230534410569 11.565151074942516 49.99
    endloop
  endfacet
  facet normal 0.9063077870366504 -0.42261826174069855 -2.2685634186461777e-19
    outer loop
      vertex 35.95230534410569 11.565151074942516 1.49
      vertex 36.50480947161671 12.75 1.49
      vertex 36.50480947161671 12.75 49.99
    endloop
  endfacet
  facet normal 0.8191520442889924 -0.5735764363510454 2.257441353219589e-19
    outer loop
      vertex 36.50480947161671 12.75 1.49
      vertex 37.25466667660766 13.820907072649044 1.49
      vertex 37.25466667660766 13.820907072649044 49.99
    endloop
  endfacet
  facet normal 0.7071067811865455 -0.7071067811865496 -2.5920373478960897e-19
    outer loop
      vertex 37.25466667660766 13.820907072649044 1.49
      vertex 38.17909292735096 14.745333323392334 1.49
      vertex 38.17909292735096 14.745333323392334 49.99
    endloop
  endfacet
  facet normal 0.5735764363510478 -0.8191520442889906 7.008043906371929e-19
    outer loop
      vertex 38.17909292735096 14.745333323392334 1.49
      vertex 39.25 15.49519052838329 1.49
      vertex 39.25 15.49519052838329 49.99
    endloop
  endfacet
  facet normal 0.7071067811865461 0.7071067811865488 0
    outer loop
      vertex 37.25466667660766 21.179092927350958 1.49
      vertex 37.25466667660766 21.179092927350958 49.99
      vertex 38.17909292735096 20.254666676607666 1.49
    endloop
  endfacet
  facet normal 0.5735764363510478 0.8191520442889906 0
    outer loop
      vertex 38.17909292735096 20.254666676607666 1.49
      vertex 38.17909292735096 20.254666676607666 49.99
      vertex 39.25 19.50480947161671 1.49
    endloop
  endfacet
  facet normal 0 0 1
    outer loop
      vertex 26 18.5 1.49
      vertex 27.302361332501977 18.613941852408438 1.49
      vertex 27.302361332501977 33.38605814759156 1.49
    endloop
  endfacet
  facet normal 0 0 1
    outer loop
      vertex 27.302361332501977 18.613941852408438 1.49
      vertex 28.565151074942516 18.95230534410569 1.49
      vertex 28.565151074942516 33.04769465589431 1.49
    endloop
  endfacet
  facet normal 0 0 1
    outer loop
      vertex 26 18.5 1.49
      vertex 27.302361332501977 33.38605814759156 1.49
      vertex 26 33.5 1.49
    endloop
  endfacet
  facet normal 0 0 1
    outer loop
      vertex 27.302361332501977 18.613941852408438 1.49
      vertex 28.565151074942516 33.04769465589431 1.49
      vertex 27.302361332501977 33.38605814759156 1.49
    endloop
  endfacet
  facet normal 0 0 1
    outer loop
      vertex 28.565151074942516 18.95230534410569 1.49
      vertex 29.75 32.49519052838329 1.49
      vertex 28.565151074942516 33.04769465589431 1.49
    endloop
  endfacet
  facet normal 0 0 1
    outer loop
      vertex 28.565151074942516 18.95230534410569 1.49
      vertex 29.75 19.50480947161671 1.49
      vertex 29.75 32.49519052838329 1.49
    endloop
  endfacet
  facet normal 0 0 1
    outer loop
      vertex 29.75 19.50480947161671 1.49
      vertex 30.820907072649042 20.254666676607666 1.49
      vertex 30.820907072649042 31.745333323392334 1.49
    endloop
  endfacet
  facet normal 0 0 1
    outer loop
      vertex 30.820907072649042 20.254666676607666 1.49
      vertex 31.745333323392334 21.179092927350958 1.49
      vertex 31.745333323392334 30.820907072649042 1.49
    endloop
  endfacet
  facet normal 0 0 1
    outer loop
      vertex 31.745333323392334 21.179092927350958 1.49
      vertex 32.49519052838329 22.25 1.49
      vertex 32.49519052838329 29.75 1.49
    endloop
  endfacet
  facet normal 0 0 1
    outer loop
      vertex 29.75 19.50480947161671 1.49
      vertex 30.820907072649042 31.745333323392334 1.49
      vertex 29.75 32.49519052838329 1.49
    endloop
  endfacet
  facet normal 0 0 1
    outer loop
      vertex 30.820907072649042 20.254666676607666 1.49
      vertex 31.745333323392334 30.820907072649042 1.49
      vertex 30.820907072649042 31.745333323392334 1.49
    endloop
  endfacet
  facet normal 0 0 1
    outer loop
      vertex 31.745333323392334 21.179092927350958 1.49
      vertex 32.49519052838329 29.75 1.49
      vertex 31.745333323392334 30.820907072649042 1.49
    endloop
  endfacet
  facet normal 0 0 1
    outer loop
      vertex 26 35.5 1.49
      vertex 27.302361332501977 35.61394185240844 1.49
      vertex 27.302361332501977 50.38605814759156 1.49
    endloop
  endfacet
  facet normal 0 0 1
    outer loop
      vertex 27.302361332501977 35.61394185240844 1.49
      vertex 28.565151074942516 35.95230534410569 1.49
      vertex 28.565151074942516 50.04769465589431 1.49
    endloop
  endfacet
  facet normal 0 0 1
    outer loop
      vertex 28.565151074942516 35.95230534410569 1.49
      vertex 29.75 36.50480947161671 1.49
      vertex 29.75 49.49519052838329 1.49
    endloop
  endfacet
  facet normal 0 0 1
    outer loop
      vertex 29.75 36.50480947161671 1.49
      vertex 30.820907072649042 37.25466667660766 1.49
      vertex 30.820907072649042 48.74533332339234 1.49
    endloop
  endfacet
  facet normal 0 0 1
    outer loop
      vertex 30.820907072649042 37.25466667660766 1.49
      vertex 31.745333323392334 38.17909292735096 1.49
      vertex 31.745333323392334 47.82090707264904 1.49
    endloop
  endfacet
  facet normal 0 0 1
    outer loop
      vertex 31.745333323392334 38.17909292735096 1.49
      vertex 32.49519052838329 39.25 1.49
      vertex 32.49519052838329 46.75 1.49
    endloop
  endfacet
  facet normal 0 0 1
    outer loop
      vertex 32.49519052838329 22.25 1.49
      vertex 33.04769465589431 23.434848925057484 1.49
      vertex 33.04769465589431 28.565151074942516 1.49
    endloop
  endfacet
  facet normal 0 0 1
    outer loop
      vertex 33.04769465589431 23.434848925057484 1.49
      vertex 33.38605814759156 24.697638667498023 1.49
      vertex 33.38605814759156 27.302361332501977 1.49
    endloop
  endfacet
  facet normal 0 0 1
    outer loop
      vertex 32.49519052838329 22.25 1.49
      vertex 33.04769465589431 28.565151074942516 1.49
      vertex 32.49519052838329 29.75 1.49
    endloop
  endfacet
  facet normal 0 0 1
    outer loop
      vertex 33.04769465589431 23.434848925057484 1.49
      vertex 33.38605814759156 27.302361332501977 1.49
      vertex 33.04769465589431 28.565151074942516 1.49
    endloop
  endfacet
  facet normal 0 0 1
    outer loop
      vertex 33.38605814759156 24.697638667498023 1.49
      vertex 33.5 26 1.49
      vertex 33.38605814759156 27.302361332501977 1.49
    endloop
  endfacet
  facet normal 0 0 1
    outer loop
      vertex 35.61394185240844 24.697638667498023 1.49
      vertex 35.61394185240844 27.302361332501977 1.49
      vertex 35.5 26 1.49
    endloop
  endfacet
  facet normal 0 0 1
    outer loop
      vertex 35.61394185240844 24.697638667498023 1.49
      vertex 35.95230534410569 28.565151074942516 1.49
      vertex 35.61394185240844 27.302361332501977 1.49
    endloop
  endfacet
  facet normal 0 0 1
    outer loop
      vertex 36.50480947161671 22.25 1.49
      vertex 36.50480947161671 29.75 1.49
      vertex 35.95230534410569 23.434848925057484 1.49
    endloop
  endfacet
  facet normal 0 0 1
    outer loop
      vertex 35.61394185240844 24.697638667498023 1.49
      vertex 35.95230534410569 23.434848925057484 1.49
      vertex 35.95230534410569 28.565151074942516 1.49
    endloop
  endfacet
  facet normal 0 0 1
    outer loop
      vertex 37.25466667660766 21.179092927350958 1.49
      vertex 37.25466667660766 30.820907072649042 1.49
      vertex 36.50480947161671 22.25 1.49
    endloop
  endfacet
  facet normal 0 0 1
    outer loop
      vertex 38.17909292735096 20.254666676607666 1.49
      vertex 39.25 19.50480947161671 1.49
      vertex 39.25 32.49519052838329 1.49
    endloop
  endfacet
  facet normal 0 0 1
    outer loop
      vertex 37.25466667660766 21.179092927350958 1.49
      vertex 38.17909292735096 20.254666676607666 1.49
      vertex 38.17909292735096 31.745333323392334 1.49
    endloop
  endfacet
  facet normal 0 0 1
    outer loop
      vertex 35.95230534410569 23.434848925057484 1.49
      vertex 36.50480947161671 29.75 1.49
      vertex 35.95230534410569 28.565151074942516 1.49
    endloop
  endfacet
  facet normal 0 0 1
    outer loop
      vertex 36.50480947161671 22.25 1.49
      vertex 37.25466667660766 30.820907072649042 1.49
      vertex 36.50480947161671 29.75 1.49
    endloop
  endfacet
  facet normal 0 0 1
    outer loop
      vertex 37.25466667660766 21.179092927350958 1.49
      vertex 38.17909292735096 31.745333323392334 1.49
      vertex 37.25466667660766 30.820907072649042 1.49
    endloop
  endfacet
  facet normal 0 0 1
    outer loop
      vertex 38.17909292735096 20.254666676607666 1.49
      vertex 39.25 32.49519052838329 1.49
      vertex 38.17909292735096 31.745333323392334 1.49
    endloop
  endfacet
  facet normal 0 0 1
    outer loop
      vertex 32.49519052838329 39.25 1.49
      vertex 33.04769465589431 40.43484892505749 1.49
      vertex 33.04769465589431 45.56515107494251 1.49
    endloop
  endfacet
  facet normal 0 0 1
    outer loop
      vertex 33.04769465589431 40.43484892505749 1.49
      vertex 33.38605814759156 41.697638667498026 1.49
      vertex 33.38605814759156 44.302361332501974 1.49
    endloop
  endfacet
  facet normal 0 0 1
    outer loop
      vertex 35.61394185240844 41.697638667498026 1.49
      vertex 35.95230534410569 40.43484892505749 1.49
      vertex 35.95230534410569 45.56515107494251 1.49
    endloop
  endfacet
  facet normal 0 0 1
    outer loop
      vertex 36.50480947161671 39.25 1.49
      vertex 36.50480947161671 46.75 1.49
      vertex 35.95230534410569 40.43484892505749 1.49
    endloop
  endfacet
  facet normal 0 0 1
    outer loop
      vertex 36.50480947161671 39.25 1.49
      vertex 37.25466667660766 38.17909292735096 1.49
      vertex 37.25466667660766 47.82090707264904 1.49
    endloop
  endfacet
  facet normal 0 0 1
    outer loop
      vertex 38.17909292735096 37.25466667660766 1.49
      vertex 38.17909292735096 48.74533332339234 1.49
      vertex 37.25466667660766 38.17909292735096 1.49
    endloop
  endfacet
  facet normal 0 0 1
    outer loop
      vertex 38.17909292735096 37.25466667660766 1.49
      vertex 39.25 36.50480947161671 1.49
      vertex 39.25 49.49519052838329 1.49
    endloop
  endfacet
  facet normal -0.8191520442889906 0.5735764363510478 0
    outer loop
      vertex 31.745333323392334 21.179092927350958 1.49
      vertex 31.745333323392334 21.179092927350958 49.99
      vertex 32.49519052838329 22.25 1.49
    endloop
  endfacet
  facet normal -0.5735764363510478 -0.8191520442889906 0
    outer loop
      vertex 30.820907072649042 31.745333323392334 1.49
      vertex 30.820907072649042 31.745333323392334 49.99
      vertex 29.75 32.49519052838329 1.49
    endloop
  endfacet
  facet normal -0.7071067811865476 -0.7071067811865476 -1.0706627308490779e-19
    outer loop
      vertex 30.820907072649042 31.745333323392334 1.49
      vertex 31.745333323392334 30.820907072649042 1.49
      vertex 31.745333323392334 30.820907072649042 49.99
    endloop
  endfacet
  facet normal -0.8191520442889906 -0.5735764363510478 -7.008043906371929e-19
    outer loop
      vertex 31.745333323392334 30.820907072649042 1.49
      vertex 32.49519052838329 29.75 1.49
      vertex 32.49519052838329 29.75 49.99
    endloop
  endfacet
  facet normal -0.08715574274765678 -0.9961946980917457 1.6970250791199594e-19
    outer loop
      vertex 26 33.5 1.49
      vertex 27.302361332501977 33.38605814759156 1.49
      vertex 27.302361332501977 33.38605814759156 49.99
    endloop
  endfacet
  facet normal -0.08715574274765678 0.9961946980917457 0
    outer loop
      vertex 26 35.5 1.49
      vertex 26 35.5 49.99
      vertex 27.302361332501977 35.61394185240844 1.49
    endloop
  endfacet
  facet normal -0.2588190451025231 -0.9659258262890678 2.0263898048032175e-19
    outer loop
      vertex 27.302361332501977 33.38605814759156 1.49
      vertex 28.565151074942516 33.04769465589431 1.49
      vertex 28.565151074942516 33.04769465589431 49.99
    endloop
  endfacet
  facet normal -0.2588190451025231 0.9659258262890678 0
    outer loop
      vertex 27.302361332501977 35.61394185240844 1.49
      vertex 27.302361332501977 35.61394185240844 49.99
      vertex 28.565151074942516 35.95230534410569 1.49
    endloop
  endfacet
  facet normal -0.42261826174069855 0.9063077870366504 0
    outer loop
      vertex 28.565151074942516 35.95230534410569 1.49
      vertex 28.565151074942516 35.95230534410569 49.99
      vertex 29.75 36.50480947161671 1.49
    endloop
  endfacet
  facet normal -0.42261826174069855 -0.9063077870366504 2.2685634186461777e-19
    outer loop
      vertex 28.565151074942516 33.04769465589431 1.49
      vertex 29.75 32.49519052838329 1.49
      vertex 29.75 32.49519052838329 49.99
    endloop
  endfacet
  facet normal -0.573576436351046 0.8191520442889919 0
    outer loop
      vertex 29.75 36.50480947161671 1.49
      vertex 29.75 36.50480947161671 49.99
      vertex 30.820907072649042 37.25466667660766 1.49
    endloop
  endfacet
  facet normal -0.7071067811865488 0.7071067811865461 0
    outer loop
      vertex 30.820907072649042 37.25466667660766 1.49
      vertex 30.820907072649042 37.25466667660766 49.99
      vertex 31.745333323392334 38.17909292735096 1.49
    endloop
  endfacet
  facet normal -0.8191520442889906 0.5735764363510478 0
    outer loop
      vertex 31.745333323392334 38.17909292735096 1.49
      vertex 31.745333323392334 38.17909292735096 49.99
      vertex 32.49519052838329 39.25 1.49
    endloop
  endfacet
  facet normal -0.9063077870366504 0.42261826174069855 0
    outer loop
      vertex 32.49519052838329 22.25 1.49
      vertex 32.49519052838329 22.25 49.99
      vertex 33.04769465589431 23.434848925057484 1.49
    endloop
  endfacet
  facet normal -0.9659258262890678 0.2588190451025231 0
    outer loop
      vertex 33.04769465589431 23.434848925057484 1.49
      vertex 33.04769465589431 23.434848925057484 49.99
      vertex 33.38605814759156 24.697638667498023 1.49
    endloop
  endfacet
  facet normal -0.9961946980917457 0.08715574274765678 0
    outer loop
      vertex 33.38605814759156 24.697638667498023 1.49
      vertex 33.38605814759156 24.697638667498023 49.99
      vertex 33.5 26 1.49
    endloop
  endfacet
  facet normal -0.9961946980917457 -0.08715574274765678 0
    outer loop
      vertex 33.5 26 1.49
      vertex 33.5 26 49.99
      vertex 33.38605814759156 27.302361332501977 1.49
    endloop
  endfacet
  facet normal 0.9659258262890678 0.2588190451025231 0
    outer loop
      vertex 35.61394185240844 24.697638667498023 1.49
      vertex 35.61394185240844 24.697638667498023 49.99
      vertex 35.95230534410569 23.434848925057484 1.49
    endloop
  endfacet
  facet normal 0.9961946980917457 0.08715574274765678 1.6970250791199594e-19
    outer loop
      vertex 35.61394185240844 24.697638667498023 1.49
      vertex 35.5 26 1.49
      vertex 35.5 26 49.99
    endloop
  endfacet
  facet normal 0.9961946980917457 -0.08715574274765678 -1.6970250791199594e-19
    outer loop
      vertex 35.5 26 1.49
      vertex 35.61394185240844 27.302361332501977 1.49
      vertex 35.61394185240844 27.302361332501977 49.99
    endloop
  endfacet
  facet normal -0.9659258262890678 -0.2588190451025231 0
    outer loop
      vertex 33.38605814759156 27.302361332501977 1.49
      vertex 33.38605814759156 27.302361332501977 49.99
      vertex 33.04769465589431 28.565151074942516 1.49
    endloop
  endfacet
  facet normal -0.9063077870366504 -0.42261826174069855 2.2685634186461777e-19
    outer loop
      vertex 32.49519052838329 29.75 1.49
      vertex 33.04769465589431 28.565151074942516 1.49
      vertex 33.04769465589431 28.565151074942516 49.99
    endloop
  endfacet
  facet normal 0.9063077870366504 0.42261826174069855 2.2685634186461777e-19
    outer loop
      vertex 36.50480947161671 22.25 1.49
      vertex 35.95230534410569 23.434848925057484 1.49
      vertex 35.95230534410569 23.434848925057484 49.99
    endloop
  endfacet
  facet normal 0.8191520442889919 0.573576436351046 -2.2974463495379678e-19
    outer loop
      vertex 37.25466667660766 21.179092927350958 1.49
      vertex 36.50480947161671 22.25 1.49
      vertex 36.50480947161671 22.25 49.99
    endloop
  endfacet
  facet normal 0.9659258262890678 -0.2588190451025231 -2.0263898048032175e-19
    outer loop
      vertex 35.61394185240844 27.302361332501977 1.49
      vertex 35.95230534410569 28.565151074942516 1.49
      vertex 35.95230534410569 28.565151074942516 49.99
    endloop
  endfacet
  facet normal 0.9063077870366504 -0.42261826174069855 -2.2685634186461777e-19
    outer loop
      vertex 35.95230534410569 28.565151074942516 1.49
      vertex 36.50480947161671 29.75 1.49
      vertex 36.50480947161671 29.75 49.99
    endloop
  endfacet
  facet normal 0.8191520442889919 -0.573576436351046 2.2974463495379678e-19
    outer loop
      vertex 36.50480947161671 29.75 1.49
      vertex 37.25466667660766 30.820907072649042 1.49
      vertex 37.25466667660766 30.820907072649042 49.99
    endloop
  endfacet
  facet normal 0.7071067811865461 -0.7071067811865488 -6.25473742663926e-19
    outer loop
      vertex 37.25466667660766 30.820907072649042 1.49
      vertex 38.17909292735096 31.745333323392334 1.49
      vertex 38.17909292735096 31.745333323392334 49.99
    endloop
  endfacet
  facet normal 0.5735764363510478 -0.8191520442889906 7.008043906371929e-19
    outer loop
      vertex 38.17909292735096 31.745333323392334 1.49
      vertex 39.25 32.49519052838329 1.49
      vertex 39.25 32.49519052838329 49.99
    endloop
  endfacet
  facet normal -0.9063077870366508 0.4226182617406975 0
    outer loop
      vertex 32.49519052838329 39.25 1.49
      vertex 32.49519052838329 39.25 49.99
      vertex 33.04769465589431 40.43484892505749 1.49
    endloop
  endfacet
  facet normal -0.9659258262890678 0.2588190451025231 0
    outer loop
      vertex 33.04769465589431 40.43484892505749 1.49
      vertex 33.04769465589431 40.43484892505749 49.99
      vertex 33.38605814759156 41.697638667498026 1.49
    endloop
  endfacet
  facet normal -0.9961946980917455 0.087155742747657 0
    outer loop
      vertex 33.38605814759156 41.697638667498026 1.49
      vertex 33.38605814759156 41.697638667498026 49.99
      vertex 33.5 43 1.49
    endloop
  endfacet
  facet normal 0.9659258262890678 0.2588190451025231 0
    outer loop
      vertex 35.61394185240844 41.697638667498026 1.49
      vertex 35.61394185240844 41.697638667498026 49.99
      vertex 35.95230534410569 40.43484892505749 1.49
    endloop
  endfacet
  facet normal 0.9961946980917455 0.087155742747657 -1.215555676047937e-20
    outer loop
      vertex 35.61394185240844 41.697638667498026 1.49
      vertex 35.5 43 1.49
      vertex 35.5 43 49.99
    endloop
  endfacet
  facet normal 0.573576436351046 0.8191520442889919 0
    outer loop
      vertex 38.17909292735096 37.25466667660766 1.49
      vertex 38.17909292735096 37.25466667660766 49.99
      vertex 39.25 36.50480947161671 1.49
    endloop
  endfacet
  facet normal 0.9063077870366508 0.4226182617406975 7.869387211975802e-19
    outer loop
      vertex 36.50480947161671 39.25 1.49
      vertex 35.95230534410569 40.43484892505749 1.49
      vertex 35.95230534410569 40.43484892505749 49.99
    endloop
  endfacet
  facet normal 0.8191520442889919 0.573576436351046 0
    outer loop
      vertex 36.50480947161671 39.25 1.49
      vertex 36.50480947161671 39.25 49.99
      vertex 37.25466667660766 38.17909292735096 1.49
    endloop
  endfacet
  facet normal 0.7071067811865476 0.7071067811865476 -3.929663959914619e-19
    outer loop
      vertex 38.17909292735096 37.25466667660766 1.49
      vertex 37.25466667660766 38.17909292735096 1.49
      vertex 37.25466667660766 38.17909292735096 49.99
    endloop
  endfacet
  facet normal 0 0 1
    outer loop
      vertex 40.43484892505749 1.952305344105687 1.49
      vertex 40.43484892505749 16.04769465589431 1.49
      vertex 39.25 2.504809471616711 1.49
    endloop
  endfacet
  facet normal 0 0 1
    outer loop
      vertex 40.43484892505749 1.952305344105687 1.49
      vertex 41.697638667498026 1.6139418524084395 1.49
      vertex 41.697638667498026 16.386058147591562 1.49
    endloop
  endfacet
  facet normal 0 0 1
    outer loop
      vertex 41.697638667498026 1.6139418524084395 1.49
      vertex 43 1.5 1.49
      vertex 43 16.5 1.49
    endloop
  endfacet
  facet normal 0 0 1
    outer loop
      vertex 43 1.5 1.49
      vertex 44.302361332501974 1.6139418524084395 1.49
      vertex 44.302361332501974 16.386058147591562 1.49
    endloop
  endfacet
  facet normal 0 0 1
    outer loop
      vertex 44.302361332501974 1.6139418524084395 1.49
      vertex 45.56515107494251 1.952305344105687 1.49
      vertex 45.56515107494251 16.04769465589431 1.49
    endloop
  endfacet
  facet normal 0 0 1
    outer loop
      vertex 39.25 2.504809471616711 1.49
      vertex 40.43484892505749 16.04769465589431 1.49
      vertex 39.25 15.49519052838329 1.49
    endloop
  endfacet
  facet normal 0 0 1
    outer loop
      vertex 40.43484892505749 1.952305344105687 1.49
      vertex 41.697638667498026 16.386058147591562 1.49
      vertex 40.43484892505749 16.04769465589431 1.49
    endloop
  endfacet
  facet normal 0 0 1
    outer loop
      vertex 41.697638667498026 1.6139418524084395 1.49
      vertex 43 16.5 1.49
      vertex 41.697638667498026 16.386058147591562 1.49
    endloop
  endfacet
  facet normal 0 0 1
    outer loop
      vertex 43 1.5 1.49
      vertex 44.302361332501974 16.386058147591562 1.49
      vertex 43 16.5 1.49
    endloop
  endfacet
  facet normal 0 0 1
    outer loop
      vertex 44.302361332501974 1.6139418524084395 1.49
      vertex 45.56515107494251 16.04769465589431 1.49
      vertex 44.302361332501974 16.386058147591562 1.49
    endloop
  endfacet
  facet normal 0 0 1
    outer loop
      vertex 45.56515107494251 1.952305344105687 1.49
      vertex 46.75 2.504809471616711 1.49
      vertex 46.75 15.49519052838329 1.49
    endloop
  endfacet
  facet normal 0 0 1
    outer loop
      vertex 46.75 2.504809471616711 1.49
      vertex 47.82090707264904 3.2546666766076653 1.49
      vertex 47.82090707264904 14.745333323392334 1.49
    endloop
  endfacet
  facet normal 0 0 1
    outer loop
      vertex 47.82090707264904 3.2546666766076653 1.49
      vertex 48.74533332339234 4.179092927350956 1.49
      vertex 48.74533332339234 13.820907072649044 1.49
    endloop
  endfacet
  facet normal 0 0 1
    outer loop
      vertex 47.82090707264904 3.2546666766076653 1.49
      vertex 48.74533332339234 13.820907072649044 1.49
      vertex 47.82090707264904 14.745333323392334 1.49
    endloop
  endfacet
  facet normal 0 0 1
    outer loop
      vertex 48.74533332339234 4.179092927350956 1.49
      vertex 49.49519052838329 5.25 1.49
      vertex 49.49519052838329 12.75 1.49
    endloop
  endfacet
  facet normal 0 0 1
    outer loop
      vertex 49.49519052838329 5.25 1.49
      vertex 50.04769465589431 6.4348489250574845 1.49
      vertex 50.04769465589431 11.565151074942516 1.49
    endloop
  endfacet
  facet normal 0 0 1
    outer loop
      vertex 48.74533332339234 4.179092927350956 1.49
      vertex 49.49519052838329 12.75 1.49
      vertex 48.74533332339234 13.820907072649044 1.49
    endloop
  endfacet
  facet normal 0 0 1
    outer loop
      vertex 50.04769465589431 6.4348489250574845 1.49
      vertex 50.38605814759156 7.697638667498023 1.49
      vertex 50.38605814759156 10.302361332501977 1.49
    endloop
  endfacet
  facet normal 0 0 1
    outer loop
      vertex 49.49519052838329 5.25 1.49
      vertex 50.04769465589431 11.565151074942516 1.49
      vertex 49.49519052838329 12.75 1.49
    endloop
  endfacet
  facet normal 0 0 1
    outer loop
      vertex 50.04769465589431 6.4348489250574845 1.49
      vertex 50.38605814759156 10.302361332501977 1.49
      vertex 50.04769465589431 11.565151074942516 1.49
    endloop
  endfacet
  facet normal 0 0 1
    outer loop
      vertex 50.38605814759156 7.697638667498023 1.49
      vertex 50.5 9 1.49
      vertex 50.38605814759156 10.302361332501977 1.49
    endloop
  endfacet
  facet normal 0 0 1
    outer loop
      vertex 45.56515107494251 1.952305344105687 1.49
      vertex 46.75 15.49519052838329 1.49
      vertex 45.56515107494251 16.04769465589431 1.49
    endloop
  endfacet
  facet normal 0 0 1
    outer loop
      vertex 46.75 2.504809471616711 1.49
      vertex 47.82090707264904 14.745333323392334 1.49
      vertex 46.75 15.49519052838329 1.49
    endloop
  endfacet
  facet normal 0.4226182617406992 0.9063077870366502 2.285615468783277e-20
    outer loop
      vertex 40.43484892505749 1.952305344105687 1.49
      vertex 39.25 2.504809471616711 1.49
      vertex 39.25 2.504809471616711 49.99
    endloop
  endfacet
  facet normal 0.2588190451025206 0.9659258262890683 0
    outer loop
      vertex 40.43484892505749 1.952305344105687 1.49
      vertex 40.43484892505749 1.952305344105687 49.99
      vertex 41.697638667498026 1.6139418524084395 1.49
    endloop
  endfacet
  facet normal 0.08715574274765835 0.9961946980917454 0
    outer loop
      vertex 41.697638667498026 1.6139418524084395 1.49
      vertex 41.697638667498026 1.6139418524084395 49.99
      vertex 43 1.5 1.49
    endloop
  endfacet
  facet normal -0.08715574274765835 0.9961946980917454 0
    outer loop
      vertex 43 1.5 1.49
      vertex 43 1.5 49.99
      vertex 44.302361332501974 1.6139418524084395 1.49
    endloop
  endfacet
  facet normal -0.2588190451025206 0.9659258262890683 0
    outer loop
      vertex 44.302361332501974 1.6139418524084395 1.49
      vertex 44.302361332501974 1.6139418524084395 49.99
      vertex 45.56515107494251 1.952305344105687 1.49
    endloop
  endfacet
  facet normal 0.4226182617406975 -0.9063077870366508 -7.869387211975802e-19
    outer loop
      vertex 39.25 15.49519052838329 1.49
      vertex 40.43484892505749 16.04769465589431 1.49
      vertex 40.43484892505749 16.04769465589431 49.99
    endloop
  endfacet
  facet normal 0.4226182617406975 0.9063077870366508 0
    outer loop
      vertex 39.25 19.50480947161671 1.49
      vertex 39.25 19.50480947161671 49.99
      vertex 40.43484892505749 18.95230534410569 1.49
    endloop
  endfacet
  facet normal 0.2588190451025231 -0.9659258262890678 -2.0263898048032175e-19
    outer loop
      vertex 40.43484892505749 16.04769465589431 1.49
      vertex 41.697638667498026 16.386058147591562 1.49
      vertex 41.697638667498026 16.386058147591562 49.99
    endloop
  endfacet
  facet normal 0.087155742747657 0.9961946980917455 0
    outer loop
      vertex 41.697638667498026 18.613941852408438 1.49
      vertex 41.697638667498026 18.613941852408438 49.99
      vertex 43 18.5 1.49
    endloop
  endfacet
  facet normal 0.2588190451025231 0.9659258262890678 0
    outer loop
      vertex 40.43484892505749 18.95230534410569 1.49
      vertex 40.43484892505749 18.95230534410569 49.99
      vertex 41.697638667498026 18.613941852408438 1.49
    endloop
  endfacet
  facet normal 0.087155742747657 -0.9961946980917455 1.215555676047937e-20
    outer loop
      vertex 41.697638667498026 16.386058147591562 1.49
      vertex 43 16.5 1.49
      vertex 43 16.5 49.99
    endloop
  endfacet
  facet normal -0.087155742747657 -0.9961946980917455 -1.215555676047937e-20
    outer loop
      vertex 43 16.5 1.49
      vertex 44.302361332501974 16.386058147591562 1.49
      vertex 44.302361332501974 16.386058147591562 49.99
    endloop
  endfacet
  facet normal -0.087155742747657 0.9961946980917455 0
    outer loop
      vertex 43 18.5 1.49
      vertex 43 18.5 49.99
      vertex 44.302361332501974 18.613941852408438 1.49
    endloop
  endfacet
  facet normal -0.2588190451025231 -0.9659258262890678 2.0263898048032175e-19
    outer loop
      vertex 44.302361332501974 16.386058147591562 1.49
      vertex 45.56515107494251 16.04769465589431 1.49
      vertex 45.56515107494251 16.04769465589431 49.99
    endloop
  endfacet
  facet normal -0.2588190451025231 0.9659258262890678 0
    outer loop
      vertex 44.302361332501974 18.613941852408438 1.49
      vertex 44.302361332501974 18.613941852408438 49.99
      vertex 45.56515107494251 18.95230534410569 1.49
    endloop
  endfacet
  facet normal -0.4226182617406992 0.9063077870366502 0
    outer loop
      vertex 45.56515107494251 1.952305344105687 1.49
      vertex 45.56515107494251 1.952305344105687 49.99
      vertex 46.75 2.504809471616711 1.49
    endloop
  endfacet
  facet normal -0.5735764363510469 0.8191520442889912 0
    outer loop
      vertex 46.75 2.504809471616711 1.49
      vertex 46.75 2.504809471616711 49.99
      vertex 47.82090707264904 3.2546666766076653 1.49
    endloop
  endfacet
  facet normal -0.7071067811865459 0.7071067811865492 0
    outer loop
      vertex 47.82090707264904 3.2546666766076653 1.49
      vertex 47.82090707264904 3.2546666766076653 49.99
      vertex 48.74533332339234 4.179092927350956 1.49
    endloop
  endfacet
  facet normal 0.09801714032956084 -0.9951847266721968 0
    outer loop
      vertex 49 0 0
      vertex 49.585270966048384 0.05764415879030871 0
      vertex 49 0 50
    endloop
  endfacet
  facet normal 0.29028467725446333 -0.9569403357322086 0
    outer loop
      vertex 49.585270966048384 0.05764415879030871 0
      vertex 50.14805029709527 0.22836140246614 0
      vertex 49.585270966048384 0.05764415879030871 50
    endloop
  endfacet
  facet normal 0.47139673682599786 -0.8819212643483549 0
    outer loop
      vertex 50.14805029709527 0.22836140246614 0
      vertex 50.666710699058804 0.5055911630923644 0
      vertex 50.14805029709527 0.22836140246614 50
    endloop
  endfacet
  facet normal -0.8191520442889924 0.5735764363510454 0
    outer loop
      vertex 48.74533332339234 4.179092927350956 1.49
      vertex 48.74533332339234 4.179092927350956 49.99
      vertex 49.49519052838329 5.25 1.49
    endloop
  endfacet
  facet normal 0.6343932841636403 -0.7730104533627411 0
    outer loop
      vertex 50.666710699058804 0.5055911630923644 0
      vertex 51.121320343559645 0.8786796564403572 0
      vertex 50.666710699058804 0.5055911630923644 50
    endloop
  endfacet
  facet normal 0.7730104533627375 -0.6343932841636448 0
    outer loop
      vertex 51.121320343559645 0.8786796564403572 0
      vertex 51.49440883690764 1.3332893009411935 0
      vertex 51.121320343559645 0.8786796564403572 50
    endloop
  endfacet
  facet normal 0.8819212643483583 -0.47139673682599165 0
    outer loop
      vertex 51.49440883690764 1.3332893009411935 0
      vertex 51.77163859753386 1.8519497029047307 0
      vertex 51.49440883690764 1.3332893009411935 50
    endloop
  endfacet
  facet normal 0.9569403357322088 -0.2902846772544627 0
    outer loop
      vertex 51.77163859753386 1.8519497029047307 0
      vertex 51.94235584120969 2.414729033951615 0
      vertex 51.77163859753386 1.8519497029047307 50
    endloop
  endfacet
  facet normal 0.9951847266721966 -0.0980171403295637 0
    outer loop
      vertex 51.94235584120969 2.414729033951615 0
      vertex 52 3 0
      vertex 51.94235584120969 2.414729033951615 50
    endloop
  endfacet
  facet normal -0.9063077870366505 0.4226182617406983 0
    outer loop
      vertex 49.49519052838329 5.25 1.49
      vertex 49.49519052838329 5.25 49.99
      vertex 50.04769465589431 6.4348489250574845 1.49
    endloop
  endfacet
  facet normal -0.9659258262890676 0.2588190451025233 0
    outer loop
      vertex 50.04769465589431 6.4348489250574845 1.49
      vertex 50.04769465589431 6.4348489250574845 49.99
      vertex 50.38605814759156 7.697638667498023 1.49
    endloop
  endfacet
  facet normal -0.9659258262890678 -0.2588190451025231 0
    outer loop
      vertex 50.38605814759156 10.302361332501977 1.49
      vertex 50.38605814759156 10.302361332501977 49.99
      vertex 50.04769465589431 11.565151074942516 1.49
    endloop
  endfacet
  facet normal -0.9961946980917457 0.08715574274765678 0
    outer loop
      vertex 50.38605814759156 7.697638667498023 1.49
      vertex 50.38605814759156 7.697638667498023 49.99
      vertex 50.5 9 1.49
    endloop
  endfacet
  facet normal -0.9961946980917457 -0.08715574274765678 0
    outer loop
      vertex 50.5 9 1.49
      vertex 50.5 9 49.99
      vertex 50.38605814759156 10.302361332501977 1.49
    endloop
  endfacet
  facet normal -0.4226182617406975 -0.9063077870366508 7.869387211975802e-19
    outer loop
      vertex 45.56515107494251 16.04769465589431 1.49
      vertex 46.75 15.49519052838329 1.49
      vertex 46.75 15.49519052838329 49.99
    endloop
  endfacet
  facet normal -0.5735764363510478 -0.8191520442889906 -7.008043906371929e-19
    outer loop
      vertex 46.75 15.49519052838329 1.49
      vertex 47.82090707264904 14.745333323392334 1.49
      vertex 47.82090707264904 14.745333323392334 49.99
    endloop
  endfacet
  facet normal -0.7071067811865455 -0.7071067811865496 2.5920373478960897e-19
    outer loop
      vertex 47.82090707264904 14.745333323392334 1.49
      vertex 48.74533332339234 13.820907072649044 1.49
      vertex 48.74533332339234 13.820907072649044 49.99
    endloop
  endfacet
  facet normal -0.4226182617406975 0.9063077870366508 0
    outer loop
      vertex 45.56515107494251 18.95230534410569 1.49
      vertex 45.56515107494251 18.95230534410569 49.99
      vertex 46.75 19.50480947161671 1.49
    endloop
  endfacet
  facet normal -0.5735764363510478 0.8191520442889906 0
    outer loop
      vertex 46.75 19.50480947161671 1.49
      vertex 46.75 19.50480947161671 49.99
      vertex 47.82090707264904 20.254666676607666 1.49
    endloop
  endfacet
  facet normal -0.7071067811865461 0.7071067811865488 0
    outer loop
      vertex 47.82090707264904 20.254666676607666 1.49
      vertex 47.82090707264904 20.254666676607666 49.99
      vertex 48.74533332339234 21.179092927350958 1.49
    endloop
  endfacet
  facet normal -0.8191520442889924 -0.5735764363510454 -2.257441353219589e-19
    outer loop
      vertex 48.74533332339234 13.820907072649044 1.49
      vertex 49.49519052838329 12.75 1.49
      vertex 49.49519052838329 12.75 49.99
    endloop
  endfacet
  facet normal -0.9063077870366504 -0.42261826174069855 2.2685634186461777e-19
    outer loop
      vertex 49.49519052838329 12.75 1.49
      vertex 50.04769465589431 11.565151074942516 1.49
      vertex 50.04769465589431 11.565151074942516 49.99
    endloop
  endfacet
  facet normal 0 0 1
    outer loop
      vertex 39.25 19.50480947161671 1.49
      vertex 40.43484892505749 18.95230534410569 1.49
      vertex 40.43484892505749 33.04769465589431 1.49
    endloop
  endfacet
  facet normal 0 0 1
    outer loop
      vertex 40.43484892505749 18.95230534410569 1.49
      vertex 41.697638667498026 18.613941852408438 1.49
      vertex 41.697638667498026 33.38605814759156 1.49
    endloop
  endfacet
  facet normal 0 0 1
    outer loop
      vertex 39.25 19.50480947161671 1.49
      vertex 40.43484892505749 33.04769465589431 1.49
      vertex 39.25 32.49519052838329 1.49
    endloop
  endfacet
  facet normal 0 0 1
    outer loop
      vertex 40.43484892505749 18.95230534410569 1.49
      vertex 41.697638667498026 33.38605814759156 1.49
      vertex 40.43484892505749 33.04769465589431 1.49
    endloop
  endfacet
  facet normal 0 0 1
    outer loop
      vertex 41.697638667498026 18.613941852408438 1.49
      vertex 43 33.5 1.49
      vertex 41.697638667498026 33.38605814759156 1.49
    endloop
  endfacet
  facet normal 0 0 1
    outer loop
      vertex 41.697638667498026 18.613941852408438 1.49
      vertex 43 18.5 1.49
      vertex 43 33.5 1.49
    endloop
  endfacet
  facet normal 0 0 1
    outer loop
      vertex 43 18.5 1.49
      vertex 44.302361332501974 18.613941852408438 1.49
      vertex 44.302361332501974 33.38605814759156 1.49
    endloop
  endfacet
  facet normal 0 0 1
    outer loop
      vertex 44.302361332501974 18.613941852408438 1.49
      vertex 45.56515107494251 18.95230534410569 1.49
      vertex 45.56515107494251 33.04769465589431 1.49
    endloop
  endfacet
  facet normal 0 0 1
    outer loop
      vertex 43 18.5 1.49
      vertex 44.302361332501974 33.38605814759156 1.49
      vertex 43 33.5 1.49
    endloop
  endfacet
  facet normal 0 0 1
    outer loop
      vertex 44.302361332501974 18.613941852408438 1.49
      vertex 45.56515107494251 33.04769465589431 1.49
      vertex 44.302361332501974 33.38605814759156 1.49
    endloop
  endfacet
  facet normal 0 0 1
    outer loop
      vertex 39.25 36.50480947161671 1.49
      vertex 40.43484892505749 35.95230534410569 1.49
      vertex 40.43484892505749 50.04769465589431 1.49
    endloop
  endfacet
  facet normal 0 0 1
    outer loop
      vertex 40.43484892505749 35.95230534410569 1.49
      vertex 41.697638667498026 35.61394185240844 1.49
      vertex 41.697638667498026 50.38605814759156 1.49
    endloop
  endfacet
  facet normal 0 0 1
    outer loop
      vertex 41.697638667498026 35.61394185240844 1.49
      vertex 43 35.5 1.49
      vertex 43 50.5 1.49
    endloop
  endfacet
  facet normal 0 0 1
    outer loop
      vertex 43 35.5 1.49
      vertex 44.302361332501974 35.61394185240844 1.49
      vertex 44.302361332501974 50.38605814759156 1.49
    endloop
  endfacet
  facet normal 0 0 1
    outer loop
      vertex 44.302361332501974 35.61394185240844 1.49
      vertex 45.56515107494251 35.95230534410569 1.49
      vertex 45.56515107494251 50.04769465589431 1.49
    endloop
  endfacet
  facet normal 0 0 1
    outer loop
      vertex 45.56515107494251 18.95230534410569 1.49
      vertex 46.75 19.50480947161671 1.49
      vertex 46.75 32.49519052838329 1.49
    endloop
  endfacet
  facet normal 0 0 1
    outer loop
      vertex 46.75 19.50480947161671 1.49
      vertex 47.82090707264904 20.254666676607666 1.49
      vertex 47.82090707264904 31.745333323392334 1.49
    endloop
  endfacet
  facet normal 0 0 1
    outer loop
      vertex 47.82090707264904 20.254666676607666 1.49
      vertex 48.74533332339234 21.179092927350958 1.49
      vertex 48.74533332339234 30.820907072649042 1.49
    endloop
  endfacet
  facet normal 0 0 1
    outer loop
      vertex 45.56515107494251 18.95230534410569 1.49
      vertex 46.75 32.49519052838329 1.49
      vertex 45.56515107494251 33.04769465589431 1.49
    endloop
  endfacet
  facet normal 0 0 1
    outer loop
      vertex 46.75 19.50480947161671 1.49
      vertex 47.82090707264904 31.745333323392334 1.49
      vertex 46.75 32.49519052838329 1.49
    endloop
  endfacet
  facet normal 0 0 1
    outer loop
      vertex 47.82090707264904 20.254666676607666 1.49
      vertex 48.74533332339234 30.820907072649042 1.49
      vertex 47.82090707264904 31.745333323392334 1.49
    endloop
  endfacet
  facet normal 0 0 1
    outer loop
      vertex 48.74533332339234 21.179092927350958 1.49
      vertex 49.49519052838329 22.25 1.49
      vertex 49.49519052838329 29.75 1.49
    endloop
  endfacet
  facet normal 0 0 1
    outer loop
      vertex 49.49519052838329 22.25 1.49
      vertex 50.04769465589431 23.434848925057484 1.49
      vertex 50.04769465589431 28.565151074942516 1.49
    endloop
  endfacet
  facet normal 0 0 1
    outer loop
      vertex 50.04769465589431 23.434848925057484 1.49
      vertex 50.38605814759156 24.697638667498023 1.49
      vertex 50.38605814759156 27.302361332501977 1.49
    endloop
  endfacet
  facet normal 0 0 1
    outer loop
      vertex 49.49519052838329 22.25 1.49
      vertex 50.04769465589431 28.565151074942516 1.49
      vertex 49.49519052838329 29.75 1.49
    endloop
  endfacet
  facet normal 0 0 1
    outer loop
      vertex 50.04769465589431 23.434848925057484 1.49
      vertex 50.38605814759156 27.302361332501977 1.49
      vertex 50.04769465589431 28.565151074942516 1.49
    endloop
  endfacet
  facet normal 0 0 1
    outer loop
      vertex 50.38605814759156 24.697638667498023 1.49
      vertex 50.5 26 1.49
      vertex 50.38605814759156 27.302361332501977 1.49
    endloop
  endfacet
  facet normal 0 0 1
    outer loop
      vertex 48.74533332339234 21.179092927350958 1.49
      vertex 49.49519052838329 29.75 1.49
      vertex 48.74533332339234 30.820907072649042 1.49
    endloop
  endfacet
  facet normal 0 0 -1
    outer loop
      vertex 49 0 0
      vertex 49 86 0
      vertex 49.585270966048384 0.05764415879030871 0
    endloop
  endfacet
  facet normal 0 0 -1
    outer loop
      vertex 49.585270966048384 0.05764415879030871 0
      vertex 49.585270966048384 85.94235584120969 0
      vertex 50.14805029709527 0.22836140246614 0
    endloop
  endfacet
  facet normal 0 0 -1
    outer loop
      vertex 50.14805029709527 0.22836140246614 0
      vertex 50.14805029709527 85.77163859753387 0
      vertex 50.666710699058804 0.5055911630923644 0
    endloop
  endfacet
  facet normal 0 0 -1
    outer loop
      vertex 50.666710699058804 0.5055911630923644 0
      vertex 50.666710699058804 85.49440883690764 0
      vertex 51.121320343559645 0.8786796564403572 0
    endloop
  endfacet
  facet normal 0 0 -1
    outer loop
      vertex 51.121320343559645 0.8786796564403572 0
      vertex 51.121320343559645 85.12132034355965 0
      vertex 51.49440883690764 1.3332893009411935 0
    endloop
  endfacet
  facet normal 0 0 -1
    outer loop
      vertex 51.49440883690764 1.3332893009411935 0
      vertex 51.49440883690764 84.66671069905881 0
      vertex 51.77163859753386 1.8519497029047307 0
    endloop
  endfacet
  facet normal 0 0 -1
    outer loop
      vertex 51.77163859753386 1.8519497029047307 0
      vertex 51.77163859753386 84.14805029709527 0
      vertex 51.94235584120969 2.414729033951615 0
    endloop
  endfacet
  facet normal 0 0 -1
    outer loop
      vertex 51.94235584120969 2.414729033951615 0
      vertex 51.94235584120969 83.58527096604838 0
      vertex 52 3 0
    endloop
  endfacet
  facet normal 0 0 1
    outer loop
      vertex 45.56515107494251 35.95230534410569 1.49
      vertex 46.75 36.50480947161671 1.49
      vertex 46.75 49.49519052838329 1.49
    endloop
  endfacet
  facet normal 0 0 1
    outer loop
      vertex 46.75 36.50480947161671 1.49
      vertex 47.82090707264904 37.25466667660766 1.49
      vertex 47.82090707264904 48.74533332339234 1.49
    endloop
  endfacet
  facet normal 0 0 1
    outer loop
      vertex 47.82090707264904 37.25466667660766 1.49
      vertex 48.74533332339234 38.17909292735096 1.49
      vertex 48.74533332339234 47.82090707264904 1.49
    endloop
  endfacet
  facet normal 0 0 1
    outer loop
      vertex 48.74533332339234 38.17909292735096 1.49
      vertex 49.49519052838329 39.25 1.49
      vertex 49.49519052838329 46.75 1.49
    endloop
  endfacet
  facet normal 0 0 1
    outer loop
      vertex 49.49519052838329 39.25 1.49
      vertex 50.04769465589431 40.43484892505749 1.49
      vertex 50.04769465589431 45.56515107494251 1.49
    endloop
  endfacet
  facet normal 0 0 1
    outer loop
      vertex 50.04769465589431 40.43484892505749 1.49
      vertex 50.38605814759156 41.697638667498026 1.49
      vertex 50.38605814759156 44.302361332501974 1.49
    endloop
  endfacet
  facet normal 0.4226182617406975 -0.9063077870366508 -7.869387211975802e-19
    outer loop
      vertex 39.25 32.49519052838329 1.49
      vertex 40.43484892505749 33.04769465589431 1.49
      vertex 40.43484892505749 33.04769465589431 49.99
    endloop
  endfacet
  facet normal 0.4226182617406975 0.9063077870366508 0
    outer loop
      vertex 39.25 36.50480947161671 1.49
      vertex 39.25 36.50480947161671 49.99
      vertex 40.43484892505749 35.95230534410569 1.49
    endloop
  endfacet
  facet normal 0.2588190451025231 -0.9659258262890678 -2.0263898048032175e-19
    outer loop
      vertex 40.43484892505749 33.04769465589431 1.49
      vertex 41.697638667498026 33.38605814759156 1.49
      vertex 41.697638667498026 33.38605814759156 49.99
    endloop
  endfacet
  facet normal 0.2588190451025231 0.9659258262890678 0
    outer loop
      vertex 40.43484892505749 35.95230534410569 1.49
      vertex 40.43484892505749 35.95230534410569 49.99
      vertex 41.697638667498026 35.61394185240844 1.49
    endloop
  endfacet
  facet normal 0.087155742747657 0.9961946980917455 0
    outer loop
      vertex 41.697638667498026 35.61394185240844 1.49
      vertex 41.697638667498026 35.61394185240844 49.99
      vertex 43 35.5 1.49
    endloop
  endfacet
  facet normal 0.087155742747657 -0.9961946980917455 1.215555676047937e-20
    outer loop
      vertex 41.697638667498026 33.38605814759156 1.49
      vertex 43 33.5 1.49
      vertex 43 33.5 49.99
    endloop
  endfacet
  facet normal -0.087155742747657 -0.9961946980917455 -1.215555676047937e-20
    outer loop
      vertex 43 33.5 1.49
      vertex 44.302361332501974 33.38605814759156 1.49
      vertex 44.302361332501974 33.38605814759156 49.99
    endloop
  endfacet
  facet normal -0.087155742747657 0.9961946980917455 0
    outer loop
      vertex 43 35.5 1.49
      vertex 43 35.5 49.99
      vertex 44.302361332501974 35.61394185240844 1.49
    endloop
  endfacet
  facet normal -0.2588190451025231 -0.9659258262890678 2.0263898048032175e-19
    outer loop
      vertex 44.302361332501974 33.38605814759156 1.49
      vertex 45.56515107494251 33.04769465589431 1.49
      vertex 45.56515107494251 33.04769465589431 49.99
    endloop
  endfacet
  facet normal -0.2588190451025231 0.9659258262890678 0
    outer loop
      vertex 44.302361332501974 35.61394185240844 1.49
      vertex 44.302361332501974 35.61394185240844 49.99
      vertex 45.56515107494251 35.95230534410569 1.49
    endloop
  endfacet
  facet normal -0.5735764363510478 -0.8191520442889906 0
    outer loop
      vertex 47.82090707264904 31.745333323392334 1.49
      vertex 47.82090707264904 31.745333323392334 49.99
      vertex 46.75 32.49519052838329 1.49
    endloop
  endfacet
  facet normal -0.7071067811865461 -0.7071067811865488 6.25473742663926e-19
    outer loop
      vertex 47.82090707264904 31.745333323392334 1.49
      vertex 48.74533332339234 30.820907072649042 1.49
      vertex 48.74533332339234 30.820907072649042 49.99
    endloop
  endfacet
  facet normal -0.8191520442889919 0.573576436351046 0
    outer loop
      vertex 48.74533332339234 21.179092927350958 1.49
      vertex 48.74533332339234 21.179092927350958 49.99
      vertex 49.49519052838329 22.25 1.49
    endloop
  endfacet
  facet normal -0.9063077870366504 0.42261826174069855 0
    outer loop
      vertex 49.49519052838329 22.25 1.49
      vertex 49.49519052838329 22.25 49.99
      vertex 50.04769465589431 23.434848925057484 1.49
    endloop
  endfacet
  facet normal -0.9659258262890678 0.2588190451025231 0
    outer loop
      vertex 50.04769465589431 23.434848925057484 1.49
      vertex 50.04769465589431 23.434848925057484 49.99
      vertex 50.38605814759156 24.697638667498023 1.49
    endloop
  endfacet
  facet normal -0.9961946980917457 0.08715574274765678 0
    outer loop
      vertex 50.38605814759156 24.697638667498023 1.49
      vertex 50.38605814759156 24.697638667498023 49.99
      vertex 50.5 26 1.49
    endloop
  endfacet
  facet normal -0.9961946980917457 -0.08715574274765678 0
    outer loop
      vertex 50.5 26 1.49
      vertex 50.5 26 49.99
      vertex 50.38605814759156 27.302361332501977 1.49
    endloop
  endfacet
  facet normal -0.9659258262890678 -0.2588190451025231 0
    outer loop
      vertex 50.38605814759156 27.302361332501977 1.49
      vertex 50.38605814759156 27.302361332501977 49.99
      vertex 50.04769465589431 28.565151074942516 1.49
    endloop
  endfacet
  facet normal -0.9063077870366504 -0.42261826174069855 0
    outer loop
      vertex 50.04769465589431 28.565151074942516 1.49
      vertex 50.04769465589431 28.565151074942516 49.99
      vertex 49.49519052838329 29.75 1.49
    endloop
  endfacet
  facet normal -0.8191520442889919 -0.573576436351046 -2.2974463495379678e-19
    outer loop
      vertex 48.74533332339234 30.820907072649042 1.49
      vertex 49.49519052838329 29.75 1.49
      vertex 49.49519052838329 29.75 49.99
    endloop
  endfacet
  facet normal 1 0 0
    outer loop
      vertex 52 3 0
      vertex 52 83 0
      vertex 52 3 50
    endloop
  endfacet
  facet normal -0.4226182617406975 -0.9063077870366508 7.869387211975802e-19
    outer loop
      vertex 45.56515107494251 33.04769465589431 1.49
      vertex 46.75 32.49519052838329 1.49
      vertex 46.75 32.49519052838329 49.99
    endloop
  endfacet
  facet normal -0.4226182617406975 0.9063077870366508 0
    outer loop
      vertex 45.56515107494251 35.95230534410569 1.49
      vertex 45.56515107494251 35.95230534410569 49.99
      vertex 46.75 36.50480947161671 1.49
    endloop
  endfacet
  facet normal -0.573576436351046 0.8191520442889919 0
    outer loop
      vertex 46.75 36.50480947161671 1.49
      vertex 46.75 36.50480947161671 49.99
      vertex 47.82090707264904 37.25466667660766 1.49
    endloop
  endfacet
  facet normal -0.7071067811865476 0.7071067811865476 0
    outer loop
      vertex 47.82090707264904 37.25466667660766 1.49
      vertex 47.82090707264904 37.25466667660766 49.99
      vertex 48.74533332339234 38.17909292735096 1.49
    endloop
  endfacet
  facet normal -0.8191520442889919 0.573576436351046 0
    outer loop
      vertex 48.74533332339234 38.17909292735096 1.49
      vertex 48.74533332339234 38.17909292735096 49.99
      vertex 49.49519052838329 39.25 1.49
    endloop
  endfacet
  facet normal -0.9063077870366508 0.4226182617406975 0
    outer loop
      vertex 49.49519052838329 39.25 1.49
      vertex 49.49519052838329 39.25 49.99
      vertex 50.04769465589431 40.43484892505749 1.49
    endloop
  endfacet
  facet normal -0.9659258262890678 0.2588190451025231 0
    outer loop
      vertex 50.04769465589431 40.43484892505749 1.49
      vertex 50.04769465589431 40.43484892505749 49.99
      vertex 50.38605814759156 41.697638667498026 1.49
    endloop
  endfacet
  facet normal -0.9961946980917455 0.087155742747657 0
    outer loop
      vertex 50.38605814759156 41.697638667498026 1.49
      vertex 50.38605814759156 41.697638667498026 49.99
      vertex 50.5 43 1.49
    endloop
  endfacet
  facet normal -0.08715574274765811 0.9961946980917454 0
    outer loop
      vertex 27.302361332501977 1.6139418524084395 1.49
      vertex 26 1.5 49.99
      vertex 27.302361332501977 1.6139418524084395 49.99
    endloop
  endfacet
  facet normal -0.2588190451025206 0.9659258262890683 0
    outer loop
      vertex 28.565151074942516 1.952305344105687 1.49
      vertex 27.302361332501977 1.6139418524084395 49.99
      vertex 28.565151074942516 1.952305344105687 49.99
    endloop
  endfacet
  facet normal -0.4226182617407002 0.9063077870366496 0
    outer loop
      vertex 29.75 2.504809471616711 1.49
      vertex 28.565151074942516 1.952305344105687 49.99
      vertex 29.75 2.504809471616711 49.99
    endloop
  endfacet
  facet normal -0.5735764363510469 0.8191520442889912 0
    outer loop
      vertex 30.820907072649042 3.2546666766076653 1.49
      vertex 29.75 2.504809471616711 49.99
      vertex 30.820907072649042 3.2546666766076653 49.99
    endloop
  endfacet
  facet normal -0.7071067811865472 0.7071067811865479 0
    outer loop
      vertex 31.745333323392334 4.179092927350956 1.49
      vertex 30.820907072649042 3.2546666766076653 49.99
      vertex 31.745333323392334 4.179092927350956 49.99
    endloop
  endfacet
  facet normal -0.819152044288991 0.5735764363510472 0
    outer loop
      vertex 32.49519052838329 5.25 1.49
      vertex 31.745333323392334 4.179092927350956 49.99
      vertex 32.49519052838329 5.25 49.99
    endloop
  endfacet
  facet normal -0.42261826174069855 -0.9063077870366504 0
    outer loop
      vertex 28.565151074942516 16.04769465589431 1.49
      vertex 29.75 15.49519052838329 49.99
      vertex 28.565151074942516 16.04769465589431 49.99
    endloop
  endfacet
  facet normal -0.08715574274765678 -0.9961946980917457 0
    outer loop
      vertex 26 16.5 1.49
      vertex 27.302361332501977 16.386058147591562 49.99
      vertex 26 16.5 49.99
    endloop
  endfacet
  facet normal -0.08715574274765678 0.9961946980917457 0
    outer loop
      vertex 27.302361332501977 18.613941852408438 1.49
      vertex 26 18.5 49.99
      vertex 27.302361332501977 18.613941852408438 49.99
    endloop
  endfacet
  facet normal -0.2588190451025231 -0.9659258262890678 0
    outer loop
      vertex 27.302361332501977 16.386058147591562 1.49
      vertex 28.565151074942516 16.04769465589431 49.99
      vertex 27.302361332501977 16.386058147591562 49.99
    endloop
  endfacet
  facet normal -0.2588190451025231 0.9659258262890678 0
    outer loop
      vertex 28.565151074942516 18.95230534410569 1.49
      vertex 27.302361332501977 18.613941852408438 49.99
      vertex 28.565151074942516 18.95230534410569 49.99
    endloop
  endfacet
  facet normal -0.5735764363510478 -0.8191520442889906 0
    outer loop
      vertex 29.75 15.49519052838329 1.49
      vertex 30.820907072649042 14.745333323392334 49.99
      vertex 29.75 15.49519052838329 49.99
    endloop
  endfacet
  facet normal -0.7071067811865469 -0.7071067811865482 0
    outer loop
      vertex 30.820907072649042 14.745333323392334 1.49
      vertex 31.745333323392334 13.820907072649044 49.99
      vertex 30.820907072649042 14.745333323392334 49.99
    endloop
  endfacet
  facet normal -0.819152044288991 -0.5735764363510472 0
    outer loop
      vertex 31.745333323392334 13.820907072649044 1.49
      vertex 32.49519052838329 12.75 49.99
      vertex 31.745333323392334 13.820907072649044 49.99
    endloop
  endfacet
  facet normal -0.42261826174069855 0.9063077870366504 0
    outer loop
      vertex 29.75 19.50480947161671 1.49
      vertex 28.565151074942516 18.95230534410569 49.99
      vertex 29.75 19.50480947161671 49.99
    endloop
  endfacet
  facet normal -0.5735764363510478 0.8191520442889906 0
    outer loop
      vertex 30.820907072649042 20.254666676607666 1.49
      vertex 29.75 19.50480947161671 49.99
      vertex 30.820907072649042 20.254666676607666 49.99
    endloop
  endfacet
  facet normal -0.7071067811865476 0.7071067811865476 0
    outer loop
      vertex 31.745333323392334 21.179092927350958 1.49
      vertex 30.820907072649042 20.254666676607666 49.99
      vertex 31.745333323392334 21.179092927350958 49.99
    endloop
  endfacet
  facet normal 0 -1 0
    outer loop
      vertex 3 0 50
      vertex 49 0 0
      vertex 49 0 50
    endloop
  endfacet
  facet normal -0.9063077870366505 0.4226182617406983 0
    outer loop
      vertex 33.04769465589431 6.4348489250574845 1.49
      vertex 32.49519052838329 5.25 49.99
      vertex 33.04769465589431 6.4348489250574845 49.99
    endloop
  endfacet
  facet normal -0.9659258262890676 0.2588190451025233 0
    outer loop
      vertex 33.38605814759156 7.697638667498023 1.49
      vertex 33.04769465589431 6.4348489250574845 49.99
      vertex 33.38605814759156 7.697638667498023 49.99
    endloop
  endfacet
  facet normal -0.9961946980917457 0.08715574274765678 0
    outer loop
      vertex 33.5 9 1.49
      vertex 33.38605814759156 7.697638667498023 49.99
      vertex 33.5 9 49.99
    endloop
  endfacet
  facet normal -0.9961946980917457 -0.08715574274765678 0
    outer loop
      vertex 33.38605814759156 10.302361332501977 1.49
      vertex 33.5 9 49.99
      vertex 33.38605814759156 10.302361332501977 49.99
    endloop
  endfacet
  facet normal 0.9961946980917457 0.08715574274765678 0
    outer loop
      vertex 35.61394185240844 7.697638667498023 1.49
      vertex 35.5 9 49.99
      vertex 35.61394185240844 7.697638667498023 49.99
    endloop
  endfacet
  facet normal 0.9961946980917457 -0.08715574274765678 0
    outer loop
      vertex 35.5 9 1.49
      vertex 35.61394185240844 10.302361332501977 49.99
      vertex 35.5 9 49.99
    endloop
  endfacet
  facet normal 0.9659258262890678 -0.2588190451025231 0
    outer loop
      vertex 35.61394185240844 10.302361332501977 1.49
      vertex 35.95230534410569 11.565151074942516 49.99
      vertex 35.61394185240844 10.302361332501977 49.99
    endloop
  endfacet
  facet normal 0.8191520442889924 0.5735764363510454 0
    outer loop
      vertex 37.25466667660766 4.179092927350956 1.49
      vertex 36.50480947161671 5.25 49.99
      vertex 37.25466667660766 4.179092927350956 49.99
    endloop
  endfacet
  facet normal 0.7071067811865459 0.7071067811865492 0
    outer loop
      vertex 38.17909292735096 3.2546666766076653 1.49
      vertex 37.25466667660766 4.179092927350956 49.99
      vertex 38.17909292735096 3.2546666766076653 49.99
    endloop
  endfacet
  facet normal 0.5735764363510469 0.8191520442889912 0
    outer loop
      vertex 39.25 2.504809471616711 1.49
      vertex 38.17909292735096 3.2546666766076653 49.99
      vertex 39.25 2.504809471616711 49.99
    endloop
  endfacet
  facet normal 0.9063077870366505 0.4226182617406983 0
    outer loop
      vertex 36.50480947161671 5.25 1.49
      vertex 35.95230534410569 6.4348489250574845 49.99
      vertex 36.50480947161671 5.25 49.99
    endloop
  endfacet
  facet normal 0.9659258262890676 0.2588190451025233 0
    outer loop
      vertex 35.95230534410569 6.4348489250574845 1.49
      vertex 35.61394185240844 7.697638667498023 49.99
      vertex 35.95230534410569 6.4348489250574845 49.99
    endloop
  endfacet
  facet normal -0.9659258262890678 -0.2588190451025231 0
    outer loop
      vertex 33.04769465589431 11.565151074942516 1.49
      vertex 33.38605814759156 10.302361332501977 49.99
      vertex 33.04769465589431 11.565151074942516 49.99
    endloop
  endfacet
  facet normal -0.9063077870366504 -0.42261826174069855 0
    outer loop
      vertex 32.49519052838329 12.75 1.49
      vertex 33.04769465589431 11.565151074942516 49.99
      vertex 32.49519052838329 12.75 49.99
    endloop
  endfacet
  facet normal 0.9063077870366504 -0.42261826174069855 0
    outer loop
      vertex 35.95230534410569 11.565151074942516 1.49
      vertex 36.50480947161671 12.75 49.99
      vertex 35.95230534410569 11.565151074942516 49.99
    endloop
  endfacet
  facet normal 0.8191520442889924 -0.5735764363510454 0
    outer loop
      vertex 36.50480947161671 12.75 1.49
      vertex 37.25466667660766 13.820907072649044 49.99
      vertex 36.50480947161671 12.75 49.99
    endloop
  endfacet
  facet normal 0.7071067811865455 -0.7071067811865496 0
    outer loop
      vertex 37.25466667660766 13.820907072649044 1.49
      vertex 38.17909292735096 14.745333323392334 49.99
      vertex 37.25466667660766 13.820907072649044 49.99
    endloop
  endfacet
  facet normal 0.5735764363510478 -0.8191520442889906 0
    outer loop
      vertex 38.17909292735096 14.745333323392334 1.49
      vertex 39.25 15.49519052838329 49.99
      vertex 38.17909292735096 14.745333323392334 49.99
    endloop
  endfacet
  facet normal 0.7071067811865461 0.7071067811865488 0
    outer loop
      vertex 38.17909292735096 20.254666676607666 1.49
      vertex 37.25466667660766 21.179092927350958 49.99
      vertex 38.17909292735096 20.254666676607666 49.99
    endloop
  endfacet
  facet normal 0.5735764363510478 0.8191520442889906 0
    outer loop
      vertex 39.25 19.50480947161671 1.49
      vertex 38.17909292735096 20.254666676607666 49.99
      vertex 39.25 19.50480947161671 49.99
    endloop
  endfacet
  facet normal -0.06189898395744908 0.7075086241214288 0.703988680717835
    outer loop
      vertex 26 1.5 49.99
      vertex 26 1.4900497512437831 50
      vertex 27.302361332501977 1.6139418524084395 49.99
    endloop
  endfacet
  facet normal -0.061898983957449555 0.7075086241214333 0.7039886807178307
    outer loop
      vertex 27.302361332501977 1.6139418524084395 49.99
      vertex 26 1.4900497512437831 50
      vertex 27.304089175065826 1.604142770288917 50
    endloop
  endfacet
  facet normal 0 0 1
    outer loop
      vertex 49 0 50
      vertex 26 1.4900497512437831 50
      vertex 10.304089175065828 1.604142770288917 50
    endloop
  endfacet
  facet normal -0.18381618256720006 0.6860113325941478 0.7039886807178248
    outer loop
      vertex 27.302361332501977 1.6139418524084395 49.99
      vertex 27.304089175065826 1.604142770288917 50
      vertex 28.565151074942516 1.952305344105687 49.99
    endloop
  endfacet
  facet normal -0.18381618256719262 0.6860113325941215 0.7039886807178523
    outer loop
      vertex 28.565151074942516 1.952305344105687 49.99
      vertex 27.304089175065826 1.604142770288917 50
      vertex 28.568554260448245 1.9429551687744857 50
    endloop
  endfacet
  facet normal -0.3001482194851085 0.6436699338644357 0.7039886807178591
    outer loop
      vertex 28.565151074942516 1.952305344105687 49.99
      vertex 28.568554260448245 1.9429551687744857 50
      vertex 29.75 2.504809471616711 49.99
    endloop
  endfacet
  facet normal -0.30014821948511167 0.6436699338644423 0.7039886807178519
    outer loop
      vertex 29.75 2.504809471616711 49.99
      vertex 28.568554260448245 1.9429551687744857 50
      vertex 29.75497512437811 2.4961923034198525 50
    endloop
  endfacet
  facet normal -0.40736040463629847 0.5817709499069895 0.7039886807178579
    outer loop
      vertex 29.75 2.504809471616711 49.99
      vertex 29.75497512437811 2.4961923034198525 50
      vertex 30.820907072649042 3.2546666766076653 49.99
    endloop
  endfacet
  facet normal -0.40736040463630036 0.5817709499069922 0.7039886807178549
    outer loop
      vertex 30.820907072649042 3.2546666766076653 49.99
      vertex 29.75497512437811 2.4961923034198525 50
      vertex 30.82730296926284 3.247044343840314 50
    endloop
  endfacet
  facet normal 0 0 1
    outer loop
      vertex 27.304089175065826 1.604142770288917 50
      vertex 40.43144573955176 1.9429551687744857 50
      vertex 28.568554260448245 1.9429551687744857 50
    endloop
  endfacet
  facet normal -0.502195150026923 0.5021951500269236 0.7039886807178592
    outer loop
      vertex 30.820907072649042 3.2546666766076653 49.99
      vertex 30.82730296926284 3.247044343840314 50
      vertex 31.745333323392334 4.179092927350956 49.99
    endloop
  endfacet
  facet normal -0.5021951500269471 0.5021951500269468 0.7039886807178255
    outer loop
      vertex 31.745333323392334 4.179092927350956 49.99
      vertex 30.82730296926284 3.247044343840314 50
      vertex 31.752955656159685 4.172697030737161 50
    endloop
  endfacet
  facet normal -0.5817709499070174 0.4073604046363182 0.7039886807178236
    outer loop
      vertex 31.745333323392334 4.179092927350956 49.99
      vertex 31.752955656159685 4.172697030737161 50
      vertex 32.49519052838329 5.25 49.99
    endloop
  endfacet
  facet normal -0.5817709499070469 0.40736040463633816 0.7039886807177876
    outer loop
      vertex 32.49519052838329 5.25 49.99
      vertex 31.752955656159685 4.172697030737161 50
      vertex 32.50380769658015 5.245024875621891 50
    endloop
  endfacet
  facet normal -0.30014821948512793 -0.643669933864482 0.703988680717809
    outer loop
      vertex 28.565151074942516 16.04769465589431 49.99
      vertex 29.75497512437811 15.503807696580148 50
      vertex 28.568554260448245 16.05704483122551 50
    endloop
  endfacet
  facet normal -0.061898983957452317 -0.707508624121476 0.7039886807177878
    outer loop
      vertex 26 16.5 49.99
      vertex 27.304089175065826 16.395857229711083 50
      vertex 26 16.509950248756216 50
    endloop
  endfacet
  facet normal 0 0 1
    outer loop
      vertex 27.304089175065826 16.395857229711083 50
      vertex 26 18.490049751243784 50
      vertex 26 16.509950248756216 50
    endloop
  endfacet
  facet normal -0.06189898395745223 0.7075086241214759 0.7039886807177876
    outer loop
      vertex 26 18.5 49.99
      vertex 26 18.490049751243784 50
      vertex 27.302361332501977 18.613941852408438 49.99
    endloop
  endfacet
  facet normal -0.06189898395745262 -0.7075086241214803 0.7039886807177833
    outer loop
      vertex 26 16.5 49.99
      vertex 27.302361332501977 16.386058147591562 49.99
      vertex 27.304089175065826 16.395857229711083 50
    endloop
  endfacet
  facet normal 0 0 1
    outer loop
      vertex 27.304089175065826 16.395857229711083 50
      vertex 27.304089175065826 18.604142770288917 50
      vertex 26 18.490049751243784 50
    endloop
  endfacet
  facet normal -0.0618989839574527 0.7075086241214804 0.7039886807177832
    outer loop
      vertex 27.302361332501977 18.613941852408438 49.99
      vertex 26 18.490049751243784 50
      vertex 27.304089175065826 18.604142770288917 50
    endloop
  endfacet
  facet normal -0.18381618256721338 -0.6860113325941914 0.7039886807177785
    outer loop
      vertex 27.302361332501977 16.386058147591562 49.99
      vertex 28.568554260448245 16.05704483122551 50
      vertex 27.304089175065826 16.395857229711083 50
    endloop
  endfacet
  facet normal 0 0 1
    outer loop
      vertex 27.304089175065826 16.395857229711083 50
      vertex 28.568554260448245 16.05704483122551 50
      vertex 27.304089175065826 18.604142770288917 50
    endloop
  endfacet
  facet normal -0.1838161825672086 -0.6860113325941725 0.7039886807177983
    outer loop
      vertex 27.302361332501977 16.386058147591562 49.99
      vertex 28.565151074942516 16.04769465589431 49.99
      vertex 28.568554260448245 16.05704483122551 50
    endloop
  endfacet
  facet normal -0.18381618256721366 0.6860113325941913 0.7039886807177785
    outer loop
      vertex 27.302361332501977 18.613941852408438 49.99
      vertex 27.304089175065826 18.604142770288917 50
      vertex 28.565151074942516 18.95230534410569 49.99
    endloop
  endfacet
  facet normal 0 0 1
    outer loop
      vertex 28.568554260448245 16.05704483122551 50
      vertex 28.568554260448245 18.94295516877449 50
      vertex 27.304089175065826 18.604142770288917 50
    endloop
  endfacet
  facet normal 0 0 1
    outer loop
      vertex 28.568554260448245 16.05704483122551 50
      vertex 29.75497512437811 15.503807696580148 50
      vertex 28.568554260448245 18.94295516877449 50
    endloop
  endfacet
  facet normal -0.1838161825672083 0.6860113325941725 0.7039886807177985
    outer loop
      vertex 28.565151074942516 18.95230534410569 49.99
      vertex 27.304089175065826 18.604142770288917 50
      vertex 28.568554260448245 18.94295516877449 50
    endloop
  endfacet
  facet normal -0.3001482194851285 0.6436699338644818 0.7039886807178088
    outer loop
      vertex 28.565151074942516 18.95230534410569 49.99
      vertex 28.568554260448245 18.94295516877449 50
      vertex 29.75 19.50480947161671 49.99
    endloop
  endfacet
  facet normal -0.3001482194851097 -0.6436699338644415 0.7039886807178534
    outer loop
      vertex 28.565151074942516 16.04769465589431 49.99
      vertex 29.75 15.49519052838329 49.99
      vertex 29.75497512437811 15.503807696580148 50
    endloop
  endfacet
  facet normal -0.40736040463629936 -0.5817709499069891 0.7039886807178579
    outer loop
      vertex 29.75 15.49519052838329 49.99
      vertex 30.82730296926284 14.752955656159685 50
      vertex 29.75497512437811 15.503807696580148 50
    endloop
  endfacet
  facet normal -0.4073604046363074 -0.581770949907001 0.7039886807178433
    outer loop
      vertex 29.75 15.49519052838329 49.99
      vertex 30.820907072649042 14.745333323392334 49.99
      vertex 30.82730296926284 14.752955656159685 50
    endloop
  endfacet
  facet normal -0.5817709499070615 -0.40736040463634904 0.7039886807177693
    outer loop
      vertex 32.49519052838329 12.75 49.99
      vertex 32.50380769658015 12.754975124378108 50
      vertex 31.745333323392334 13.820907072649044 49.99
    endloop
  endfacet
  facet normal -0.5021951500269307 -0.5021951500269317 0.703988680717848
    outer loop
      vertex 30.820907072649042 14.745333323392334 49.99
      vertex 31.752955656159685 13.82730296926284 50
      vertex 30.82730296926284 14.752955656159685 50
    endloop
  endfacet
  facet normal -0.5021951500269313 -0.5021951500269324 0.7039886807178473
    outer loop
      vertex 30.820907072649042 14.745333323392334 49.99
      vertex 31.745333323392334 13.820907072649044 49.99
      vertex 31.752955656159685 13.82730296926284 50
    endloop
  endfacet
  facet normal -0.5817709499070033 -0.40736040463630696 0.7039886807178419
    outer loop
      vertex 31.745333323392334 13.820907072649044 49.99
      vertex 32.50380769658015 12.754975124378108 50
      vertex 31.752955656159685 13.82730296926284 50
    endloop
  endfacet
  facet normal 0 0 1
    outer loop
      vertex 29.75497512437811 15.503807696580148 50
      vertex 29.75497512437811 19.49619230341985 50
      vertex 28.568554260448245 18.94295516877449 50
    endloop
  endfacet
  facet normal 0 0 1
    outer loop
      vertex 29.75497512437811 15.503807696580148 50
      vertex 30.82730296926284 20.247044343840315 50
      vertex 29.75497512437811 19.49619230341985 50
    endloop
  endfacet
  facet normal -0.3001482194850849 0.6436699338643919 0.7039886807179095
    outer loop
      vertex 29.75 19.50480947161671 49.99
      vertex 28.568554260448245 18.94295516877449 50
      vertex 29.75497512437811 19.49619230341985 50
    endloop
  endfacet
  facet normal -0.4073604046362695 0.5817709499069468 0.70398868071791
    outer loop
      vertex 29.75 19.50480947161671 49.99
      vertex 29.75497512437811 19.49619230341985 50
      vertex 30.820907072649042 20.254666676607666 49.99
    endloop
  endfacet
  facet normal -0.4073604046363091 0.5817709499070016 0.7039886807178419
    outer loop
      vertex 30.820907072649042 20.254666676607666 49.99
      vertex 29.75497512437811 19.49619230341985 50
      vertex 30.82730296926284 20.247044343840315 50
    endloop
  endfacet
  facet normal -0.5021951500269312 0.5021951500269312 0.7039886807178478
    outer loop
      vertex 30.820907072649042 20.254666676607666 49.99
      vertex 30.82730296926284 20.247044343840315 50
      vertex 31.745333323392334 21.179092927350958 49.99
    endloop
  endfacet
  facet normal -0.5021951500269313 0.5021951500269313 0.703988680717848
    outer loop
      vertex 31.745333323392334 21.179092927350958 49.99
      vertex 30.82730296926284 20.247044343840315 50
      vertex 31.752955656159685 21.17269703073716 50
    endloop
  endfacet
  facet normal 0 0 1
    outer loop
      vertex 28.568554260448245 1.9429551687744857 50
      vertex 39.245024875621894 2.4961923034198525 50
      vertex 29.75497512437811 2.4961923034198525 50
    endloop
  endfacet
  facet normal 0 0 1
    outer loop
      vertex 49 0 50
      vertex 27.304089175065826 1.604142770288917 50
      vertex 26 1.4900497512437831 50
    endloop
  endfacet
  facet normal 0 0 1
    outer loop
      vertex 29.75497512437811 2.4961923034198525 50
      vertex 38.17269703073716 3.247044343840314 50
      vertex 30.82730296926284 3.247044343840314 50
    endloop
  endfacet
  facet normal 0 0 1
    outer loop
      vertex 30.82730296926284 3.247044343840314 50
      vertex 37.24704434384031 4.172697030737161 50
      vertex 31.752955656159685 4.172697030737161 50
    endloop
  endfacet
  facet normal 0 0 1
    outer loop
      vertex 31.752955656159685 4.172697030737161 50
      vertex 36.49619230341985 5.245024875621891 50
      vertex 32.50380769658015 5.245024875621891 50
    endloop
  endfacet
  facet normal 0 0 1
    outer loop
      vertex 29.75497512437811 2.4961923034198525 50
      vertex 39.245024875621894 2.4961923034198525 50
      vertex 38.17269703073716 3.247044343840314 50
    endloop
  endfacet
  facet normal 0 0 1
    outer loop
      vertex 30.82730296926284 3.247044343840314 50
      vertex 38.17269703073716 3.247044343840314 50
      vertex 37.24704434384031 4.172697030737161 50
    endloop
  endfacet
  facet normal 0 0 1
    outer loop
      vertex 31.752955656159685 4.172697030737161 50
      vertex 37.24704434384031 4.172697030737161 50
      vertex 36.49619230341985 5.245024875621891 50
    endloop
  endfacet
  facet normal -0.643669933864507 0.30014821948514003 0.7039886807177809
    outer loop
      vertex 32.49519052838329 5.25 49.99
      vertex 32.50380769658015 5.245024875621891 50
      vertex 33.04769465589431 6.4348489250574845 49.99
    endloop
  endfacet
  facet normal -0.6436699338644938 0.30014821948513415 0.7039886807177954
    outer loop
      vertex 33.04769465589431 6.4348489250574845 49.99
      vertex 32.50380769658015 5.245024875621891 50
      vertex 33.05704483122551 6.431445739551757 50
    endloop
  endfacet
  facet normal -0.6860113325941802 0.18381618256721083 0.7039886807177903
    outer loop
      vertex 33.04769465589431 6.4348489250574845 49.99
      vertex 33.05704483122551 6.431445739551757 50
      vertex 33.38605814759156 7.697638667498023 49.99
    endloop
  endfacet
  facet normal -0.6860113325941836 0.18381618256721166 0.703988680717787
    outer loop
      vertex 33.38605814759156 7.697638667498023 49.99
      vertex 33.05704483122551 6.431445739551757 50
      vertex 33.39585722971108 7.695910824934173 50
    endloop
  endfacet
  facet normal 0 0 1
    outer loop
      vertex 32.50380769658015 5.245024875621891 50
      vertex 35.94295516877449 6.431445739551757 50
      vertex 33.05704483122551 6.431445739551757 50
    endloop
  endfacet
  facet normal 0 0 1
    outer loop
      vertex 33.39585722971108 7.695910824934173 50
      vertex 33.05704483122551 6.431445739551757 50
      vertex 35.60414277028892 7.695910824934173 50
    endloop
  endfacet
  facet normal -0.6860113325941756 -0.18381618256720944 0.7039886807177951
    outer loop
      vertex 33.38605814759156 10.302361332501977 49.99
      vertex 33.39585722971108 10.304089175065828 50
      vertex 33.04769465589431 11.565151074942516 49.99
    endloop
  endfacet
  facet normal -0.7075086241214776 0.061898983957452386 0.7039886807177859
    outer loop
      vertex 33.38605814759156 7.697638667498023 49.99
      vertex 33.39585722971108 7.695910824934173 50
      vertex 33.5 9 49.99
    endloop
  endfacet
  facet normal -0.7075086241213506 0.061898983957443234 0.7039886807179143
    outer loop
      vertex 33.5 9 49.99
      vertex 33.39585722971108 7.695910824934173 50
      vertex 33.50995024875622 9 50
    endloop
  endfacet
  facet normal -0.7075086241213505 -0.06189898395744127 0.7039886807179146
    outer loop
      vertex 33.38605814759156 10.302361332501977 49.99
      vertex 33.5 9 49.99
      vertex 33.50995024875622 9 50
    endloop
  endfacet
  facet normal -0.7075086241214746 -0.06189898395745404 0.7039886807177889
    outer loop
      vertex 33.38605814759156 10.302361332501977 49.99
      vertex 33.50995024875622 9 50
      vertex 33.39585722971108 10.304089175065828 50
    endloop
  endfacet
  facet normal 0 0 1
    outer loop
      vertex 33.05704483122551 6.431445739551757 50
      vertex 35.94295516877449 6.431445739551757 50
      vertex 35.60414277028892 7.695910824934173 50
    endloop
  endfacet
  facet normal 0 0 1
    outer loop
      vertex 36.49619230341985 5.245024875621891 50
      vertex 35.94295516877449 6.431445739551757 50
      vertex 32.50380769658015 5.245024875621891 50
    endloop
  endfacet
  facet normal 0.6860113325941835 0.1838161825672117 0.7039886807177868
    outer loop
      vertex 35.61394185240844 7.697638667498023 49.99
      vertex 35.60414277028892 7.695910824934173 50
      vertex 35.95230534410569 6.4348489250574845 49.99
    endloop
  endfacet
  facet normal 0 0 1
    outer loop
      vertex 33.50995024875622 9 50
      vertex 33.39585722971108 7.695910824934173 50
      vertex 35.49004975124378 9 50
    endloop
  endfacet
  facet normal 0 0 1
    outer loop
      vertex 33.39585722971108 7.695910824934173 50
      vertex 35.60414277028892 7.695910824934173 50
      vertex 35.49004975124378 9 50
    endloop
  endfacet
  facet normal 0 0 1
    outer loop
      vertex 33.39585722971108 10.304089175065828 50
      vertex 33.50995024875622 9 50
      vertex 35.60414277028892 10.304089175065828 50
    endloop
  endfacet
  facet normal 0 0 1
    outer loop
      vertex 33.50995024875622 9 50
      vertex 35.49004975124378 9 50
      vertex 35.60414277028892 10.304089175065828 50
    endloop
  endfacet
  facet normal 0.7075086241213506 0.061898983957441284 0.7039886807179144
    outer loop
      vertex 35.5 9 49.99
      vertex 35.49004975124378 9 50
      vertex 35.61394185240844 7.697638667498023 49.99
    endloop
  endfacet
  facet normal 0.7075086241214774 0.061898983957454315 0.703988680717786
    outer loop
      vertex 35.61394185240844 7.697638667498023 49.99
      vertex 35.49004975124378 9 50
      vertex 35.60414277028892 7.695910824934173 50
    endloop
  endfacet
  facet normal 0 0 1
    outer loop
      vertex 33.39585722971108 10.304089175065828 50
      vertex 35.60414277028892 10.304089175065828 50
      vertex 35.94295516877449 11.568554260448243 50
    endloop
  endfacet
  facet normal 0.7075086241213506 -0.0618989839574432 0.7039886807179144
    outer loop
      vertex 35.5 9 49.99
      vertex 35.60414277028892 10.304089175065828 50
      vertex 35.49004975124378 9 50
    endloop
  endfacet
  facet normal 0.7075086241214747 -0.06189898395745213 0.7039886807177889
    outer loop
      vertex 35.5 9 49.99
      vertex 35.61394185240844 10.302361332501977 49.99
      vertex 35.60414277028892 10.304089175065828 50
    endloop
  endfacet
  facet normal 0.6860113325941756 -0.18381618256720964 0.7039886807177951
    outer loop
      vertex 35.61394185240844 10.302361332501977 49.99
      vertex 35.94295516877449 11.568554260448243 50
      vertex 35.60414277028892 10.304089175065828 50
    endloop
  endfacet
  facet normal 0 0 1
    outer loop
      vertex 28.568554260448245 1.9429551687744857 50
      vertex 40.43144573955176 1.9429551687744857 50
      vertex 39.245024875621894 2.4961923034198525 50
    endloop
  endfacet
  facet normal 0 0 1
    outer loop
      vertex 27.304089175065826 1.604142770288917 50
      vertex 41.695910824934174 1.604142770288917 50
      vertex 40.43144573955176 1.9429551687744857 50
    endloop
  endfacet
  facet normal 0.5817709499070475 0.4073604046363373 0.7039886807177876
    outer loop
      vertex 37.25466667660766 4.179092927350956 49.99
      vertex 36.50480947161671 5.25 49.99
      vertex 36.49619230341985 5.245024875621891 50
    endloop
  endfacet
  facet normal 0.581770949906935 0.407360404636256 0.7039886807179278
    outer loop
      vertex 37.25466667660766 4.179092927350956 49.99
      vertex 36.49619230341985 5.245024875621891 50
      vertex 37.24704434384031 4.172697030737161 50
    endloop
  endfacet
  facet normal 0.5021951500268828 0.5021951500268852 0.7039886807179153
    outer loop
      vertex 37.25466667660766 4.179092927350956 49.99
      vertex 37.24704434384031 4.172697030737161 50
      vertex 38.17909292735096 3.2546666766076653 49.99
    endloop
  endfacet
  facet normal 0.5021951500269214 0.502195150026925 0.7039886807178592
    outer loop
      vertex 38.17909292735096 3.2546666766076653 49.99
      vertex 37.24704434384031 4.172697030737161 50
      vertex 38.17269703073716 3.247044343840314 50
    endloop
  endfacet
  facet normal 0.40736040463630024 0.5817709499069921 0.7039886807178549
    outer loop
      vertex 38.17909292735096 3.2546666766076653 49.99
      vertex 38.17269703073716 3.247044343840314 50
      vertex 39.25 2.504809471616711 49.99
    endloop
  endfacet
  facet normal 0.40736040463633905 0.5817709499070495 0.703988680717785
    outer loop
      vertex 39.25 2.504809471616711 49.99
      vertex 38.17269703073716 3.247044343840314 50
      vertex 39.245024875621894 2.4961923034198525 50
    endloop
  endfacet
  facet normal 0.6436699338644938 0.30014821948513387 0.7039886807177956
    outer loop
      vertex 36.50480947161671 5.25 49.99
      vertex 35.95230534410569 6.4348489250574845 49.99
      vertex 35.94295516877449 6.431445739551757 50
    endloop
  endfacet
  facet normal 0.6436699338645067 0.3001482194851402 0.7039886807177808
    outer loop
      vertex 36.50480947161671 5.25 49.99
      vertex 35.94295516877449 6.431445739551757 50
      vertex 36.49619230341985 5.245024875621891 50
    endloop
  endfacet
  facet normal 0.6860113325941803 0.18381618256721077 0.7039886807177903
    outer loop
      vertex 35.95230534410569 6.4348489250574845 49.99
      vertex 35.60414277028892 7.695910824934173 50
      vertex 35.94295516877449 6.431445739551757 50
    endloop
  endfacet
  facet normal -0.6436699338645071 -0.3001482194851403 0.7039886807177805
    outer loop
      vertex 32.49519052838329 12.75 49.99
      vertex 33.04769465589431 11.565151074942516 49.99
      vertex 33.05704483122551 11.568554260448243 50
    endloop
  endfacet
  facet normal -0.6860113325941881 -0.183816182567213 0.703988680717782
    outer loop
      vertex 33.04769465589431 11.565151074942516 49.99
      vertex 33.39585722971108 10.304089175065828 50
      vertex 33.05704483122551 11.568554260448243 50
    endloop
  endfacet
  facet normal -0.6436699338645189 -0.30014821948514603 0.7039886807177674
    outer loop
      vertex 32.49519052838329 12.75 49.99
      vertex 33.05704483122551 11.568554260448243 50
      vertex 32.50380769658015 12.754975124378108 50
    endloop
  endfacet
  facet normal 0 0 1
    outer loop
      vertex 32.50380769658015 12.754975124378108 50
      vertex 33.05704483122551 11.568554260448243 50
      vertex 36.49619230341985 12.754975124378108 50
    endloop
  endfacet
  facet normal 0 0 1
    outer loop
      vertex 31.752955656159685 13.82730296926284 50
      vertex 32.50380769658015 12.754975124378108 50
      vertex 37.24704434384031 13.82730296926284 50
    endloop
  endfacet
  facet normal 0 0 1
    outer loop
      vertex 33.05704483122551 11.568554260448243 50
      vertex 33.39585722971108 10.304089175065828 50
      vertex 35.94295516877449 11.568554260448243 50
    endloop
  endfacet
  facet normal 0 0 1
    outer loop
      vertex 33.05704483122551 11.568554260448243 50
      vertex 35.94295516877449 11.568554260448243 50
      vertex 36.49619230341985 12.754975124378108 50
    endloop
  endfacet
  facet normal 0 0 1
    outer loop
      vertex 32.50380769658015 12.754975124378108 50
      vertex 36.49619230341985 12.754975124378108 50
      vertex 37.24704434384031 13.82730296926284 50
    endloop
  endfacet
  facet normal 0 0 1
    outer loop
      vertex 29.75497512437811 15.503807696580148 50
      vertex 30.82730296926284 14.752955656159685 50
      vertex 37.24704434384031 21.17269703073716 50
    endloop
  endfacet
  facet normal 0 0 1
    outer loop
      vertex 30.82730296926284 14.752955656159685 50
      vertex 31.752955656159685 13.82730296926284 50
      vertex 37.24704434384031 21.17269703073716 50
    endloop
  endfacet
  facet normal 0 0 1
    outer loop
      vertex 29.75497512437811 15.503807696580148 50
      vertex 37.24704434384031 21.17269703073716 50
      vertex 30.82730296926284 20.247044343840315 50
    endloop
  endfacet
  facet normal 0 0 1
    outer loop
      vertex 30.82730296926284 20.247044343840315 50
      vertex 37.24704434384031 21.17269703073716 50
      vertex 31.752955656159685 21.17269703073716 50
    endloop
  endfacet
  facet normal 0 0 1
    outer loop
      vertex 31.752955656159685 13.82730296926284 50
      vertex 37.24704434384031 13.82730296926284 50
      vertex 37.24704434384031 21.17269703073716 50
    endloop
  endfacet
  facet normal 0.6860113325941877 -0.18381618256721266 0.7039886807177825
    outer loop
      vertex 35.61394185240844 10.302361332501977 49.99
      vertex 35.95230534410569 11.565151074942516 49.99
      vertex 35.94295516877449 11.568554260448243 50
    endloop
  endfacet
  facet normal 0.6436699338645058 -0.30014821948514 0.7039886807177819
    outer loop
      vertex 35.95230534410569 11.565151074942516 49.99
      vertex 36.49619230341985 12.754975124378108 50
      vertex 35.94295516877449 11.568554260448243 50
    endloop
  endfacet
  facet normal 0.6436699338645179 -0.30014821948514536 0.7039886807177683
    outer loop
      vertex 35.95230534410569 11.565151074942516 49.99
      vertex 36.50480947161671 12.75 49.99
      vertex 36.49619230341985 12.754975124378108 50
    endloop
  endfacet
  facet normal 0.5817709499070638 -0.4073604046363455 0.7039886807177695
    outer loop
      vertex 36.50480947161671 12.75 49.99
      vertex 37.24704434384031 13.82730296926284 50
      vertex 36.49619230341985 12.754975124378108 50
    endloop
  endfacet
  facet normal 0.5817709499069189 -0.4073604046362473 0.7039886807179461
    outer loop
      vertex 36.50480947161671 12.75 49.99
      vertex 37.25466667660766 13.820907072649044 49.99
      vertex 37.24704434384031 13.82730296926284 50
    endloop
  endfacet
  facet normal 0.5021951500268659 -0.5021951500268708 0.7039886807179379
    outer loop
      vertex 37.25466667660766 13.820907072649044 49.99
      vertex 38.17269703073716 14.752955656159685 50
      vertex 37.24704434384031 13.82730296926284 50
    endloop
  endfacet
  facet normal 0.5021951500269298 -0.5021951500269327 0.7039886807178479
    outer loop
      vertex 37.25466667660766 13.820907072649044 49.99
      vertex 38.17909292735096 14.745333323392334 49.99
      vertex 38.17269703073716 14.752955656159685 50
    endloop
  endfacet
  facet normal 0.40736040463630757 -0.5817709499070027 0.7039886807178418
    outer loop
      vertex 38.17909292735096 14.745333323392334 49.99
      vertex 39.245024875621894 15.503807696580148 50
      vertex 38.17269703073716 14.752955656159685 50
    endloop
  endfacet
  facet normal 0.40736040463634043 -0.5817709499070481 0.7039886807177854
    outer loop
      vertex 38.17909292735096 14.745333323392334 49.99
      vertex 39.25 15.49519052838329 49.99
      vertex 39.245024875621894 15.503807696580148 50
    endloop
  endfacet
  facet normal 0 0 1
    outer loop
      vertex 37.24704434384031 13.82730296926284 50
      vertex 38.17269703073716 14.752955656159685 50
      vertex 37.24704434384031 21.17269703073716 50
    endloop
  endfacet
  facet normal 0 0 1
    outer loop
      vertex 37.24704434384031 21.17269703073716 50
      vertex 38.17269703073716 14.752955656159685 50
      vertex 39.245024875621894 15.503807696580148 50
    endloop
  endfacet
  facet normal 0 0 1
    outer loop
      vertex 37.24704434384031 21.17269703073716 50
      vertex 39.245024875621894 15.503807696580148 50
      vertex 40.43144573955176 16.05704483122551 50
    endloop
  endfacet
  facet normal 0.5021951500268672 0.5021951500268691 0.7039886807179379
    outer loop
      vertex 37.25466667660766 21.179092927350958 49.99
      vertex 37.24704434384031 21.17269703073716 50
      vertex 38.17909292735096 20.254666676607666 49.99
    endloop
  endfacet
  facet normal 0.5021951500269292 0.5021951500269332 0.703988680717848
    outer loop
      vertex 38.17909292735096 20.254666676607666 49.99
      vertex 37.24704434384031 21.17269703073716 50
      vertex 38.17269703073716 20.247044343840315 50
    endloop
  endfacet
  facet normal 0.40736040463630824 0.5817709499070022 0.7039886807178419
    outer loop
      vertex 38.17909292735096 20.254666676607666 49.99
      vertex 38.17269703073716 20.247044343840315 50
      vertex 39.25 19.50480947161671 49.99
    endloop
  endfacet
  facet normal 0 0 1
    outer loop
      vertex 37.24704434384031 21.17269703073716 50
      vertex 40.43144573955176 16.05704483122551 50
      vertex 38.17269703073716 20.247044343840315 50
    endloop
  endfacet
  facet normal 0.40736040463631096 0.5817709499070062 0.7039886807178369
    outer loop
      vertex 39.25 19.50480947161671 49.99
      vertex 38.17269703073716 20.247044343840315 50
      vertex 39.245024875621894 19.49619230341985 50
    endloop
  endfacet
  facet normal -0.8191520442889906 0.5735764363510478 0
    outer loop
      vertex 32.49519052838329 22.25 1.49
      vertex 31.745333323392334 21.179092927350958 49.99
      vertex 32.49519052838329 22.25 49.99
    endloop
  endfacet
  facet normal -0.5735764363510478 -0.8191520442889906 0
    outer loop
      vertex 29.75 32.49519052838329 1.49
      vertex 30.820907072649042 31.745333323392334 49.99
      vertex 29.75 32.49519052838329 49.99
    endloop
  endfacet
  facet normal -0.7071067811865476 -0.7071067811865476 0
    outer loop
      vertex 30.820907072649042 31.745333323392334 1.49
      vertex 31.745333323392334 30.820907072649042 49.99
      vertex 30.820907072649042 31.745333323392334 49.99
    endloop
  endfacet
  facet normal -0.8191520442889906 -0.5735764363510478 0
    outer loop
      vertex 31.745333323392334 30.820907072649042 1.49
      vertex 32.49519052838329 29.75 49.99
      vertex 31.745333323392334 30.820907072649042 49.99
    endloop
  endfacet
  facet normal -0.08715574274765678 -0.9961946980917457 0
    outer loop
      vertex 26 33.5 1.49
      vertex 27.302361332501977 33.38605814759156 49.99
      vertex 26 33.5 49.99
    endloop
  endfacet
  facet normal -0.08715574274765678 0.9961946980917457 0
    outer loop
      vertex 27.302361332501977 35.61394185240844 1.49
      vertex 26 35.5 49.99
      vertex 27.302361332501977 35.61394185240844 49.99
    endloop
  endfacet
  facet normal -0.2588190451025231 -0.9659258262890678 0
    outer loop
      vertex 27.302361332501977 33.38605814759156 1.49
      vertex 28.565151074942516 33.04769465589431 49.99
      vertex 27.302361332501977 33.38605814759156 49.99
    endloop
  endfacet
  facet normal -0.42261826174069855 -0.9063077870366504 0
    outer loop
      vertex 28.565151074942516 33.04769465589431 1.49
      vertex 29.75 32.49519052838329 49.99
      vertex 28.565151074942516 33.04769465589431 49.99
    endloop
  endfacet
  facet normal -0.2588190451025231 0.9659258262890678 0
    outer loop
      vertex 28.565151074942516 35.95230534410569 1.49
      vertex 27.302361332501977 35.61394185240844 49.99
      vertex 28.565151074942516 35.95230534410569 49.99
    endloop
  endfacet
  facet normal -0.42261826174069855 0.9063077870366504 0
    outer loop
      vertex 29.75 36.50480947161671 1.49
      vertex 28.565151074942516 35.95230534410569 49.99
      vertex 29.75 36.50480947161671 49.99
    endloop
  endfacet
  facet normal -0.573576436351046 0.8191520442889919 0
    outer loop
      vertex 30.820907072649042 37.25466667660766 1.49
      vertex 29.75 36.50480947161671 49.99
      vertex 30.820907072649042 37.25466667660766 49.99
    endloop
  endfacet
  facet normal -0.7071067811865488 0.7071067811865461 0
    outer loop
      vertex 31.745333323392334 38.17909292735096 1.49
      vertex 30.820907072649042 37.25466667660766 49.99
      vertex 31.745333323392334 38.17909292735096 49.99
    endloop
  endfacet
  facet normal -0.8191520442889906 0.5735764363510478 0
    outer loop
      vertex 32.49519052838329 39.25 1.49
      vertex 31.745333323392334 38.17909292735096 49.99
      vertex 32.49519052838329 39.25 49.99
    endloop
  endfacet
  facet normal -0.9063077870366504 0.42261826174069855 0
    outer loop
      vertex 33.04769465589431 23.434848925057484 1.49
      vertex 32.49519052838329 22.25 49.99
      vertex 33.04769465589431 23.434848925057484 49.99
    endloop
  endfacet
  facet normal -0.9659258262890678 0.2588190451025231 0
    outer loop
      vertex 33.38605814759156 24.697638667498023 1.49
      vertex 33.04769465589431 23.434848925057484 49.99
      vertex 33.38605814759156 24.697638667498023 49.99
    endloop
  endfacet
  facet normal -0.9961946980917457 0.08715574274765678 0
    outer loop
      vertex 33.5 26 1.49
      vertex 33.38605814759156 24.697638667498023 49.99
      vertex 33.5 26 49.99
    endloop
  endfacet
  facet normal -0.9961946980917457 -0.08715574274765678 0
    outer loop
      vertex 33.38605814759156 27.302361332501977 1.49
      vertex 33.5 26 49.99
      vertex 33.38605814759156 27.302361332501977 49.99
    endloop
  endfacet
  facet normal 0.9961946980917457 0.08715574274765678 0
    outer loop
      vertex 35.61394185240844 24.697638667498023 1.49
      vertex 35.5 26 49.99
      vertex 35.61394185240844 24.697638667498023 49.99
    endloop
  endfacet
  facet normal 0.9961946980917457 -0.08715574274765678 0
    outer loop
      vertex 35.5 26 1.49
      vertex 35.61394185240844 27.302361332501977 49.99
      vertex 35.5 26 49.99
    endloop
  endfacet
  facet normal -0.9659258262890678 -0.2588190451025231 0
    outer loop
      vertex 33.04769465589431 28.565151074942516 1.49
      vertex 33.38605814759156 27.302361332501977 49.99
      vertex 33.04769465589431 28.565151074942516 49.99
    endloop
  endfacet
  facet normal -0.9063077870366504 -0.42261826174069855 0
    outer loop
      vertex 32.49519052838329 29.75 1.49
      vertex 33.04769465589431 28.565151074942516 49.99
      vertex 32.49519052838329 29.75 49.99
    endloop
  endfacet
  facet normal 0.9659258262890678 -0.2588190451025231 0
    outer loop
      vertex 35.61394185240844 27.302361332501977 1.49
      vertex 35.95230534410569 28.565151074942516 49.99
      vertex 35.61394185240844 27.302361332501977 49.99
    endloop
  endfacet
  facet normal 0.9063077870366504 0.42261826174069855 0
    outer loop
      vertex 36.50480947161671 22.25 1.49
      vertex 35.95230534410569 23.434848925057484 49.99
      vertex 36.50480947161671 22.25 49.99
    endloop
  endfacet
  facet normal 0.9659258262890678 0.2588190451025231 0
    outer loop
      vertex 35.95230534410569 23.434848925057484 1.49
      vertex 35.61394185240844 24.697638667498023 49.99
      vertex 35.95230534410569 23.434848925057484 49.99
    endloop
  endfacet
  facet normal 0.8191520442889919 0.573576436351046 0
    outer loop
      vertex 37.25466667660766 21.179092927350958 1.49
      vertex 36.50480947161671 22.25 49.99
      vertex 37.25466667660766 21.179092927350958 49.99
    endloop
  endfacet
  facet normal 0.9063077870366504 -0.42261826174069855 0
    outer loop
      vertex 35.95230534410569 28.565151074942516 1.49
      vertex 36.50480947161671 29.75 49.99
      vertex 35.95230534410569 28.565151074942516 49.99
    endloop
  endfacet
  facet normal 0.8191520442889919 -0.573576436351046 0
    outer loop
      vertex 36.50480947161671 29.75 1.49
      vertex 37.25466667660766 30.820907072649042 49.99
      vertex 36.50480947161671 29.75 49.99
    endloop
  endfacet
  facet normal 0.7071067811865461 -0.7071067811865488 0
    outer loop
      vertex 37.25466667660766 30.820907072649042 1.49
      vertex 38.17909292735096 31.745333323392334 49.99
      vertex 37.25466667660766 30.820907072649042 49.99
    endloop
  endfacet
  facet normal 0.5735764363510478 -0.8191520442889906 0
    outer loop
      vertex 38.17909292735096 31.745333323392334 1.49
      vertex 39.25 32.49519052838329 49.99
      vertex 38.17909292735096 31.745333323392334 49.99
    endloop
  endfacet
  facet normal -0.9063077870366508 0.4226182617406975 0
    outer loop
      vertex 33.04769465589431 40.43484892505749 1.49
      vertex 32.49519052838329 39.25 49.99
      vertex 33.04769465589431 40.43484892505749 49.99
    endloop
  endfacet
  facet normal -0.9659258262890678 0.2588190451025231 0
    outer loop
      vertex 33.38605814759156 41.697638667498026 1.49
      vertex 33.04769465589431 40.43484892505749 49.99
      vertex 33.38605814759156 41.697638667498026 49.99
    endloop
  endfacet
  facet normal -0.9961946980917455 0.087155742747657 1.215555676047937e-20
    outer loop
      vertex 33.38605814759156 41.697638667498026 49.99
      vertex 33.5 43 49.99
      vertex 33.5 43 1.49
    endloop
  endfacet
  facet normal 0.9961946980917455 0.087155742747657 0
    outer loop
      vertex 35.61394185240844 41.697638667498026 1.49
      vertex 35.5 43 49.99
      vertex 35.61394185240844 41.697638667498026 49.99
    endloop
  endfacet
  facet normal 0.7071067811865476 0.7071067811865476 0
    outer loop
      vertex 38.17909292735096 37.25466667660766 1.49
      vertex 37.25466667660766 38.17909292735096 49.99
      vertex 38.17909292735096 37.25466667660766 49.99
    endloop
  endfacet
  facet normal 0.573576436351046 0.8191520442889919 0
    outer loop
      vertex 39.25 36.50480947161671 1.49
      vertex 38.17909292735096 37.25466667660766 49.99
      vertex 39.25 36.50480947161671 49.99
    endloop
  endfacet
  facet normal 0.9063077870366508 0.4226182617406975 0
    outer loop
      vertex 36.50480947161671 39.25 1.49
      vertex 35.95230534410569 40.43484892505749 49.99
      vertex 36.50480947161671 39.25 49.99
    endloop
  endfacet
  facet normal 0.8191520442889919 0.573576436351046 0
    outer loop
      vertex 37.25466667660766 38.17909292735096 1.49
      vertex 36.50480947161671 39.25 49.99
      vertex 37.25466667660766 38.17909292735096 49.99
    endloop
  endfacet
  facet normal 0.9659258262890678 0.2588190451025231 0
    outer loop
      vertex 35.95230534410569 40.43484892505749 1.49
      vertex 35.61394185240844 41.697638667498026 49.99
      vertex 35.95230534410569 40.43484892505749 49.99
    endloop
  endfacet
  facet normal -0.5817709499070022 0.40736040463630824 0.7039886807178419
    outer loop
      vertex 31.745333323392334 21.179092927350958 49.99
      vertex 31.752955656159685 21.17269703073716 50
      vertex 32.49519052838329 22.25 49.99
    endloop
  endfacet
  facet normal -0.5817709499070319 0.4073604046363284 0.703988680717806
    outer loop
      vertex 32.49519052838329 22.25 49.99
      vertex 31.752955656159685 21.17269703073716 50
      vertex 32.50380769658015 22.24502487562189 50
    endloop
  endfacet
  facet normal -0.40736040463630824 -0.5817709499070022 0.7039886807178419
    outer loop
      vertex 30.820907072649042 31.745333323392334 49.99
      vertex 30.82730296926284 31.752955656159685 50
      vertex 29.75 32.49519052838329 49.99
    endloop
  endfacet
  facet normal -0.5021951500269312 -0.5021951500269313 0.7039886807178479
    outer loop
      vertex 30.820907072649042 31.745333323392334 49.99
      vertex 31.752955656159685 30.82730296926284 50
      vertex 30.82730296926284 31.752955656159685 50
    endloop
  endfacet
  facet normal -0.5021951500269316 -0.5021951500269316 0.7039886807178474
    outer loop
      vertex 30.820907072649042 31.745333323392334 49.99
      vertex 31.745333323392334 30.820907072649042 49.99
      vertex 31.752955656159685 30.82730296926284 50
    endloop
  endfacet
  facet normal -0.5817709499070025 -0.4073604046363078 0.7039886807178418
    outer loop
      vertex 31.745333323392334 30.820907072649042 49.99
      vertex 32.50380769658015 29.75497512437811 50
      vertex 31.752955656159685 30.82730296926284 50
    endloop
  endfacet
  facet normal -0.5817709499070318 -0.407360404636329 0.7039886807178053
    outer loop
      vertex 31.745333323392334 30.820907072649042 49.99
      vertex 32.49519052838329 29.75 49.99
      vertex 32.50380769658015 29.75497512437811 50
    endloop
  endfacet
  facet normal 0 0 1
    outer loop
      vertex 29.75497512437811 36.49619230341985 50
      vertex 32.50380769658015 29.75497512437811 50
      vertex 33.05704483122551 28.568554260448245 50
    endloop
  endfacet
  facet normal -0.06189898395744328 -0.7075086241213506 0.7039886807179144
    outer loop
      vertex 26 33.5 49.99
      vertex 27.304089175065826 33.39585722971108 50
      vertex 26 33.50995024875622 50
    endloop
  endfacet
  facet normal 0 0 1
    outer loop
      vertex 26 33.50995024875622 50
      vertex 27.304089175065826 33.39585722971108 50
      vertex 26 35.49004975124378 50
    endloop
  endfacet
  facet normal -0.06189898395745262 -0.7075086241214803 0.7039886807177833
    outer loop
      vertex 26 33.5 49.99
      vertex 27.302361332501977 33.38605814759156 49.99
      vertex 27.304089175065826 33.39585722971108 50
    endloop
  endfacet
  facet normal 0 0 1
    outer loop
      vertex 27.304089175065826 33.39585722971108 50
      vertex 27.304089175065826 35.60414277028892 50
      vertex 26 35.49004975124378 50
    endloop
  endfacet
  facet normal -0.061898983957441284 0.7075086241213506 0.7039886807179144
    outer loop
      vertex 26 35.5 49.99
      vertex 26 35.49004975124378 50
      vertex 27.302361332501977 35.61394185240844 49.99
    endloop
  endfacet
  facet normal -0.061898983957454606 0.7075086241214801 0.7039886807177833
    outer loop
      vertex 27.302361332501977 35.61394185240844 49.99
      vertex 26 35.49004975124378 50
      vertex 27.304089175065826 35.60414277028892 50
    endloop
  endfacet
  facet normal -0.18381618256721338 -0.6860113325941914 0.7039886807177785
    outer loop
      vertex 27.302361332501977 33.38605814759156 49.99
      vertex 28.568554260448245 33.05704483122551 50
      vertex 27.304089175065826 33.39585722971108 50
    endloop
  endfacet
  facet normal -0.1838161825672086 -0.6860113325941725 0.7039886807177983
    outer loop
      vertex 27.302361332501977 33.38605814759156 49.99
      vertex 28.565151074942516 33.04769465589431 49.99
      vertex 28.568554260448245 33.05704483122551 50
    endloop
  endfacet
  facet normal 0 0 1
    outer loop
      vertex 27.304089175065826 33.39585722971108 50
      vertex 28.568554260448245 33.05704483122551 50
      vertex 27.304089175065826 35.60414277028892 50
    endloop
  endfacet
  facet normal 0 0 1
    outer loop
      vertex 28.568554260448245 33.05704483122551 50
      vertex 28.568554260448245 35.94295516877449 50
      vertex 27.304089175065826 35.60414277028892 50
    endloop
  endfacet
  facet normal -0.3001482194851287 -0.6436699338644817 0.7039886807178088
    outer loop
      vertex 28.565151074942516 33.04769465589431 49.99
      vertex 29.75497512437811 32.50380769658015 50
      vertex 28.568554260448245 33.05704483122551 50
    endloop
  endfacet
  facet normal -0.18381618256721366 0.6860113325941913 0.7039886807177785
    outer loop
      vertex 27.302361332501977 35.61394185240844 49.99
      vertex 27.304089175065826 35.60414277028892 50
      vertex 28.565151074942516 35.95230534410569 49.99
    endloop
  endfacet
  facet normal -0.1838161825672083 0.6860113325941725 0.7039886807177985
    outer loop
      vertex 28.565151074942516 35.95230534410569 49.99
      vertex 27.304089175065826 35.60414277028892 50
      vertex 28.568554260448245 35.94295516877449 50
    endloop
  endfacet
  facet normal 0 0 1
    outer loop
      vertex 29.75497512437811 36.49619230341985 50
      vertex 28.568554260448245 35.94295516877449 50
      vertex 28.568554260448245 33.05704483122551 50
    endloop
  endfacet
  facet normal -0.3001482194851287 0.6436699338644817 0.7039886807178088
    outer loop
      vertex 28.565151074942516 35.95230534410569 49.99
      vertex 28.568554260448245 35.94295516877449 50
      vertex 29.75497512437811 36.49619230341985 50
    endloop
  endfacet
  facet normal -0.3001482194851339 -0.6436699338644934 0.7039886807177957
    outer loop
      vertex 28.565151074942516 33.04769465589431 49.99
      vertex 29.75 32.49519052838329 49.99
      vertex 29.75497512437811 32.50380769658015 50
    endloop
  endfacet
  facet normal 0 0 1
    outer loop
      vertex 29.75497512437811 36.49619230341985 50
      vertex 28.568554260448245 33.05704483122551 50
      vertex 29.75497512437811 32.50380769658015 50
    endloop
  endfacet
  facet normal -0.40736040463632833 -0.5817709499070318 0.7039886807178058
    outer loop
      vertex 29.75 32.49519052838329 49.99
      vertex 30.82730296926284 31.752955656159685 50
      vertex 29.75497512437811 32.50380769658015 50
    endloop
  endfacet
  facet normal 0 0 1
    outer loop
      vertex 29.75497512437811 36.49619230341985 50
      vertex 29.75497512437811 32.50380769658015 50
      vertex 30.82730296926284 31.752955656159685 50
    endloop
  endfacet
  facet normal 0 0 1
    outer loop
      vertex 29.75497512437811 36.49619230341985 50
      vertex 30.82730296926284 31.752955656159685 50
      vertex 31.752955656159685 30.82730296926284 50
    endloop
  endfacet
  facet normal -0.3001482194851341 0.6436699338644938 0.7039886807177953
    outer loop
      vertex 28.565151074942516 35.95230534410569 49.99
      vertex 29.75497512437811 36.49619230341985 50
      vertex 29.75 36.50480947161671 49.99
    endloop
  endfacet
  facet normal -0.40736040463632744 0.5817709499070324 0.7039886807178058
    outer loop
      vertex 29.75 36.50480947161671 49.99
      vertex 29.75497512437811 36.49619230341985 50
      vertex 30.820907072649042 37.25466667660766 49.99
    endloop
  endfacet
  facet normal -0.40736040463624607 0.5817709499069198 0.7039886807179458
    outer loop
      vertex 30.820907072649042 37.25466667660766 49.99
      vertex 29.75497512437811 36.49619230341985 50
      vertex 30.82730296926284 37.24704434384031 50
    endloop
  endfacet
  facet normal 0 0 1
    outer loop
      vertex 29.75497512437811 36.49619230341985 50
      vertex 31.752955656159685 30.82730296926284 50
      vertex 32.50380769658015 29.75497512437811 50
    endloop
  endfacet
  facet normal -0.5021951500268692 0.5021951500268673 0.7039886807179379
    outer loop
      vertex 30.820907072649042 37.25466667660766 49.99
      vertex 30.82730296926284 37.24704434384031 50
      vertex 31.745333323392334 38.17909292735096 49.99
    endloop
  endfacet
  facet normal -0.502195150026933 0.5021951500269292 0.703988680717848
    outer loop
      vertex 31.745333323392334 38.17909292735096 49.99
      vertex 30.82730296926284 37.24704434384031 50
      vertex 31.752955656159685 38.17269703073716 50
    endloop
  endfacet
  facet normal -0.5817709499070022 0.40736040463630824 0.7039886807178419
    outer loop
      vertex 31.745333323392334 38.17909292735096 49.99
      vertex 31.752955656159685 38.17269703073716 50
      vertex 32.49519052838329 39.25 49.99
    endloop
  endfacet
  facet normal -0.5817709499070917 0.40736040463636886 0.7039886807177328
    outer loop
      vertex 32.49519052838329 39.25 49.99
      vertex 31.752955656159685 38.17269703073716 50
      vertex 32.50380769658015 39.245024875621894 50
    endloop
  endfacet
  facet normal -0.6436699338644948 0.30014821948513454 0.7039886807177943
    outer loop
      vertex 32.49519052838329 22.25 49.99
      vertex 32.50380769658015 22.24502487562189 50
      vertex 33.04769465589431 23.434848925057484 49.99
    endloop
  endfacet
  facet normal -0.6436699338644817 0.3001482194851287 0.7039886807178088
    outer loop
      vertex 33.04769465589431 23.434848925057484 49.99
      vertex 32.50380769658015 22.24502487562189 50
      vertex 33.05704483122551 23.431445739551755 50
    endloop
  endfacet
  facet normal -0.6860113325941724 0.18381618256720855 0.7039886807177984
    outer loop
      vertex 33.04769465589431 23.434848925057484 49.99
      vertex 33.05704483122551 23.431445739551755 50
      vertex 33.38605814759156 24.697638667498023 49.99
    endloop
  endfacet
  facet normal 0 0 1
    outer loop
      vertex 31.752955656159685 21.17269703073716 50
      vertex 36.49619230341985 22.24502487562189 50
      vertex 32.50380769658015 22.24502487562189 50
    endloop
  endfacet
  facet normal 0 0 1
    outer loop
      vertex 32.50380769658015 22.24502487562189 50
      vertex 35.94295516877449 23.431445739551755 50
      vertex 33.05704483122551 23.431445739551755 50
    endloop
  endfacet
  facet normal -0.6860113325941914 0.18381618256721338 0.7039886807177785
    outer loop
      vertex 33.38605814759156 24.697638667498023 49.99
      vertex 33.05704483122551 23.431445739551755 50
      vertex 33.39585722971108 24.695910824934174 50
    endloop
  endfacet
  facet normal -0.7075086241214804 0.06189898395745263 0.7039886807177832
    outer loop
      vertex 33.38605814759156 24.697638667498023 49.99
      vertex 33.39585722971108 24.695910824934174 50
      vertex 33.5 26 49.99
    endloop
  endfacet
  facet normal 0 0 1
    outer loop
      vertex 33.05704483122551 23.431445739551755 50
      vertex 35.60414277028892 24.695910824934174 50
      vertex 33.39585722971108 24.695910824934174 50
    endloop
  endfacet
  facet normal -0.7075086241213506 0.06189898395744328 0.7039886807179144
    outer loop
      vertex 33.5 26 49.99
      vertex 33.39585722971108 24.695910824934174 50
      vertex 33.50995024875622 26 50
    endloop
  endfacet
  facet normal -0.7075086241213506 -0.061898983957441284 0.7039886807179144
    outer loop
      vertex 33.5 26 49.99
      vertex 33.50995024875622 26 50
      vertex 33.38605814759156 27.302361332501977 49.99
    endloop
  endfacet
  facet normal -0.7075086241214801 -0.06189898395745459 0.7039886807177833
    outer loop
      vertex 33.38605814759156 27.302361332501977 49.99
      vertex 33.50995024875622 26 50
      vertex 33.39585722971108 27.304089175065826 50
    endloop
  endfacet
  facet normal 0 0 1
    outer loop
      vertex 33.05704483122551 23.431445739551755 50
      vertex 35.94295516877449 23.431445739551755 50
      vertex 35.60414277028892 24.695910824934174 50
    endloop
  endfacet
  facet normal 0 0 1
    outer loop
      vertex 31.752955656159685 21.17269703073716 50
      vertex 37.24704434384031 21.17269703073716 50
      vertex 36.49619230341985 22.24502487562189 50
    endloop
  endfacet
  facet normal 0 0 1
    outer loop
      vertex 36.49619230341985 22.24502487562189 50
      vertex 35.94295516877449 23.431445739551755 50
      vertex 32.50380769658015 22.24502487562189 50
    endloop
  endfacet
  facet normal 0 0 1
    outer loop
      vertex 33.39585722971108 24.695910824934174 50
      vertex 35.60414277028892 24.695910824934174 50
      vertex 35.49004975124378 26 50
    endloop
  endfacet
  facet normal 0 0 1
    outer loop
      vertex 35.49004975124378 26 50
      vertex 33.50995024875622 26 50
      vertex 33.39585722971108 24.695910824934174 50
    endloop
  endfacet
  facet normal 0 0 1
    outer loop
      vertex 35.49004975124378 26 50
      vertex 33.39585722971108 27.304089175065826 50
      vertex 33.50995024875622 26 50
    endloop
  endfacet
  facet normal 0.6860113325941913 0.18381618256721366 0.7039886807177785
    outer loop
      vertex 35.61394185240844 24.697638667498023 49.99
      vertex 35.60414277028892 24.695910824934174 50
      vertex 35.95230534410569 23.434848925057484 49.99
    endloop
  endfacet
  facet normal 0.7075086241214801 0.06189898395745459 0.7039886807177833
    outer loop
      vertex 35.61394185240844 24.697638667498023 49.99
      vertex 35.49004975124378 26 50
      vertex 35.60414277028892 24.695910824934174 50
    endloop
  endfacet
  facet normal 0.7075086241213505 0.06189898395744127 0.7039886807179146
    outer loop
      vertex 35.61394185240844 24.697638667498023 49.99
      vertex 35.5 26 49.99
      vertex 35.49004975124378 26 50
    endloop
  endfacet
  facet normal 0.7075086241213506 -0.06189898395744328 0.7039886807179144
    outer loop
      vertex 35.5 26 49.99
      vertex 35.60414277028892 27.304089175065826 50
      vertex 35.49004975124378 26 50
    endloop
  endfacet
  facet normal 0.7075086241214802 -0.06189898395745261 0.7039886807177834
    outer loop
      vertex 35.5 26 49.99
      vertex 35.61394185240844 27.302361332501977 49.99
      vertex 35.60414277028892 27.304089175065826 50
    endloop
  endfacet
  facet normal -0.6860113325941913 -0.18381618256721366 0.7039886807177785
    outer loop
      vertex 33.38605814759156 27.302361332501977 49.99
      vertex 33.39585722971108 27.304089175065826 50
      vertex 33.04769465589431 28.565151074942516 49.99
    endloop
  endfacet
  facet normal -0.6860113325941725 -0.1838161825672083 0.7039886807177985
    outer loop
      vertex 33.04769465589431 28.565151074942516 49.99
      vertex 33.39585722971108 27.304089175065826 50
      vertex 33.05704483122551 28.568554260448245 50
    endloop
  endfacet
  facet normal -0.6436699338644946 -0.30014821948513476 0.7039886807177943
    outer loop
      vertex 32.49519052838329 29.75 49.99
      vertex 33.05704483122551 28.568554260448245 50
      vertex 32.50380769658015 29.75497512437811 50
    endloop
  endfacet
  facet normal -0.643669933864483 -0.30014821948512904 0.7039886807178075
    outer loop
      vertex 32.49519052838329 29.75 49.99
      vertex 33.04769465589431 28.565151074942516 49.99
      vertex 33.05704483122551 28.568554260448245 50
    endloop
  endfacet
  facet normal 0 0 1
    outer loop
      vertex 35.49004975124378 26 50
      vertex 33.05704483122551 28.568554260448245 50
      vertex 33.39585722971108 27.304089175065826 50
    endloop
  endfacet
  facet normal 0 0 1
    outer loop
      vertex 29.75497512437811 36.49619230341985 50
      vertex 33.05704483122551 28.568554260448245 50
      vertex 35.49004975124378 26 50
    endloop
  endfacet
  facet normal 0 0 1
    outer loop
      vertex 29.75497512437811 36.49619230341985 50
      vertex 35.49004975124378 26 50
      vertex 35.60414277028892 27.304089175065826 50
    endloop
  endfacet
  facet normal 0 0 1
    outer loop
      vertex 29.75497512437811 36.49619230341985 50
      vertex 35.60414277028892 27.304089175065826 50
      vertex 35.94295516877449 28.568554260448245 50
    endloop
  endfacet
  facet normal 0 0 1
    outer loop
      vertex 29.75497512437811 36.49619230341985 50
      vertex 35.94295516877449 28.568554260448245 50
      vertex 36.49619230341985 29.75497512437811 50
    endloop
  endfacet
  facet normal 0.6860113325941914 -0.18381618256721338 0.7039886807177785
    outer loop
      vertex 35.61394185240844 27.302361332501977 49.99
      vertex 35.94295516877449 28.568554260448245 50
      vertex 35.60414277028892 27.304089175065826 50
    endloop
  endfacet
  facet normal 0.6436699338644946 0.30014821948513476 0.7039886807177943
    outer loop
      vertex 36.50480947161671 22.25 49.99
      vertex 35.94295516877449 23.431445739551755 50
      vertex 36.49619230341985 22.24502487562189 50
    endloop
  endfacet
  facet normal 0.643669933864483 0.30014821948512904 0.7039886807178075
    outer loop
      vertex 36.50480947161671 22.25 49.99
      vertex 35.95230534410569 23.434848925057484 49.99
      vertex 35.94295516877449 23.431445739551755 50
    endloop
  endfacet
  facet normal 0.6860113325941725 0.1838161825672083 0.7039886807177985
    outer loop
      vertex 35.95230534410569 23.434848925057484 49.99
      vertex 35.60414277028892 24.695910824934174 50
      vertex 35.94295516877449 23.431445739551755 50
    endloop
  endfacet
  facet normal 0.581770949907032 0.4073604046363272 0.7039886807178063
    outer loop
      vertex 37.25466667660766 21.179092927350958 49.99
      vertex 36.50480947161671 22.25 49.99
      vertex 36.49619230341985 22.24502487562189 50
    endloop
  endfacet
  facet normal 0.5817709499069198 0.40736040463624607 0.7039886807179458
    outer loop
      vertex 37.25466667660766 21.179092927350958 49.99
      vertex 36.49619230341985 22.24502487562189 50
      vertex 37.24704434384031 21.17269703073716 50
    endloop
  endfacet
  facet normal 0.6860113325941719 -0.1838161825672084 0.703988680717799
    outer loop
      vertex 35.61394185240844 27.302361332501977 49.99
      vertex 35.95230534410569 28.565151074942516 49.99
      vertex 35.94295516877449 28.568554260448245 50
    endloop
  endfacet
  facet normal 0.6436699338644817 -0.3001482194851287 0.7039886807178088
    outer loop
      vertex 35.95230534410569 28.565151074942516 49.99
      vertex 36.49619230341985 29.75497512437811 50
      vertex 35.94295516877449 28.568554260448245 50
    endloop
  endfacet
  facet normal 0.6436699338644938 -0.3001482194851341 0.7039886807177953
    outer loop
      vertex 35.95230534410569 28.565151074942516 49.99
      vertex 36.50480947161671 29.75 49.99
      vertex 36.49619230341985 29.75497512437811 50
    endloop
  endfacet
  facet normal 0.5817709499070335 -0.4073604046363256 0.703988680717806
    outer loop
      vertex 36.50480947161671 29.75 49.99
      vertex 37.24704434384031 30.82730296926284 50
      vertex 36.49619230341985 29.75497512437811 50
    endloop
  endfacet
  facet normal 0.5817709499069181 -0.4073604046362475 0.7039886807179465
    outer loop
      vertex 36.50480947161671 29.75 49.99
      vertex 37.25466667660766 30.820907072649042 49.99
      vertex 37.24704434384031 30.82730296926284 50
    endloop
  endfacet
  facet normal 0.5021951500268662 -0.5021951500268702 0.7039886807179377
    outer loop
      vertex 37.25466667660766 30.820907072649042 49.99
      vertex 38.17269703073716 31.752955656159685 50
      vertex 37.24704434384031 30.82730296926284 50
    endloop
  endfacet
  facet normal 0.502195150026931 -0.5021951500269329 0.7039886807178469
    outer loop
      vertex 37.25466667660766 30.820907072649042 49.99
      vertex 38.17909292735096 31.745333323392334 49.99
      vertex 38.17269703073716 31.752955656159685 50
    endloop
  endfacet
  facet normal 0.407360404636307 -0.5817709499070033 0.7039886807178419
    outer loop
      vertex 38.17909292735096 31.745333323392334 49.99
      vertex 39.245024875621894 32.50380769658015 50
      vertex 38.17269703073716 31.752955656159685 50
    endloop
  endfacet
  facet normal 0.4073604046363701 -0.5817709499070904 0.7039886807177332
    outer loop
      vertex 38.17909292735096 31.745333323392334 49.99
      vertex 39.25 32.49519052838329 49.99
      vertex 39.245024875621894 32.50380769658015 50
    endloop
  endfacet
  facet normal 0 0 1
    outer loop
      vertex 29.75497512437811 36.49619230341985 50
      vertex 37.24704434384031 30.82730296926284 50
      vertex 30.82730296926284 37.24704434384031 50
    endloop
  endfacet
  facet normal 0 0 1
    outer loop
      vertex 30.82730296926284 37.24704434384031 50
      vertex 38.17269703073716 31.752955656159685 50
      vertex 31.752955656159685 38.17269703073716 50
    endloop
  endfacet
  facet normal 0 0 1
    outer loop
      vertex 29.75497512437811 36.49619230341985 50
      vertex 36.49619230341985 29.75497512437811 50
      vertex 37.24704434384031 30.82730296926284 50
    endloop
  endfacet
  facet normal 0 0 1
    outer loop
      vertex 30.82730296926284 37.24704434384031 50
      vertex 37.24704434384031 30.82730296926284 50
      vertex 38.17269703073716 31.752955656159685 50
    endloop
  endfacet
  facet normal -0.6436699338645434 0.30014821948515635 0.7039886807177405
    outer loop
      vertex 32.49519052838329 39.25 49.99
      vertex 32.50380769658015 39.245024875621894 50
      vertex 33.04769465589431 40.43484892505749 49.99
    endloop
  endfacet
  facet normal -0.6436699338645302 0.30014821948515047 0.703988680717755
    outer loop
      vertex 33.04769465589431 40.43484892505749 49.99
      vertex 32.50380769658015 39.245024875621894 50
      vertex 33.05704483122551 40.43144573955176 50
    endloop
  endfacet
  facet normal 0 0 1
    outer loop
      vertex 31.752955656159685 38.17269703073716 50
      vertex 36.49619230341985 39.245024875621894 50
      vertex 32.50380769658015 39.245024875621894 50
    endloop
  endfacet
  facet normal 0 0 1
    outer loop
      vertex 33.05704483122551 40.43144573955176 50
      vertex 32.50380769658015 39.245024875621894 50
      vertex 35.94295516877449 40.43144573955176 50
    endloop
  endfacet
  facet normal -0.6860113325942039 0.18381618256721702 0.7039886807177654
    outer loop
      vertex 33.04769465589431 40.43484892505749 49.99
      vertex 33.05704483122551 40.43144573955176 50
      vertex 33.38605814759156 41.697638667498026 49.99
    endloop
  endfacet
  facet normal -0.6860113325941597 0.18381618256720592 0.7039886807178115
    outer loop
      vertex 33.38605814759156 41.697638667498026 49.99
      vertex 33.05704483122551 40.43144573955176 50
      vertex 33.39585722971108 41.695910824934174 50
    endloop
  endfacet
  facet normal 0 0 1
    outer loop
      vertex 33.39585722971108 41.695910824934174 50
      vertex 33.05704483122551 40.43144573955176 50
      vertex 35.60414277028892 41.695910824934174 50
    endloop
  endfacet
  facet normal -0.7075086241214694 0.06189898395745184 0.7039886807177943
    outer loop
      vertex 33.38605814759156 41.697638667498026 49.99
      vertex 33.39585722971108 41.695910824934174 50
      vertex 33.5 43 49.99
    endloop
  endfacet
  facet normal -0.7075086241213506 0.06189898395744328 0.7039886807179144
    outer loop
      vertex 33.5 43 49.99
      vertex 33.39585722971108 41.695910824934174 50
      vertex 33.50995024875622 43 50
    endloop
  endfacet
  facet normal 0 0 1
    outer loop
      vertex 31.752955656159685 38.17269703073716 50
      vertex 37.24704434384031 38.17269703073716 50
      vertex 36.49619230341985 39.245024875621894 50
    endloop
  endfacet
  facet normal 0 0 1
    outer loop
      vertex 31.752955656159685 38.17269703073716 50
      vertex 38.17269703073716 37.24704434384031 50
      vertex 37.24704434384031 38.17269703073716 50
    endloop
  endfacet
  facet normal 0 0 1
    outer loop
      vertex 32.50380769658015 39.245024875621894 50
      vertex 36.49619230341985 39.245024875621894 50
      vertex 35.94295516877449 40.43144573955176 50
    endloop
  endfacet
  facet normal 0 0 1
    outer loop
      vertex 33.05704483122551 40.43144573955176 50
      vertex 35.94295516877449 40.43144573955176 50
      vertex 35.60414277028892 41.695910824934174 50
    endloop
  endfacet
  facet normal 0 0 1
    outer loop
      vertex 33.50995024875622 43 50
      vertex 33.39585722971108 41.695910824934174 50
      vertex 35.49004975124378 43 50
    endloop
  endfacet
  facet normal 0 0 1
    outer loop
      vertex 33.39585722971108 41.695910824934174 50
      vertex 35.60414277028892 41.695910824934174 50
      vertex 35.49004975124378 43 50
    endloop
  endfacet
  facet normal 0.6860113325941599 0.18381618256720525 0.7039886807178116
    outer loop
      vertex 35.61394185240844 41.697638667498026 49.99
      vertex 35.60414277028892 41.695910824934174 50
      vertex 35.95230534410569 40.43484892505749 49.99
    endloop
  endfacet
  facet normal 0.7075086241214691 0.06189898395745363 0.7039886807177943
    outer loop
      vertex 35.61394185240844 41.697638667498026 49.99
      vertex 35.49004975124378 43 50
      vertex 35.60414277028892 41.695910824934174 50
    endloop
  endfacet
  facet normal 0.7075086241213505 0.06189898395744144 0.7039886807179145
    outer loop
      vertex 35.61394185240844 41.697638667498026 49.99
      vertex 35.5 43 49.99
      vertex 35.49004975124378 43 50
    endloop
  endfacet
  facet normal 0 0 1
    outer loop
      vertex 31.752955656159685 38.17269703073716 50
      vertex 38.17269703073716 31.752955656159685 50
      vertex 39.245024875621894 32.50380769658015 50
    endloop
  endfacet
  facet normal 0 0 1
    outer loop
      vertex 31.752955656159685 38.17269703073716 50
      vertex 39.245024875621894 32.50380769658015 50
      vertex 40.43144573955176 33.05704483122551 50
    endloop
  endfacet
  facet normal 0 0 1
    outer loop
      vertex 31.752955656159685 38.17269703073716 50
      vertex 40.43144573955176 33.05704483122551 50
      vertex 38.17269703073716 37.24704434384031 50
    endloop
  endfacet
  facet normal 0.5021951500268681 0.5021951500268682 0.7039886807179379
    outer loop
      vertex 38.17909292735096 37.25466667660766 49.99
      vertex 37.24704434384031 38.17269703073716 50
      vertex 38.17269703073716 37.24704434384031 50
    endloop
  endfacet
  facet normal 0.40736040463624773 0.5817709499069185 0.7039886807179461
    outer loop
      vertex 38.17909292735096 37.25466667660766 49.99
      vertex 38.17269703073716 37.24704434384031 50
      vertex 39.25 36.50480947161671 49.99
    endloop
  endfacet
  facet normal 0.40736040463636625 0.5817709499070934 0.7039886807177331
    outer loop
      vertex 39.25 36.50480947161671 49.99
      vertex 38.17269703073716 37.24704434384031 50
      vertex 39.245024875621894 36.49619230341985 50
    endloop
  endfacet
  facet normal 0.6436699338645314 0.3001482194851508 0.7039886807177538
    outer loop
      vertex 36.50480947161671 39.25 49.99
      vertex 35.95230534410569 40.43484892505749 49.99
      vertex 35.94295516877449 40.43144573955176 50
    endloop
  endfacet
  facet normal 0.6436699338645433 0.3001482194851566 0.7039886807177405
    outer loop
      vertex 36.50480947161671 39.25 49.99
      vertex 35.94295516877449 40.43144573955176 50
      vertex 36.49619230341985 39.245024875621894 50
    endloop
  endfacet
  facet normal 0.5817709499070916 0.4073604046363689 0.7039886807177328
    outer loop
      vertex 36.50480947161671 39.25 49.99
      vertex 36.49619230341985 39.245024875621894 50
      vertex 37.25466667660766 38.17909292735096 49.99
    endloop
  endfacet
  facet normal 0.5817709499069205 0.4073604046362451 0.7039886807179458
    outer loop
      vertex 37.25466667660766 38.17909292735096 49.99
      vertex 36.49619230341985 39.245024875621894 50
      vertex 37.24704434384031 38.17269703073716 50
    endloop
  endfacet
  facet normal 0.6860113325942038 0.1838161825672177 0.7039886807177657
    outer loop
      vertex 35.95230534410569 40.43484892505749 49.99
      vertex 35.60414277028892 41.695910824934174 50
      vertex 35.94295516877449 40.43144573955176 50
    endloop
  endfacet
  facet normal 0.5021951500268684 0.5021951500268684 0.7039886807179375
    outer loop
      vertex 38.17909292735096 37.25466667660766 49.99
      vertex 37.25466667660766 38.17909292735096 49.99
      vertex 37.24704434384031 38.17269703073716 50
    endloop
  endfacet
  facet normal 0.4226182617406992 0.9063077870366502 0
    outer loop
      vertex 40.43484892505749 1.952305344105687 1.49
      vertex 39.25 2.504809471616711 49.99
      vertex 40.43484892505749 1.952305344105687 49.99
    endloop
  endfacet
  facet normal 0.2588190451025206 0.9659258262890683 0
    outer loop
      vertex 41.697638667498026 1.6139418524084395 1.49
      vertex 40.43484892505749 1.952305344105687 49.99
      vertex 41.697638667498026 1.6139418524084395 49.99
    endloop
  endfacet
  facet normal 0.08715574274765835 0.9961946980917454 0
    outer loop
      vertex 43 1.5 1.49
      vertex 41.697638667498026 1.6139418524084395 49.99
      vertex 43 1.5 49.99
    endloop
  endfacet
  facet normal -0.08715574274765835 0.9961946980917454 0
    outer loop
      vertex 44.302361332501974 1.6139418524084395 1.49
      vertex 43 1.5 49.99
      vertex 44.302361332501974 1.6139418524084395 49.99
    endloop
  endfacet
  facet normal -0.2588190451025206 0.9659258262890683 0
    outer loop
      vertex 45.56515107494251 1.952305344105687 1.49
      vertex 44.302361332501974 1.6139418524084395 49.99
      vertex 45.56515107494251 1.952305344105687 49.99
    endloop
  endfacet
  facet normal 0.4226182617406975 -0.9063077870366508 0
    outer loop
      vertex 39.25 15.49519052838329 1.49
      vertex 40.43484892505749 16.04769465589431 49.99
      vertex 39.25 15.49519052838329 49.99
    endloop
  endfacet
  facet normal 0.4226182617406975 0.9063077870366508 0
    outer loop
      vertex 40.43484892505749 18.95230534410569 1.49
      vertex 39.25 19.50480947161671 49.99
      vertex 40.43484892505749 18.95230534410569 49.99
    endloop
  endfacet
  facet normal 0.2588190451025231 -0.9659258262890678 0
    outer loop
      vertex 40.43484892505749 16.04769465589431 1.49
      vertex 41.697638667498026 16.386058147591562 49.99
      vertex 40.43484892505749 16.04769465589431 49.99
    endloop
  endfacet
  facet normal 0.2588190451025231 0.9659258262890678 0
    outer loop
      vertex 41.697638667498026 18.613941852408438 1.49
      vertex 40.43484892505749 18.95230534410569 49.99
      vertex 41.697638667498026 18.613941852408438 49.99
    endloop
  endfacet
  facet normal 0.087155742747657 -0.9961946980917455 0
    outer loop
      vertex 41.697638667498026 16.386058147591562 1.49
      vertex 43 16.5 49.99
      vertex 41.697638667498026 16.386058147591562 49.99
    endloop
  endfacet
  facet normal 0.087155742747657 0.9961946980917455 0
    outer loop
      vertex 43 18.5 1.49
      vertex 41.697638667498026 18.613941852408438 49.99
      vertex 43 18.5 49.99
    endloop
  endfacet
  facet normal -0.087155742747657 -0.9961946980917455 0
    outer loop
      vertex 43 16.5 1.49
      vertex 44.302361332501974 16.386058147591562 49.99
      vertex 43 16.5 49.99
    endloop
  endfacet
  facet normal -0.087155742747657 0.9961946980917455 0
    outer loop
      vertex 44.302361332501974 18.613941852408438 1.49
      vertex 43 18.5 49.99
      vertex 44.302361332501974 18.613941852408438 49.99
    endloop
  endfacet
  facet normal -0.2588190451025231 -0.9659258262890678 0
    outer loop
      vertex 44.302361332501974 16.386058147591562 1.49
      vertex 45.56515107494251 16.04769465589431 49.99
      vertex 44.302361332501974 16.386058147591562 49.99
    endloop
  endfacet
  facet normal -0.2588190451025231 0.9659258262890678 0
    outer loop
      vertex 45.56515107494251 18.95230534410569 1.49
      vertex 44.302361332501974 18.613941852408438 49.99
      vertex 45.56515107494251 18.95230534410569 49.99
    endloop
  endfacet
  facet normal -0.4226182617406992 0.9063077870366502 0
    outer loop
      vertex 46.75 2.504809471616711 1.49
      vertex 45.56515107494251 1.952305344105687 49.99
      vertex 46.75 2.504809471616711 49.99
    endloop
  endfacet
  facet normal -0.5735764363510469 0.8191520442889912 0
    outer loop
      vertex 47.82090707264904 3.2546666766076653 1.49
      vertex 46.75 2.504809471616711 49.99
      vertex 47.82090707264904 3.2546666766076653 49.99
    endloop
  endfacet
  facet normal -0.7071067811865459 0.7071067811865492 0
    outer loop
      vertex 48.74533332339234 4.179092927350956 1.49
      vertex 47.82090707264904 3.2546666766076653 49.99
      vertex 48.74533332339234 4.179092927350956 49.99
    endloop
  endfacet
  facet normal 0.09801714032956084 -0.9951847266721968 0
    outer loop
      vertex 49.585270966048384 0.05764415879030871 0
      vertex 49.585270966048384 0.05764415879030871 50
      vertex 49 0 50
    endloop
  endfacet
  facet normal 0.29028467725446333 -0.9569403357322086 0
    outer loop
      vertex 50.14805029709527 0.22836140246614 0
      vertex 50.14805029709527 0.22836140246614 50
      vertex 49.585270966048384 0.05764415879030871 50
    endloop
  endfacet
  facet normal -0.8191520442889924 0.5735764363510454 0
    outer loop
      vertex 49.49519052838329 5.25 1.49
      vertex 48.74533332339234 4.179092927350956 49.99
      vertex 49.49519052838329 5.25 49.99
    endloop
  endfacet
  facet normal 0.47139673682599786 -0.8819212643483549 0
    outer loop
      vertex 50.666710699058804 0.5055911630923644 0
      vertex 50.666710699058804 0.5055911630923644 50
      vertex 50.14805029709527 0.22836140246614 50
    endloop
  endfacet
  facet normal 0.6343932841636403 -0.7730104533627411 0
    outer loop
      vertex 51.121320343559645 0.8786796564403572 0
      vertex 51.121320343559645 0.8786796564403572 50
      vertex 50.666710699058804 0.5055911630923644 50
    endloop
  endfacet
  facet normal 0.7730104533627375 -0.6343932841636448 0
    outer loop
      vertex 51.49440883690764 1.3332893009411935 0
      vertex 51.49440883690764 1.3332893009411935 50
      vertex 51.121320343559645 0.8786796564403572 50
    endloop
  endfacet
  facet normal 0.8819212643483583 -0.47139673682599165 0
    outer loop
      vertex 51.77163859753386 1.8519497029047307 0
      vertex 51.77163859753386 1.8519497029047307 50
      vertex 51.49440883690764 1.3332893009411935 50
    endloop
  endfacet
  facet normal 0.9569403357322088 -0.2902846772544627 0
    outer loop
      vertex 51.94235584120969 2.414729033951615 0
      vertex 51.94235584120969 2.414729033951615 50
      vertex 51.77163859753386 1.8519497029047307 50
    endloop
  endfacet
  facet normal 0.9951847266721966 -0.0980171403295637 0
    outer loop
      vertex 52 3 0
      vertex 52 3 50
      vertex 51.94235584120969 2.414729033951615 50
    endloop
  endfacet
  facet normal -0.9063077870366505 0.4226182617406983 0
    outer loop
      vertex 50.04769465589431 6.4348489250574845 1.49
      vertex 49.49519052838329 5.25 49.99
      vertex 50.04769465589431 6.4348489250574845 49.99
    endloop
  endfacet
  facet normal -0.9659258262890676 0.2588190451025233 0
    outer loop
      vertex 50.38605814759156 7.697638667498023 1.49
      vertex 50.04769465589431 6.4348489250574845 49.99
      vertex 50.38605814759156 7.697638667498023 49.99
    endloop
  endfacet
  facet normal -0.9961946980917457 0.08715574274765678 0
    outer loop
      vertex 50.5 9 1.49
      vertex 50.38605814759156 7.697638667498023 49.99
      vertex 50.5 9 49.99
    endloop
  endfacet
  facet normal -0.9961946980917457 -0.08715574274765678 0
    outer loop
      vertex 50.38605814759156 10.302361332501977 1.49
      vertex 50.5 9 49.99
      vertex 50.38605814759156 10.302361332501977 49.99
    endloop
  endfacet
  facet normal -0.4226182617406975 -0.9063077870366508 0
    outer loop
      vertex 45.56515107494251 16.04769465589431 1.49
      vertex 46.75 15.49519052838329 49.99
      vertex 45.56515107494251 16.04769465589431 49.99
    endloop
  endfacet
  facet normal -0.5735764363510478 -0.8191520442889906 0
    outer loop
      vertex 46.75 15.49519052838329 1.49
      vertex 47.82090707264904 14.745333323392334 49.99
      vertex 46.75 15.49519052838329 49.99
    endloop
  endfacet
  facet normal -0.7071067811865455 -0.7071067811865496 0
    outer loop
      vertex 47.82090707264904 14.745333323392334 1.49
      vertex 48.74533332339234 13.820907072649044 49.99
      vertex 47.82090707264904 14.745333323392334 49.99
    endloop
  endfacet
  facet normal -0.4226182617406975 0.9063077870366508 0
    outer loop
      vertex 46.75 19.50480947161671 1.49
      vertex 45.56515107494251 18.95230534410569 49.99
      vertex 46.75 19.50480947161671 49.99
    endloop
  endfacet
  facet normal -0.5735764363510478 0.8191520442889906 0
    outer loop
      vertex 47.82090707264904 20.254666676607666 1.49
      vertex 46.75 19.50480947161671 49.99
      vertex 47.82090707264904 20.254666676607666 49.99
    endloop
  endfacet
  facet normal -0.7071067811865461 0.7071067811865488 0
    outer loop
      vertex 48.74533332339234 21.179092927350958 1.49
      vertex 47.82090707264904 20.254666676607666 49.99
      vertex 48.74533332339234 21.179092927350958 49.99
    endloop
  endfacet
  facet normal -0.9659258262890678 -0.2588190451025231 0
    outer loop
      vertex 50.04769465589431 11.565151074942516 1.49
      vertex 50.38605814759156 10.302361332501977 49.99
      vertex 50.04769465589431 11.565151074942516 49.99
    endloop
  endfacet
  facet normal -0.9063077870366504 -0.42261826174069855 0
    outer loop
      vertex 49.49519052838329 12.75 1.49
      vertex 50.04769465589431 11.565151074942516 49.99
      vertex 49.49519052838329 12.75 49.99
    endloop
  endfacet
  facet normal -0.8191520442889924 -0.5735764363510454 0
    outer loop
      vertex 48.74533332339234 13.820907072649044 1.49
      vertex 49.49519052838329 12.75 49.99
      vertex 48.74533332339234 13.820907072649044 49.99
    endloop
  endfacet
  facet normal 0 0 1
    outer loop
      vertex 49 0 50
      vertex 41.695910824934174 1.604142770288917 50
      vertex 27.304089175065826 1.604142770288917 50
    endloop
  endfacet
  facet normal 0.3001482194851335 0.6436699338644911 0.703988680717798
    outer loop
      vertex 40.43484892505749 1.952305344105687 49.99
      vertex 39.25 2.504809471616711 49.99
      vertex 39.245024875621894 2.4961923034198525 50
    endloop
  endfacet
  facet normal 0.3001482194851305 0.6436699338644845 0.7039886807178055
    outer loop
      vertex 40.43484892505749 1.952305344105687 49.99
      vertex 39.245024875621894 2.4961923034198525 50
      vertex 40.43144573955176 1.9429551687744857 50
    endloop
  endfacet
  facet normal 0.18381618256720145 0.6860113325941529 0.7039886807178193
    outer loop
      vertex 40.43484892505749 1.952305344105687 49.99
      vertex 40.43144573955176 1.9429551687744857 50
      vertex 41.697638667498026 1.6139418524084395 49.99
    endloop
  endfacet
  facet normal 0.18381618256719218 0.686011332594116 0.7039886807178578
    outer loop
      vertex 41.697638667498026 1.6139418524084395 49.99
      vertex 40.43144573955176 1.9429551687744857 50
      vertex 41.695910824934174 1.604142770288917 50
    endloop
  endfacet
  facet normal 0.06189898395744869 0.7075086241214223 0.7039886807178418
    outer loop
      vertex 41.697638667498026 1.6139418524084395 49.99
      vertex 41.695910824934174 1.604142770288917 50
      vertex 43 1.5 49.99
    endloop
  endfacet
  facet normal 0.06189898395744916 0.7075086241214288 0.7039886807178352
    outer loop
      vertex 43 1.5 49.99
      vertex 41.695910824934174 1.604142770288917 50
      vertex 43 1.4900497512437831 50
    endloop
  endfacet
  facet normal -0.061898983957449256 0.7075086241214289 0.7039886807178352
    outer loop
      vertex 43 1.5 49.99
      vertex 43 1.4900497512437831 50
      vertex 44.302361332501974 1.6139418524084395 49.99
    endloop
  endfacet
  facet normal -0.06189898395744858 0.7075086241214223 0.7039886807178418
    outer loop
      vertex 44.302361332501974 1.6139418524084395 49.99
      vertex 43 1.4900497512437831 50
      vertex 44.304089175065826 1.604142770288917 50
    endloop
  endfacet
  facet normal 0 0 1
    outer loop
      vertex 49 0 50
      vertex 43 1.4900497512437831 50
      vertex 41.695910824934174 1.604142770288917 50
    endloop
  endfacet
  facet normal 0 0 1
    outer loop
      vertex 49 0 50
      vertex 44.304089175065826 1.604142770288917 50
      vertex 43 1.4900497512437831 50
    endloop
  endfacet
  facet normal -0.18381618256719157 0.6860113325941162 0.7039886807178577
    outer loop
      vertex 44.302361332501974 1.6139418524084395 49.99
      vertex 44.304089175065826 1.604142770288917 50
      vertex 45.56515107494251 1.952305344105687 49.99
    endloop
  endfacet
  facet normal -0.183816182567202 0.6860113325941528 0.7039886807178192
    outer loop
      vertex 45.56515107494251 1.952305344105687 49.99
      vertex 44.304089175065826 1.604142770288917 50
      vertex 45.56855426044824 1.9429551687744857 50
    endloop
  endfacet
  facet normal 0.30014821948513165 -0.6436699338644919 0.7039886807177981
    outer loop
      vertex 39.25 15.49519052838329 49.99
      vertex 40.43144573955176 16.05704483122551 50
      vertex 39.245024875621894 15.503807696580148 50
    endloop
  endfacet
  facet normal 0.3001482194851504 -0.6436699338645308 0.7039886807177547
    outer loop
      vertex 39.25 15.49519052838329 49.99
      vertex 40.43484892505749 16.04769465589431 49.99
      vertex 40.43144573955176 16.05704483122551 50
    endloop
  endfacet
  facet normal 0 0 1
    outer loop
      vertex 40.43144573955176 16.05704483122551 50
      vertex 39.245024875621894 19.49619230341985 50
      vertex 38.17269703073716 20.247044343840315 50
    endloop
  endfacet
  facet normal 0 0 1
    outer loop
      vertex 40.43144573955176 16.05704483122551 50
      vertex 40.43144573955176 18.94295516877449 50
      vertex 39.245024875621894 19.49619230341985 50
    endloop
  endfacet
  facet normal 0.30014821948510806 0.6436699338644398 0.7039886807178558
    outer loop
      vertex 39.25 19.50480947161671 49.99
      vertex 39.245024875621894 19.49619230341985 50
      vertex 40.43484892505749 18.95230534410569 49.99
    endloop
  endfacet
  facet normal 0.30014821948514886 0.6436699338645309 0.7039886807177551
    outer loop
      vertex 40.43484892505749 18.95230534410569 49.99
      vertex 39.245024875621894 19.49619230341985 50
      vertex 40.43144573955176 18.94295516877449 50
    endloop
  endfacet
  facet normal 0.1838161825672177 -0.6860113325942038 0.7039886807177657
    outer loop
      vertex 40.43484892505749 16.04769465589431 49.99
      vertex 41.695910824934174 16.395857229711083 50
      vertex 40.43144573955176 16.05704483122551 50
    endloop
  endfacet
  facet normal 0 0 1
    outer loop
      vertex 40.43144573955176 16.05704483122551 50
      vertex 41.695910824934174 16.395857229711083 50
      vertex 40.43144573955176 18.94295516877449 50
    endloop
  endfacet
  facet normal 0.18381618256720528 -0.6860113325941601 0.7039886807178112
    outer loop
      vertex 40.43484892505749 16.04769465589431 49.99
      vertex 41.697638667498026 16.386058147591562 49.99
      vertex 41.695910824934174 16.395857229711083 50
    endloop
  endfacet
  facet normal 0 0 1
    outer loop
      vertex 40.43144573955176 18.94295516877449 50
      vertex 41.695910824934174 16.395857229711083 50
      vertex 41.695910824934174 18.604142770288917 50
    endloop
  endfacet
  facet normal 0.18381618256720594 0.6860113325941598 0.7039886807178116
    outer loop
      vertex 41.697638667498026 18.613941852408438 49.99
      vertex 40.43144573955176 18.94295516877449 50
      vertex 41.695910824934174 18.604142770288917 50
    endloop
  endfacet
  facet normal 0.06189898395745175 -0.7075086241214694 0.7039886807177943
    outer loop
      vertex 41.697638667498026 16.386058147591562 49.99
      vertex 43 16.509950248756216 50
      vertex 41.695910824934174 16.395857229711083 50
    endloop
  endfacet
  facet normal 0 0 1
    outer loop
      vertex 41.695910824934174 16.395857229711083 50
      vertex 43 16.509950248756216 50
      vertex 41.695910824934174 18.604142770288917 50
    endloop
  endfacet
  facet normal 0.06189898395745184 0.7075086241214694 0.7039886807177943
    outer loop
      vertex 41.697638667498026 18.613941852408438 49.99
      vertex 41.695910824934174 18.604142770288917 50
      vertex 43 18.5 49.99
    endloop
  endfacet
  facet normal 0.18381618256721702 0.6860113325942039 0.7039886807177655
    outer loop
      vertex 40.43484892505749 18.95230534410569 49.99
      vertex 40.43144573955176 18.94295516877449 50
      vertex 41.697638667498026 18.613941852408438 49.99
    endloop
  endfacet
  facet normal 0.0618989839574524 -0.7075086241214757 0.7039886807177876
    outer loop
      vertex 41.697638667498026 16.386058147591562 49.99
      vertex 43 16.5 49.99
      vertex 43 16.509950248756216 50
    endloop
  endfacet
  facet normal 0 0 1
    outer loop
      vertex 41.695910824934174 18.604142770288917 50
      vertex 43 16.509950248756216 50
      vertex 43 18.490049751243784 50
    endloop
  endfacet
  facet normal 0.061898983957452317 0.707508624121476 0.7039886807177878
    outer loop
      vertex 43 18.5 49.99
      vertex 41.695910824934174 18.604142770288917 50
      vertex 43 18.490049751243784 50
    endloop
  endfacet
  facet normal -0.061898983957452317 -0.707508624121476 0.7039886807177878
    outer loop
      vertex 43 16.5 49.99
      vertex 44.304089175065826 16.395857229711083 50
      vertex 43 16.509950248756216 50
    endloop
  endfacet
  facet normal 0 0 1
    outer loop
      vertex 44.304089175065826 16.395857229711083 50
      vertex 43 18.490049751243784 50
      vertex 43 16.509950248756216 50
    endloop
  endfacet
  facet normal -0.061898983957451824 -0.7075086241214692 0.7039886807177944
    outer loop
      vertex 43 16.5 49.99
      vertex 44.302361332501974 16.386058147591562 49.99
      vertex 44.304089175065826 16.395857229711083 50
    endloop
  endfacet
  facet normal -0.0618989839574524 0.7075086241214757 0.7039886807177876
    outer loop
      vertex 43 18.5 49.99
      vertex 43 18.490049751243784 50
      vertex 44.302361332501974 18.613941852408438 49.99
    endloop
  endfacet
  facet normal 0 0 1
    outer loop
      vertex 44.304089175065826 16.395857229711083 50
      vertex 44.304089175065826 18.604142770288917 50
      vertex 43 18.490049751243784 50
    endloop
  endfacet
  facet normal -0.06189898395745175 0.7075086241214694 0.7039886807177943
    outer loop
      vertex 44.302361332501974 18.613941852408438 49.99
      vertex 43 18.490049751243784 50
      vertex 44.304089175065826 18.604142770288917 50
    endloop
  endfacet
  facet normal -0.18381618256720594 -0.6860113325941598 0.7039886807178116
    outer loop
      vertex 44.302361332501974 16.386058147591562 49.99
      vertex 45.56855426044824 16.05704483122551 50
      vertex 44.304089175065826 16.395857229711083 50
    endloop
  endfacet
  facet normal 0 0 1
    outer loop
      vertex 44.304089175065826 16.395857229711083 50
      vertex 45.56855426044824 16.05704483122551 50
      vertex 44.304089175065826 18.604142770288917 50
    endloop
  endfacet
  facet normal -0.18381618256721718 -0.6860113325942045 0.7039886807177649
    outer loop
      vertex 44.302361332501974 16.386058147591562 49.99
      vertex 45.56515107494251 16.04769465589431 49.99
      vertex 45.56855426044824 16.05704483122551 50
    endloop
  endfacet
  facet normal -0.18381618256720525 0.6860113325941599 0.7039886807178116
    outer loop
      vertex 44.302361332501974 18.613941852408438 49.99
      vertex 44.304089175065826 18.604142770288917 50
      vertex 45.56515107494251 18.95230534410569 49.99
    endloop
  endfacet
  facet normal 0 0 1
    outer loop
      vertex 44.304089175065826 18.604142770288917 50
      vertex 45.56855426044824 16.05704483122551 50
      vertex 45.56855426044824 18.94295516877449 50
    endloop
  endfacet
  facet normal -0.1838161825672177 0.6860113325942038 0.7039886807177657
    outer loop
      vertex 45.56515107494251 18.95230534410569 49.99
      vertex 44.304089175065826 18.604142770288917 50
      vertex 45.56855426044824 18.94295516877449 50
    endloop
  endfacet
  facet normal 0 0 1
    outer loop
      vertex 49 0 50
      vertex 45.56855426044824 1.9429551687744857 50
      vertex 44.304089175065826 1.604142770288917 50
    endloop
  endfacet
  facet normal -0.3001482194851303 0.6436699338644845 0.7039886807178055
    outer loop
      vertex 45.56515107494251 1.952305344105687 49.99
      vertex 45.56855426044824 1.9429551687744857 50
      vertex 46.75 2.504809471616711 49.99
    endloop
  endfacet
  facet normal -0.3001482194851335 0.6436699338644909 0.7039886807177982
    outer loop
      vertex 46.75 2.504809471616711 49.99
      vertex 45.56855426044824 1.9429551687744857 50
      vertex 46.754975124378106 2.4961923034198525 50
    endloop
  endfacet
  facet normal 0 0 1
    outer loop
      vertex 49 0 50
      vertex 46.754975124378106 2.4961923034198525 50
      vertex 45.56855426044824 1.9429551687744857 50
    endloop
  endfacet
  facet normal -0.40736040463634005 0.5817709499070489 0.703988680717785
    outer loop
      vertex 46.75 2.504809471616711 49.99
      vertex 46.754975124378106 2.4961923034198525 50
      vertex 47.82090707264904 3.2546666766076653 49.99
    endloop
  endfacet
  facet normal 0 0 1
    outer loop
      vertex 49 0 50
      vertex 47.82730296926284 3.247044343840314 50
      vertex 46.754975124378106 2.4961923034198525 50
    endloop
  endfacet
  facet normal 0 0 1
    outer loop
      vertex 49 0 50
      vertex 48.75295565615969 4.172697030737161 50
      vertex 47.82730296926284 3.247044343840314 50
    endloop
  endfacet
  facet normal -0.4073604046362994 0.5817709499069927 0.7039886807178549
    outer loop
      vertex 47.82090707264904 3.2546666766076653 49.99
      vertex 46.754975124378106 2.4961923034198525 50
      vertex 47.82730296926284 3.247044343840314 50
    endloop
  endfacet
  facet normal -0.502195150026922 0.5021951500269246 0.7039886807178594
    outer loop
      vertex 47.82090707264904 3.2546666766076653 49.99
      vertex 47.82730296926284 3.247044343840314 50
      vertex 48.74533332339234 4.179092927350956 49.99
    endloop
  endfacet
  facet normal -0.5021951500268822 0.5021951500268859 0.7039886807179153
    outer loop
      vertex 48.74533332339234 4.179092927350956 49.99
      vertex 47.82730296926284 3.247044343840314 50
      vertex 48.75295565615969 4.172697030737161 50
    endloop
  endfacet
  facet normal 0 0 1
    outer loop
      vertex 49 0 50
      vertex 49.585270966048384 0.05764415879030871 50
      vertex 48.75295565615969 4.172697030737161 50
    endloop
  endfacet
  facet normal 0 0 1
    outer loop
      vertex 49.585270966048384 0.05764415879030871 50
      vertex 50.14805029709527 0.22836140246614 50
      vertex 49.50380769658015 5.245024875621891 50
    endloop
  endfacet
  facet normal 0 0 1
    outer loop
      vertex 50.14805029709527 0.22836140246614 50
      vertex 50.666710699058804 0.5055911630923644 50
      vertex 50.05704483122551 6.431445739551758 50
    endloop
  endfacet
  facet normal 0 0 1
    outer loop
      vertex 49.585270966048384 0.05764415879030871 50
      vertex 49.50380769658015 5.245024875621891 50
      vertex 48.75295565615969 4.172697030737161 50
    endloop
  endfacet
  facet normal -0.5817709499069337 0.40736040463625767 0.7039886807179278
    outer loop
      vertex 48.74533332339234 4.179092927350956 49.99
      vertex 48.75295565615969 4.172697030737161 50
      vertex 49.49519052838329 5.25 49.99
    endloop
  endfacet
  facet normal -0.5817709499070486 0.4073604046363355 0.7039886807177878
    outer loop
      vertex 49.49519052838329 5.25 49.99
      vertex 48.75295565615969 4.172697030737161 50
      vertex 49.50380769658015 5.245024875621891 50
    endloop
  endfacet
  facet normal 0 0 1
    outer loop
      vertex 50.14805029709527 0.22836140246614 50
      vertex 50.05704483122551 6.431445739551758 50
      vertex 49.50380769658015 5.245024875621891 50
    endloop
  endfacet
  facet normal 0 0 1
    outer loop
      vertex 50.666710699058804 0.5055911630923644 50
      vertex 50.39585722971108 7.695910824934173 50
      vertex 50.05704483122551 6.431445739551758 50
    endloop
  endfacet
  facet normal -0.643669933864507 0.30014821948514003 0.7039886807177809
    outer loop
      vertex 49.49519052838329 5.25 49.99
      vertex 49.50380769658015 5.245024875621891 50
      vertex 50.04769465589431 6.4348489250574845 49.99
    endloop
  endfacet
  facet normal -0.6436699338645059 0.30014821948513953 0.7039886807177819
    outer loop
      vertex 50.04769465589431 6.4348489250574845 49.99
      vertex 49.50380769658015 5.245024875621891 50
      vertex 50.05704483122551 6.431445739551758 50
    endloop
  endfacet
  facet normal -0.6860113325941881 0.18381618256721294 0.7039886807177821
    outer loop
      vertex 50.04769465589431 6.4348489250574845 49.99
      vertex 50.05704483122551 6.431445739551758 50
      vertex 50.38605814759156 7.697638667498023 49.99
    endloop
  endfacet
  facet normal -0.6860113325941835 0.18381618256721174 0.7039886807177869
    outer loop
      vertex 50.38605814759156 7.697638667498023 49.99
      vertex 50.05704483122551 6.431445739551758 50
      vertex 50.39585722971108 7.695910824934173 50
    endloop
  endfacet
  facet normal -0.6860113325941756 -0.18381618256720944 0.7039886807177951
    outer loop
      vertex 50.38605814759156 10.302361332501977 49.99
      vertex 50.39585722971108 10.304089175065828 50
      vertex 50.04769465589431 11.565151074942516 49.99
    endloop
  endfacet
  facet normal 0 0 1
    outer loop
      vertex 50.666710699058804 0.5055911630923644 50
      vertex 50.50995024875622 9 50
      vertex 50.39585722971108 7.695910824934173 50
    endloop
  endfacet
  facet normal -0.7075086241214776 0.061898983957452386 0.7039886807177859
    outer loop
      vertex 50.38605814759156 7.697638667498023 49.99
      vertex 50.39585722971108 7.695910824934173 50
      vertex 50.5 9 49.99
    endloop
  endfacet
  facet normal -0.7075086241213506 0.061898983957443234 0.7039886807179143
    outer loop
      vertex 50.5 9 49.99
      vertex 50.39585722971108 7.695910824934173 50
      vertex 50.50995024875622 9 50
    endloop
  endfacet
  facet normal -0.7075086241213506 -0.061898983957441284 0.7039886807179144
    outer loop
      vertex 50.5 9 49.99
      vertex 50.50995024875622 9 50
      vertex 50.38605814759156 10.302361332501977 49.99
    endloop
  endfacet
  facet normal -0.7075086241214746 -0.06189898395745404 0.7039886807177889
    outer loop
      vertex 50.38605814759156 10.302361332501977 49.99
      vertex 50.50995024875622 9 50
      vertex 50.39585722971108 10.304089175065828 50
    endloop
  endfacet
  facet normal -0.3001482194851497 -0.6436699338645305 0.7039886807177551
    outer loop
      vertex 45.56515107494251 16.04769465589431 49.99
      vertex 46.754975124378106 15.503807696580148 50
      vertex 45.56855426044824 16.05704483122551 50
    endloop
  endfacet
  facet normal -0.3001482194851316 -0.6436699338644903 0.7039886807177997
    outer loop
      vertex 45.56515107494251 16.04769465589431 49.99
      vertex 46.75 15.49519052838329 49.99
      vertex 46.754975124378106 15.503807696580148 50
    endloop
  endfacet
  facet normal -0.40736040463633993 -0.581770949907049 0.703988680717785
    outer loop
      vertex 46.75 15.49519052838329 49.99
      vertex 47.82730296926284 14.752955656159685 50
      vertex 46.754975124378106 15.503807696580148 50
    endloop
  endfacet
  facet normal -0.4073604046363074 -0.581770949907001 0.7039886807178433
    outer loop
      vertex 46.75 15.49519052838329 49.99
      vertex 47.82090707264904 14.745333323392334 49.99
      vertex 47.82730296926284 14.752955656159685 50
    endloop
  endfacet
  facet normal -0.5021951500269292 -0.5021951500269332 0.703988680717848
    outer loop
      vertex 47.82090707264904 14.745333323392334 49.99
      vertex 48.75295565615969 13.827302969262838 50
      vertex 47.82730296926284 14.752955656159685 50
    endloop
  endfacet
  facet normal -0.5021951500268992 -0.5021951500269022 0.7039886807178917
    outer loop
      vertex 47.82090707264904 14.745333323392334 49.99
      vertex 48.74533332339234 13.820907072649044 49.99
      vertex 48.75295565615969 13.827302969262838 50
    endloop
  endfacet
  facet normal 0 0 1
    outer loop
      vertex 45.56855426044824 16.05704483122551 50
      vertex 46.754975124378106 15.503807696580148 50
      vertex 45.56855426044824 18.94295516877449 50
    endloop
  endfacet
  facet normal 0 0 1
    outer loop
      vertex 46.754975124378106 15.503807696580148 50
      vertex 47.82730296926284 14.752955656159685 50
      vertex 46.754975124378106 19.49619230341985 50
    endloop
  endfacet
  facet normal 0 0 1
    outer loop
      vertex 46.754975124378106 15.503807696580148 50
      vertex 46.754975124378106 19.49619230341985 50
      vertex 45.56855426044824 18.94295516877449 50
    endloop
  endfacet
  facet normal -0.30014821948515025 0.6436699338645303 0.7039886807177551
    outer loop
      vertex 45.56515107494251 18.95230534410569 49.99
      vertex 45.56855426044824 18.94295516877449 50
      vertex 46.75 19.50480947161671 49.99
    endloop
  endfacet
  facet normal -0.3001482194851067 0.6436699338644405 0.7039886807178558
    outer loop
      vertex 46.75 19.50480947161671 49.99
      vertex 45.56855426044824 18.94295516877449 50
      vertex 46.754975124378106 19.49619230341985 50
    endloop
  endfacet
  facet normal -0.407360404636311 0.5817709499070062 0.7039886807178372
    outer loop
      vertex 46.75 19.50480947161671 49.99
      vertex 46.754975124378106 19.49619230341985 50
      vertex 47.82090707264904 20.254666676607666 49.99
    endloop
  endfacet
  facet normal 0 0 1
    outer loop
      vertex 47.82730296926284 14.752955656159685 50
      vertex 47.82730296926284 20.247044343840315 50
      vertex 46.754975124378106 19.49619230341985 50
    endloop
  endfacet
  facet normal 0 0 1
    outer loop
      vertex 47.82730296926284 14.752955656159685 50
      vertex 48.75295565615969 13.827302969262838 50
      vertex 47.82730296926284 20.247044343840315 50
    endloop
  endfacet
  facet normal 0 0 1
    outer loop
      vertex 47.82730296926284 20.247044343840315 50
      vertex 48.75295565615969 13.827302969262838 50
      vertex 48.75295565615969 21.17269703073716 50
    endloop
  endfacet
  facet normal -0.40736040463630824 0.5817709499070023 0.7039886807178419
    outer loop
      vertex 47.82090707264904 20.254666676607666 49.99
      vertex 46.754975124378106 19.49619230341985 50
      vertex 47.82730296926284 20.247044343840315 50
    endloop
  endfacet
  facet normal -0.5021951500269303 0.5021951500269322 0.703988680717848
    outer loop
      vertex 47.82090707264904 20.254666676607666 49.99
      vertex 47.82730296926284 20.247044343840315 50
      vertex 48.74533332339234 21.179092927350958 49.99
    endloop
  endfacet
  facet normal -0.5021951500268662 0.5021951500268702 0.7039886807179377
    outer loop
      vertex 48.74533332339234 21.179092927350958 49.99
      vertex 47.82730296926284 20.247044343840315 50
      vertex 48.75295565615969 21.17269703073716 50
    endloop
  endfacet
  facet normal -0.5817709499070624 -0.4073604046363477 0.7039886807177693
    outer loop
      vertex 48.74533332339234 13.820907072649044 49.99
      vertex 49.49519052838329 12.75 49.99
      vertex 49.50380769658015 12.754975124378108 50
    endloop
  endfacet
  facet normal -0.6436699338645071 -0.3001482194851403 0.7039886807177805
    outer loop
      vertex 49.49519052838329 12.75 49.99
      vertex 50.04769465589431 11.565151074942516 49.99
      vertex 50.05704483122551 11.568554260448243 50
    endloop
  endfacet
  facet normal -0.6860113325941881 -0.183816182567213 0.703988680717782
    outer loop
      vertex 50.04769465589431 11.565151074942516 49.99
      vertex 50.39585722971108 10.304089175065828 50
      vertex 50.05704483122551 11.568554260448243 50
    endloop
  endfacet
  facet normal -0.6436699338645189 -0.30014821948514603 0.7039886807177674
    outer loop
      vertex 49.49519052838329 12.75 49.99
      vertex 50.05704483122551 11.568554260448243 50
      vertex 49.50380769658015 12.754975124378108 50
    endloop
  endfacet
  facet normal -0.5817709499069498 -0.4073604046362664 0.7039886807179094
    outer loop
      vertex 48.74533332339234 13.820907072649044 49.99
      vertex 49.50380769658015 12.754975124378108 50
      vertex 48.75295565615969 13.827302969262838 50
    endloop
  endfacet
  facet normal 0 0 1
    outer loop
      vertex 49.50380769658015 12.754975124378108 50
      vertex 48.75295565615969 21.17269703073716 50
      vertex 48.75295565615969 13.827302969262838 50
    endloop
  endfacet
  facet normal 0 0 1
    outer loop
      vertex 50.39585722971108 10.304089175065828 50
      vertex 49.50380769658015 22.24502487562189 50
      vertex 50.05704483122551 11.568554260448243 50
    endloop
  endfacet
  facet normal 0 0 1
    outer loop
      vertex 50.05704483122551 11.568554260448243 50
      vertex 49.50380769658015 22.24502487562189 50
      vertex 49.50380769658015 12.754975124378108 50
    endloop
  endfacet
  facet normal 0 0 1
    outer loop
      vertex 50.666710699058804 0.5055911630923644 50
      vertex 50.50995024875622 26 50
      vertex 50.50995024875622 9 50
    endloop
  endfacet
  facet normal 0 0 1
    outer loop
      vertex 50.50995024875622 9 50
      vertex 50.39585722971108 24.695910824934174 50
      vertex 50.39585722971108 10.304089175065828 50
    endloop
  endfacet
  facet normal 0 0 1
    outer loop
      vertex 49.50380769658015 12.754975124378108 50
      vertex 49.50380769658015 22.24502487562189 50
      vertex 48.75295565615969 21.17269703073716 50
    endloop
  endfacet
  facet normal 0 0 1
    outer loop
      vertex 50.39585722971108 10.304089175065828 50
      vertex 50.05704483122551 23.431445739551755 50
      vertex 49.50380769658015 22.24502487562189 50
    endloop
  endfacet
  facet normal 0 0 1
    outer loop
      vertex 50.39585722971108 10.304089175065828 50
      vertex 50.39585722971108 24.695910824934174 50
      vertex 50.05704483122551 23.431445739551755 50
    endloop
  endfacet
  facet normal 0 0 1
    outer loop
      vertex 50.50995024875622 9 50
      vertex 50.50995024875622 26 50
      vertex 50.39585722971108 24.695910824934174 50
    endloop
  endfacet
  facet normal 0.4226182617406975 -0.9063077870366508 0
    outer loop
      vertex 39.25 32.49519052838329 1.49
      vertex 40.43484892505749 33.04769465589431 49.99
      vertex 39.25 32.49519052838329 49.99
    endloop
  endfacet
  facet normal 0.4226182617406975 0.9063077870366508 0
    outer loop
      vertex 40.43484892505749 35.95230534410569 1.49
      vertex 39.25 36.50480947161671 49.99
      vertex 40.43484892505749 35.95230534410569 49.99
    endloop
  endfacet
  facet normal 0.2588190451025231 -0.9659258262890678 0
    outer loop
      vertex 40.43484892505749 33.04769465589431 1.49
      vertex 41.697638667498026 33.38605814759156 49.99
      vertex 40.43484892505749 33.04769465589431 49.99
    endloop
  endfacet
  facet normal 0.087155742747657 -0.9961946980917455 0
    outer loop
      vertex 41.697638667498026 33.38605814759156 1.49
      vertex 43 33.5 49.99
      vertex 41.697638667498026 33.38605814759156 49.99
    endloop
  endfacet
  facet normal 0.2588190451025231 0.9659258262890678 0
    outer loop
      vertex 41.697638667498026 35.61394185240844 1.49
      vertex 40.43484892505749 35.95230534410569 49.99
      vertex 41.697638667498026 35.61394185240844 49.99
    endloop
  endfacet
  facet normal -0.087155742747657 -0.9961946980917455 0
    outer loop
      vertex 43 33.5 1.49
      vertex 44.302361332501974 33.38605814759156 49.99
      vertex 43 33.5 49.99
    endloop
  endfacet
  facet normal 0.087155742747657 0.9961946980917455 0
    outer loop
      vertex 43 35.5 1.49
      vertex 41.697638667498026 35.61394185240844 49.99
      vertex 43 35.5 49.99
    endloop
  endfacet
  facet normal -0.087155742747657 0.9961946980917455 0
    outer loop
      vertex 44.302361332501974 35.61394185240844 1.49
      vertex 43 35.5 49.99
      vertex 44.302361332501974 35.61394185240844 49.99
    endloop
  endfacet
  facet normal -0.2588190451025231 -0.9659258262890678 0
    outer loop
      vertex 44.302361332501974 33.38605814759156 1.49
      vertex 45.56515107494251 33.04769465589431 49.99
      vertex 44.302361332501974 33.38605814759156 49.99
    endloop
  endfacet
  facet normal -0.2588190451025231 0.9659258262890678 0
    outer loop
      vertex 45.56515107494251 35.95230534410569 1.49
      vertex 44.302361332501974 35.61394185240844 49.99
      vertex 45.56515107494251 35.95230534410569 49.99
    endloop
  endfacet
  facet normal -0.5735764363510478 -0.8191520442889906 0
    outer loop
      vertex 46.75 32.49519052838329 1.49
      vertex 47.82090707264904 31.745333323392334 49.99
      vertex 46.75 32.49519052838329 49.99
    endloop
  endfacet
  facet normal -0.7071067811865461 -0.7071067811865488 0
    outer loop
      vertex 47.82090707264904 31.745333323392334 1.49
      vertex 48.74533332339234 30.820907072649042 49.99
      vertex 47.82090707264904 31.745333323392334 49.99
    endloop
  endfacet
  facet normal -0.8191520442889919 0.573576436351046 0
    outer loop
      vertex 49.49519052838329 22.25 1.49
      vertex 48.74533332339234 21.179092927350958 49.99
      vertex 49.49519052838329 22.25 49.99
    endloop
  endfacet
  facet normal -0.9063077870366504 0.42261826174069855 0
    outer loop
      vertex 50.04769465589431 23.434848925057484 1.49
      vertex 49.49519052838329 22.25 49.99
      vertex 50.04769465589431 23.434848925057484 49.99
    endloop
  endfacet
  facet normal -0.9659258262890678 0.2588190451025231 0
    outer loop
      vertex 50.38605814759156 24.697638667498023 1.49
      vertex 50.04769465589431 23.434848925057484 49.99
      vertex 50.38605814759156 24.697638667498023 49.99
    endloop
  endfacet
  facet normal -0.9961946980917457 0.08715574274765678 0
    outer loop
      vertex 50.5 26 1.49
      vertex 50.38605814759156 24.697638667498023 49.99
      vertex 50.5 26 49.99
    endloop
  endfacet
  facet normal -0.9961946980917457 -0.08715574274765678 0
    outer loop
      vertex 50.38605814759156 27.302361332501977 1.49
      vertex 50.5 26 49.99
      vertex 50.38605814759156 27.302361332501977 49.99
    endloop
  endfacet
  facet normal -0.9659258262890678 -0.2588190451025231 0
    outer loop
      vertex 50.04769465589431 28.565151074942516 1.49
      vertex 50.38605814759156 27.302361332501977 49.99
      vertex 50.04769465589431 28.565151074942516 49.99
    endloop
  endfacet
  facet normal -0.9063077870366504 -0.42261826174069855 0
    outer loop
      vertex 49.49519052838329 29.75 1.49
      vertex 50.04769465589431 28.565151074942516 49.99
      vertex 49.49519052838329 29.75 49.99
    endloop
  endfacet
  facet normal -0.8191520442889919 -0.573576436351046 0
    outer loop
      vertex 48.74533332339234 30.820907072649042 1.49
      vertex 49.49519052838329 29.75 49.99
      vertex 48.74533332339234 30.820907072649042 49.99
    endloop
  endfacet
  facet normal -0.4226182617406975 -0.9063077870366508 0
    outer loop
      vertex 45.56515107494251 33.04769465589431 1.49
      vertex 46.75 32.49519052838329 49.99
      vertex 45.56515107494251 33.04769465589431 49.99
    endloop
  endfacet
  facet normal -0.4226182617406975 0.9063077870366508 0
    outer loop
      vertex 46.75 36.50480947161671 1.49
      vertex 45.56515107494251 35.95230534410569 49.99
      vertex 46.75 36.50480947161671 49.99
    endloop
  endfacet
  facet normal -0.573576436351046 0.8191520442889919 0
    outer loop
      vertex 47.82090707264904 37.25466667660766 1.49
      vertex 46.75 36.50480947161671 49.99
      vertex 47.82090707264904 37.25466667660766 49.99
    endloop
  endfacet
  facet normal -0.7071067811865476 0.7071067811865476 0
    outer loop
      vertex 48.74533332339234 38.17909292735096 1.49
      vertex 47.82090707264904 37.25466667660766 49.99
      vertex 48.74533332339234 38.17909292735096 49.99
    endloop
  endfacet
  facet normal -0.8191520442889919 0.573576436351046 0
    outer loop
      vertex 49.49519052838329 39.25 1.49
      vertex 48.74533332339234 38.17909292735096 49.99
      vertex 49.49519052838329 39.25 49.99
    endloop
  endfacet
  facet normal -0.9063077870366508 0.4226182617406975 0
    outer loop
      vertex 50.04769465589431 40.43484892505749 1.49
      vertex 49.49519052838329 39.25 49.99
      vertex 50.04769465589431 40.43484892505749 49.99
    endloop
  endfacet
  facet normal -0.9659258262890678 0.2588190451025231 0
    outer loop
      vertex 50.38605814759156 41.697638667498026 1.49
      vertex 50.04769465589431 40.43484892505749 49.99
      vertex 50.38605814759156 41.697638667498026 49.99
    endloop
  endfacet
  facet normal -0.9961946980917455 0.087155742747657 1.215555676047937e-20
    outer loop
      vertex 50.38605814759156 41.697638667498026 49.99
      vertex 50.5 43 49.99
      vertex 50.5 43 1.49
    endloop
  endfacet
  facet normal 0.3001482194851566 -0.6436699338645433 0.7039886807177405
    outer loop
      vertex 39.25 32.49519052838329 49.99
      vertex 40.43144573955176 33.05704483122551 50
      vertex 39.245024875621894 32.50380769658015 50
    endloop
  endfacet
  facet normal 0.3001482194851504 -0.6436699338645308 0.7039886807177547
    outer loop
      vertex 39.25 32.49519052838329 49.99
      vertex 40.43484892505749 33.04769465589431 49.99
      vertex 40.43144573955176 33.05704483122551 50
    endloop
  endfacet
  facet normal 0 0 1
    outer loop
      vertex 38.17269703073716 37.24704434384031 50
      vertex 40.43144573955176 33.05704483122551 50
      vertex 39.245024875621894 36.49619230341985 50
    endloop
  endfacet
  facet normal 0.30014821948515635 0.6436699338645434 0.7039886807177405
    outer loop
      vertex 39.25 36.50480947161671 49.99
      vertex 39.245024875621894 36.49619230341985 50
      vertex 40.43484892505749 35.95230534410569 49.99
    endloop
  endfacet
  facet normal 0 0 1
    outer loop
      vertex 40.43144573955176 33.05704483122551 50
      vertex 40.43144573955176 35.94295516877449 50
      vertex 39.245024875621894 36.49619230341985 50
    endloop
  endfacet
  facet normal 0.30014821948515047 0.6436699338645302 0.703988680717755
    outer loop
      vertex 40.43484892505749 35.95230534410569 49.99
      vertex 39.245024875621894 36.49619230341985 50
      vertex 40.43144573955176 35.94295516877449 50
    endloop
  endfacet
  facet normal 0.1838161825672177 -0.6860113325942038 0.7039886807177657
    outer loop
      vertex 40.43484892505749 33.04769465589431 49.99
      vertex 41.695910824934174 33.39585722971108 50
      vertex 40.43144573955176 33.05704483122551 50
    endloop
  endfacet
  facet normal 0.18381618256720528 -0.6860113325941601 0.7039886807178112
    outer loop
      vertex 40.43484892505749 33.04769465589431 49.99
      vertex 41.697638667498026 33.38605814759156 49.99
      vertex 41.695910824934174 33.39585722971108 50
    endloop
  endfacet
  facet normal 0 0 1
    outer loop
      vertex 40.43144573955176 33.05704483122551 50
      vertex 41.695910824934174 33.39585722971108 50
      vertex 40.43144573955176 35.94295516877449 50
    endloop
  endfacet
  facet normal 0.06189898395745365 -0.7075086241214692 0.7039886807177943
    outer loop
      vertex 41.697638667498026 33.38605814759156 49.99
      vertex 43 33.50995024875622 50
      vertex 41.695910824934174 33.39585722971108 50
    endloop
  endfacet
  facet normal 0 0 1
    outer loop
      vertex 41.695910824934174 33.39585722971108 50
      vertex 43 33.50995024875622 50
      vertex 41.695910824934174 35.60414277028892 50
    endloop
  endfacet
  facet normal 0.18381618256721702 0.6860113325942039 0.7039886807177655
    outer loop
      vertex 40.43484892505749 35.95230534410569 49.99
      vertex 40.43144573955176 35.94295516877449 50
      vertex 41.697638667498026 35.61394185240844 49.99
    endloop
  endfacet
  facet normal 0 0 1
    outer loop
      vertex 41.695910824934174 33.39585722971108 50
      vertex 41.695910824934174 35.60414277028892 50
      vertex 40.43144573955176 35.94295516877449 50
    endloop
  endfacet
  facet normal 0.18381618256720594 0.6860113325941598 0.7039886807178116
    outer loop
      vertex 41.697638667498026 35.61394185240844 49.99
      vertex 40.43144573955176 35.94295516877449 50
      vertex 41.695910824934174 35.60414277028892 50
    endloop
  endfacet
  facet normal 0.06189898395745184 0.7075086241214694 0.7039886807177943
    outer loop
      vertex 41.697638667498026 35.61394185240844 49.99
      vertex 41.695910824934174 35.60414277028892 50
      vertex 43 35.5 49.99
    endloop
  endfacet
  facet normal 0.06189898395744146 -0.7075086241213507 0.7039886807179145
    outer loop
      vertex 41.697638667498026 33.38605814759156 49.99
      vertex 43 33.5 49.99
      vertex 43 33.50995024875622 50
    endloop
  endfacet
  facet normal 0 0 1
    outer loop
      vertex 43 33.50995024875622 50
      vertex 43 35.49004975124378 50
      vertex 41.695910824934174 35.60414277028892 50
    endloop
  endfacet
  facet normal -0.06189898395744328 -0.7075086241213506 0.7039886807179144
    outer loop
      vertex 43 33.5 49.99
      vertex 44.304089175065826 33.39585722971108 50
      vertex 43 33.50995024875622 50
    endloop
  endfacet
  facet normal -0.061898983957451824 -0.7075086241214692 0.7039886807177944
    outer loop
      vertex 43 33.5 49.99
      vertex 44.302361332501974 33.38605814759156 49.99
      vertex 44.304089175065826 33.39585722971108 50
    endloop
  endfacet
  facet normal 0 0 1
    outer loop
      vertex 43 33.50995024875622 50
      vertex 44.304089175065826 33.39585722971108 50
      vertex 43 35.49004975124378 50
    endloop
  endfacet
  facet normal 0 0 1
    outer loop
      vertex 44.304089175065826 33.39585722971108 50
      vertex 44.304089175065826 35.60414277028892 50
      vertex 43 35.49004975124378 50
    endloop
  endfacet
  facet normal 0.06189898395744328 0.7075086241213506 0.7039886807179144
    outer loop
      vertex 43 35.5 49.99
      vertex 41.695910824934174 35.60414277028892 50
      vertex 43 35.49004975124378 50
    endloop
  endfacet
  facet normal -0.06189898395744146 0.7075086241213507 0.7039886807179145
    outer loop
      vertex 43 35.5 49.99
      vertex 43 35.49004975124378 50
      vertex 44.302361332501974 35.61394185240844 49.99
    endloop
  endfacet
  facet normal -0.06189898395745365 0.7075086241214692 0.7039886807177943
    outer loop
      vertex 44.302361332501974 35.61394185240844 49.99
      vertex 43 35.49004975124378 50
      vertex 44.304089175065826 35.60414277028892 50
    endloop
  endfacet
  facet normal -0.18381618256720594 -0.6860113325941598 0.7039886807178116
    outer loop
      vertex 44.302361332501974 33.38605814759156 49.99
      vertex 45.56855426044824 33.05704483122551 50
      vertex 44.304089175065826 33.39585722971108 50
    endloop
  endfacet
  facet normal -0.18381618256721718 -0.6860113325942045 0.7039886807177649
    outer loop
      vertex 44.302361332501974 33.38605814759156 49.99
      vertex 45.56515107494251 33.04769465589431 49.99
      vertex 45.56855426044824 33.05704483122551 50
    endloop
  endfacet
  facet normal 0 0 1
    outer loop
      vertex 44.304089175065826 33.39585722971108 50
      vertex 45.56855426044824 33.05704483122551 50
      vertex 44.304089175065826 35.60414277028892 50
    endloop
  endfacet
  facet normal 0 0 1
    outer loop
      vertex 45.56855426044824 33.05704483122551 50
      vertex 45.56855426044824 35.94295516877449 50
      vertex 44.304089175065826 35.60414277028892 50
    endloop
  endfacet
  facet normal -0.18381618256720525 0.6860113325941599 0.7039886807178116
    outer loop
      vertex 44.302361332501974 35.61394185240844 49.99
      vertex 44.304089175065826 35.60414277028892 50
      vertex 45.56515107494251 35.95230534410569 49.99
    endloop
  endfacet
  facet normal -0.1838161825672177 0.6860113325942038 0.7039886807177657
    outer loop
      vertex 45.56515107494251 35.95230534410569 49.99
      vertex 44.304089175065826 35.60414277028892 50
      vertex 45.56855426044824 35.94295516877449 50
    endloop
  endfacet
  facet normal -0.40736040463630824 -0.5817709499070022 0.7039886807178419
    outer loop
      vertex 47.82090707264904 31.745333323392334 49.99
      vertex 47.82730296926284 31.752955656159685 50
      vertex 46.75 32.49519052838329 49.99
    endloop
  endfacet
  facet normal -0.5021951500269292 -0.5021951500269332 0.703988680717848
    outer loop
      vertex 47.82090707264904 31.745333323392334 49.99
      vertex 48.75295565615969 30.82730296926284 50
      vertex 47.82730296926284 31.752955656159685 50
    endloop
  endfacet
  facet normal -0.502195150026868 -0.5021951500268699 0.703988680717937
    outer loop
      vertex 47.82090707264904 31.745333323392334 49.99
      vertex 48.74533332339234 30.820907072649042 49.99
      vertex 48.75295565615969 30.82730296926284 50
    endloop
  endfacet
  facet normal -0.5817709499069185 0.40736040463624773 0.7039886807179461
    outer loop
      vertex 48.74533332339234 21.179092927350958 49.99
      vertex 48.75295565615969 21.17269703073716 50
      vertex 49.49519052838329 22.25 49.99
    endloop
  endfacet
  facet normal -0.5817709499070335 0.4073604046363256 0.703988680717806
    outer loop
      vertex 49.49519052838329 22.25 49.99
      vertex 48.75295565615969 21.17269703073716 50
      vertex 49.50380769658015 22.24502487562189 50
    endloop
  endfacet
  facet normal -0.6436699338644948 0.30014821948513454 0.7039886807177943
    outer loop
      vertex 49.49519052838329 22.25 49.99
      vertex 49.50380769658015 22.24502487562189 50
      vertex 50.04769465589431 23.434848925057484 49.99
    endloop
  endfacet
  facet normal -0.6436699338644817 0.3001482194851287 0.7039886807178088
    outer loop
      vertex 50.04769465589431 23.434848925057484 49.99
      vertex 49.50380769658015 22.24502487562189 50
      vertex 50.05704483122551 23.431445739551755 50
    endloop
  endfacet
  facet normal -0.6860113325941724 0.18381618256720855 0.7039886807177984
    outer loop
      vertex 50.04769465589431 23.434848925057484 49.99
      vertex 50.05704483122551 23.431445739551755 50
      vertex 50.38605814759156 24.697638667498023 49.99
    endloop
  endfacet
  facet normal -0.6860113325941914 0.18381618256721338 0.7039886807177785
    outer loop
      vertex 50.38605814759156 24.697638667498023 49.99
      vertex 50.05704483122551 23.431445739551755 50
      vertex 50.39585722971108 24.695910824934174 50
    endloop
  endfacet
  facet normal 0 0 1
    outer loop
      vertex 50.666710699058804 0.5055911630923644 50
      vertex 50.50995024875622 43 50
      vertex 50.50995024875622 26 50
    endloop
  endfacet
  facet normal -0.7075086241214804 0.06189898395745263 0.7039886807177832
    outer loop
      vertex 50.38605814759156 24.697638667498023 49.99
      vertex 50.39585722971108 24.695910824934174 50
      vertex 50.5 26 49.99
    endloop
  endfacet
  facet normal -0.7075086241213506 0.06189898395744328 0.7039886807179144
    outer loop
      vertex 50.5 26 49.99
      vertex 50.39585722971108 24.695910824934174 50
      vertex 50.50995024875622 26 50
    endloop
  endfacet
  facet normal -0.7075086241213506 -0.061898983957441284 0.7039886807179144
    outer loop
      vertex 50.5 26 49.99
      vertex 50.50995024875622 26 50
      vertex 50.38605814759156 27.302361332501977 49.99
    endloop
  endfacet
  facet normal -0.7075086241214801 -0.06189898395745459 0.7039886807177833
    outer loop
      vertex 50.38605814759156 27.302361332501977 49.99
      vertex 50.50995024875622 26 50
      vertex 50.39585722971108 27.304089175065826 50
    endloop
  endfacet
  facet normal -0.6860113325941725 -0.1838161825672083 0.7039886807177985
    outer loop
      vertex 50.04769465589431 28.565151074942516 49.99
      vertex 50.39585722971108 27.304089175065826 50
      vertex 50.05704483122551 28.568554260448245 50
    endloop
  endfacet
  facet normal -0.6860113325941913 -0.18381618256721366 0.7039886807177785
    outer loop
      vertex 50.38605814759156 27.302361332501977 49.99
      vertex 50.39585722971108 27.304089175065826 50
      vertex 50.04769465589431 28.565151074942516 49.99
    endloop
  endfacet
  facet normal -0.6436699338644946 -0.30014821948513476 0.7039886807177943
    outer loop
      vertex 49.49519052838329 29.75 49.99
      vertex 50.05704483122551 28.568554260448245 50
      vertex 49.50380769658015 29.75497512437811 50
    endloop
  endfacet
  facet normal -0.6436699338644818 -0.3001482194851285 0.7039886807178088
    outer loop
      vertex 50.04769465589431 28.565151074942516 49.99
      vertex 50.05704483122551 28.568554260448245 50
      vertex 49.49519052838329 29.75 49.99
    endloop
  endfacet
  facet normal -0.5817709499069198 -0.40736040463624607 0.7039886807179458
    outer loop
      vertex 48.74533332339234 30.820907072649042 49.99
      vertex 49.50380769658015 29.75497512437811 50
      vertex 48.75295565615969 30.82730296926284 50
    endloop
  endfacet
  facet normal -0.581770949907032 -0.4073604046363272 0.7039886807178063
    outer loop
      vertex 48.74533332339234 30.820907072649042 49.99
      vertex 49.49519052838329 29.75 49.99
      vertex 49.50380769658015 29.75497512437811 50
    endloop
  endfacet
  facet normal 0 0 1
    outer loop
      vertex 50.39585722971108 27.304089175065826 50
      vertex 50.05704483122551 40.43144573955176 50
      vertex 50.05704483122551 28.568554260448245 50
    endloop
  endfacet
  facet normal 0 0 1
    outer loop
      vertex 50.666710699058804 0.5055911630923644 50
      vertex 51.121320343559645 0.8786796564403572 50
      vertex 50.666710699058804 85.49440883690764 50
    endloop
  endfacet
  facet normal 0 0 1
    outer loop
      vertex 51.121320343559645 0.8786796564403572 50
      vertex 51.49440883690764 1.3332893009411935 50
      vertex 51.121320343559645 85.12132034355965 50
    endloop
  endfacet
  facet normal 0 0 1
    outer loop
      vertex 51.49440883690764 1.3332893009411935 50
      vertex 51.77163859753386 1.8519497029047307 50
      vertex 51.49440883690764 84.66671069905881 50
    endloop
  endfacet
  facet normal 0 0 1
    outer loop
      vertex 51.77163859753386 1.8519497029047307 50
      vertex 51.94235584120969 2.414729033951615 50
      vertex 51.77163859753386 84.14805029709527 50
    endloop
  endfacet
  facet normal 0 0 1
    outer loop
      vertex 50.50995024875622 26 50
      vertex 50.39585722971108 41.695910824934174 50
      vertex 50.39585722971108 27.304089175065826 50
    endloop
  endfacet
  facet normal 0 0 1
    outer loop
      vertex 51.94235584120969 2.414729033951615 50
      vertex 52 3 50
      vertex 51.94235584120969 83.58527096604838 50
    endloop
  endfacet
  facet normal -0.30014821948515047 -0.6436699338645302 0.703988680717755
    outer loop
      vertex 45.56515107494251 33.04769465589431 49.99
      vertex 46.754975124378106 32.50380769658015 50
      vertex 45.56855426044824 33.05704483122551 50
    endloop
  endfacet
  facet normal 0 0 1
    outer loop
      vertex 45.56855426044824 33.05704483122551 50
      vertex 46.754975124378106 32.50380769658015 50
      vertex 45.56855426044824 35.94295516877449 50
    endloop
  endfacet
  facet normal -0.30014821948515574 -0.6436699338645421 0.7039886807177419
    outer loop
      vertex 45.56515107494251 33.04769465589431 49.99
      vertex 46.75 32.49519052838329 49.99
      vertex 46.754975124378106 32.50380769658015 50
    endloop
  endfacet
  facet normal -0.4073604046363689 -0.5817709499070917 0.7039886807177328
    outer loop
      vertex 46.75 32.49519052838329 49.99
      vertex 47.82730296926284 31.752955656159685 50
      vertex 46.754975124378106 32.50380769658015 50
    endloop
  endfacet
  facet normal 0 0 1
    outer loop
      vertex 46.754975124378106 32.50380769658015 50
      vertex 47.82730296926284 31.752955656159685 50
      vertex 46.754975124378106 36.49619230341985 50
    endloop
  endfacet
  facet normal -0.30014821948515025 0.6436699338645303 0.7039886807177551
    outer loop
      vertex 45.56515107494251 35.95230534410569 49.99
      vertex 45.56855426044824 35.94295516877449 50
      vertex 46.75 36.50480947161671 49.99
    endloop
  endfacet
  facet normal 0 0 1
    outer loop
      vertex 46.754975124378106 32.50380769658015 50
      vertex 46.754975124378106 36.49619230341985 50
      vertex 45.56855426044824 35.94295516877449 50
    endloop
  endfacet
  facet normal -0.3001482194851566 0.6436699338645433 0.7039886807177405
    outer loop
      vertex 46.75 36.50480947161671 49.99
      vertex 45.56855426044824 35.94295516877449 50
      vertex 46.754975124378106 36.49619230341985 50
    endloop
  endfacet
  facet normal -0.40736040463636897 0.5817709499070917 0.7039886807177329
    outer loop
      vertex 46.75 36.50480947161671 49.99
      vertex 46.754975124378106 36.49619230341985 50
      vertex 47.82090707264904 37.25466667660766 49.99
    endloop
  endfacet
  facet normal 0 0 1
    outer loop
      vertex 47.82730296926284 31.752955656159685 50
      vertex 48.75295565615969 30.82730296926284 50
      vertex 47.82730296926284 37.24704434384031 50
    endloop
  endfacet
  facet normal 0 0 1
    outer loop
      vertex 47.82730296926284 31.752955656159685 50
      vertex 47.82730296926284 37.24704434384031 50
      vertex 46.754975124378106 36.49619230341985 50
    endloop
  endfacet
  facet normal -0.4073604046362452 0.5817709499069205 0.703988680717946
    outer loop
      vertex 47.82090707264904 37.25466667660766 49.99
      vertex 46.754975124378106 36.49619230341985 50
      vertex 47.82730296926284 37.24704434384031 50
    endloop
  endfacet
  facet normal 0 0 1
    outer loop
      vertex 48.75295565615969 30.82730296926284 50
      vertex 48.75295565615969 38.17269703073716 50
      vertex 47.82730296926284 37.24704434384031 50
    endloop
  endfacet
  facet normal -0.5021951500268681 0.5021951500268681 0.703988680717938
    outer loop
      vertex 47.82090707264904 37.25466667660766 49.99
      vertex 47.82730296926284 37.24704434384031 50
      vertex 48.74533332339234 38.17909292735096 49.99
    endloop
  endfacet
  facet normal -0.5021951500268681 0.5021951500268682 0.7039886807179379
    outer loop
      vertex 48.74533332339234 38.17909292735096 49.99
      vertex 47.82730296926284 37.24704434384031 50
      vertex 48.75295565615969 38.17269703073716 50
    endloop
  endfacet
  facet normal 0 0 1
    outer loop
      vertex 49.50380769658015 29.75497512437811 50
      vertex 48.75295565615969 38.17269703073716 50
      vertex 48.75295565615969 30.82730296926284 50
    endloop
  endfacet
  facet normal 0 0 1
    outer loop
      vertex 50.05704483122551 28.568554260448245 50
      vertex 49.50380769658015 39.245024875621894 50
      vertex 49.50380769658015 29.75497512437811 50
    endloop
  endfacet
  facet normal 0 0 1
    outer loop
      vertex 49.50380769658015 29.75497512437811 50
      vertex 49.50380769658015 39.245024875621894 50
      vertex 48.75295565615969 38.17269703073716 50
    endloop
  endfacet
  facet normal 0 0 1
    outer loop
      vertex 50.05704483122551 28.568554260448245 50
      vertex 50.05704483122551 40.43144573955176 50
      vertex 49.50380769658015 39.245024875621894 50
    endloop
  endfacet
  facet normal 0 0 1
    outer loop
      vertex 50.39585722971108 27.304089175065826 50
      vertex 50.39585722971108 41.695910824934174 50
      vertex 50.05704483122551 40.43144573955176 50
    endloop
  endfacet
  facet normal 0 0 1
    outer loop
      vertex 50.666710699058804 0.5055911630923644 50
      vertex 50.50995024875622 60 50
      vertex 50.50995024875622 43 50
    endloop
  endfacet
  facet normal 0 0 1
    outer loop
      vertex 50.50995024875622 43 50
      vertex 50.39585722971108 41.695910824934174 50
      vertex 50.50995024875622 26 50
    endloop
  endfacet
  facet normal -0.5817709499069185 0.40736040463624773 0.7039886807179461
    outer loop
      vertex 48.74533332339234 38.17909292735096 49.99
      vertex 48.75295565615969 38.17269703073716 50
      vertex 49.49519052838329 39.25 49.99
    endloop
  endfacet
  facet normal -0.5817709499070934 0.40736040463636625 0.703988680717733
    outer loop
      vertex 49.49519052838329 39.25 49.99
      vertex 48.75295565615969 38.17269703073716 50
      vertex 49.50380769658015 39.245024875621894 50
    endloop
  endfacet
  facet normal -0.6436699338645434 0.30014821948515635 0.7039886807177405
    outer loop
      vertex 49.49519052838329 39.25 49.99
      vertex 49.50380769658015 39.245024875621894 50
      vertex 50.04769465589431 40.43484892505749 49.99
    endloop
  endfacet
  facet normal -0.6436699338645302 0.30014821948515047 0.703988680717755
    outer loop
      vertex 50.04769465589431 40.43484892505749 49.99
      vertex 49.50380769658015 39.245024875621894 50
      vertex 50.05704483122551 40.43144573955176 50
    endloop
  endfacet
  facet normal -0.6860113325942039 0.18381618256721702 0.7039886807177654
    outer loop
      vertex 50.04769465589431 40.43484892505749 49.99
      vertex 50.05704483122551 40.43144573955176 50
      vertex 50.38605814759156 41.697638667498026 49.99
    endloop
  endfacet
  facet normal -0.6860113325941597 0.18381618256720592 0.7039886807178115
    outer loop
      vertex 50.38605814759156 41.697638667498026 49.99
      vertex 50.05704483122551 40.43144573955176 50
      vertex 50.39585722971108 41.695910824934174 50
    endloop
  endfacet
  facet normal -0.7075086241214692 0.06189898395745365 0.7039886807177943
    outer loop
      vertex 50.38605814759156 41.697638667498026 49.99
      vertex 50.39585722971108 41.695910824934174 50
      vertex 50.50995024875622 43 50
    endloop
  endfacet
  facet normal -0.7075086241213507 0.06189898395744146 0.7039886807179145
    outer loop
      vertex 50.38605814759156 41.697638667498026 49.99
      vertex 50.50995024875622 43 50
      vertex 50.5 43 49.99
    endloop
  endfacet
  facet normal 0 0 1
    outer loop
      vertex 26 35.5 1.49
      vertex 27.302361332501977 50.38605814759156 1.49
      vertex 26 50.5 1.49
    endloop
  endfacet
  facet normal 0 0 1
    outer loop
      vertex 27.302361332501977 35.61394185240844 1.49
      vertex 28.565151074942516 50.04769465589431 1.49
      vertex 27.302361332501977 50.38605814759156 1.49
    endloop
  endfacet
  facet normal 0 0 1
    outer loop
      vertex 28.565151074942516 35.95230534410569 1.49
      vertex 29.75 49.49519052838329 1.49
      vertex 28.565151074942516 50.04769465589431 1.49
    endloop
  endfacet
  facet normal 0 0 1
    outer loop
      vertex 29.75 36.50480947161671 1.49
      vertex 30.820907072649042 48.74533332339234 1.49
      vertex 29.75 49.49519052838329 1.49
    endloop
  endfacet
  facet normal 0 0 1
    outer loop
      vertex 30.820907072649042 37.25466667660766 1.49
      vertex 31.745333323392334 47.82090707264904 1.49
      vertex 30.820907072649042 48.74533332339234 1.49
    endloop
  endfacet
  facet normal 0 0 1
    outer loop
      vertex 31.745333323392334 38.17909292735096 1.49
      vertex 32.49519052838329 46.75 1.49
      vertex 31.745333323392334 47.82090707264904 1.49
    endloop
  endfacet
  facet normal 0 0 1
    outer loop
      vertex 26 52.5 1.49
      vertex 27.302361332501977 52.61394185240844 1.49
      vertex 27.302361332501977 67.38605814759156 1.49
    endloop
  endfacet
  facet normal 0 0 1
    outer loop
      vertex 27.302361332501977 52.61394185240844 1.49
      vertex 28.565151074942516 52.95230534410569 1.49
      vertex 28.565151074942516 67.04769465589432 1.49
    endloop
  endfacet
  facet normal 0 0 1
    outer loop
      vertex 26 52.5 1.49
      vertex 27.302361332501977 67.38605814759156 1.49
      vertex 26 67.5 1.49
    endloop
  endfacet
  facet normal 0 0 1
    outer loop
      vertex 27.302361332501977 52.61394185240844 1.49
      vertex 28.565151074942516 67.04769465589432 1.49
      vertex 27.302361332501977 67.38605814759156 1.49
    endloop
  endfacet
  facet normal 0 0 1
    outer loop
      vertex 28.565151074942516 52.95230534410569 1.49
      vertex 29.75 66.49519052838329 1.49
      vertex 28.565151074942516 67.04769465589432 1.49
    endloop
  endfacet
  facet normal 0 0 1
    outer loop
      vertex 28.565151074942516 52.95230534410569 1.49
      vertex 29.75 53.50480947161671 1.49
      vertex 29.75 66.49519052838329 1.49
    endloop
  endfacet
  facet normal 0 0 1
    outer loop
      vertex 29.75 53.50480947161671 1.49
      vertex 30.820907072649042 54.25466667660766 1.49
      vertex 30.820907072649042 65.74533332339233 1.49
    endloop
  endfacet
  facet normal 0 0 1
    outer loop
      vertex 30.820907072649042 54.25466667660766 1.49
      vertex 31.745333323392334 55.17909292735096 1.49
      vertex 31.745333323392334 64.82090707264905 1.49
    endloop
  endfacet
  facet normal 0 0 1
    outer loop
      vertex 31.745333323392334 55.17909292735096 1.49
      vertex 32.49519052838329 56.25 1.49
      vertex 32.49519052838329 63.75 1.49
    endloop
  endfacet
  facet normal 0 0 1
    outer loop
      vertex 29.75 53.50480947161671 1.49
      vertex 30.820907072649042 65.74533332339233 1.49
      vertex 29.75 66.49519052838329 1.49
    endloop
  endfacet
  facet normal 0 0 1
    outer loop
      vertex 30.820907072649042 54.25466667660766 1.49
      vertex 31.745333323392334 64.82090707264905 1.49
      vertex 30.820907072649042 65.74533332339233 1.49
    endloop
  endfacet
  facet normal 0 0 1
    outer loop
      vertex 31.745333323392334 55.17909292735096 1.49
      vertex 32.49519052838329 63.75 1.49
      vertex 31.745333323392334 64.82090707264905 1.49
    endloop
  endfacet
  facet normal 0 0 1
    outer loop
      vertex 32.49519052838329 39.25 1.49
      vertex 33.04769465589431 45.56515107494251 1.49
      vertex 32.49519052838329 46.75 1.49
    endloop
  endfacet
  facet normal 0 0 1
    outer loop
      vertex 33.04769465589431 40.43484892505749 1.49
      vertex 33.38605814759156 44.302361332501974 1.49
      vertex 33.04769465589431 45.56515107494251 1.49
    endloop
  endfacet
  facet normal 0 0 1
    outer loop
      vertex 33.38605814759156 41.697638667498026 1.49
      vertex 33.5 43 1.49
      vertex 33.38605814759156 44.302361332501974 1.49
    endloop
  endfacet
  facet normal 0 0 1
    outer loop
      vertex 35.61394185240844 41.697638667498026 1.49
      vertex 35.61394185240844 44.302361332501974 1.49
      vertex 35.5 43 1.49
    endloop
  endfacet
  facet normal 0 0 1
    outer loop
      vertex 35.61394185240844 41.697638667498026 1.49
      vertex 35.95230534410569 45.56515107494251 1.49
      vertex 35.61394185240844 44.302361332501974 1.49
    endloop
  endfacet
  facet normal 0 0 1
    outer loop
      vertex 35.95230534410569 40.43484892505749 1.49
      vertex 36.50480947161671 46.75 1.49
      vertex 35.95230534410569 45.56515107494251 1.49
    endloop
  endfacet
  facet normal 0 0 1
    outer loop
      vertex 36.50480947161671 39.25 1.49
      vertex 37.25466667660766 47.82090707264904 1.49
      vertex 36.50480947161671 46.75 1.49
    endloop
  endfacet
  facet normal 0 0 1
    outer loop
      vertex 37.25466667660766 38.17909292735096 1.49
      vertex 38.17909292735096 48.74533332339234 1.49
      vertex 37.25466667660766 47.82090707264904 1.49
    endloop
  endfacet
  facet normal 0 0 1
    outer loop
      vertex 38.17909292735096 37.25466667660766 1.49
      vertex 39.25 49.49519052838329 1.49
      vertex 38.17909292735096 48.74533332339234 1.49
    endloop
  endfacet
  facet normal 0 0 1
    outer loop
      vertex 32.49519052838329 56.25 1.49
      vertex 33.04769465589431 57.43484892505749 1.49
      vertex 33.04769465589431 62.56515107494251 1.49
    endloop
  endfacet
  facet normal 0 0 -1
    outer loop
      vertex 3 86 0
      vertex 49 86 0
      vertex 49 0 0
    endloop
  endfacet
  facet normal 0 0 1
    outer loop
      vertex 33.04769465589431 57.43484892505749 1.49
      vertex 33.38605814759156 58.697638667498026 1.49
      vertex 33.38605814759156 61.302361332501974 1.49
    endloop
  endfacet
  facet normal 0 0 1
    outer loop
      vertex 33.04769465589431 57.43484892505749 1.49
      vertex 33.38605814759156 61.302361332501974 1.49
      vertex 33.04769465589431 62.56515107494251 1.49
    endloop
  endfacet
  facet normal 0 0 1
    outer loop
      vertex 32.49519052838329 56.25 1.49
      vertex 33.04769465589431 62.56515107494251 1.49
      vertex 32.49519052838329 63.75 1.49
    endloop
  endfacet
  facet normal 0 0 1
    outer loop
      vertex 33.38605814759156 58.697638667498026 1.49
      vertex 33.5 60 1.49
      vertex 33.38605814759156 61.302361332501974 1.49
    endloop
  endfacet
  facet normal 0 0 1
    outer loop
      vertex 35.61394185240844 58.697638667498026 1.49
      vertex 35.61394185240844 61.302361332501974 1.49
      vertex 35.5 60 1.49
    endloop
  endfacet
  facet normal 0 0 1
    outer loop
      vertex 35.61394185240844 58.697638667498026 1.49
      vertex 35.95230534410569 62.56515107494251 1.49
      vertex 35.61394185240844 61.302361332501974 1.49
    endloop
  endfacet
  facet normal 0 0 1
    outer loop
      vertex 36.50480947161671 56.25 1.49
      vertex 37.25466667660766 55.17909292735096 1.49
      vertex 37.25466667660766 64.82090707264905 1.49
    endloop
  endfacet
  facet normal 0 0 1
    outer loop
      vertex 37.25466667660766 55.17909292735096 1.49
      vertex 38.17909292735096 54.25466667660766 1.49
      vertex 38.17909292735096 65.74533332339233 1.49
    endloop
  endfacet
  facet normal 0 0 1
    outer loop
      vertex 38.17909292735096 54.25466667660766 1.49
      vertex 39.25 53.50480947161671 1.49
      vertex 39.25 66.49519052838329 1.49
    endloop
  endfacet
  facet normal 0 0 1
    outer loop
      vertex 35.61394185240844 58.697638667498026 1.49
      vertex 35.95230534410569 57.43484892505749 1.49
      vertex 35.95230534410569 62.56515107494251 1.49
    endloop
  endfacet
  facet normal 0 0 1
    outer loop
      vertex 36.50480947161671 56.25 1.49
      vertex 36.50480947161671 63.75 1.49
      vertex 35.95230534410569 57.43484892505749 1.49
    endloop
  endfacet
  facet normal 0 0 1
    outer loop
      vertex 35.95230534410569 57.43484892505749 1.49
      vertex 36.50480947161671 63.75 1.49
      vertex 35.95230534410569 62.56515107494251 1.49
    endloop
  endfacet
  facet normal 0 0 1
    outer loop
      vertex 36.50480947161671 56.25 1.49
      vertex 37.25466667660766 64.82090707264905 1.49
      vertex 36.50480947161671 63.75 1.49
    endloop
  endfacet
  facet normal 0 0 1
    outer loop
      vertex 37.25466667660766 55.17909292735096 1.49
      vertex 38.17909292735096 65.74533332339233 1.49
      vertex 37.25466667660766 64.82090707264905 1.49
    endloop
  endfacet
  facet normal 0 0 1
    outer loop
      vertex 38.17909292735096 54.25466667660766 1.49
      vertex 39.25 66.49519052838329 1.49
      vertex 38.17909292735096 65.74533332339233 1.49
    endloop
  endfacet
  facet normal -0.08715574274765678 -0.9961946980917457 1.6970250791199594e-19
    outer loop
      vertex 26 50.5 1.49
      vertex 27.302361332501977 50.38605814759156 1.49
      vertex 27.302361332501977 50.38605814759156 49.99
    endloop
  endfacet
  facet normal -0.08715574274765678 0.9961946980917457 0
    outer loop
      vertex 26 52.5 1.49
      vertex 26 52.5 49.99
      vertex 27.302361332501977 52.61394185240844 1.49
    endloop
  endfacet
  facet normal -0.2588190451025231 -0.9659258262890678 2.0263898048032175e-19
    outer loop
      vertex 27.302361332501977 50.38605814759156 1.49
      vertex 28.565151074942516 50.04769465589431 1.49
      vertex 28.565151074942516 50.04769465589431 49.99
    endloop
  endfacet
  facet normal -0.2588190451025231 0.9659258262890678 0
    outer loop
      vertex 27.302361332501977 52.61394185240844 1.49
      vertex 27.302361332501977 52.61394185240844 49.99
      vertex 28.565151074942516 52.95230534410569 1.49
    endloop
  endfacet
  facet normal -0.42261826174069855 0.9063077870366504 0
    outer loop
      vertex 28.565151074942516 52.95230534410569 1.49
      vertex 28.565151074942516 52.95230534410569 49.99
      vertex 29.75 53.50480947161671 1.49
    endloop
  endfacet
  facet normal -0.7071067811865488 -0.7071067811865461 0
    outer loop
      vertex 31.745333323392334 47.82090707264904 1.49
      vertex 31.745333323392334 47.82090707264904 49.99
      vertex 30.820907072649042 48.74533332339234 1.49
    endloop
  endfacet
  facet normal -0.8191520442889906 -0.5735764363510478 -7.008043906371929e-19
    outer loop
      vertex 31.745333323392334 47.82090707264904 1.49
      vertex 32.49519052838329 46.75 1.49
      vertex 32.49519052838329 46.75 49.99
    endloop
  endfacet
  facet normal -0.42261826174069855 -0.9063077870366504 2.2685634186461777e-19
    outer loop
      vertex 28.565151074942516 50.04769465589431 1.49
      vertex 29.75 49.49519052838329 1.49
      vertex 29.75 49.49519052838329 49.99
    endloop
  endfacet
  facet normal -0.573576436351046 -0.8191520442889919 -2.2974463495379678e-19
    outer loop
      vertex 29.75 49.49519052838329 1.49
      vertex 30.820907072649042 48.74533332339234 1.49
      vertex 30.820907072649042 48.74533332339234 49.99
    endloop
  endfacet
  facet normal -0.573576436351046 0.8191520442889919 0
    outer loop
      vertex 29.75 53.50480947161671 1.49
      vertex 29.75 53.50480947161671 49.99
      vertex 30.820907072649042 54.25466667660766 1.49
    endloop
  endfacet
  facet normal -0.7071067811865488 0.7071067811865461 0
    outer loop
      vertex 30.820907072649042 54.25466667660766 1.49
      vertex 30.820907072649042 54.25466667660766 49.99
      vertex 31.745333323392334 55.17909292735096 1.49
    endloop
  endfacet
  facet normal -0.8191520442889906 0.5735764363510478 0
    outer loop
      vertex 31.745333323392334 55.17909292735096 1.49
      vertex 31.745333323392334 55.17909292735096 49.99
      vertex 32.49519052838329 56.25 1.49
    endloop
  endfacet
  facet normal -0.8191520442889924 -0.5735764363510454 0
    outer loop
      vertex 32.49519052838329 63.75 1.49
      vertex 32.49519052838329 63.75 49.99
      vertex 31.745333323392334 64.82090707264905 1.49
    endloop
  endfacet
  facet normal -0.9659258262890678 -0.2588190451025231 0
    outer loop
      vertex 33.38605814759156 44.302361332501974 1.49
      vertex 33.38605814759156 44.302361332501974 49.99
      vertex 33.04769465589431 45.56515107494251 1.49
    endloop
  endfacet
  facet normal -0.9961946980917455 -0.087155742747657 -1.215555676047937e-20
    outer loop
      vertex 33.38605814759156 44.302361332501974 1.49
      vertex 33.5 43 1.49
      vertex 33.5 43 49.99
    endloop
  endfacet
  facet normal -0.9063077870366508 -0.4226182617406975 7.869387211975802e-19
    outer loop
      vertex 32.49519052838329 46.75 1.49
      vertex 33.04769465589431 45.56515107494251 1.49
      vertex 33.04769465589431 45.56515107494251 49.99
    endloop
  endfacet
  facet normal 0.9961946980917455 -0.087155742747657 1.215555676047937e-20
    outer loop
      vertex 35.5 43 1.49
      vertex 35.61394185240844 44.302361332501974 1.49
      vertex 35.61394185240844 44.302361332501974 49.99
    endloop
  endfacet
  facet normal 0.9659258262890678 -0.2588190451025231 -2.0263898048032175e-19
    outer loop
      vertex 35.61394185240844 44.302361332501974 1.49
      vertex 35.95230534410569 45.56515107494251 1.49
      vertex 35.95230534410569 45.56515107494251 49.99
    endloop
  endfacet
  facet normal 0.9063077870366508 -0.4226182617406975 -7.869387211975802e-19
    outer loop
      vertex 35.95230534410569 45.56515107494251 1.49
      vertex 36.50480947161671 46.75 1.49
      vertex 36.50480947161671 46.75 49.99
    endloop
  endfacet
  facet normal 0.8191520442889919 -0.573576436351046 2.2974463495379678e-19
    outer loop
      vertex 36.50480947161671 46.75 1.49
      vertex 37.25466667660766 47.82090707264904 1.49
      vertex 37.25466667660766 47.82090707264904 49.99
    endloop
  endfacet
  facet normal 0.7071067811865476 -0.7071067811865476 3.929663959914619e-19
    outer loop
      vertex 37.25466667660766 47.82090707264904 1.49
      vertex 38.17909292735096 48.74533332339234 1.49
      vertex 38.17909292735096 48.74533332339234 49.99
    endloop
  endfacet
  facet normal 0.573576436351046 -0.8191520442889919 2.2974463495379678e-19
    outer loop
      vertex 38.17909292735096 48.74533332339234 1.49
      vertex 39.25 49.49519052838329 1.49
      vertex 39.25 49.49519052838329 49.99
    endloop
  endfacet
  facet normal -0.9063077870366508 0.4226182617406975 0
    outer loop
      vertex 32.49519052838329 56.25 1.49
      vertex 32.49519052838329 56.25 49.99
      vertex 33.04769465589431 57.43484892505749 1.49
    endloop
  endfacet
  facet normal -0.9659258262890678 0.2588190451025231 0
    outer loop
      vertex 33.04769465589431 57.43484892505749 1.49
      vertex 33.04769465589431 57.43484892505749 49.99
      vertex 33.38605814759156 58.697638667498026 1.49
    endloop
  endfacet
  facet normal 0.9659258262890678 0.2588190451025231 0
    outer loop
      vertex 35.61394185240844 58.697638667498026 1.49
      vertex 35.61394185240844 58.697638667498026 49.99
      vertex 35.95230534410569 57.43484892505749 1.49
    endloop
  endfacet
  facet normal -0.9659258262890678 -0.2588190451025231 0
    outer loop
      vertex 33.38605814759156 61.302361332501974 1.49
      vertex 33.38605814759156 61.302361332501974 49.99
      vertex 33.04769465589431 62.56515107494251 1.49
    endloop
  endfacet
  facet normal -0.9961946980917455 0.087155742747657 0
    outer loop
      vertex 33.38605814759156 58.697638667498026 1.49
      vertex 33.38605814759156 58.697638667498026 49.99
      vertex 33.5 60 1.49
    endloop
  endfacet
  facet normal -0.9961946980917455 -0.087155742747657 -1.215555676047937e-20
    outer loop
      vertex 33.38605814759156 61.302361332501974 1.49
      vertex 33.5 60 1.49
      vertex 33.5 60 49.99
    endloop
  endfacet
  facet normal -0.9063077870366508 -0.4226182617406975 7.869387211975802e-19
    outer loop
      vertex 32.49519052838329 63.75 1.49
      vertex 33.04769465589431 62.56515107494251 1.49
      vertex 33.04769465589431 62.56515107494251 49.99
    endloop
  endfacet
  facet normal 0.9961946980917455 0.087155742747657 -1.215555676047937e-20
    outer loop
      vertex 35.61394185240844 58.697638667498026 1.49
      vertex 35.5 60 1.49
      vertex 35.5 60 49.99
    endloop
  endfacet
  facet normal 0.9961946980917455 -0.087155742747657 1.215555676047937e-20
    outer loop
      vertex 35.5 60 1.49
      vertex 35.61394185240844 61.302361332501974 1.49
      vertex 35.61394185240844 61.302361332501974 49.99
    endloop
  endfacet
  facet normal 0.8191520442889919 0.573576436351046 0
    outer loop
      vertex 36.50480947161671 56.25 1.49
      vertex 36.50480947161671 56.25 49.99
      vertex 37.25466667660766 55.17909292735096 1.49
    endloop
  endfacet
  facet normal 0.9063077870366508 0.4226182617406975 7.869387211975802e-19
    outer loop
      vertex 36.50480947161671 56.25 1.49
      vertex 35.95230534410569 57.43484892505749 1.49
      vertex 35.95230534410569 57.43484892505749 49.99
    endloop
  endfacet
  facet normal 0.7071067811865476 0.7071067811865476 0
    outer loop
      vertex 37.25466667660766 55.17909292735096 1.49
      vertex 37.25466667660766 55.17909292735096 49.99
      vertex 38.17909292735096 54.25466667660766 1.49
    endloop
  endfacet
  facet normal 0.573576436351046 0.8191520442889919 0
    outer loop
      vertex 38.17909292735096 54.25466667660766 1.49
      vertex 38.17909292735096 54.25466667660766 49.99
      vertex 39.25 53.50480947161671 1.49
    endloop
  endfacet
  facet normal 0.9659258262890678 -0.2588190451025231 -2.0263898048032175e-19
    outer loop
      vertex 35.61394185240844 61.302361332501974 1.49
      vertex 35.95230534410569 62.56515107494251 1.49
      vertex 35.95230534410569 62.56515107494251 49.99
    endloop
  endfacet
  facet normal 0.9063077870366508 -0.4226182617406975 -7.869387211975802e-19
    outer loop
      vertex 35.95230534410569 62.56515107494251 1.49
      vertex 36.50480947161671 63.75 1.49
      vertex 36.50480947161671 63.75 49.99
    endloop
  endfacet
  facet normal 0.8191520442889938 -0.5735764363510435 2.1374263642644547e-19
    outer loop
      vertex 36.50480947161671 63.75 1.49
      vertex 37.25466667660766 64.82090707264905 1.49
      vertex 37.25466667660766 64.82090707264905 49.99
    endloop
  endfacet
  facet normal 0 0 1
    outer loop
      vertex 26 69.5 1.49
      vertex 27.302361332501977 69.61394185240844 1.49
      vertex 27.302361332501977 84.38605814759156 1.49
    endloop
  endfacet
  facet normal 0 0 1
    outer loop
      vertex 27.302361332501977 69.61394185240844 1.49
      vertex 28.565151074942516 69.95230534410568 1.49
      vertex 28.565151074942516 84.04769465589432 1.49
    endloop
  endfacet
  facet normal 0 0 1
    outer loop
      vertex 28.565151074942516 69.95230534410568 1.49
      vertex 29.75 70.50480947161671 1.49
      vertex 29.75 83.49519052838329 1.49
    endloop
  endfacet
  facet normal 0 0 1
    outer loop
      vertex 29.75 70.50480947161671 1.49
      vertex 30.820907072649042 71.25466667660767 1.49
      vertex 30.820907072649042 82.74533332339233 1.49
    endloop
  endfacet
  facet normal 0 0 1
    outer loop
      vertex 30.820907072649042 71.25466667660767 1.49
      vertex 31.745333323392334 72.17909292735095 1.49
      vertex 31.745333323392334 81.82090707264905 1.49
    endloop
  endfacet
  facet normal 0 0 1
    outer loop
      vertex 26 69.5 1.49
      vertex 27.302361332501977 84.38605814759156 1.49
      vertex 26 84.5 1.49
    endloop
  endfacet
  facet normal 0 0 1
    outer loop
      vertex 27.302361332501977 69.61394185240844 1.49
      vertex 28.565151074942516 84.04769465589432 1.49
      vertex 27.302361332501977 84.38605814759156 1.49
    endloop
  endfacet
  facet normal 0 0 1
    outer loop
      vertex 28.565151074942516 69.95230534410568 1.49
      vertex 29.75 83.49519052838329 1.49
      vertex 28.565151074942516 84.04769465589432 1.49
    endloop
  endfacet
  facet normal 0 0 1
    outer loop
      vertex 29.75 70.50480947161671 1.49
      vertex 30.820907072649042 82.74533332339233 1.49
      vertex 29.75 83.49519052838329 1.49
    endloop
  endfacet
  facet normal 0 0 1
    outer loop
      vertex 31.745333323392334 72.17909292735095 1.49
      vertex 32.49519052838329 73.25 1.49
      vertex 32.49519052838329 80.75 1.49
    endloop
  endfacet
  facet normal 0 0 1
    outer loop
      vertex 30.820907072649042 71.25466667660767 1.49
      vertex 31.745333323392334 81.82090707264905 1.49
      vertex 30.820907072649042 82.74533332339233 1.49
    endloop
  endfacet
  facet normal 0 0 1
    outer loop
      vertex 31.745333323392334 72.17909292735095 1.49
      vertex 32.49519052838329 80.75 1.49
      vertex 31.745333323392334 81.82090707264905 1.49
    endloop
  endfacet
  facet normal 0 0 1
    outer loop
      vertex 38.17909292735096 71.25466667660767 1.49
      vertex 39.25 70.50480947161671 1.49
      vertex 39.25 83.49519052838329 1.49
    endloop
  endfacet
  facet normal 0 0 1
    outer loop
      vertex 32.49519052838329 73.25 1.49
      vertex 33.04769465589431 74.43484892505748 1.49
      vertex 33.04769465589431 79.56515107494252 1.49
    endloop
  endfacet
  facet normal 0 0 1
    outer loop
      vertex 33.04769465589431 74.43484892505748 1.49
      vertex 33.38605814759156 75.69763866749803 1.49
      vertex 33.38605814759156 78.30236133250197 1.49
    endloop
  endfacet
  facet normal 0 0 1
    outer loop
      vertex 32.49519052838329 73.25 1.49
      vertex 33.04769465589431 79.56515107494252 1.49
      vertex 32.49519052838329 80.75 1.49
    endloop
  endfacet
  facet normal 0 0 1
    outer loop
      vertex 33.04769465589431 74.43484892505748 1.49
      vertex 33.38605814759156 78.30236133250197 1.49
      vertex 33.04769465589431 79.56515107494252 1.49
    endloop
  endfacet
  facet normal 0 0 1
    outer loop
      vertex 33.38605814759156 75.69763866749803 1.49
      vertex 33.5 77 1.49
      vertex 33.38605814759156 78.30236133250197 1.49
    endloop
  endfacet
  facet normal 0 0 1
    outer loop
      vertex 35.61394185240844 75.69763866749803 1.49
      vertex 35.61394185240844 78.30236133250197 1.49
      vertex 35.5 77 1.49
    endloop
  endfacet
  facet normal 0 0 1
    outer loop
      vertex 35.61394185240844 75.69763866749803 1.49
      vertex 35.95230534410569 79.56515107494252 1.49
      vertex 35.61394185240844 78.30236133250197 1.49
    endloop
  endfacet
  facet normal 0 0 1
    outer loop
      vertex 35.95230534410569 74.43484892505748 1.49
      vertex 35.95230534410569 79.56515107494252 1.49
      vertex 35.61394185240844 75.69763866749803 1.49
    endloop
  endfacet
  facet normal 0 0 1
    outer loop
      vertex 36.50480947161671 73.25 1.49
      vertex 36.50480947161671 80.75 1.49
      vertex 35.95230534410569 74.43484892505748 1.49
    endloop
  endfacet
  facet normal 0 0 1
    outer loop
      vertex 37.25466667660766 72.17909292735095 1.49
      vertex 37.25466667660766 81.82090707264905 1.49
      vertex 36.50480947161671 73.25 1.49
    endloop
  endfacet
  facet normal 0 0 1
    outer loop
      vertex 35.95230534410569 74.43484892505748 1.49
      vertex 36.50480947161671 80.75 1.49
      vertex 35.95230534410569 79.56515107494252 1.49
    endloop
  endfacet
  facet normal 0 0 1
    outer loop
      vertex 36.50480947161671 73.25 1.49
      vertex 37.25466667660766 81.82090707264905 1.49
      vertex 36.50480947161671 80.75 1.49
    endloop
  endfacet
  facet normal 0 0 1
    outer loop
      vertex 37.25466667660766 72.17909292735095 1.49
      vertex 38.17909292735096 71.25466667660767 1.49
      vertex 38.17909292735096 82.74533332339233 1.49
    endloop
  endfacet
  facet normal 0 0 1
    outer loop
      vertex 37.25466667660766 72.17909292735095 1.49
      vertex 38.17909292735096 82.74533332339233 1.49
      vertex 37.25466667660766 81.82090707264905 1.49
    endloop
  endfacet
  facet normal 0 0 1
    outer loop
      vertex 38.17909292735096 71.25466667660767 1.49
      vertex 39.25 83.49519052838329 1.49
      vertex 38.17909292735096 82.74533332339233 1.49
    endloop
  endfacet
  facet normal -0.08715574274766216 0.9961946980917451 0
    outer loop
      vertex 26 69.5 1.49
      vertex 26 69.5 49.99
      vertex 27.302361332501977 69.61394185240844 1.49
    endloop
  endfacet
  facet normal -0.08715574274766216 -0.9961946980917451 0
    outer loop
      vertex 27.302361332501977 67.38605814759156 1.49
      vertex 27.302361332501977 67.38605814759156 49.99
      vertex 26 67.5 1.49
    endloop
  endfacet
  facet normal -0.2588190451025129 -0.9659258262890703 -4.3281442358242846e-19
    outer loop
      vertex 27.302361332501977 67.38605814759156 1.49
      vertex 28.565151074942516 67.04769465589432 1.49
      vertex 28.565151074942516 67.04769465589432 49.99
    endloop
  endfacet
  facet normal -0.2588190451025129 0.9659258262890703 0
    outer loop
      vertex 27.302361332501977 69.61394185240844 1.49
      vertex 27.302361332501977 69.61394185240844 49.99
      vertex 28.565151074942516 69.95230534410568 1.49
    endloop
  endfacet
  facet normal -0.42261826174070305 0.9063077870366484 0
    outer loop
      vertex 28.565151074942516 69.95230534410568 1.49
      vertex 28.565151074942516 69.95230534410568 49.99
      vertex 29.75 70.50480947161671 1.49
    endloop
  endfacet
  facet normal -0.42261826174070305 -0.9063077870366484 5.239430370443912e-19
    outer loop
      vertex 28.565151074942516 67.04769465589432 1.49
      vertex 29.75 66.49519052838329 1.49
      vertex 29.75 66.49519052838329 49.99
    endloop
  endfacet
  facet normal -0.5735764363510497 -0.8191520442889894 5.791160080834396e-19
    outer loop
      vertex 29.75 66.49519052838329 1.49
      vertex 30.820907072649042 65.74533332339233 1.49
      vertex 30.820907072649042 65.74533332339233 49.99
    endloop
  endfacet
  facet normal -0.7071067811865435 -0.7071067811865516 -5.537061659273894e-19
    outer loop
      vertex 30.820907072649042 65.74533332339233 1.49
      vertex 31.745333323392334 64.82090707264905 1.49
      vertex 31.745333323392334 64.82090707264905 49.99
    endloop
  endfacet
  facet normal -0.5735764363510497 0.8191520442889894 0
    outer loop
      vertex 29.75 70.50480947161671 1.49
      vertex 29.75 70.50480947161671 49.99
      vertex 30.820907072649042 71.25466667660767 1.49
    endloop
  endfacet
  facet normal -0.7071067811865435 0.7071067811865516 0
    outer loop
      vertex 30.820907072649042 71.25466667660767 1.49
      vertex 30.820907072649042 71.25466667660767 49.99
      vertex 31.745333323392334 72.17909292735095 1.49
    endloop
  endfacet
  facet normal -0.8191520442889924 0.5735764363510454 0
    outer loop
      vertex 31.745333323392334 72.17909292735095 1.49
      vertex 31.745333323392334 72.17909292735095 49.99
      vertex 32.49519052838329 73.25 1.49
    endloop
  endfacet
  facet normal -0.08715574274766216 -0.9961946980917451 -7.36585069814612e-21
    outer loop
      vertex 26 84.5 1.49
      vertex 27.302361332501977 84.38605814759156 1.49
      vertex 27.302361332501977 84.38605814759156 49.99
    endloop
  endfacet
  facet normal -0.2588190451025129 -0.9659258262890703 -4.3281442358242846e-19
    outer loop
      vertex 27.302361332501977 84.38605814759156 1.49
      vertex 28.565151074942516 84.04769465589432 1.49
      vertex 28.565151074942516 84.04769465589432 49.99
    endloop
  endfacet
  facet normal -0.5735764363510497 -0.8191520442889894 5.791160080834396e-19
    outer loop
      vertex 29.75 83.49519052838329 1.49
      vertex 30.820907072649042 82.74533332339233 1.49
      vertex 30.820907072649042 82.74533332339233 49.99
    endloop
  endfacet
  facet normal -0.42261826174070305 -0.9063077870366484 5.239430370443912e-19
    outer loop
      vertex 28.565151074942516 84.04769465589432 1.49
      vertex 29.75 83.49519052838329 1.49
      vertex 29.75 83.49519052838329 49.99
    endloop
  endfacet
  facet normal -0.7071067811865435 -0.7071067811865516 -5.537061659273894e-19
    outer loop
      vertex 30.820907072649042 82.74533332339233 1.49
      vertex 31.745333323392334 81.82090707264905 1.49
      vertex 31.745333323392334 81.82090707264905 49.99
    endloop
  endfacet
  facet normal -0.8191520442889924 -0.5735764363510454 0
    outer loop
      vertex 32.49519052838329 80.75 1.49
      vertex 32.49519052838329 80.75 49.99
      vertex 31.745333323392334 81.82090707264905 1.49
    endloop
  endfacet
  facet normal -0.9063077870366498 0.42261826174069955 0
    outer loop
      vertex 32.49519052838329 73.25 1.49
      vertex 32.49519052838329 73.25 49.99
      vertex 33.04769465589431 74.43484892505748 1.49
    endloop
  endfacet
  facet normal -0.965925826289068 0.25881904510252174 0
    outer loop
      vertex 33.04769465589431 74.43484892505748 1.49
      vertex 33.04769465589431 74.43484892505748 49.99
      vertex 33.38605814759156 75.69763866749803 1.49
    endloop
  endfacet
  facet normal 0.7071067811865421 -0.7071067811865529 -1.7883384982204666e-19
    outer loop
      vertex 37.25466667660766 64.82090707264905 1.49
      vertex 38.17909292735096 65.74533332339233 1.49
      vertex 38.17909292735096 65.74533332339233 49.99
    endloop
  endfacet
  facet normal 0.5735764363510497 -0.8191520442889894 -5.791160080834396e-19
    outer loop
      vertex 38.17909292735096 65.74533332339233 1.49
      vertex 39.25 66.49519052838329 1.49
      vertex 39.25 66.49519052838329 49.99
    endloop
  endfacet
  facet normal 0.9063077870366498 0.42261826174069955 -3.332260374683474e-19
    outer loop
      vertex 36.50480947161671 73.25 1.49
      vertex 35.95230534410569 74.43484892505748 1.49
      vertex 35.95230534410569 74.43484892505748 49.99
    endloop
  endfacet
  facet normal 0.8191520442889938 0.5735764363510435 -2.1374263642644547e-19
    outer loop
      vertex 37.25466667660766 72.17909292735095 1.49
      vertex 36.50480947161671 73.25 1.49
      vertex 36.50480947161671 73.25 49.99
    endloop
  endfacet
  facet normal 0.7071067811865421 0.7071067811865529 0
    outer loop
      vertex 37.25466667660766 72.17909292735095 1.49
      vertex 37.25466667660766 72.17909292735095 49.99
      vertex 38.17909292735096 71.25466667660767 1.49
    endloop
  endfacet
  facet normal 0.5735764363510497 0.8191520442889894 0
    outer loop
      vertex 38.17909292735096 71.25466667660767 1.49
      vertex 38.17909292735096 71.25466667660767 49.99
      vertex 39.25 70.50480947161671 1.49
    endloop
  endfacet
  facet normal -0.9961946980917455 0.087155742747657 0
    outer loop
      vertex 33.38605814759156 75.69763866749803 1.49
      vertex 33.38605814759156 75.69763866749803 49.99
      vertex 33.5 77 1.49
    endloop
  endfacet
  facet normal -0.9961946980917455 -0.087155742747657 -1.215555676047937e-20
    outer loop
      vertex 33.38605814759156 78.30236133250197 1.49
      vertex 33.5 77 1.49
      vertex 33.5 77 49.99
    endloop
  endfacet
  facet normal -0.965925826289068 -0.25881904510252174 0
    outer loop
      vertex 33.38605814759156 78.30236133250197 1.49
      vertex 33.38605814759156 78.30236133250197 49.99
      vertex 33.04769465589431 79.56515107494252 1.49
    endloop
  endfacet
  facet normal -0.9063077870366498 -0.42261826174069955 -3.332260374683474e-19
    outer loop
      vertex 32.49519052838329 80.75 1.49
      vertex 33.04769465589431 79.56515107494252 1.49
      vertex 33.04769465589431 79.56515107494252 49.99
    endloop
  endfacet
  facet normal 0.965925826289068 0.25881904510252174 -6.922427178435806e-20
    outer loop
      vertex 35.95230534410569 74.43484892505748 1.49
      vertex 35.61394185240844 75.69763866749803 1.49
      vertex 35.61394185240844 75.69763866749803 49.99
    endloop
  endfacet
  facet normal 0.9961946980917455 0.087155742747657 -1.215555676047937e-20
    outer loop
      vertex 35.61394185240844 75.69763866749803 1.49
      vertex 35.5 77 1.49
      vertex 35.5 77 49.99
    endloop
  endfacet
  facet normal 0.9961946980917455 -0.087155742747657 1.215555676047937e-20
    outer loop
      vertex 35.5 77 1.49
      vertex 35.61394185240844 78.30236133250197 1.49
      vertex 35.61394185240844 78.30236133250197 49.99
    endloop
  endfacet
  facet normal 0 1 0
    outer loop
      vertex 3 86 0
      vertex 49 86 50
      vertex 49 86 0
    endloop
  endfacet
  facet normal 0.965925826289068 -0.25881904510252174 6.922427178435806e-20
    outer loop
      vertex 35.61394185240844 78.30236133250197 1.49
      vertex 35.95230534410569 79.56515107494252 1.49
      vertex 35.95230534410569 79.56515107494252 49.99
    endloop
  endfacet
  facet normal 0.9063077870366498 -0.42261826174069955 3.332260374683474e-19
    outer loop
      vertex 35.95230534410569 79.56515107494252 1.49
      vertex 36.50480947161671 80.75 1.49
      vertex 36.50480947161671 80.75 49.99
    endloop
  endfacet
  facet normal 0.8191520442889938 -0.5735764363510435 2.1374263642644547e-19
    outer loop
      vertex 36.50480947161671 80.75 1.49
      vertex 37.25466667660766 81.82090707264905 1.49
      vertex 37.25466667660766 81.82090707264905 49.99
    endloop
  endfacet
  facet normal 0.7071067811865421 -0.7071067811865529 -1.7883384982204666e-19
    outer loop
      vertex 37.25466667660766 81.82090707264905 1.49
      vertex 38.17909292735096 82.74533332339233 1.49
      vertex 38.17909292735096 82.74533332339233 49.99
    endloop
  endfacet
  facet normal 0.5735764363510497 -0.8191520442889894 -5.791160080834396e-19
    outer loop
      vertex 38.17909292735096 82.74533332339233 1.49
      vertex 39.25 83.49519052838329 1.49
      vertex 39.25 83.49519052838329 49.99
    endloop
  endfacet
  facet normal 0 0 1
    outer loop
      vertex 39.25 36.50480947161671 1.49
      vertex 40.43484892505749 50.04769465589431 1.49
      vertex 39.25 49.49519052838329 1.49
    endloop
  endfacet
  facet normal 0 0 1
    outer loop
      vertex 40.43484892505749 35.95230534410569 1.49
      vertex 41.697638667498026 50.38605814759156 1.49
      vertex 40.43484892505749 50.04769465589431 1.49
    endloop
  endfacet
  facet normal 0 0 1
    outer loop
      vertex 41.697638667498026 35.61394185240844 1.49
      vertex 43 50.5 1.49
      vertex 41.697638667498026 50.38605814759156 1.49
    endloop
  endfacet
  facet normal 0 0 1
    outer loop
      vertex 43 35.5 1.49
      vertex 44.302361332501974 50.38605814759156 1.49
      vertex 43 50.5 1.49
    endloop
  endfacet
  facet normal 0 0 1
    outer loop
      vertex 44.302361332501974 35.61394185240844 1.49
      vertex 45.56515107494251 50.04769465589431 1.49
      vertex 44.302361332501974 50.38605814759156 1.49
    endloop
  endfacet
  facet normal 0 0 1
    outer loop
      vertex 39.25 53.50480947161671 1.49
      vertex 40.43484892505749 52.95230534410569 1.49
      vertex 40.43484892505749 67.04769465589432 1.49
    endloop
  endfacet
  facet normal 0 0 1
    outer loop
      vertex 40.43484892505749 52.95230534410569 1.49
      vertex 41.697638667498026 52.61394185240844 1.49
      vertex 41.697638667498026 67.38605814759156 1.49
    endloop
  endfacet
  facet normal 0 0 1
    outer loop
      vertex 39.25 53.50480947161671 1.49
      vertex 40.43484892505749 67.04769465589432 1.49
      vertex 39.25 66.49519052838329 1.49
    endloop
  endfacet
  facet normal 0 0 1
    outer loop
      vertex 40.43484892505749 52.95230534410569 1.49
      vertex 41.697638667498026 67.38605814759156 1.49
      vertex 40.43484892505749 67.04769465589432 1.49
    endloop
  endfacet
  facet normal 0 0 1
    outer loop
      vertex 41.697638667498026 52.61394185240844 1.49
      vertex 43 67.5 1.49
      vertex 41.697638667498026 67.38605814759156 1.49
    endloop
  endfacet
  facet normal 0 0 1
    outer loop
      vertex 41.697638667498026 52.61394185240844 1.49
      vertex 43 52.5 1.49
      vertex 43 67.5 1.49
    endloop
  endfacet
  facet normal 0 0 1
    outer loop
      vertex 43 52.5 1.49
      vertex 44.302361332501974 52.61394185240844 1.49
      vertex 44.302361332501974 67.38605814759156 1.49
    endloop
  endfacet
  facet normal 0 0 1
    outer loop
      vertex 44.302361332501974 52.61394185240844 1.49
      vertex 45.56515107494251 52.95230534410569 1.49
      vertex 45.56515107494251 67.04769465589432 1.49
    endloop
  endfacet
  facet normal 0 0 1
    outer loop
      vertex 43 52.5 1.49
      vertex 44.302361332501974 67.38605814759156 1.49
      vertex 43 67.5 1.49
    endloop
  endfacet
  facet normal 0 0 1
    outer loop
      vertex 44.302361332501974 52.61394185240844 1.49
      vertex 45.56515107494251 67.04769465589432 1.49
      vertex 44.302361332501974 67.38605814759156 1.49
    endloop
  endfacet
  facet normal 0 0 1
    outer loop
      vertex 45.56515107494251 35.95230534410569 1.49
      vertex 46.75 49.49519052838329 1.49
      vertex 45.56515107494251 50.04769465589431 1.49
    endloop
  endfacet
  facet normal 0 0 1
    outer loop
      vertex 46.75 36.50480947161671 1.49
      vertex 47.82090707264904 48.74533332339234 1.49
      vertex 46.75 49.49519052838329 1.49
    endloop
  endfacet
  facet normal 0 0 1
    outer loop
      vertex 47.82090707264904 37.25466667660766 1.49
      vertex 48.74533332339234 47.82090707264904 1.49
      vertex 47.82090707264904 48.74533332339234 1.49
    endloop
  endfacet
  facet normal 0 0 1
    outer loop
      vertex 48.74533332339234 38.17909292735096 1.49
      vertex 49.49519052838329 46.75 1.49
      vertex 48.74533332339234 47.82090707264904 1.49
    endloop
  endfacet
  facet normal 0 0 1
    outer loop
      vertex 49.49519052838329 39.25 1.49
      vertex 50.04769465589431 45.56515107494251 1.49
      vertex 49.49519052838329 46.75 1.49
    endloop
  endfacet
  facet normal 0 0 1
    outer loop
      vertex 50.04769465589431 40.43484892505749 1.49
      vertex 50.38605814759156 44.302361332501974 1.49
      vertex 50.04769465589431 45.56515107494251 1.49
    endloop
  endfacet
  facet normal 0 0 1
    outer loop
      vertex 50.38605814759156 41.697638667498026 1.49
      vertex 50.5 43 1.49
      vertex 50.38605814759156 44.302361332501974 1.49
    endloop
  endfacet
  facet normal 0 0 1
    outer loop
      vertex 45.56515107494251 52.95230534410569 1.49
      vertex 46.75 53.50480947161671 1.49
      vertex 46.75 66.49519052838329 1.49
    endloop
  endfacet
  facet normal 0 0 1
    outer loop
      vertex 46.75 53.50480947161671 1.49
      vertex 47.82090707264904 54.25466667660766 1.49
      vertex 47.82090707264904 65.74533332339233 1.49
    endloop
  endfacet
  facet normal 0 0 1
    outer loop
      vertex 47.82090707264904 54.25466667660766 1.49
      vertex 48.74533332339234 55.17909292735096 1.49
      vertex 48.74533332339234 64.82090707264905 1.49
    endloop
  endfacet
  facet normal 0 0 1
    outer loop
      vertex 45.56515107494251 52.95230534410569 1.49
      vertex 46.75 66.49519052838329 1.49
      vertex 45.56515107494251 67.04769465589432 1.49
    endloop
  endfacet
  facet normal 0 0 1
    outer loop
      vertex 46.75 53.50480947161671 1.49
      vertex 47.82090707264904 65.74533332339233 1.49
      vertex 46.75 66.49519052838329 1.49
    endloop
  endfacet
  facet normal 0 0 1
    outer loop
      vertex 47.82090707264904 54.25466667660766 1.49
      vertex 48.74533332339234 64.82090707264905 1.49
      vertex 47.82090707264904 65.74533332339233 1.49
    endloop
  endfacet
  facet normal 0 0 -1
    outer loop
      vertex 49.585270966048384 0.05764415879030871 0
      vertex 49 86 0
      vertex 49.585270966048384 85.94235584120969 0
    endloop
  endfacet
  facet normal 0 0 1
    outer loop
      vertex 48.74533332339234 55.17909292735096 1.49
      vertex 49.49519052838329 56.25 1.49
      vertex 49.49519052838329 63.75 1.49
    endloop
  endfacet
  facet normal 0 0 -1
    outer loop
      vertex 50.14805029709527 0.22836140246614 0
      vertex 49.585270966048384 85.94235584120969 0
      vertex 50.14805029709527 85.77163859753387 0
    endloop
  endfacet
  facet normal 0 0 1
    outer loop
      vertex 49.49519052838329 56.25 1.49
      vertex 50.04769465589431 57.43484892505749 1.49
      vertex 50.04769465589431 62.56515107494251 1.49
    endloop
  endfacet
  facet normal 0 0 -1
    outer loop
      vertex 50.666710699058804 0.5055911630923644 0
      vertex 50.14805029709527 85.77163859753387 0
      vertex 50.666710699058804 85.49440883690764 0
    endloop
  endfacet
  facet normal 0 0 -1
    outer loop
      vertex 51.121320343559645 0.8786796564403572 0
      vertex 50.666710699058804 85.49440883690764 0
      vertex 51.121320343559645 85.12132034355965 0
    endloop
  endfacet
  facet normal 0 0 -1
    outer loop
      vertex 51.49440883690764 1.3332893009411935 0
      vertex 51.121320343559645 85.12132034355965 0
      vertex 51.49440883690764 84.66671069905881 0
    endloop
  endfacet
  facet normal 0 0 -1
    outer loop
      vertex 51.77163859753386 1.8519497029047307 0
      vertex 51.49440883690764 84.66671069905881 0
      vertex 51.77163859753386 84.14805029709527 0
    endloop
  endfacet
  facet normal 0 0 -1
    outer loop
      vertex 51.94235584120969 2.414729033951615 0
      vertex 51.77163859753386 84.14805029709527 0
      vertex 51.94235584120969 83.58527096604838 0
    endloop
  endfacet
  facet normal 0 0 -1
    outer loop
      vertex 52 3 0
      vertex 51.94235584120969 83.58527096604838 0
      vertex 52 83 0
    endloop
  endfacet
  facet normal 0 0 1
    outer loop
      vertex 48.74533332339234 55.17909292735096 1.49
      vertex 49.49519052838329 63.75 1.49
      vertex 48.74533332339234 64.82090707264905 1.49
    endloop
  endfacet
  facet normal 0 0 1
    outer loop
      vertex 50.04769465589431 57.43484892505749 1.49
      vertex 50.38605814759156 58.697638667498026 1.49
      vertex 50.38605814759156 61.302361332501974 1.49
    endloop
  endfacet
  facet normal 0 0 1
    outer loop
      vertex 50.04769465589431 57.43484892505749 1.49
      vertex 50.38605814759156 61.302361332501974 1.49
      vertex 50.04769465589431 62.56515107494251 1.49
    endloop
  endfacet
  facet normal 0 0 1
    outer loop
      vertex 49.49519052838329 56.25 1.49
      vertex 50.04769465589431 62.56515107494251 1.49
      vertex 49.49519052838329 63.75 1.49
    endloop
  endfacet
  facet normal 0 0 1
    outer loop
      vertex 50.38605814759156 58.697638667498026 1.49
      vertex 50.5 60 1.49
      vertex 50.38605814759156 61.302361332501974 1.49
    endloop
  endfacet
  facet normal 0.4226182617406975 -0.9063077870366508 -7.869387211975802e-19
    outer loop
      vertex 39.25 49.49519052838329 1.49
      vertex 40.43484892505749 50.04769465589431 1.49
      vertex 40.43484892505749 50.04769465589431 49.99
    endloop
  endfacet
  facet normal 0.4226182617406975 0.9063077870366508 0
    outer loop
      vertex 39.25 53.50480947161671 1.49
      vertex 39.25 53.50480947161671 49.99
      vertex 40.43484892505749 52.95230534410569 1.49
    endloop
  endfacet
  facet normal 0.2588190451025231 -0.9659258262890678 -2.0263898048032175e-19
    outer loop
      vertex 40.43484892505749 50.04769465589431 1.49
      vertex 41.697638667498026 50.38605814759156 1.49
      vertex 41.697638667498026 50.38605814759156 49.99
    endloop
  endfacet
  facet normal 0.2588190451025231 0.9659258262890678 0
    outer loop
      vertex 40.43484892505749 52.95230534410569 1.49
      vertex 40.43484892505749 52.95230534410569 49.99
      vertex 41.697638667498026 52.61394185240844 1.49
    endloop
  endfacet
  facet normal 0.087155742747657 0.9961946980917455 0
    outer loop
      vertex 41.697638667498026 52.61394185240844 1.49
      vertex 41.697638667498026 52.61394185240844 49.99
      vertex 43 52.5 1.49
    endloop
  endfacet
  facet normal 0.087155742747657 -0.9961946980917455 1.215555676047937e-20
    outer loop
      vertex 41.697638667498026 50.38605814759156 1.49
      vertex 43 50.5 1.49
      vertex 43 50.5 49.99
    endloop
  endfacet
  facet normal -0.087155742747657 -0.9961946980917455 -1.215555676047937e-20
    outer loop
      vertex 43 50.5 1.49
      vertex 44.302361332501974 50.38605814759156 1.49
      vertex 44.302361332501974 50.38605814759156 49.99
    endloop
  endfacet
  facet normal -0.087155742747657 0.9961946980917455 0
    outer loop
      vertex 43 52.5 1.49
      vertex 43 52.5 49.99
      vertex 44.302361332501974 52.61394185240844 1.49
    endloop
  endfacet
  facet normal -0.2588190451025231 -0.9659258262890678 2.0263898048032175e-19
    outer loop
      vertex 44.302361332501974 50.38605814759156 1.49
      vertex 45.56515107494251 50.04769465589431 1.49
      vertex 45.56515107494251 50.04769465589431 49.99
    endloop
  endfacet
  facet normal -0.2588190451025231 0.9659258262890678 0
    outer loop
      vertex 44.302361332501974 52.61394185240844 1.49
      vertex 44.302361332501974 52.61394185240844 49.99
      vertex 45.56515107494251 52.95230534410569 1.49
    endloop
  endfacet
  facet normal -0.7071067811865476 -0.7071067811865476 0
    outer loop
      vertex 48.74533332339234 47.82090707264904 1.49
      vertex 48.74533332339234 47.82090707264904 49.99
      vertex 47.82090707264904 48.74533332339234 1.49
    endloop
  endfacet
  facet normal -0.4226182617406975 -0.9063077870366508 7.869387211975802e-19
    outer loop
      vertex 45.56515107494251 50.04769465589431 1.49
      vertex 46.75 49.49519052838329 1.49
      vertex 46.75 49.49519052838329 49.99
    endloop
  endfacet
  facet normal -0.4226182617406975 0.9063077870366508 0
    outer loop
      vertex 45.56515107494251 52.95230534410569 1.49
      vertex 45.56515107494251 52.95230534410569 49.99
      vertex 46.75 53.50480947161671 1.49
    endloop
  endfacet
  facet normal -0.573576436351046 -0.8191520442889919 -2.2974463495379678e-19
    outer loop
      vertex 46.75 49.49519052838329 1.49
      vertex 47.82090707264904 48.74533332339234 1.49
      vertex 47.82090707264904 48.74533332339234 49.99
    endloop
  endfacet
  facet normal -0.9659258262890678 -0.2588190451025231 0
    outer loop
      vertex 50.38605814759156 44.302361332501974 1.49
      vertex 50.38605814759156 44.302361332501974 49.99
      vertex 50.04769465589431 45.56515107494251 1.49
    endloop
  endfacet
  facet normal -0.8191520442889919 -0.573576436351046 -2.2974463495379678e-19
    outer loop
      vertex 48.74533332339234 47.82090707264904 1.49
      vertex 49.49519052838329 46.75 1.49
      vertex 49.49519052838329 46.75 49.99
    endloop
  endfacet
  facet normal -0.9063077870366508 -0.4226182617406975 0
    outer loop
      vertex 50.04769465589431 45.56515107494251 1.49
      vertex 50.04769465589431 45.56515107494251 49.99
      vertex 49.49519052838329 46.75 1.49
    endloop
  endfacet
  facet normal -0.9961946980917455 -0.087155742747657 -1.215555676047937e-20
    outer loop
      vertex 50.38605814759156 44.302361332501974 1.49
      vertex 50.5 43 1.49
      vertex 50.5 43 49.99
    endloop
  endfacet
  facet normal -0.573576436351046 0.8191520442889919 0
    outer loop
      vertex 46.75 53.50480947161671 1.49
      vertex 46.75 53.50480947161671 49.99
      vertex 47.82090707264904 54.25466667660766 1.49
    endloop
  endfacet
  facet normal -0.7071067811865476 0.7071067811865476 0
    outer loop
      vertex 47.82090707264904 54.25466667660766 1.49
      vertex 47.82090707264904 54.25466667660766 49.99
      vertex 48.74533332339234 55.17909292735096 1.49
    endloop
  endfacet
  facet normal -0.8191520442889919 0.573576436351046 0
    outer loop
      vertex 48.74533332339234 55.17909292735096 1.49
      vertex 48.74533332339234 55.17909292735096 49.99
      vertex 49.49519052838329 56.25 1.49
    endloop
  endfacet
  facet normal -0.9063077870366508 0.4226182617406975 0
    outer loop
      vertex 49.49519052838329 56.25 1.49
      vertex 49.49519052838329 56.25 49.99
      vertex 50.04769465589431 57.43484892505749 1.49
    endloop
  endfacet
  facet normal -0.9659258262890678 0.2588190451025231 0
    outer loop
      vertex 50.04769465589431 57.43484892505749 1.49
      vertex 50.04769465589431 57.43484892505749 49.99
      vertex 50.38605814759156 58.697638667498026 1.49
    endloop
  endfacet
  facet normal -0.9659258262890678 -0.2588190451025231 0
    outer loop
      vertex 50.38605814759156 61.302361332501974 1.49
      vertex 50.38605814759156 61.302361332501974 49.99
      vertex 50.04769465589431 62.56515107494251 1.49
    endloop
  endfacet
  facet normal -0.8191520442889938 -0.5735764363510435 0
    outer loop
      vertex 49.49519052838329 63.75 1.49
      vertex 49.49519052838329 63.75 49.99
      vertex 48.74533332339234 64.82090707264905 1.49
    endloop
  endfacet
  facet normal -0.9063077870366508 -0.4226182617406975 7.869387211975802e-19
    outer loop
      vertex 49.49519052838329 63.75 1.49
      vertex 50.04769465589431 62.56515107494251 1.49
      vertex 50.04769465589431 62.56515107494251 49.99
    endloop
  endfacet
  facet normal -0.9961946980917455 0.087155742747657 0
    outer loop
      vertex 50.38605814759156 58.697638667498026 1.49
      vertex 50.38605814759156 58.697638667498026 49.99
      vertex 50.5 60 1.49
    endloop
  endfacet
  facet normal -0.9961946980917455 -0.087155742747657 0
    outer loop
      vertex 50.5 60 1.49
      vertex 50.5 60 49.99
      vertex 50.38605814759156 61.302361332501974 1.49
    endloop
  endfacet
  facet normal 0 0 1
    outer loop
      vertex 40.43484892505749 69.95230534410568 1.49
      vertex 40.43484892505749 84.04769465589432 1.49
      vertex 39.25 70.50480947161671 1.49
    endloop
  endfacet
  facet normal 0 0 1
    outer loop
      vertex 40.43484892505749 69.95230534410568 1.49
      vertex 41.697638667498026 69.61394185240844 1.49
      vertex 41.697638667498026 84.38605814759156 1.49
    endloop
  endfacet
  facet normal 0 0 1
    outer loop
      vertex 41.697638667498026 69.61394185240844 1.49
      vertex 43 69.5 1.49
      vertex 43 84.5 1.49
    endloop
  endfacet
  facet normal 0 0 1
    outer loop
      vertex 43 69.5 1.49
      vertex 44.302361332501974 69.61394185240844 1.49
      vertex 44.302361332501974 84.38605814759156 1.49
    endloop
  endfacet
  facet normal 0 0 1
    outer loop
      vertex 44.302361332501974 69.61394185240844 1.49
      vertex 45.56515107494251 69.95230534410568 1.49
      vertex 45.56515107494251 84.04769465589432 1.49
    endloop
  endfacet
  facet normal 0 0 1
    outer loop
      vertex 39.25 70.50480947161671 1.49
      vertex 40.43484892505749 84.04769465589432 1.49
      vertex 39.25 83.49519052838329 1.49
    endloop
  endfacet
  facet normal 0 0 1
    outer loop
      vertex 40.43484892505749 69.95230534410568 1.49
      vertex 41.697638667498026 84.38605814759156 1.49
      vertex 40.43484892505749 84.04769465589432 1.49
    endloop
  endfacet
  facet normal 0 0 1
    outer loop
      vertex 41.697638667498026 69.61394185240844 1.49
      vertex 43 84.5 1.49
      vertex 41.697638667498026 84.38605814759156 1.49
    endloop
  endfacet
  facet normal 0 0 1
    outer loop
      vertex 43 69.5 1.49
      vertex 44.302361332501974 84.38605814759156 1.49
      vertex 43 84.5 1.49
    endloop
  endfacet
  facet normal 0 0 1
    outer loop
      vertex 44.302361332501974 69.61394185240844 1.49
      vertex 45.56515107494251 84.04769465589432 1.49
      vertex 44.302361332501974 84.38605814759156 1.49
    endloop
  endfacet
  facet normal 0 0 1
    outer loop
      vertex 45.56515107494251 69.95230534410568 1.49
      vertex 46.75 70.50480947161671 1.49
      vertex 46.75 83.49519052838329 1.49
    endloop
  endfacet
  facet normal 0 0 1
    outer loop
      vertex 46.75 70.50480947161671 1.49
      vertex 47.82090707264904 71.25466667660767 1.49
      vertex 47.82090707264904 82.74533332339233 1.49
    endloop
  endfacet
  facet normal 0 0 1
    outer loop
      vertex 47.82090707264904 71.25466667660767 1.49
      vertex 48.74533332339234 72.17909292735095 1.49
      vertex 48.74533332339234 81.82090707264905 1.49
    endloop
  endfacet
  facet normal 0 0 1
    outer loop
      vertex 45.56515107494251 69.95230534410568 1.49
      vertex 46.75 83.49519052838329 1.49
      vertex 45.56515107494251 84.04769465589432 1.49
    endloop
  endfacet
  facet normal 0 0 1
    outer loop
      vertex 46.75 70.50480947161671 1.49
      vertex 47.82090707264904 82.74533332339233 1.49
      vertex 46.75 83.49519052838329 1.49
    endloop
  endfacet
  facet normal 0 0 1
    outer loop
      vertex 47.82090707264904 71.25466667660767 1.49
      vertex 48.74533332339234 81.82090707264905 1.49
      vertex 47.82090707264904 82.74533332339233 1.49
    endloop
  endfacet
  facet normal 0 0 1
    outer loop
      vertex 48.74533332339234 72.17909292735095 1.49
      vertex 49.49519052838329 73.25 1.49
      vertex 49.49519052838329 80.75 1.49
    endloop
  endfacet
  facet normal 0 0 1
    outer loop
      vertex 49.49519052838329 73.25 1.49
      vertex 50.04769465589431 74.43484892505748 1.49
      vertex 50.04769465589431 79.56515107494252 1.49
    endloop
  endfacet
  facet normal 0 0 1
    outer loop
      vertex 50.04769465589431 74.43484892505748 1.49
      vertex 50.38605814759156 75.69763866749803 1.49
      vertex 50.38605814759156 78.30236133250197 1.49
    endloop
  endfacet
  facet normal 0 0 1
    outer loop
      vertex 49.49519052838329 73.25 1.49
      vertex 50.04769465589431 79.56515107494252 1.49
      vertex 49.49519052838329 80.75 1.49
    endloop
  endfacet
  facet normal 0 0 1
    outer loop
      vertex 50.04769465589431 74.43484892505748 1.49
      vertex 50.38605814759156 78.30236133250197 1.49
      vertex 50.04769465589431 79.56515107494252 1.49
    endloop
  endfacet
  facet normal 0 0 1
    outer loop
      vertex 48.74533332339234 72.17909292735095 1.49
      vertex 49.49519052838329 80.75 1.49
      vertex 48.74533332339234 81.82090707264905 1.49
    endloop
  endfacet
  facet normal 0 0 1
    outer loop
      vertex 50.38605814759156 75.69763866749803 1.49
      vertex 50.5 77 1.49
      vertex 50.38605814759156 78.30236133250197 1.49
    endloop
  endfacet
  facet normal 0.42261826174070194 -0.9063077870366487 6.669547380270691e-19
    outer loop
      vertex 39.25 66.49519052838329 1.49
      vertex 40.43484892505749 67.04769465589432 1.49
      vertex 40.43484892505749 67.04769465589432 49.99
    endloop
  endfacet
  facet normal 0.2588190451025129 -0.9659258262890703 4.3281442358242846e-19
    outer loop
      vertex 40.43484892505749 67.04769465589432 1.49
      vertex 41.697638667498026 67.38605814759156 1.49
      vertex 41.697638667498026 67.38605814759156 49.99
    endloop
  endfacet
  facet normal 0.2588190451025129 0.9659258262890703 0
    outer loop
      vertex 40.43484892505749 69.95230534410568 1.49
      vertex 40.43484892505749 69.95230534410568 49.99
      vertex 41.697638667498026 69.61394185240844 1.49
    endloop
  endfacet
  facet normal 0.0871557427476624 0.9961946980917451 0
    outer loop
      vertex 41.697638667498026 69.61394185240844 1.49
      vertex 41.697638667498026 69.61394185240844 49.99
      vertex 43 69.5 1.49
    endloop
  endfacet
  facet normal 0.42261826174070194 0.9063077870366487 -6.669547380270691e-19
    outer loop
      vertex 40.43484892505749 69.95230534410568 1.49
      vertex 39.25 70.50480947161671 1.49
      vertex 39.25 70.50480947161671 49.99
    endloop
  endfacet
  facet normal 0.0871557427476624 -0.9961946980917451 1.8922391537022368e-19
    outer loop
      vertex 41.697638667498026 67.38605814759156 1.49
      vertex 43 67.5 1.49
      vertex 43 67.5 49.99
    endloop
  endfacet
  facet normal -0.0871557427476624 -0.9961946980917451 -1.8922391537022368e-19
    outer loop
      vertex 43 67.5 1.49
      vertex 44.302361332501974 67.38605814759156 1.49
      vertex 44.302361332501974 67.38605814759156 49.99
    endloop
  endfacet
  facet normal -0.0871557427476624 0.9961946980917451 0
    outer loop
      vertex 43 69.5 1.49
      vertex 43 69.5 49.99
      vertex 44.302361332501974 69.61394185240844 1.49
    endloop
  endfacet
  facet normal -0.2588190451025129 -0.9659258262890703 -4.3281442358242846e-19
    outer loop
      vertex 44.302361332501974 67.38605814759156 1.49
      vertex 45.56515107494251 67.04769465589432 1.49
      vertex 45.56515107494251 67.04769465589432 49.99
    endloop
  endfacet
  facet normal -0.2588190451025129 0.9659258262890703 0
    outer loop
      vertex 44.302361332501974 69.61394185240844 1.49
      vertex 44.302361332501974 69.61394185240844 49.99
      vertex 45.56515107494251 69.95230534410568 1.49
    endloop
  endfacet
  facet normal 0.42261826174070194 -0.9063077870366487 6.669547380270691e-19
    outer loop
      vertex 39.25 83.49519052838329 1.49
      vertex 40.43484892505749 84.04769465589432 1.49
      vertex 40.43484892505749 84.04769465589432 49.99
    endloop
  endfacet
  facet normal 0.2588190451025129 -0.9659258262890703 4.3281442358242846e-19
    outer loop
      vertex 40.43484892505749 84.04769465589432 1.49
      vertex 41.697638667498026 84.38605814759156 1.49
      vertex 41.697638667498026 84.38605814759156 49.99
    endloop
  endfacet
  facet normal 0.0871557427476624 -0.9961946980917451 1.8922391537022368e-19
    outer loop
      vertex 41.697638667498026 84.38605814759156 1.49
      vertex 43 84.5 1.49
      vertex 43 84.5 49.99
    endloop
  endfacet
  facet normal -0.0871557427476624 -0.9961946980917451 -1.8922391537022368e-19
    outer loop
      vertex 43 84.5 1.49
      vertex 44.302361332501974 84.38605814759156 1.49
      vertex 44.302361332501974 84.38605814759156 49.99
    endloop
  endfacet
  facet normal -0.2588190451025129 -0.9659258262890703 -4.3281442358242846e-19
    outer loop
      vertex 44.302361332501974 84.38605814759156 1.49
      vertex 45.56515107494251 84.04769465589432 1.49
      vertex 45.56515107494251 84.04769465589432 49.99
    endloop
  endfacet
  facet normal -0.42261826174070194 -0.9063077870366487 -6.669547380270691e-19
    outer loop
      vertex 45.56515107494251 67.04769465589432 1.49
      vertex 46.75 66.49519052838329 1.49
      vertex 46.75 66.49519052838329 49.99
    endloop
  endfacet
  facet normal -0.5735764363510497 -0.8191520442889894 5.791160080834396e-19
    outer loop
      vertex 46.75 66.49519052838329 1.49
      vertex 47.82090707264904 65.74533332339233 1.49
      vertex 47.82090707264904 65.74533332339233 49.99
    endloop
  endfacet
  facet normal -0.7071067811865421 -0.7071067811865529 1.7883384982204666e-19
    outer loop
      vertex 47.82090707264904 65.74533332339233 1.49
      vertex 48.74533332339234 64.82090707264905 1.49
      vertex 48.74533332339234 64.82090707264905 49.99
    endloop
  endfacet
  facet normal -0.42261826174070194 0.9063077870366487 0
    outer loop
      vertex 45.56515107494251 69.95230534410568 1.49
      vertex 45.56515107494251 69.95230534410568 49.99
      vertex 46.75 70.50480947161671 1.49
    endloop
  endfacet
  facet normal -0.5735764363510497 0.8191520442889894 0
    outer loop
      vertex 46.75 70.50480947161671 1.49
      vertex 46.75 70.50480947161671 49.99
      vertex 47.82090707264904 71.25466667660767 1.49
    endloop
  endfacet
  facet normal -0.7071067811865421 0.7071067811865529 0
    outer loop
      vertex 47.82090707264904 71.25466667660767 1.49
      vertex 47.82090707264904 71.25466667660767 49.99
      vertex 48.74533332339234 72.17909292735095 1.49
    endloop
  endfacet
  facet normal -0.8191520442889938 0.5735764363510435 0
    outer loop
      vertex 48.74533332339234 72.17909292735095 1.49
      vertex 48.74533332339234 72.17909292735095 49.99
      vertex 49.49519052838329 73.25 1.49
    endloop
  endfacet
  facet normal -0.9063077870366498 0.42261826174069955 0
    outer loop
      vertex 49.49519052838329 73.25 1.49
      vertex 49.49519052838329 73.25 49.99
      vertex 50.04769465589431 74.43484892505748 1.49
    endloop
  endfacet
  facet normal -0.965925826289068 0.25881904510252174 0
    outer loop
      vertex 50.04769465589431 74.43484892505748 1.49
      vertex 50.04769465589431 74.43484892505748 49.99
      vertex 50.38605814759156 75.69763866749803 1.49
    endloop
  endfacet
  facet normal -0.42261826174070194 -0.9063077870366487 -6.669547380270691e-19
    outer loop
      vertex 45.56515107494251 84.04769465589432 1.49
      vertex 46.75 83.49519052838329 1.49
      vertex 46.75 83.49519052838329 49.99
    endloop
  endfacet
  facet normal -0.5735764363510497 -0.8191520442889894 5.791160080834396e-19
    outer loop
      vertex 46.75 83.49519052838329 1.49
      vertex 47.82090707264904 82.74533332339233 1.49
      vertex 47.82090707264904 82.74533332339233 49.99
    endloop
  endfacet
  facet normal -0.7071067811865421 -0.7071067811865529 1.7883384982204666e-19
    outer loop
      vertex 47.82090707264904 82.74533332339233 1.49
      vertex 48.74533332339234 81.82090707264905 1.49
      vertex 48.74533332339234 81.82090707264905 49.99
    endloop
  endfacet
  facet normal -0.965925826289068 -0.25881904510252174 0
    outer loop
      vertex 50.38605814759156 78.30236133250197 1.49
      vertex 50.38605814759156 78.30236133250197 49.99
      vertex 50.04769465589431 79.56515107494252 1.49
    endloop
  endfacet
  facet normal -0.9063077870366498 -0.42261826174069955 -3.332260374683474e-19
    outer loop
      vertex 49.49519052838329 80.75 1.49
      vertex 50.04769465589431 79.56515107494252 1.49
      vertex 50.04769465589431 79.56515107494252 49.99
    endloop
  endfacet
  facet normal -0.9961946980917455 0.087155742747657 0
    outer loop
      vertex 50.38605814759156 75.69763866749803 1.49
      vertex 50.38605814759156 75.69763866749803 49.99
      vertex 50.5 77 1.49
    endloop
  endfacet
  facet normal -0.9961946980917455 -0.087155742747657 -1.215555676047937e-20
    outer loop
      vertex 50.38605814759156 78.30236133250197 1.49
      vertex 50.5 77 1.49
      vertex 50.5 77 49.99
    endloop
  endfacet
  facet normal -0.8191520442889938 -0.5735764363510435 -2.1374263642644547e-19
    outer loop
      vertex 48.74533332339234 81.82090707264905 1.49
      vertex 49.49519052838329 80.75 1.49
      vertex 49.49519052838329 80.75 49.99
    endloop
  endfacet
  facet normal 0.09801714032956384 0.9951847266721966 -6.27662192377114e-20
    outer loop
      vertex 49 86 0
      vertex 49.585270966048384 85.94235584120969 50
      vertex 49.585270966048384 85.94235584120969 0
    endloop
  endfacet
  facet normal 0.2902846772544523 0.9569403357322119 2.0225769175547262e-19
    outer loop
      vertex 49.585270966048384 85.94235584120969 0
      vertex 50.14805029709527 85.77163859753387 50
      vertex 50.14805029709527 85.77163859753387 0
    endloop
  endfacet
  facet normal 0.9951847266721966 0.09801714032956384 0
    outer loop
      vertex 52 83 0
      vertex 51.94235584120969 83.58527096604838 0
      vertex 52 83 50
    endloop
  endfacet
  facet normal 0.47139673682600136 0.881921264348353 3.348333604770632e-19
    outer loop
      vertex 50.14805029709527 85.77163859753387 0
      vertex 50.666710699058804 85.49440883690764 50
      vertex 50.666710699058804 85.49440883690764 0
    endloop
  endfacet
  facet normal 0.6343932841636403 0.7730104533627411 -4.317653727258141e-20
    outer loop
      vertex 50.666710699058804 85.49440883690764 0
      vertex 51.121320343559645 85.12132034355965 50
      vertex 51.121320343559645 85.12132034355965 0
    endloop
  endfacet
  facet normal 0.9569403357322086 0.29028467725446333 0
    outer loop
      vertex 51.94235584120969 83.58527096604838 0
      vertex 51.77163859753386 84.14805029709527 0
      vertex 51.94235584120969 83.58527096604838 50
    endloop
  endfacet
  facet normal 0.8819212643483608 0.47139673682598693 0
    outer loop
      vertex 51.77163859753386 84.14805029709527 0
      vertex 51.49440883690764 84.66671069905881 0
      vertex 51.77163859753386 84.14805029709527 50
    endloop
  endfacet
  facet normal 0.7730104533627363 0.6343932841636463 4.388311302491472e-19
    outer loop
      vertex 51.121320343559645 85.12132034355965 0
      vertex 51.49440883690764 84.66671069905881 50
      vertex 51.49440883690764 84.66671069905881 0
    endloop
  endfacet
  facet normal -0.08715574274765678 -0.9961946980917457 0
    outer loop
      vertex 26 50.5 1.49
      vertex 27.302361332501977 50.38605814759156 49.99
      vertex 26 50.5 49.99
    endloop
  endfacet
  facet normal -0.08715574274765678 0.9961946980917457 0
    outer loop
      vertex 27.302361332501977 52.61394185240844 1.49
      vertex 26 52.5 49.99
      vertex 27.302361332501977 52.61394185240844 49.99
    endloop
  endfacet
  facet normal -0.2588190451025231 -0.9659258262890678 0
    outer loop
      vertex 27.302361332501977 50.38605814759156 1.49
      vertex 28.565151074942516 50.04769465589431 49.99
      vertex 27.302361332501977 50.38605814759156 49.99
    endloop
  endfacet
  facet normal -0.42261826174069855 -0.9063077870366504 0
    outer loop
      vertex 28.565151074942516 50.04769465589431 1.49
      vertex 29.75 49.49519052838329 49.99
      vertex 28.565151074942516 50.04769465589431 49.99
    endloop
  endfacet
  facet normal -0.2588190451025231 0.9659258262890678 0
    outer loop
      vertex 28.565151074942516 52.95230534410569 1.49
      vertex 27.302361332501977 52.61394185240844 49.99
      vertex 28.565151074942516 52.95230534410569 49.99
    endloop
  endfacet
  facet normal -0.8191520442889906 -0.5735764363510478 0
    outer loop
      vertex 31.745333323392334 47.82090707264904 1.49
      vertex 32.49519052838329 46.75 49.99
      vertex 31.745333323392334 47.82090707264904 49.99
    endloop
  endfacet
  facet normal -0.573576436351046 -0.8191520442889919 0
    outer loop
      vertex 29.75 49.49519052838329 1.49
      vertex 30.820907072649042 48.74533332339234 49.99
      vertex 29.75 49.49519052838329 49.99
    endloop
  endfacet
  facet normal -0.42261826174069855 0.9063077870366504 0
    outer loop
      vertex 29.75 53.50480947161671 1.49
      vertex 28.565151074942516 52.95230534410569 49.99
      vertex 29.75 53.50480947161671 49.99
    endloop
  endfacet
  facet normal -0.7071067811865488 -0.7071067811865461 0
    outer loop
      vertex 30.820907072649042 48.74533332339234 1.49
      vertex 31.745333323392334 47.82090707264904 49.99
      vertex 30.820907072649042 48.74533332339234 49.99
    endloop
  endfacet
  facet normal -0.573576436351046 0.8191520442889919 0
    outer loop
      vertex 30.820907072649042 54.25466667660766 1.49
      vertex 29.75 53.50480947161671 49.99
      vertex 30.820907072649042 54.25466667660766 49.99
    endloop
  endfacet
  facet normal -0.7071067811865488 0.7071067811865461 0
    outer loop
      vertex 31.745333323392334 55.17909292735096 1.49
      vertex 30.820907072649042 54.25466667660766 49.99
      vertex 31.745333323392334 55.17909292735096 49.99
    endloop
  endfacet
  facet normal -0.8191520442889906 0.5735764363510478 0
    outer loop
      vertex 32.49519052838329 56.25 1.49
      vertex 31.745333323392334 55.17909292735096 49.99
      vertex 32.49519052838329 56.25 49.99
    endloop
  endfacet
  facet normal -0.8191520442889924 -0.5735764363510454 0
    outer loop
      vertex 31.745333323392334 64.82090707264905 1.49
      vertex 32.49519052838329 63.75 49.99
      vertex 31.745333323392334 64.82090707264905 49.99
    endloop
  endfacet
  facet normal -0.9659258262890678 -0.2588190451025231 0
    outer loop
      vertex 33.04769465589431 45.56515107494251 1.49
      vertex 33.38605814759156 44.302361332501974 49.99
      vertex 33.04769465589431 45.56515107494251 49.99
    endloop
  endfacet
  facet normal -0.9961946980917455 -0.087155742747657 0
    outer loop
      vertex 33.38605814759156 44.302361332501974 1.49
      vertex 33.5 43 49.99
      vertex 33.38605814759156 44.302361332501974 49.99
    endloop
  endfacet
  facet normal -0.9063077870366508 -0.4226182617406975 0
    outer loop
      vertex 32.49519052838329 46.75 1.49
      vertex 33.04769465589431 45.56515107494251 49.99
      vertex 32.49519052838329 46.75 49.99
    endloop
  endfacet
  facet normal 0.9961946980917455 -0.087155742747657 0
    outer loop
      vertex 35.5 43 1.49
      vertex 35.61394185240844 44.302361332501974 49.99
      vertex 35.5 43 49.99
    endloop
  endfacet
  facet normal 0.9659258262890678 -0.2588190451025231 0
    outer loop
      vertex 35.61394185240844 44.302361332501974 1.49
      vertex 35.95230534410569 45.56515107494251 49.99
      vertex 35.61394185240844 44.302361332501974 49.99
    endloop
  endfacet
  facet normal 0.9063077870366508 -0.4226182617406975 0
    outer loop
      vertex 35.95230534410569 45.56515107494251 1.49
      vertex 36.50480947161671 46.75 49.99
      vertex 35.95230534410569 45.56515107494251 49.99
    endloop
  endfacet
  facet normal 0.8191520442889919 -0.573576436351046 0
    outer loop
      vertex 36.50480947161671 46.75 1.49
      vertex 37.25466667660766 47.82090707264904 49.99
      vertex 36.50480947161671 46.75 49.99
    endloop
  endfacet
  facet normal 0.7071067811865476 -0.7071067811865476 0
    outer loop
      vertex 37.25466667660766 47.82090707264904 1.49
      vertex 38.17909292735096 48.74533332339234 49.99
      vertex 37.25466667660766 47.82090707264904 49.99
    endloop
  endfacet
  facet normal 0.573576436351046 -0.8191520442889919 0
    outer loop
      vertex 38.17909292735096 48.74533332339234 1.49
      vertex 39.25 49.49519052838329 49.99
      vertex 38.17909292735096 48.74533332339234 49.99
    endloop
  endfacet
  facet normal -0.9063077870366508 0.4226182617406975 0
    outer loop
      vertex 33.04769465589431 57.43484892505749 1.49
      vertex 32.49519052838329 56.25 49.99
      vertex 33.04769465589431 57.43484892505749 49.99
    endloop
  endfacet
  facet normal -0.9659258262890678 0.2588190451025231 0
    outer loop
      vertex 33.38605814759156 58.697638667498026 1.49
      vertex 33.04769465589431 57.43484892505749 49.99
      vertex 33.38605814759156 58.697638667498026 49.99
    endloop
  endfacet
  facet normal -0.9961946980917455 0.087155742747657 0
    outer loop
      vertex 33.5 60 1.49
      vertex 33.38605814759156 58.697638667498026 49.99
      vertex 33.5 60 49.99
    endloop
  endfacet
  facet normal -0.9961946980917455 -0.087155742747657 0
    outer loop
      vertex 33.38605814759156 61.302361332501974 1.49
      vertex 33.5 60 49.99
      vertex 33.38605814759156 61.302361332501974 49.99
    endloop
  endfacet
  facet normal -0.9659258262890678 -0.2588190451025231 0
    outer loop
      vertex 33.04769465589431 62.56515107494251 1.49
      vertex 33.38605814759156 61.302361332501974 49.99
      vertex 33.04769465589431 62.56515107494251 49.99
    endloop
  endfacet
  facet normal -0.9063077870366508 -0.4226182617406975 0
    outer loop
      vertex 32.49519052838329 63.75 1.49
      vertex 33.04769465589431 62.56515107494251 49.99
      vertex 32.49519052838329 63.75 49.99
    endloop
  endfacet
  facet normal 0.9961946980917455 0.087155742747657 0
    outer loop
      vertex 35.61394185240844 58.697638667498026 1.49
      vertex 35.5 60 49.99
      vertex 35.61394185240844 58.697638667498026 49.99
    endloop
  endfacet
  facet normal 0.9961946980917455 -0.087155742747657 0
    outer loop
      vertex 35.5 60 1.49
      vertex 35.61394185240844 61.302361332501974 49.99
      vertex 35.5 60 49.99
    endloop
  endfacet
  facet normal 0.9659258262890678 -0.2588190451025231 0
    outer loop
      vertex 35.61394185240844 61.302361332501974 1.49
      vertex 35.95230534410569 62.56515107494251 49.99
      vertex 35.61394185240844 61.302361332501974 49.99
    endloop
  endfacet
  facet normal 0.8191520442889919 0.573576436351046 0
    outer loop
      vertex 37.25466667660766 55.17909292735096 1.49
      vertex 36.50480947161671 56.25 49.99
      vertex 37.25466667660766 55.17909292735096 49.99
    endloop
  endfacet
  facet normal 0.9063077870366508 0.4226182617406975 0
    outer loop
      vertex 36.50480947161671 56.25 1.49
      vertex 35.95230534410569 57.43484892505749 49.99
      vertex 36.50480947161671 56.25 49.99
    endloop
  endfacet
  facet normal 0.9659258262890678 0.2588190451025231 0
    outer loop
      vertex 35.95230534410569 57.43484892505749 1.49
      vertex 35.61394185240844 58.697638667498026 49.99
      vertex 35.95230534410569 57.43484892505749 49.99
    endloop
  endfacet
  facet normal 0.7071067811865476 0.7071067811865476 0
    outer loop
      vertex 38.17909292735096 54.25466667660766 1.49
      vertex 37.25466667660766 55.17909292735096 49.99
      vertex 38.17909292735096 54.25466667660766 49.99
    endloop
  endfacet
  facet normal 0.573576436351046 0.8191520442889919 0
    outer loop
      vertex 39.25 53.50480947161671 1.49
      vertex 38.17909292735096 54.25466667660766 49.99
      vertex 39.25 53.50480947161671 49.99
    endloop
  endfacet
  facet normal 0.9063077870366508 -0.4226182617406975 0
    outer loop
      vertex 35.95230534410569 62.56515107494251 1.49
      vertex 36.50480947161671 63.75 49.99
      vertex 35.95230534410569 62.56515107494251 49.99
    endloop
  endfacet
  facet normal 0.8191520442889938 -0.5735764363510435 0
    outer loop
      vertex 36.50480947161671 63.75 1.49
      vertex 37.25466667660766 64.82090707264905 49.99
      vertex 36.50480947161671 63.75 49.99
    endloop
  endfacet
  facet normal -0.06189898395744328 -0.7075086241213506 0.7039886807179144
    outer loop
      vertex 26 50.5 49.99
      vertex 27.304089175065826 50.39585722971108 50
      vertex 26 50.50995024875622 50
    endloop
  endfacet
  facet normal -0.06189898395745262 -0.7075086241214803 0.7039886807177833
    outer loop
      vertex 26 50.5 49.99
      vertex 27.302361332501977 50.38605814759156 49.99
      vertex 27.304089175065826 50.39585722971108 50
    endloop
  endfacet
  facet normal 0 0 1
    outer loop
      vertex 27.304089175065826 50.39585722971108 50
      vertex 26 52.49004975124378 50
      vertex 26 50.50995024875622 50
    endloop
  endfacet
  facet normal -0.061898983957441284 0.7075086241213506 0.7039886807179144
    outer loop
      vertex 26 52.5 49.99
      vertex 26 52.49004975124378 50
      vertex 27.302361332501977 52.61394185240844 49.99
    endloop
  endfacet
  facet normal 0 0 1
    outer loop
      vertex 27.304089175065826 50.39585722971108 50
      vertex 27.304089175065826 52.60414277028892 50
      vertex 26 52.49004975124378 50
    endloop
  endfacet
  facet normal -0.061898983957454606 0.7075086241214801 0.7039886807177833
    outer loop
      vertex 27.302361332501977 52.61394185240844 49.99
      vertex 26 52.49004975124378 50
      vertex 27.304089175065826 52.60414277028892 50
    endloop
  endfacet
  facet normal -0.18381618256721338 -0.6860113325941914 0.7039886807177785
    outer loop
      vertex 27.302361332501977 50.38605814759156 49.99
      vertex 28.568554260448245 50.05704483122551 50
      vertex 27.304089175065826 50.39585722971108 50
    endloop
  endfacet
  facet normal 0 0 1
    outer loop
      vertex 27.304089175065826 50.39585722971108 50
      vertex 28.568554260448245 50.05704483122551 50
      vertex 27.304089175065826 52.60414277028892 50
    endloop
  endfacet
  facet normal -0.1838161825672086 -0.6860113325941725 0.7039886807177983
    outer loop
      vertex 27.302361332501977 50.38605814759156 49.99
      vertex 28.565151074942516 50.04769465589431 49.99
      vertex 28.568554260448245 50.05704483122551 50
    endloop
  endfacet
  facet normal -0.3001482194851287 -0.6436699338644817 0.7039886807178088
    outer loop
      vertex 28.565151074942516 50.04769465589431 49.99
      vertex 29.75497512437811 49.50380769658015 50
      vertex 28.568554260448245 50.05704483122551 50
    endloop
  endfacet
  facet normal 0 0 1
    outer loop
      vertex 28.568554260448245 50.05704483122551 50
      vertex 29.75497512437811 49.50380769658015 50
      vertex 28.568554260448245 52.94295516877449 50
    endloop
  endfacet
  facet normal 0 0 1
    outer loop
      vertex 28.568554260448245 50.05704483122551 50
      vertex 28.568554260448245 52.94295516877449 50
      vertex 27.304089175065826 52.60414277028892 50
    endloop
  endfacet
  facet normal -0.18381618256721366 0.6860113325941913 0.7039886807177785
    outer loop
      vertex 27.302361332501977 52.61394185240844 49.99
      vertex 27.304089175065826 52.60414277028892 50
      vertex 28.565151074942516 52.95230534410569 49.99
    endloop
  endfacet
  facet normal -0.1838161825672083 0.6860113325941725 0.7039886807177985
    outer loop
      vertex 28.565151074942516 52.95230534410569 49.99
      vertex 27.304089175065826 52.60414277028892 50
      vertex 28.568554260448245 52.94295516877449 50
    endloop
  endfacet
  facet normal -0.3001482194851285 0.6436699338644818 0.7039886807178088
    outer loop
      vertex 28.565151074942516 52.95230534410569 49.99
      vertex 28.568554260448245 52.94295516877449 50
      vertex 29.75 53.50480947161671 49.99
    endloop
  endfacet
  facet normal -0.5021951500269322 -0.5021951500269303 0.703988680717848
    outer loop
      vertex 31.745333323392334 47.82090707264904 49.99
      vertex 31.752955656159685 47.82730296926284 50
      vertex 30.820907072649042 48.74533332339234 49.99
    endloop
  endfacet
  facet normal -0.5817709499070033 -0.40736040463630696 0.7039886807178419
    outer loop
      vertex 31.745333323392334 47.82090707264904 49.99
      vertex 32.50380769658015 46.754975124378106 50
      vertex 31.752955656159685 47.82730296926284 50
    endloop
  endfacet
  facet normal -0.5817709499070911 -0.4073604046363705 0.7039886807177324
    outer loop
      vertex 31.745333323392334 47.82090707264904 49.99
      vertex 32.49519052838329 46.75 49.99
      vertex 32.50380769658015 46.754975124378106 50
    endloop
  endfacet
  facet normal -0.3001482194851339 -0.6436699338644934 0.7039886807177957
    outer loop
      vertex 28.565151074942516 50.04769465589431 49.99
      vertex 29.75 49.49519052838329 49.99
      vertex 29.75497512437811 49.50380769658015 50
    endloop
  endfacet
  facet normal -0.40736040463624784 -0.5817709499069186 0.7039886807179458
    outer loop
      vertex 29.75 49.49519052838329 49.99
      vertex 30.820907072649042 48.74533332339234 49.99
      vertex 30.82730296926284 48.75295565615969 50
    endloop
  endfacet
  facet normal -0.4073604046363256 -0.5817709499070335 0.703988680717806
    outer loop
      vertex 29.75 49.49519052838329 49.99
      vertex 30.82730296926284 48.75295565615969 50
      vertex 29.75497512437811 49.50380769658015 50
    endloop
  endfacet
  facet normal 0 0 1
    outer loop
      vertex 29.75497512437811 49.50380769658015 50
      vertex 29.75497512437811 53.49619230341985 50
      vertex 28.568554260448245 52.94295516877449 50
    endloop
  endfacet
  facet normal -0.30014821948513476 0.6436699338644946 0.7039886807177943
    outer loop
      vertex 29.75 53.50480947161671 49.99
      vertex 28.568554260448245 52.94295516877449 50
      vertex 29.75497512437811 53.49619230341985 50
    endloop
  endfacet
  facet normal 0 0 1
    outer loop
      vertex 29.75497512437811 49.50380769658015 50
      vertex 30.82730296926284 54.24704434384031 50
      vertex 29.75497512437811 53.49619230341985 50
    endloop
  endfacet
  facet normal -0.5021951500268701 -0.5021951500268663 0.7039886807179377
    outer loop
      vertex 30.820907072649042 48.74533332339234 49.99
      vertex 31.752955656159685 47.82730296926284 50
      vertex 30.82730296926284 48.75295565615969 50
    endloop
  endfacet
  facet normal -0.40736040463632744 0.5817709499070324 0.7039886807178058
    outer loop
      vertex 29.75 53.50480947161671 49.99
      vertex 29.75497512437811 53.49619230341985 50
      vertex 30.820907072649042 54.25466667660766 49.99
    endloop
  endfacet
  facet normal -0.40736040463624607 0.5817709499069198 0.7039886807179458
    outer loop
      vertex 30.820907072649042 54.25466667660766 49.99
      vertex 29.75497512437811 53.49619230341985 50
      vertex 30.82730296926284 54.24704434384031 50
    endloop
  endfacet
  facet normal -0.5021951500268692 0.5021951500268673 0.7039886807179379
    outer loop
      vertex 30.820907072649042 54.25466667660766 49.99
      vertex 30.82730296926284 54.24704434384031 50
      vertex 31.745333323392334 55.17909292735096 49.99
    endloop
  endfacet
  facet normal -0.502195150026933 0.5021951500269292 0.703988680717848
    outer loop
      vertex 31.745333323392334 55.17909292735096 49.99
      vertex 30.82730296926284 54.24704434384031 50
      vertex 31.752955656159685 55.17269703073716 50
    endloop
  endfacet
  facet normal -0.5817709499070022 0.40736040463630824 0.7039886807178419
    outer loop
      vertex 31.745333323392334 55.17909292735096 49.99
      vertex 31.752955656159685 55.17269703073716 50
      vertex 32.49519052838329 56.25 49.99
    endloop
  endfacet
  facet normal -0.5817709499070917 0.40736040463636886 0.7039886807177328
    outer loop
      vertex 32.49519052838329 56.25 49.99
      vertex 31.752955656159685 55.17269703073716 50
      vertex 32.50380769658015 56.245024875621894 50
    endloop
  endfacet
  facet normal -0.5817709499070045 -0.40736040463630513 0.7039886807178416
    outer loop
      vertex 31.745333323392334 64.82090707264905 49.99
      vertex 32.50380769658015 63.754975124378106 50
      vertex 31.752955656159685 64.82730296926285 50
    endloop
  endfacet
  facet normal -0.581770949907092 -0.40736040463636847 0.7039886807177329
    outer loop
      vertex 32.49519052838329 63.75 49.99
      vertex 32.50380769658015 63.754975124378106 50
      vertex 31.745333323392334 64.82090707264905 49.99
    endloop
  endfacet
  facet normal -0.6860113325941599 -0.18381618256720525 0.7039886807178116
    outer loop
      vertex 33.38605814759156 44.302361332501974 49.99
      vertex 33.39585722971108 44.304089175065826 50
      vertex 33.04769465589431 45.56515107494251 49.99
    endloop
  endfacet
  facet normal -0.6860113325942038 -0.1838161825672177 0.7039886807177657
    outer loop
      vertex 33.04769465589431 45.56515107494251 49.99
      vertex 33.39585722971108 44.304089175065826 50
      vertex 33.05704483122551 45.56855426044824 50
    endloop
  endfacet
  facet normal -0.7075086241213505 -0.06189898395744144 0.7039886807179145
    outer loop
      vertex 33.38605814759156 44.302361332501974 49.99
      vertex 33.5 43 49.99
      vertex 33.50995024875622 43 50
    endloop
  endfacet
  facet normal -0.7075086241214691 -0.06189898395745363 0.7039886807177943
    outer loop
      vertex 33.38605814759156 44.302361332501974 49.99
      vertex 33.50995024875622 43 50
      vertex 33.39585722971108 44.304089175065826 50
    endloop
  endfacet
  facet normal -0.6436699338645433 -0.3001482194851566 0.7039886807177405
    outer loop
      vertex 32.49519052838329 46.75 49.99
      vertex 33.05704483122551 45.56855426044824 50
      vertex 32.50380769658015 46.754975124378106 50
    endloop
  endfacet
  facet normal -0.6436699338645314 -0.3001482194851508 0.7039886807177538
    outer loop
      vertex 32.49519052838329 46.75 49.99
      vertex 33.04769465589431 45.56515107494251 49.99
      vertex 33.05704483122551 45.56855426044824 50
    endloop
  endfacet
  facet normal 0 0 1
    outer loop
      vertex 32.50380769658015 46.754975124378106 50
      vertex 33.05704483122551 45.56855426044824 50
      vertex 36.49619230341985 46.754975124378106 50
    endloop
  endfacet
  facet normal 0 0 1
    outer loop
      vertex 31.752955656159685 47.82730296926284 50
      vertex 32.50380769658015 46.754975124378106 50
      vertex 37.24704434384031 47.82730296926284 50
    endloop
  endfacet
  facet normal 0 0 1
    outer loop
      vertex 33.39585722971108 44.304089175065826 50
      vertex 33.50995024875622 43 50
      vertex 35.60414277028892 44.304089175065826 50
    endloop
  endfacet
  facet normal 0 0 1
    outer loop
      vertex 33.50995024875622 43 50
      vertex 35.49004975124378 43 50
      vertex 35.60414277028892 44.304089175065826 50
    endloop
  endfacet
  facet normal 0 0 1
    outer loop
      vertex 33.05704483122551 45.56855426044824 50
      vertex 33.39585722971108 44.304089175065826 50
      vertex 35.94295516877449 45.56855426044824 50
    endloop
  endfacet
  facet normal 0.7075086241213506 -0.06189898395744328 0.7039886807179144
    outer loop
      vertex 35.5 43 49.99
      vertex 35.60414277028892 44.304089175065826 50
      vertex 35.49004975124378 43 50
    endloop
  endfacet
  facet normal 0.7075086241214694 -0.06189898395745184 0.7039886807177943
    outer loop
      vertex 35.5 43 49.99
      vertex 35.61394185240844 44.302361332501974 49.99
      vertex 35.60414277028892 44.304089175065826 50
    endloop
  endfacet
  facet normal 0 0 1
    outer loop
      vertex 33.39585722971108 44.304089175065826 50
      vertex 35.60414277028892 44.304089175065826 50
      vertex 35.94295516877449 45.56855426044824 50
    endloop
  endfacet
  facet normal 0.6860113325941597 -0.18381618256720592 0.7039886807178115
    outer loop
      vertex 35.61394185240844 44.302361332501974 49.99
      vertex 35.94295516877449 45.56855426044824 50
      vertex 35.60414277028892 44.304089175065826 50
    endloop
  endfacet
  facet normal 0 0 1
    outer loop
      vertex 33.05704483122551 45.56855426044824 50
      vertex 35.94295516877449 45.56855426044824 50
      vertex 36.49619230341985 46.754975124378106 50
    endloop
  endfacet
  facet normal 0 0 1
    outer loop
      vertex 32.50380769658015 46.754975124378106 50
      vertex 36.49619230341985 46.754975124378106 50
      vertex 37.24704434384031 47.82730296926284 50
    endloop
  endfacet
  facet normal 0 0 1
    outer loop
      vertex 30.82730296926284 48.75295565615969 50
      vertex 31.752955656159685 47.82730296926284 50
      vertex 37.24704434384031 55.17269703073716 50
    endloop
  endfacet
  facet normal 0 0 1
    outer loop
      vertex 29.75497512437811 49.50380769658015 50
      vertex 30.82730296926284 48.75295565615969 50
      vertex 37.24704434384031 55.17269703073716 50
    endloop
  endfacet
  facet normal 0 0 1
    outer loop
      vertex 29.75497512437811 49.50380769658015 50
      vertex 37.24704434384031 55.17269703073716 50
      vertex 30.82730296926284 54.24704434384031 50
    endloop
  endfacet
  facet normal 0 0 1
    outer loop
      vertex 31.752955656159685 47.82730296926284 50
      vertex 37.24704434384031 47.82730296926284 50
      vertex 37.24704434384031 55.17269703073716 50
    endloop
  endfacet
  facet normal 0.6860113325942035 -0.1838161825672169 0.7039886807177661
    outer loop
      vertex 35.61394185240844 44.302361332501974 49.99
      vertex 35.95230534410569 45.56515107494251 49.99
      vertex 35.94295516877449 45.56855426044824 50
    endloop
  endfacet
  facet normal 0.6436699338645302 -0.30014821948515047 0.703988680717755
    outer loop
      vertex 35.95230534410569 45.56515107494251 49.99
      vertex 36.49619230341985 46.754975124378106 50
      vertex 35.94295516877449 45.56855426044824 50
    endloop
  endfacet
  facet normal 0.6436699338645442 -0.30014821948515674 0.7039886807177398
    outer loop
      vertex 35.95230534410569 45.56515107494251 49.99
      vertex 36.50480947161671 46.75 49.99
      vertex 36.49619230341985 46.754975124378106 50
    endloop
  endfacet
  facet normal 0.5817709499070934 -0.40736040463636625 0.703988680717733
    outer loop
      vertex 36.50480947161671 46.75 49.99
      vertex 37.24704434384031 47.82730296926284 50
      vertex 36.49619230341985 46.754975124378106 50
    endloop
  endfacet
  facet normal 0.5817709499069181 -0.4073604046362475 0.7039886807179465
    outer loop
      vertex 36.50480947161671 46.75 49.99
      vertex 37.25466667660766 47.82090707264904 49.99
      vertex 37.24704434384031 47.82730296926284 50
    endloop
  endfacet
  facet normal 0.5021951500268681 -0.5021951500268682 0.7039886807179379
    outer loop
      vertex 37.25466667660766 47.82090707264904 49.99
      vertex 38.17269703073716 48.75295565615969 50
      vertex 37.24704434384031 47.82730296926284 50
    endloop
  endfacet
  facet normal 0.5021951500268681 -0.5021951500268681 0.703988680717938
    outer loop
      vertex 37.25466667660766 47.82090707264904 49.99
      vertex 38.17909292735096 48.74533332339234 49.99
      vertex 38.17269703073716 48.75295565615969 50
    endloop
  endfacet
  facet normal 0 0 1
    outer loop
      vertex 37.24704434384031 47.82730296926284 50
      vertex 38.17269703073716 48.75295565615969 50
      vertex 37.24704434384031 55.17269703073716 50
    endloop
  endfacet
  facet normal 0.4073604046362452 -0.5817709499069205 0.703988680717946
    outer loop
      vertex 38.17909292735096 48.74533332339234 49.99
      vertex 39.245024875621894 49.50380769658015 50
      vertex 38.17269703073716 48.75295565615969 50
    endloop
  endfacet
  facet normal 0.4073604046363689 -0.5817709499070916 0.703988680717733
    outer loop
      vertex 38.17909292735096 48.74533332339234 49.99
      vertex 39.25 49.49519052838329 49.99
      vertex 39.245024875621894 49.50380769658015 50
    endloop
  endfacet
  facet normal 0 0 1
    outer loop
      vertex 38.17269703073716 48.75295565615969 50
      vertex 39.245024875621894 49.50380769658015 50
      vertex 38.17269703073716 54.24704434384031 50
    endloop
  endfacet
  facet normal 0 0 1
    outer loop
      vertex 38.17269703073716 48.75295565615969 50
      vertex 38.17269703073716 54.24704434384031 50
      vertex 37.24704434384031 55.17269703073716 50
    endloop
  endfacet
  facet normal 0 0 1
    outer loop
      vertex 39.245024875621894 49.50380769658015 50
      vertex 39.245024875621894 53.49619230341985 50
      vertex 38.17269703073716 54.24704434384031 50
    endloop
  endfacet
  facet normal 0.40736040463636625 0.5817709499070934 0.7039886807177331
    outer loop
      vertex 39.25 53.50480947161671 49.99
      vertex 38.17269703073716 54.24704434384031 50
      vertex 39.245024875621894 53.49619230341985 50
    endloop
  endfacet
  facet normal 0 0 1
    outer loop
      vertex 30.82730296926284 54.24704434384031 50
      vertex 37.24704434384031 55.17269703073716 50
      vertex 31.752955656159685 55.17269703073716 50
    endloop
  endfacet
  facet normal 0 0 1
    outer loop
      vertex 31.752955656159685 55.17269703073716 50
      vertex 36.49619230341985 56.245024875621894 50
      vertex 32.50380769658015 56.245024875621894 50
    endloop
  endfacet
  facet normal -0.6436699338645434 0.30014821948515635 0.7039886807177405
    outer loop
      vertex 32.49519052838329 56.25 49.99
      vertex 32.50380769658015 56.245024875621894 50
      vertex 33.04769465589431 57.43484892505749 49.99
    endloop
  endfacet
  facet normal -0.6436699338645302 0.30014821948515047 0.703988680717755
    outer loop
      vertex 33.04769465589431 57.43484892505749 49.99
      vertex 32.50380769658015 56.245024875621894 50
      vertex 33.05704483122551 57.43144573955176 50
    endloop
  endfacet
  facet normal -0.6860113325942039 0.18381618256721702 0.7039886807177654
    outer loop
      vertex 33.04769465589431 57.43484892505749 49.99
      vertex 33.05704483122551 57.43144573955176 50
      vertex 33.38605814759156 58.697638667498026 49.99
    endloop
  endfacet
  facet normal -0.6860113325941597 0.18381618256720592 0.7039886807178115
    outer loop
      vertex 33.38605814759156 58.697638667498026 49.99
      vertex 33.05704483122551 57.43144573955176 50
      vertex 33.39585722971108 58.695910824934174 50
    endloop
  endfacet
  facet normal 0 0 1
    outer loop
      vertex 32.50380769658015 56.245024875621894 50
      vertex 35.94295516877449 57.43144573955176 50
      vertex 33.05704483122551 57.43144573955176 50
    endloop
  endfacet
  facet normal 0 0 1
    outer loop
      vertex 33.39585722971108 58.695910824934174 50
      vertex 33.05704483122551 57.43144573955176 50
      vertex 35.60414277028892 58.695910824934174 50
    endloop
  endfacet
  facet normal 0 0 1
    outer loop
      vertex 31.752955656159685 55.17269703073716 50
      vertex 37.24704434384031 55.17269703073716 50
      vertex 36.49619230341985 56.245024875621894 50
    endloop
  endfacet
  facet normal 0 0 1
    outer loop
      vertex 33.05704483122551 57.43144573955176 50
      vertex 35.94295516877449 57.43144573955176 50
      vertex 35.60414277028892 58.695910824934174 50
    endloop
  endfacet
  facet normal 0 0 1
    outer loop
      vertex 32.50380769658015 56.245024875621894 50
      vertex 36.49619230341985 56.245024875621894 50
      vertex 35.94295516877449 57.43144573955176 50
    endloop
  endfacet
  facet normal 0.6860113325941599 0.18381618256720525 0.7039886807178116
    outer loop
      vertex 35.61394185240844 58.697638667498026 49.99
      vertex 35.60414277028892 58.695910824934174 50
      vertex 35.95230534410569 57.43484892505749 49.99
    endloop
  endfacet
  facet normal -0.6860113325941599 -0.18381618256720525 0.7039886807178116
    outer loop
      vertex 33.38605814759156 61.302361332501974 49.99
      vertex 33.39585722971108 61.304089175065826 50
      vertex 33.04769465589431 62.56515107494251 49.99
    endloop
  endfacet
  facet normal -0.7075086241214694 0.06189898395745184 0.7039886807177943
    outer loop
      vertex 33.38605814759156 58.697638667498026 49.99
      vertex 33.39585722971108 58.695910824934174 50
      vertex 33.5 60 49.99
    endloop
  endfacet
  facet normal -0.7075086241213506 0.06189898395744328 0.7039886807179144
    outer loop
      vertex 33.5 60 49.99
      vertex 33.39585722971108 58.695910824934174 50
      vertex 33.50995024875622 60 50
    endloop
  endfacet
  facet normal -0.7075086241213505 -0.06189898395744144 0.7039886807179145
    outer loop
      vertex 33.38605814759156 61.302361332501974 49.99
      vertex 33.5 60 49.99
      vertex 33.50995024875622 60 50
    endloop
  endfacet
  facet normal -0.7075086241214691 -0.06189898395745363 0.7039886807177943
    outer loop
      vertex 33.38605814759156 61.302361332501974 49.99
      vertex 33.50995024875622 60 50
      vertex 33.39585722971108 61.304089175065826 50
    endloop
  endfacet
  facet normal -0.6436699338645314 -0.3001482194851508 0.7039886807177538
    outer loop
      vertex 32.49519052838329 63.75 49.99
      vertex 33.04769465589431 62.56515107494251 49.99
      vertex 33.05704483122551 62.56855426044824 50
    endloop
  endfacet
  facet normal -0.6860113325942038 -0.1838161825672177 0.7039886807177657
    outer loop
      vertex 33.04769465589431 62.56515107494251 49.99
      vertex 33.39585722971108 61.304089175065826 50
      vertex 33.05704483122551 62.56855426044824 50
    endloop
  endfacet
  facet normal -0.6436699338645433 -0.3001482194851566 0.7039886807177405
    outer loop
      vertex 32.49519052838329 63.75 49.99
      vertex 33.05704483122551 62.56855426044824 50
      vertex 32.50380769658015 63.754975124378106 50
    endloop
  endfacet
  facet normal 0 0 1
    outer loop
      vertex 32.50380769658015 63.754975124378106 50
      vertex 33.05704483122551 62.56855426044824 50
      vertex 36.49619230341985 63.754975124378106 50
    endloop
  endfacet
  facet normal 0 0 1
    outer loop
      vertex 31.752955656159685 64.82730296926285 50
      vertex 32.50380769658015 63.754975124378106 50
      vertex 37.24704434384031 64.82730296926285 50
    endloop
  endfacet
  facet normal 0 0 1
    outer loop
      vertex 33.39585722971108 58.695910824934174 50
      vertex 35.49004975124378 60 50
      vertex 33.50995024875622 60 50
    endloop
  endfacet
  facet normal 0 0 1
    outer loop
      vertex 33.39585722971108 58.695910824934174 50
      vertex 35.60414277028892 58.695910824934174 50
      vertex 35.49004975124378 60 50
    endloop
  endfacet
  facet normal 0 0 1
    outer loop
      vertex 33.50995024875622 60 50
      vertex 35.49004975124378 60 50
      vertex 35.60414277028892 61.304089175065826 50
    endloop
  endfacet
  facet normal 0 0 1
    outer loop
      vertex 33.39585722971108 61.304089175065826 50
      vertex 33.50995024875622 60 50
      vertex 35.60414277028892 61.304089175065826 50
    endloop
  endfacet
  facet normal 0.7075086241213505 0.06189898395744144 0.7039886807179145
    outer loop
      vertex 35.61394185240844 58.697638667498026 49.99
      vertex 35.5 60 49.99
      vertex 35.49004975124378 60 50
    endloop
  endfacet
  facet normal 0.7075086241214691 0.06189898395745363 0.7039886807177943
    outer loop
      vertex 35.61394185240844 58.697638667498026 49.99
      vertex 35.49004975124378 60 50
      vertex 35.60414277028892 58.695910824934174 50
    endloop
  endfacet
  facet normal 0.7075086241213506 -0.06189898395744328 0.7039886807179144
    outer loop
      vertex 35.5 60 49.99
      vertex 35.60414277028892 61.304089175065826 50
      vertex 35.49004975124378 60 50
    endloop
  endfacet
  facet normal 0 0 1
    outer loop
      vertex 33.39585722971108 61.304089175065826 50
      vertex 35.60414277028892 61.304089175065826 50
      vertex 35.94295516877449 62.56855426044824 50
    endloop
  endfacet
  facet normal 0.7075086241214694 -0.06189898395745184 0.7039886807177943
    outer loop
      vertex 35.5 60 49.99
      vertex 35.61394185240844 61.302361332501974 49.99
      vertex 35.60414277028892 61.304089175065826 50
    endloop
  endfacet
  facet normal 0.6860113325941597 -0.18381618256720592 0.7039886807178115
    outer loop
      vertex 35.61394185240844 61.302361332501974 49.99
      vertex 35.94295516877449 62.56855426044824 50
      vertex 35.60414277028892 61.304089175065826 50
    endloop
  endfacet
  facet normal 0 0 1
    outer loop
      vertex 33.39585722971108 61.304089175065826 50
      vertex 35.94295516877449 62.56855426044824 50
      vertex 33.05704483122551 62.56855426044824 50
    endloop
  endfacet
  facet normal 0 0 1
    outer loop
      vertex 33.05704483122551 62.56855426044824 50
      vertex 35.94295516877449 62.56855426044824 50
      vertex 36.49619230341985 63.754975124378106 50
    endloop
  endfacet
  facet normal 0 0 1
    outer loop
      vertex 32.50380769658015 63.754975124378106 50
      vertex 36.49619230341985 63.754975124378106 50
      vertex 37.24704434384031 64.82730296926285 50
    endloop
  endfacet
  facet normal 0.5817709499070916 0.4073604046363689 0.7039886807177328
    outer loop
      vertex 36.50480947161671 56.25 49.99
      vertex 36.49619230341985 56.245024875621894 50
      vertex 37.25466667660766 55.17909292735096 49.99
    endloop
  endfacet
  facet normal 0.5817709499069205 0.4073604046362451 0.7039886807179458
    outer loop
      vertex 37.25466667660766 55.17909292735096 49.99
      vertex 36.49619230341985 56.245024875621894 50
      vertex 37.24704434384031 55.17269703073716 50
    endloop
  endfacet
  facet normal 0.6436699338645314 0.3001482194851508 0.7039886807177538
    outer loop
      vertex 36.50480947161671 56.25 49.99
      vertex 35.95230534410569 57.43484892505749 49.99
      vertex 35.94295516877449 57.43144573955176 50
    endloop
  endfacet
  facet normal 0.6436699338645433 0.3001482194851566 0.7039886807177405
    outer loop
      vertex 36.50480947161671 56.25 49.99
      vertex 35.94295516877449 57.43144573955176 50
      vertex 36.49619230341985 56.245024875621894 50
    endloop
  endfacet
  facet normal 0.6860113325942038 0.1838161825672177 0.7039886807177657
    outer loop
      vertex 35.95230534410569 57.43484892505749 49.99
      vertex 35.60414277028892 58.695910824934174 50
      vertex 35.94295516877449 57.43144573955176 50
    endloop
  endfacet
  facet normal 0.5021951500268681 0.5021951500268681 0.703988680717938
    outer loop
      vertex 37.25466667660766 55.17909292735096 49.99
      vertex 37.24704434384031 55.17269703073716 50
      vertex 38.17909292735096 54.25466667660766 49.99
    endloop
  endfacet
  facet normal 0.5021951500268681 0.5021951500268682 0.7039886807179379
    outer loop
      vertex 38.17909292735096 54.25466667660766 49.99
      vertex 37.24704434384031 55.17269703073716 50
      vertex 38.17269703073716 54.24704434384031 50
    endloop
  endfacet
  facet normal 0.40736040463624773 0.5817709499069185 0.7039886807179461
    outer loop
      vertex 38.17909292735096 54.25466667660766 49.99
      vertex 38.17269703073716 54.24704434384031 50
      vertex 39.25 53.50480947161671 49.99
    endloop
  endfacet
  facet normal 0.6860113325942035 -0.1838161825672169 0.7039886807177661
    outer loop
      vertex 35.61394185240844 61.302361332501974 49.99
      vertex 35.95230534410569 62.56515107494251 49.99
      vertex 35.94295516877449 62.56855426044824 50
    endloop
  endfacet
  facet normal 0.6436699338645302 -0.30014821948515047 0.703988680717755
    outer loop
      vertex 35.95230534410569 62.56515107494251 49.99
      vertex 36.49619230341985 63.754975124378106 50
      vertex 35.94295516877449 62.56855426044824 50
    endloop
  endfacet
  facet normal 0.6436699338645442 -0.30014821948515674 0.7039886807177398
    outer loop
      vertex 35.95230534410569 62.56515107494251 49.99
      vertex 36.50480947161671 63.75 49.99
      vertex 36.49619230341985 63.754975124378106 50
    endloop
  endfacet
  facet normal 0.5817709499070945 -0.40736040463636436 0.703988680717733
    outer loop
      vertex 36.50480947161671 63.75 49.99
      vertex 37.24704434384031 64.82730296926285 50
      vertex 36.49619230341985 63.754975124378106 50
    endloop
  endfacet
  facet normal 0.5817709499069207 -0.4073604046362466 0.7039886807179448
    outer loop
      vertex 36.50480947161671 63.75 49.99
      vertex 37.25466667660766 64.82090707264905 49.99
      vertex 37.24704434384031 64.82730296926285 50
    endloop
  endfacet
  facet normal -0.08715574274766216 -0.9961946980917451 0
    outer loop
      vertex 26 67.5 1.49
      vertex 27.302361332501977 67.38605814759156 49.99
      vertex 26 67.5 49.99
    endloop
  endfacet
  facet normal -0.08715574274766216 0.9961946980917451 0
    outer loop
      vertex 27.302361332501977 69.61394185240844 1.49
      vertex 26 69.5 49.99
      vertex 27.302361332501977 69.61394185240844 49.99
    endloop
  endfacet
  facet normal -0.42261826174070305 -0.9063077870366484 0
    outer loop
      vertex 28.565151074942516 67.04769465589432 1.49
      vertex 29.75 66.49519052838329 49.99
      vertex 28.565151074942516 67.04769465589432 49.99
    endloop
  endfacet
  facet normal -0.2588190451025129 -0.9659258262890703 0
    outer loop
      vertex 27.302361332501977 67.38605814759156 1.49
      vertex 28.565151074942516 67.04769465589432 49.99
      vertex 27.302361332501977 67.38605814759156 49.99
    endloop
  endfacet
  facet normal -0.2588190451025129 0.9659258262890703 0
    outer loop
      vertex 28.565151074942516 69.95230534410568 1.49
      vertex 27.302361332501977 69.61394185240844 49.99
      vertex 28.565151074942516 69.95230534410568 49.99
    endloop
  endfacet
  facet normal -0.5735764363510497 -0.8191520442889894 0
    outer loop
      vertex 29.75 66.49519052838329 1.49
      vertex 30.820907072649042 65.74533332339233 49.99
      vertex 29.75 66.49519052838329 49.99
    endloop
  endfacet
  facet normal -0.7071067811865435 -0.7071067811865516 0
    outer loop
      vertex 30.820907072649042 65.74533332339233 1.49
      vertex 31.745333323392334 64.82090707264905 49.99
      vertex 30.820907072649042 65.74533332339233 49.99
    endloop
  endfacet
  facet normal -0.42261826174070305 0.9063077870366484 0
    outer loop
      vertex 29.75 70.50480947161671 1.49
      vertex 28.565151074942516 69.95230534410568 49.99
      vertex 29.75 70.50480947161671 49.99
    endloop
  endfacet
  facet normal -0.5735764363510497 0.8191520442889894 0
    outer loop
      vertex 30.820907072649042 71.25466667660767 1.49
      vertex 29.75 70.50480947161671 49.99
      vertex 30.820907072649042 71.25466667660767 49.99
    endloop
  endfacet
  facet normal -0.7071067811865435 0.7071067811865516 0
    outer loop
      vertex 31.745333323392334 72.17909292735095 1.49
      vertex 30.820907072649042 71.25466667660767 49.99
      vertex 31.745333323392334 72.17909292735095 49.99
    endloop
  endfacet
  facet normal -0.8191520442889924 0.5735764363510454 0
    outer loop
      vertex 32.49519052838329 73.25 1.49
      vertex 31.745333323392334 72.17909292735095 49.99
      vertex 32.49519052838329 73.25 49.99
    endloop
  endfacet
  facet normal -0.08715574274766216 -0.9961946980917451 0
    outer loop
      vertex 26 84.5 1.49
      vertex 27.302361332501977 84.38605814759156 49.99
      vertex 26 84.5 49.99
    endloop
  endfacet
  facet normal -0.2588190451025129 -0.9659258262890703 0
    outer loop
      vertex 27.302361332501977 84.38605814759156 1.49
      vertex 28.565151074942516 84.04769465589432 49.99
      vertex 27.302361332501977 84.38605814759156 49.99
    endloop
  endfacet
  facet normal -0.42261826174070305 -0.9063077870366484 0
    outer loop
      vertex 28.565151074942516 84.04769465589432 1.49
      vertex 29.75 83.49519052838329 49.99
      vertex 28.565151074942516 84.04769465589432 49.99
    endloop
  endfacet
  facet normal -0.5735764363510497 -0.8191520442889894 0
    outer loop
      vertex 29.75 83.49519052838329 1.49
      vertex 30.820907072649042 82.74533332339233 49.99
      vertex 29.75 83.49519052838329 49.99
    endloop
  endfacet
  facet normal -0.7071067811865435 -0.7071067811865516 0
    outer loop
      vertex 30.820907072649042 82.74533332339233 1.49
      vertex 31.745333323392334 81.82090707264905 49.99
      vertex 30.820907072649042 82.74533332339233 49.99
    endloop
  endfacet
  facet normal -0.8191520442889924 -0.5735764363510454 0
    outer loop
      vertex 31.745333323392334 81.82090707264905 1.49
      vertex 32.49519052838329 80.75 49.99
      vertex 31.745333323392334 81.82090707264905 49.99
    endloop
  endfacet
  facet normal -0.9063077870366498 0.42261826174069955 0
    outer loop
      vertex 33.04769465589431 74.43484892505748 1.49
      vertex 32.49519052838329 73.25 49.99
      vertex 33.04769465589431 74.43484892505748 49.99
    endloop
  endfacet
  facet normal 0.7071067811865421 -0.7071067811865529 0
    outer loop
      vertex 37.25466667660766 64.82090707264905 1.49
      vertex 38.17909292735096 65.74533332339233 49.99
      vertex 37.25466667660766 64.82090707264905 49.99
    endloop
  endfacet
  facet normal 0.5735764363510497 -0.8191520442889894 0
    outer loop
      vertex 38.17909292735096 65.74533332339233 1.49
      vertex 39.25 66.49519052838329 49.99
      vertex 38.17909292735096 65.74533332339233 49.99
    endloop
  endfacet
  facet normal 0.8191520442889938 0.5735764363510435 0
    outer loop
      vertex 37.25466667660766 72.17909292735095 1.49
      vertex 36.50480947161671 73.25 49.99
      vertex 37.25466667660766 72.17909292735095 49.99
    endloop
  endfacet
  facet normal 0.9063077870366498 0.42261826174069955 0
    outer loop
      vertex 36.50480947161671 73.25 1.49
      vertex 35.95230534410569 74.43484892505748 49.99
      vertex 36.50480947161671 73.25 49.99
    endloop
  endfacet
  facet normal 0.965925826289068 0.25881904510252174 0
    outer loop
      vertex 35.95230534410569 74.43484892505748 1.49
      vertex 35.61394185240844 75.69763866749803 49.99
      vertex 35.95230534410569 74.43484892505748 49.99
    endloop
  endfacet
  facet normal 0.7071067811865421 0.7071067811865529 0
    outer loop
      vertex 38.17909292735096 71.25466667660767 1.49
      vertex 37.25466667660766 72.17909292735095 49.99
      vertex 38.17909292735096 71.25466667660767 49.99
    endloop
  endfacet
  facet normal 0.5735764363510497 0.8191520442889894 0
    outer loop
      vertex 39.25 70.50480947161671 1.49
      vertex 38.17909292735096 71.25466667660767 49.99
      vertex 39.25 70.50480947161671 49.99
    endloop
  endfacet
  facet normal -0.965925826289068 0.25881904510252174 0
    outer loop
      vertex 33.38605814759156 75.69763866749803 1.49
      vertex 33.04769465589431 74.43484892505748 49.99
      vertex 33.38605814759156 75.69763866749803 49.99
    endloop
  endfacet
  facet normal -0.9961946980917455 0.087155742747657 0
    outer loop
      vertex 33.5 77 1.49
      vertex 33.38605814759156 75.69763866749803 49.99
      vertex 33.5 77 49.99
    endloop
  endfacet
  facet normal -0.9961946980917455 -0.087155742747657 0
    outer loop
      vertex 33.38605814759156 78.30236133250197 1.49
      vertex 33.5 77 49.99
      vertex 33.38605814759156 78.30236133250197 49.99
    endloop
  endfacet
  facet normal -0.965925826289068 -0.25881904510252174 0
    outer loop
      vertex 33.04769465589431 79.56515107494252 1.49
      vertex 33.38605814759156 78.30236133250197 49.99
      vertex 33.04769465589431 79.56515107494252 49.99
    endloop
  endfacet
  facet normal -0.9063077870366498 -0.42261826174069955 0
    outer loop
      vertex 32.49519052838329 80.75 1.49
      vertex 33.04769465589431 79.56515107494252 49.99
      vertex 32.49519052838329 80.75 49.99
    endloop
  endfacet
  facet normal 0.9961946980917455 0.087155742747657 0
    outer loop
      vertex 35.61394185240844 75.69763866749803 1.49
      vertex 35.5 77 49.99
      vertex 35.61394185240844 75.69763866749803 49.99
    endloop
  endfacet
  facet normal 0.9961946980917455 -0.087155742747657 0
    outer loop
      vertex 35.5 77 1.49
      vertex 35.61394185240844 78.30236133250197 49.99
      vertex 35.5 77 49.99
    endloop
  endfacet
  facet normal 0.965925826289068 -0.25881904510252174 0
    outer loop
      vertex 35.61394185240844 78.30236133250197 1.49
      vertex 35.95230534410569 79.56515107494252 49.99
      vertex 35.61394185240844 78.30236133250197 49.99
    endloop
  endfacet
  facet normal 0.9063077870366498 -0.42261826174069955 0
    outer loop
      vertex 35.95230534410569 79.56515107494252 1.49
      vertex 36.50480947161671 80.75 49.99
      vertex 35.95230534410569 79.56515107494252 49.99
    endloop
  endfacet
  facet normal 0.8191520442889938 -0.5735764363510435 0
    outer loop
      vertex 36.50480947161671 80.75 1.49
      vertex 37.25466667660766 81.82090707264905 49.99
      vertex 36.50480947161671 80.75 49.99
    endloop
  endfacet
  facet normal 0.7071067811865421 -0.7071067811865529 0
    outer loop
      vertex 37.25466667660766 81.82090707264905 1.49
      vertex 38.17909292735096 82.74533332339233 49.99
      vertex 37.25466667660766 81.82090707264905 49.99
    endloop
  endfacet
  facet normal 0.5735764363510497 -0.8191520442889894 0
    outer loop
      vertex 38.17909292735096 82.74533332339233 1.49
      vertex 39.25 83.49519052838329 49.99
      vertex 38.17909292735096 82.74533332339233 49.99
    endloop
  endfacet
  facet normal -0.06189898395746134 -0.7075086241216012 0.703988680717661
    outer loop
      vertex 26 67.5 49.99
      vertex 27.304089175065826 67.39585722971108 50
      vertex 26 67.50995024875621 50
    endloop
  endfacet
  facet normal 0 0 1
    outer loop
      vertex 26 67.50995024875621 50
      vertex 27.304089175065826 67.39585722971108 50
      vertex 26 69.49004975124379 50
    endloop
  endfacet
  facet normal -0.06189898395746704 0.707508624121601 0.7039886807176607
    outer loop
      vertex 26 69.5 49.99
      vertex 26 69.49004975124379 50
      vertex 27.302361332501977 69.61394185240844 49.99
    endloop
  endfacet
  facet normal -0.06189898395743454 -0.7075086241212295 0.7039886807180368
    outer loop
      vertex 27.302361332501977 67.38605814759156 49.99
      vertex 27.304089175065826 67.39585722971108 50
      vertex 26 67.5 49.99
    endloop
  endfacet
  facet normal 0 0 1
    outer loop
      vertex 26 69.49004975124379 50
      vertex 27.304089175065826 67.39585722971108 50
      vertex 27.304089175065826 69.60414277028892 50
    endloop
  endfacet
  facet normal -0.06189898395742888 0.7075086241212302 0.7039886807180366
    outer loop
      vertex 27.302361332501977 69.61394185240844 49.99
      vertex 26 69.49004975124379 50
      vertex 27.304089175065826 69.60414277028892 50
    endloop
  endfacet
  facet normal -0.18381618256713836 -0.6860113325939392 0.7039886807180441
    outer loop
      vertex 27.302361332501977 67.38605814759156 49.99
      vertex 28.565151074942516 67.04769465589432 49.99
      vertex 28.568554260448245 67.05704483122553 50
    endloop
  endfacet
  facet normal -0.3001482194850353 -0.643669933864273 0.7039886807180393
    outer loop
      vertex 28.565151074942516 67.04769465589432 49.99
      vertex 29.75497512437811 66.50380769658015 50
      vertex 28.568554260448245 67.05704483122553 50
    endloop
  endfacet
  facet normal -0.183816182567143 -0.6860113325939576 0.7039886807180247
    outer loop
      vertex 27.302361332501977 67.38605814759156 49.99
      vertex 28.568554260448245 67.05704483122553 50
      vertex 27.304089175065826 67.39585722971108 50
    endloop
  endfacet
  facet normal 0 0 1
    outer loop
      vertex 27.304089175065826 67.39585722971108 50
      vertex 28.568554260448245 67.05704483122553 50
      vertex 27.304089175065826 69.60414277028892 50
    endloop
  endfacet
  facet normal -0.1838161825671433 0.6860113325939576 0.7039886807180248
    outer loop
      vertex 27.302361332501977 69.61394185240844 49.99
      vertex 27.304089175065826 69.60414277028892 50
      vertex 28.565151074942516 69.95230534410568 49.99
    endloop
  endfacet
  facet normal 0 0 1
    outer loop
      vertex 28.568554260448245 67.05704483122553 50
      vertex 28.568554260448245 69.94295516877447 50
      vertex 27.304089175065826 69.60414277028892 50
    endloop
  endfacet
  facet normal -0.18381618256713808 0.6860113325939392 0.703988680718044
    outer loop
      vertex 28.565151074942516 69.95230534410568 49.99
      vertex 27.304089175065826 69.60414277028892 50
      vertex 28.568554260448245 69.94295516877447 50
    endloop
  endfacet
  facet normal 0 0 1
    outer loop
      vertex 28.568554260448245 67.05704483122553 50
      vertex 29.75497512437811 66.50380769658015 50
      vertex 28.568554260448245 69.94295516877447 50
    endloop
  endfacet
  facet normal -0.30014821948503506 0.6436699338642731 0.7039886807180392
    outer loop
      vertex 28.565151074942516 69.95230534410568 49.99
      vertex 28.568554260448245 69.94295516877447 50
      vertex 29.75 70.50480947161671 49.99
    endloop
  endfacet
  facet normal -0.3001482194850406 -0.643669933864285 0.7039886807180261
    outer loop
      vertex 28.565151074942516 67.04769465589432 49.99
      vertex 29.75 66.49519052838329 49.99
      vertex 29.75497512437811 66.50380769658015 50
    endloop
  endfacet
  facet normal -0.4073604046362124 -0.5817709499068607 0.7039886807180141
    outer loop
      vertex 29.75 66.49519052838329 49.99
      vertex 30.82730296926284 65.75295565615968 50
      vertex 29.75497512437811 66.50380769658015 50
    endloop
  endfacet
  facet normal -0.40736040463625023 -0.5817709499069166 0.7039886807179462
    outer loop
      vertex 29.75 66.49519052838329 49.99
      vertex 30.820907072649042 65.74533332339233 49.99
      vertex 30.82730296926284 65.75295565615968 50
    endloop
  endfacet
  facet normal 0 0 1
    outer loop
      vertex 29.75497512437811 66.50380769658015 50
      vertex 29.75497512437811 70.49619230341985 50
      vertex 28.568554260448245 69.94295516877447 50
    endloop
  endfacet
  facet normal 0 0 1
    outer loop
      vertex 29.75497512437811 66.50380769658015 50
      vertex 30.82730296926284 71.24704434384032 50
      vertex 29.75497512437811 70.49619230341985 50
    endloop
  endfacet
  facet normal -0.5021951500268661 -0.50219515002687 0.703988680717938
    outer loop
      vertex 30.820907072649042 65.74533332339233 49.99
      vertex 31.752955656159685 64.82730296926285 50
      vertex 30.82730296926284 65.75295565615968 50
    endloop
  endfacet
  facet normal -0.5021951500269278 -0.5021951500269336 0.7039886807178488
    outer loop
      vertex 30.820907072649042 65.74533332339233 49.99
      vertex 31.745333323392334 64.82090707264905 49.99
      vertex 31.752955656159685 64.82730296926285 50
    endloop
  endfacet
  facet normal -0.3001482194850412 0.6436699338642857 0.7039886807180251
    outer loop
      vertex 29.75 70.50480947161671 49.99
      vertex 28.568554260448245 69.94295516877447 50
      vertex 29.75497512437811 70.49619230341985 50
    endloop
  endfacet
  facet normal -0.4073604046362116 0.5817709499068614 0.7039886807180142
    outer loop
      vertex 29.75 70.50480947161671 49.99
      vertex 29.75497512437811 70.49619230341985 50
      vertex 30.820907072649042 71.25466667660767 49.99
    endloop
  endfacet
  facet normal -0.40736040463625106 0.5817709499069159 0.7039886807179463
    outer loop
      vertex 30.820907072649042 71.25466667660767 49.99
      vertex 29.75497512437811 70.49619230341985 50
      vertex 30.82730296926284 71.24704434384032 50
    endloop
  endfacet
  facet normal -0.5021951500268651 0.502195150026871 0.7039886807179382
    outer loop
      vertex 30.820907072649042 71.25466667660767 49.99
      vertex 30.82730296926284 71.24704434384032 50
      vertex 31.745333323392334 72.17909292735095 49.99
    endloop
  endfacet
  facet normal -0.5021951500269294 0.5021951500269332 0.7039886807178478
    outer loop
      vertex 31.745333323392334 72.17909292735095 49.99
      vertex 30.82730296926284 71.24704434384032 50
      vertex 31.752955656159685 72.17269703073715 50
    endloop
  endfacet
  facet normal -0.5817709499070035 0.4073604046363065 0.7039886807178418
    outer loop
      vertex 31.745333323392334 72.17909292735095 49.99
      vertex 31.752955656159685 72.17269703073715 50
      vertex 32.49519052838329 73.25 49.99
    endloop
  endfacet
  facet normal -0.5817709499070929 0.407360404636367 0.703988680717733
    outer loop
      vertex 32.49519052838329 73.25 49.99
      vertex 31.752955656159685 72.17269703073715 50
      vertex 32.50380769658015 73.2450248756219 50
    endloop
  endfacet
  facet normal -0.06189898395746134 -0.7075086241216012 0.703988680717661
    outer loop
      vertex 26 84.5 49.99
      vertex 27.304089175065826 84.39585722971108 50
      vertex 26 84.50995024875621 50
    endloop
  endfacet
  facet normal -0.06189898395743452 -0.7075086241212292 0.7039886807180371
    outer loop
      vertex 26 84.5 49.99
      vertex 27.302361332501977 84.38605814759156 49.99
      vertex 27.304089175065826 84.39585722971108 50
    endloop
  endfacet
  facet normal -0.183816182567143 -0.6860113325939576 0.7039886807180247
    outer loop
      vertex 27.302361332501977 84.38605814759156 49.99
      vertex 28.568554260448245 84.05704483122553 50
      vertex 27.304089175065826 84.39585722971108 50
    endloop
  endfacet
  facet normal -0.18381618256713836 -0.6860113325939392 0.7039886807180441
    outer loop
      vertex 27.302361332501977 84.38605814759156 49.99
      vertex 28.565151074942516 84.04769465589432 49.99
      vertex 28.568554260448245 84.05704483122553 50
    endloop
  endfacet
  facet normal 0 0 1
    outer loop
      vertex 49 86 50
      vertex 10.304089175065828 84.39585722971108 50
      vertex 26 84.50995024875621 50
    endloop
  endfacet
  facet normal -0.3001482194850353 -0.643669933864273 0.7039886807180393
    outer loop
      vertex 28.565151074942516 84.04769465589432 49.99
      vertex 29.75497512437811 83.50380769658015 50
      vertex 28.568554260448245 84.05704483122553 50
    endloop
  endfacet
  facet normal -0.4073604046362124 -0.5817709499068607 0.7039886807180141
    outer loop
      vertex 29.75 83.49519052838329 49.99
      vertex 30.82730296926284 82.75295565615968 50
      vertex 29.75497512437811 83.50380769658015 50
    endloop
  endfacet
  facet normal -0.40736040463625023 -0.5817709499069166 0.7039886807179462
    outer loop
      vertex 29.75 83.49519052838329 49.99
      vertex 30.820907072649042 82.74533332339233 49.99
      vertex 30.82730296926284 82.75295565615968 50
    endloop
  endfacet
  facet normal -0.3001482194850406 -0.643669933864285 0.7039886807180261
    outer loop
      vertex 28.565151074942516 84.04769465589432 49.99
      vertex 29.75 83.49519052838329 49.99
      vertex 29.75497512437811 83.50380769658015 50
    endloop
  endfacet
  facet normal -0.5021951500268661 -0.50219515002687 0.703988680717938
    outer loop
      vertex 30.820907072649042 82.74533332339233 49.99
      vertex 31.752955656159685 81.82730296926285 50
      vertex 30.82730296926284 82.75295565615968 50
    endloop
  endfacet
  facet normal -0.5021951500269278 -0.5021951500269336 0.7039886807178488
    outer loop
      vertex 30.820907072649042 82.74533332339233 49.99
      vertex 31.745333323392334 81.82090707264905 49.99
      vertex 31.752955656159685 81.82730296926285 50
    endloop
  endfacet
  facet normal -0.5817709499070045 -0.40736040463630513 0.7039886807178416
    outer loop
      vertex 31.745333323392334 81.82090707264905 49.99
      vertex 32.50380769658015 80.7549751243781 50
      vertex 31.752955656159685 81.82730296926285 50
    endloop
  endfacet
  facet normal -0.581770949907092 -0.40736040463636847 0.7039886807177329
    outer loop
      vertex 32.49519052838329 80.75 49.99
      vertex 32.50380769658015 80.7549751243781 50
      vertex 31.745333323392334 81.82090707264905 49.99
    endloop
  endfacet
  facet normal 0 0 1
    outer loop
      vertex 29.75497512437811 66.50380769658015 50
      vertex 30.82730296926284 65.75295565615968 50
      vertex 37.24704434384031 72.17269703073715 50
    endloop
  endfacet
  facet normal 0 0 1
    outer loop
      vertex 30.82730296926284 65.75295565615968 50
      vertex 31.752955656159685 64.82730296926285 50
      vertex 37.24704434384031 72.17269703073715 50
    endloop
  endfacet
  facet normal 0 0 1
    outer loop
      vertex 31.752955656159685 64.82730296926285 50
      vertex 37.24704434384031 64.82730296926285 50
      vertex 37.24704434384031 72.17269703073715 50
    endloop
  endfacet
  facet normal 0 0 1
    outer loop
      vertex 29.75497512437811 66.50380769658015 50
      vertex 37.24704434384031 72.17269703073715 50
      vertex 30.82730296926284 71.24704434384032 50
    endloop
  endfacet
  facet normal 0 0 1
    outer loop
      vertex 30.82730296926284 71.24704434384032 50
      vertex 37.24704434384031 72.17269703073715 50
      vertex 31.752955656159685 72.17269703073715 50
    endloop
  endfacet
  facet normal -0.6436699338645426 0.3001482194851578 0.7039886807177405
    outer loop
      vertex 32.49519052838329 73.25 49.99
      vertex 32.50380769658015 73.2450248756219 50
      vertex 33.04769465589431 74.43484892505748 49.99
    endloop
  endfacet
  facet normal -0.6436699338644323 0.30014821948510845 0.7039886807178626
    outer loop
      vertex 33.04769465589431 74.43484892505748 49.99
      vertex 32.50380769658015 73.2450248756219 50
      vertex 33.05704483122551 74.43144573955175 50
    endloop
  endfacet
  facet normal -0.6860113325941412 0.18381618256719917 0.7039886807178315
    outer loop
      vertex 33.04769465589431 74.43484892505748 49.99
      vertex 33.05704483122551 74.43144573955175 50
      vertex 33.38605814759156 75.69763866749803 49.99
    endloop
  endfacet
  facet normal 0 0 1
    outer loop
      vertex 31.752955656159685 72.17269703073715 50
      vertex 36.49619230341985 73.2450248756219 50
      vertex 32.50380769658015 73.2450248756219 50
    endloop
  endfacet
  facet normal 0 0 1
    outer loop
      vertex 33.05704483122551 74.43144573955175 50
      vertex 32.50380769658015 73.2450248756219 50
      vertex 35.94295516877449 74.43144573955175 50
    endloop
  endfacet
  facet normal 0 0 1
    outer loop
      vertex 31.752955656159685 72.17269703073715 50
      vertex 37.24704434384031 72.17269703073715 50
      vertex 36.49619230341985 73.2450248756219 50
    endloop
  endfacet
  facet normal 0 0 1
    outer loop
      vertex 33.05704483122551 74.43144573955175 50
      vertex 35.94295516877449 74.43144573955175 50
      vertex 35.60414277028892 75.69591082493417 50
    endloop
  endfacet
  facet normal 0 0 1
    outer loop
      vertex 32.50380769658015 73.2450248756219 50
      vertex 36.49619230341985 73.2450248756219 50
      vertex 35.94295516877449 74.43144573955175 50
    endloop
  endfacet
  facet normal 0.5021951500268645 -0.5021951500268722 0.7039886807179376
    outer loop
      vertex 37.25466667660766 64.82090707264905 49.99
      vertex 38.17269703073716 65.75295565615968 50
      vertex 37.24704434384031 64.82730296926285 50
    endloop
  endfacet
  facet normal 0.5021951500268651 -0.5021951500268729 0.7039886807179367
    outer loop
      vertex 37.25466667660766 64.82090707264905 49.99
      vertex 38.17909292735096 65.74533332339233 49.99
      vertex 38.17269703073716 65.75295565615968 50
    endloop
  endfacet
  facet normal 0.40736040463625023 -0.5817709499069166 0.7039886807179462
    outer loop
      vertex 38.17909292735096 65.74533332339233 49.99
      vertex 39.245024875621894 66.50380769658015 50
      vertex 38.17269703073716 65.75295565615968 50
    endloop
  endfacet
  facet normal 0.4073604046362526 -0.5817709499069199 0.703988680717942
    outer loop
      vertex 38.17909292735096 65.74533332339233 49.99
      vertex 39.25 66.49519052838329 49.99
      vertex 39.245024875621894 66.50380769658015 50
    endloop
  endfacet
  facet normal 0 0 1
    outer loop
      vertex 37.24704434384031 64.82730296926285 50
      vertex 38.17269703073716 65.75295565615968 50
      vertex 37.24704434384031 72.17269703073715 50
    endloop
  endfacet
  facet normal 0 0 1
    outer loop
      vertex 38.17269703073716 65.75295565615968 50
      vertex 38.17269703073716 71.24704434384032 50
      vertex 37.24704434384031 72.17269703073715 50
    endloop
  endfacet
  facet normal 0 0 1
    outer loop
      vertex 38.17269703073716 65.75295565615968 50
      vertex 39.245024875621894 66.50380769658015 50
      vertex 38.17269703073716 71.24704434384032 50
    endloop
  endfacet
  facet normal 0 0 1
    outer loop
      vertex 39.245024875621894 66.50380769658015 50
      vertex 39.245024875621894 70.49619230341985 50
      vertex 38.17269703073716 71.24704434384032 50
    endloop
  endfacet
  facet normal 0.5817709499069219 0.40736040463624346 0.7039886807179458
    outer loop
      vertex 37.25466667660766 72.17909292735095 49.99
      vertex 36.49619230341985 73.2450248756219 50
      vertex 37.24704434384031 72.17269703073715 50
    endloop
  endfacet
  facet normal 0.6436699338645419 0.3001482194851595 0.7039886807177407
    outer loop
      vertex 36.50480947161671 73.25 49.99
      vertex 35.94295516877449 74.43144573955175 50
      vertex 36.49619230341985 73.2450248756219 50
    endloop
  endfacet
  facet normal 0.6436699338644343 0.3001482194851073 0.7039886807178611
    outer loop
      vertex 36.50480947161671 73.25 49.99
      vertex 35.95230534410569 74.43484892505748 49.99
      vertex 35.94295516877449 74.43144573955175 50
    endloop
  endfacet
  facet normal 0.6860113325941413 0.1838161825671989 0.7039886807178314
    outer loop
      vertex 35.95230534410569 74.43484892505748 49.99
      vertex 35.60414277028892 75.69591082493417 50
      vertex 35.94295516877449 74.43144573955175 50
    endloop
  endfacet
  facet normal 0.5817709499070938 0.40736040463636775 0.7039886807177317
    outer loop
      vertex 37.25466667660766 72.17909292735095 49.99
      vertex 36.50480947161671 73.25 49.99
      vertex 36.49619230341985 73.2450248756219 50
    endloop
  endfacet
  facet normal 0.5021951500268644 0.5021951500268721 0.7039886807179376
    outer loop
      vertex 37.25466667660766 72.17909292735095 49.99
      vertex 37.24704434384031 72.17269703073715 50
      vertex 38.17909292735096 71.25466667660767 49.99
    endloop
  endfacet
  facet normal 0.5021951500268641 0.5021951500268719 0.7039886807179382
    outer loop
      vertex 38.17909292735096 71.25466667660767 49.99
      vertex 37.24704434384031 72.17269703073715 50
      vertex 38.17269703073716 71.24704434384032 50
    endloop
  endfacet
  facet normal 0.40736040463625023 0.5817709499069166 0.7039886807179462
    outer loop
      vertex 38.17909292735096 71.25466667660767 49.99
      vertex 38.17269703073716 71.24704434384032 50
      vertex 39.25 70.50480947161671 49.99
    endloop
  endfacet
  facet normal 0.407360404636253 0.5817709499069207 0.7039886807179412
    outer loop
      vertex 39.25 70.50480947161671 49.99
      vertex 38.17269703073716 71.24704434384032 50
      vertex 39.245024875621894 70.49619230341985 50
    endloop
  endfacet
  facet normal -0.6860113325941603 0.18381618256720397 0.7039886807178116
    outer loop
      vertex 33.38605814759156 75.69763866749803 49.99
      vertex 33.05704483122551 74.43144573955175 50
      vertex 33.39585722971108 75.69591082493417 50
    endloop
  endfacet
  facet normal -0.7075086241214694 0.06189898395745184 0.7039886807177943
    outer loop
      vertex 33.38605814759156 75.69763866749803 49.99
      vertex 33.39585722971108 75.69591082493417 50
      vertex 33.5 77 49.99
    endloop
  endfacet
  facet normal -0.7075086241213506 0.06189898395744328 0.7039886807179144
    outer loop
      vertex 33.5 77 49.99
      vertex 33.39585722971108 75.69591082493417 50
      vertex 33.50995024875622 77 50
    endloop
  endfacet
  facet normal 0 0 1
    outer loop
      vertex 33.05704483122551 74.43144573955175 50
      vertex 35.60414277028892 75.69591082493417 50
      vertex 33.39585722971108 75.69591082493417 50
    endloop
  endfacet
  facet normal -0.7075086241213505 -0.06189898395744144 0.7039886807179145
    outer loop
      vertex 33.38605814759156 78.30236133250197 49.99
      vertex 33.5 77 49.99
      vertex 33.50995024875622 77 50
    endloop
  endfacet
  facet normal -0.7075086241214691 -0.06189898395745363 0.7039886807177943
    outer loop
      vertex 33.38605814759156 78.30236133250197 49.99
      vertex 33.50995024875622 77 50
      vertex 33.39585722971108 78.30408917506583 50
    endloop
  endfacet
  facet normal -0.6860113325941603 -0.18381618256720428 0.7039886807178116
    outer loop
      vertex 33.38605814759156 78.30236133250197 49.99
      vertex 33.39585722971108 78.30408917506583 50
      vertex 33.04769465589431 79.56515107494252 49.99
    endloop
  endfacet
  facet normal -0.6860113325941413 -0.1838161825671989 0.7039886807178314
    outer loop
      vertex 33.04769465589431 79.56515107494252 49.99
      vertex 33.39585722971108 78.30408917506583 50
      vertex 33.05704483122551 79.56855426044825 50
    endloop
  endfacet
  facet normal -0.6436699338645419 -0.3001482194851595 0.7039886807177407
    outer loop
      vertex 32.49519052838329 80.75 49.99
      vertex 33.05704483122551 79.56855426044825 50
      vertex 32.50380769658015 80.7549751243781 50
    endloop
  endfacet
  facet normal -0.6436699338644343 -0.3001482194851073 0.7039886807178611
    outer loop
      vertex 32.49519052838329 80.75 49.99
      vertex 33.04769465589431 79.56515107494252 49.99
      vertex 33.05704483122551 79.56855426044825 50
    endloop
  endfacet
  facet normal 0 0 1
    outer loop
      vertex 32.50380769658015 80.7549751243781 50
      vertex 33.05704483122551 79.56855426044825 50
      vertex 36.49619230341985 80.7549751243781 50
    endloop
  endfacet
  facet normal 0 0 1
    outer loop
      vertex 33.50995024875622 77 50
      vertex 33.39585722971108 75.69591082493417 50
      vertex 35.49004975124378 77 50
    endloop
  endfacet
  facet normal 0 0 1
    outer loop
      vertex 35.60414277028892 75.69591082493417 50
      vertex 35.49004975124378 77 50
      vertex 33.39585722971108 75.69591082493417 50
    endloop
  endfacet
  facet normal 0 0 1
    outer loop
      vertex 33.39585722971108 78.30408917506583 50
      vertex 33.50995024875622 77 50
      vertex 35.60414277028892 78.30408917506583 50
    endloop
  endfacet
  facet normal 0 0 1
    outer loop
      vertex 33.50995024875622 77 50
      vertex 35.49004975124378 77 50
      vertex 35.60414277028892 78.30408917506583 50
    endloop
  endfacet
  facet normal 0.6860113325941597 0.18381618256720414 0.703988680717812
    outer loop
      vertex 35.95230534410569 74.43484892505748 49.99
      vertex 35.61394185240844 75.69763866749803 49.99
      vertex 35.60414277028892 75.69591082493417 50
    endloop
  endfacet
  facet normal 0.7075086241213505 0.06189898395744144 0.7039886807179145
    outer loop
      vertex 35.61394185240844 75.69763866749803 49.99
      vertex 35.5 77 49.99
      vertex 35.49004975124378 77 50
    endloop
  endfacet
  facet normal 0.7075086241214691 0.06189898395745363 0.7039886807177943
    outer loop
      vertex 35.61394185240844 75.69763866749803 49.99
      vertex 35.49004975124378 77 50
      vertex 35.60414277028892 75.69591082493417 50
    endloop
  endfacet
  facet normal 0.7075086241213506 -0.06189898395744328 0.7039886807179144
    outer loop
      vertex 35.5 77 49.99
      vertex 35.60414277028892 78.30408917506583 50
      vertex 35.49004975124378 77 50
    endloop
  endfacet
  facet normal 0.7075086241214694 -0.06189898395745184 0.7039886807177943
    outer loop
      vertex 35.5 77 49.99
      vertex 35.61394185240844 78.30236133250197 49.99
      vertex 35.60414277028892 78.30408917506583 50
    endloop
  endfacet
  facet normal 0 0 1
    outer loop
      vertex 33.05704483122551 79.56855426044825 50
      vertex 33.39585722971108 78.30408917506583 50
      vertex 35.94295516877449 79.56855426044825 50
    endloop
  endfacet
  facet normal 0 0 1
    outer loop
      vertex 33.39585722971108 78.30408917506583 50
      vertex 35.60414277028892 78.30408917506583 50
      vertex 35.94295516877449 79.56855426044825 50
    endloop
  endfacet
  facet normal 0.6860113325941603 -0.18381618256720397 0.7039886807178116
    outer loop
      vertex 35.61394185240844 78.30236133250197 49.99
      vertex 35.94295516877449 79.56855426044825 50
      vertex 35.60414277028892 78.30408917506583 50
    endloop
  endfacet
  facet normal 0 0 1
    outer loop
      vertex 33.05704483122551 79.56855426044825 50
      vertex 35.94295516877449 79.56855426044825 50
      vertex 36.49619230341985 80.7549751243781 50
    endloop
  endfacet
  facet normal 0 0 1
    outer loop
      vertex 29.75497512437811 83.50380769658015 50
      vertex 30.82730296926284 82.75295565615968 50
      vertex 39.245024875621894 83.50380769658015 50
    endloop
  endfacet
  facet normal 0 0 1
    outer loop
      vertex 31.752955656159685 81.82730296926285 50
      vertex 32.50380769658015 80.7549751243781 50
      vertex 37.24704434384031 81.82730296926285 50
    endloop
  endfacet
  facet normal 0 0 1
    outer loop
      vertex 30.82730296926284 82.75295565615968 50
      vertex 31.752955656159685 81.82730296926285 50
      vertex 38.17269703073716 82.75295565615968 50
    endloop
  endfacet
  facet normal 0 0 1
    outer loop
      vertex 27.304089175065826 84.39585722971108 50
      vertex 28.568554260448245 84.05704483122553 50
      vertex 41.695910824934174 84.39585722971108 50
    endloop
  endfacet
  facet normal 0 0 1
    outer loop
      vertex 28.568554260448245 84.05704483122553 50
      vertex 29.75497512437811 83.50380769658015 50
      vertex 40.43144573955176 84.05704483122553 50
    endloop
  endfacet
  facet normal 0 0 1
    outer loop
      vertex 49 86 50
      vertex 26 84.50995024875621 50
      vertex 27.304089175065826 84.39585722971108 50
    endloop
  endfacet
  facet normal 0 0 1
    outer loop
      vertex 36.49619230341985 80.7549751243781 50
      vertex 37.24704434384031 81.82730296926285 50
      vertex 32.50380769658015 80.7549751243781 50
    endloop
  endfacet
  facet normal 0 0 1
    outer loop
      vertex 31.752955656159685 81.82730296926285 50
      vertex 37.24704434384031 81.82730296926285 50
      vertex 38.17269703073716 82.75295565615968 50
    endloop
  endfacet
  facet normal 0.6860113325941406 -0.183816182567199 0.703988680717832
    outer loop
      vertex 35.61394185240844 78.30236133250197 49.99
      vertex 35.95230534410569 79.56515107494252 49.99
      vertex 35.94295516877449 79.56855426044825 50
    endloop
  endfacet
  facet normal 0.6436699338644323 -0.30014821948510845 0.7039886807178626
    outer loop
      vertex 35.95230534410569 79.56515107494252 49.99
      vertex 36.49619230341985 80.7549751243781 50
      vertex 35.94295516877449 79.56855426044825 50
    endloop
  endfacet
  facet normal 0.6436699338645429 -0.3001482194851579 0.7039886807177403
    outer loop
      vertex 35.95230534410569 79.56515107494252 49.99
      vertex 36.50480947161671 80.75 49.99
      vertex 36.49619230341985 80.7549751243781 50
    endloop
  endfacet
  facet normal 0 0 1
    outer loop
      vertex 30.82730296926284 82.75295565615968 50
      vertex 38.17269703073716 82.75295565615968 50
      vertex 39.245024875621894 83.50380769658015 50
    endloop
  endfacet
  facet normal 0.5817709499070945 -0.40736040463636436 0.703988680717733
    outer loop
      vertex 36.50480947161671 80.75 49.99
      vertex 37.24704434384031 81.82730296926285 50
      vertex 36.49619230341985 80.7549751243781 50
    endloop
  endfacet
  facet normal 0.5817709499069207 -0.4073604046362466 0.7039886807179448
    outer loop
      vertex 36.50480947161671 80.75 49.99
      vertex 37.25466667660766 81.82090707264905 49.99
      vertex 37.24704434384031 81.82730296926285 50
    endloop
  endfacet
  facet normal 0 0 1
    outer loop
      vertex 29.75497512437811 83.50380769658015 50
      vertex 39.245024875621894 83.50380769658015 50
      vertex 40.43144573955176 84.05704483122553 50
    endloop
  endfacet
  facet normal 0 0 1
    outer loop
      vertex 28.568554260448245 84.05704483122553 50
      vertex 40.43144573955176 84.05704483122553 50
      vertex 41.695910824934174 84.39585722971108 50
    endloop
  endfacet
  facet normal 0.5021951500268645 -0.5021951500268722 0.7039886807179376
    outer loop
      vertex 37.25466667660766 81.82090707264905 49.99
      vertex 38.17269703073716 82.75295565615968 50
      vertex 37.24704434384031 81.82730296926285 50
    endloop
  endfacet
  facet normal 0.5021951500268651 -0.5021951500268729 0.7039886807179367
    outer loop
      vertex 37.25466667660766 81.82090707264905 49.99
      vertex 38.17909292735096 82.74533332339233 49.99
      vertex 38.17269703073716 82.75295565615968 50
    endloop
  endfacet
  facet normal 0.40736040463625023 -0.5817709499069166 0.7039886807179462
    outer loop
      vertex 38.17909292735096 82.74533332339233 49.99
      vertex 39.245024875621894 83.50380769658015 50
      vertex 38.17269703073716 82.75295565615968 50
    endloop
  endfacet
  facet normal 0.4073604046362526 -0.5817709499069199 0.703988680717942
    outer loop
      vertex 38.17909292735096 82.74533332339233 49.99
      vertex 39.25 83.49519052838329 49.99
      vertex 39.245024875621894 83.50380769658015 50
    endloop
  endfacet
  facet normal 0.4226182617406975 -0.9063077870366508 0
    outer loop
      vertex 39.25 49.49519052838329 1.49
      vertex 40.43484892505749 50.04769465589431 49.99
      vertex 39.25 49.49519052838329 49.99
    endloop
  endfacet
  facet normal 0.4226182617406975 0.9063077870366508 0
    outer loop
      vertex 40.43484892505749 52.95230534410569 1.49
      vertex 39.25 53.50480947161671 49.99
      vertex 40.43484892505749 52.95230534410569 49.99
    endloop
  endfacet
  facet normal 0.2588190451025231 -0.9659258262890678 0
    outer loop
      vertex 40.43484892505749 50.04769465589431 1.49
      vertex 41.697638667498026 50.38605814759156 49.99
      vertex 40.43484892505749 50.04769465589431 49.99
    endloop
  endfacet
  facet normal 0.087155742747657 -0.9961946980917455 0
    outer loop
      vertex 41.697638667498026 50.38605814759156 1.49
      vertex 43 50.5 49.99
      vertex 41.697638667498026 50.38605814759156 49.99
    endloop
  endfacet
  facet normal 0.2588190451025231 0.9659258262890678 0
    outer loop
      vertex 41.697638667498026 52.61394185240844 1.49
      vertex 40.43484892505749 52.95230534410569 49.99
      vertex 41.697638667498026 52.61394185240844 49.99
    endloop
  endfacet
  facet normal -0.087155742747657 -0.9961946980917455 0
    outer loop
      vertex 43 50.5 1.49
      vertex 44.302361332501974 50.38605814759156 49.99
      vertex 43 50.5 49.99
    endloop
  endfacet
  facet normal 0.087155742747657 0.9961946980917455 0
    outer loop
      vertex 43 52.5 1.49
      vertex 41.697638667498026 52.61394185240844 49.99
      vertex 43 52.5 49.99
    endloop
  endfacet
  facet normal -0.087155742747657 0.9961946980917455 0
    outer loop
      vertex 44.302361332501974 52.61394185240844 1.49
      vertex 43 52.5 49.99
      vertex 44.302361332501974 52.61394185240844 49.99
    endloop
  endfacet
  facet normal -0.2588190451025231 -0.9659258262890678 0
    outer loop
      vertex 44.302361332501974 50.38605814759156 1.49
      vertex 45.56515107494251 50.04769465589431 49.99
      vertex 44.302361332501974 50.38605814759156 49.99
    endloop
  endfacet
  facet normal -0.2588190451025231 0.9659258262890678 0
    outer loop
      vertex 45.56515107494251 52.95230534410569 1.49
      vertex 44.302361332501974 52.61394185240844 49.99
      vertex 45.56515107494251 52.95230534410569 49.99
    endloop
  endfacet
  facet normal -0.4226182617406975 -0.9063077870366508 0
    outer loop
      vertex 45.56515107494251 50.04769465589431 1.49
      vertex 46.75 49.49519052838329 49.99
      vertex 45.56515107494251 50.04769465589431 49.99
    endloop
  endfacet
  facet normal -0.573576436351046 -0.8191520442889919 0
    outer loop
      vertex 46.75 49.49519052838329 1.49
      vertex 47.82090707264904 48.74533332339234 49.99
      vertex 46.75 49.49519052838329 49.99
    endloop
  endfacet
  facet normal -0.4226182617406975 0.9063077870366508 0
    outer loop
      vertex 46.75 53.50480947161671 1.49
      vertex 45.56515107494251 52.95230534410569 49.99
      vertex 46.75 53.50480947161671 49.99
    endloop
  endfacet
  facet normal -0.7071067811865476 -0.7071067811865476 0
    outer loop
      vertex 47.82090707264904 48.74533332339234 1.49
      vertex 48.74533332339234 47.82090707264904 49.99
      vertex 47.82090707264904 48.74533332339234 49.99
    endloop
  endfacet
  facet normal -0.9659258262890678 -0.2588190451025231 0
    outer loop
      vertex 50.04769465589431 45.56515107494251 1.49
      vertex 50.38605814759156 44.302361332501974 49.99
      vertex 50.04769465589431 45.56515107494251 49.99
    endloop
  endfacet
  facet normal -0.8191520442889919 -0.573576436351046 0
    outer loop
      vertex 48.74533332339234 47.82090707264904 1.49
      vertex 49.49519052838329 46.75 49.99
      vertex 48.74533332339234 47.82090707264904 49.99
    endloop
  endfacet
  facet normal -0.9063077870366508 -0.4226182617406975 0
    outer loop
      vertex 49.49519052838329 46.75 1.49
      vertex 50.04769465589431 45.56515107494251 49.99
      vertex 49.49519052838329 46.75 49.99
    endloop
  endfacet
  facet normal -0.9961946980917455 -0.087155742747657 0
    outer loop
      vertex 50.38605814759156 44.302361332501974 1.49
      vertex 50.5 43 49.99
      vertex 50.38605814759156 44.302361332501974 49.99
    endloop
  endfacet
  facet normal -0.573576436351046 0.8191520442889919 0
    outer loop
      vertex 47.82090707264904 54.25466667660766 1.49
      vertex 46.75 53.50480947161671 49.99
      vertex 47.82090707264904 54.25466667660766 49.99
    endloop
  endfacet
  facet normal -0.7071067811865476 0.7071067811865476 0
    outer loop
      vertex 48.74533332339234 55.17909292735096 1.49
      vertex 47.82090707264904 54.25466667660766 49.99
      vertex 48.74533332339234 55.17909292735096 49.99
    endloop
  endfacet
  facet normal -0.8191520442889919 0.573576436351046 0
    outer loop
      vertex 49.49519052838329 56.25 1.49
      vertex 48.74533332339234 55.17909292735096 49.99
      vertex 49.49519052838329 56.25 49.99
    endloop
  endfacet
  facet normal -0.9063077870366508 0.4226182617406975 0
    outer loop
      vertex 50.04769465589431 57.43484892505749 1.49
      vertex 49.49519052838329 56.25 49.99
      vertex 50.04769465589431 57.43484892505749 49.99
    endloop
  endfacet
  facet normal -0.9659258262890678 0.2588190451025231 0
    outer loop
      vertex 50.38605814759156 58.697638667498026 1.49
      vertex 50.04769465589431 57.43484892505749 49.99
      vertex 50.38605814759156 58.697638667498026 49.99
    endloop
  endfacet
  facet normal 1 0 0
    outer loop
      vertex 52 3 50
      vertex 52 83 0
      vertex 52 83 50
    endloop
  endfacet
  facet normal -0.8191520442889938 -0.5735764363510435 0
    outer loop
      vertex 48.74533332339234 64.82090707264905 1.49
      vertex 49.49519052838329 63.75 49.99
      vertex 48.74533332339234 64.82090707264905 49.99
    endloop
  endfacet
  facet normal -0.9659258262890678 -0.2588190451025231 0
    outer loop
      vertex 50.04769465589431 62.56515107494251 1.49
      vertex 50.38605814759156 61.302361332501974 49.99
      vertex 50.04769465589431 62.56515107494251 49.99
    endloop
  endfacet
  facet normal -0.9063077870366508 -0.4226182617406975 0
    outer loop
      vertex 49.49519052838329 63.75 1.49
      vertex 50.04769465589431 62.56515107494251 49.99
      vertex 49.49519052838329 63.75 49.99
    endloop
  endfacet
  facet normal -0.9961946980917455 0.087155742747657 0
    outer loop
      vertex 50.5 60 1.49
      vertex 50.38605814759156 58.697638667498026 49.99
      vertex 50.5 60 49.99
    endloop
  endfacet
  facet normal -0.9961946980917455 -0.087155742747657 0
    outer loop
      vertex 50.38605814759156 61.302361332501974 1.49
      vertex 50.5 60 49.99
      vertex 50.38605814759156 61.302361332501974 49.99
    endloop
  endfacet
  facet normal 0.3001482194851566 -0.6436699338645433 0.7039886807177405
    outer loop
      vertex 39.25 49.49519052838329 49.99
      vertex 40.43144573955176 50.05704483122551 50
      vertex 39.245024875621894 49.50380769658015 50
    endloop
  endfacet
  facet normal 0 0 1
    outer loop
      vertex 39.245024875621894 49.50380769658015 50
      vertex 40.43144573955176 50.05704483122551 50
      vertex 39.245024875621894 53.49619230341985 50
    endloop
  endfacet
  facet normal 0.3001482194851504 -0.6436699338645308 0.7039886807177547
    outer loop
      vertex 39.25 49.49519052838329 49.99
      vertex 40.43484892505749 50.04769465589431 49.99
      vertex 40.43144573955176 50.05704483122551 50
    endloop
  endfacet
  facet normal 0.30014821948515635 0.6436699338645434 0.7039886807177405
    outer loop
      vertex 39.25 53.50480947161671 49.99
      vertex 39.245024875621894 53.49619230341985 50
      vertex 40.43484892505749 52.95230534410569 49.99
    endloop
  endfacet
  facet normal 0 0 1
    outer loop
      vertex 40.43144573955176 50.05704483122551 50
      vertex 40.43144573955176 52.94295516877449 50
      vertex 39.245024875621894 53.49619230341985 50
    endloop
  endfacet
  facet normal 0.30014821948515047 0.6436699338645302 0.703988680717755
    outer loop
      vertex 40.43484892505749 52.95230534410569 49.99
      vertex 39.245024875621894 53.49619230341985 50
      vertex 40.43144573955176 52.94295516877449 50
    endloop
  endfacet
  facet normal 0.1838161825672177 -0.6860113325942038 0.7039886807177657
    outer loop
      vertex 40.43484892505749 50.04769465589431 49.99
      vertex 41.695910824934174 50.39585722971108 50
      vertex 40.43144573955176 50.05704483122551 50
    endloop
  endfacet
  facet normal 0.18381618256720528 -0.6860113325941601 0.7039886807178112
    outer loop
      vertex 40.43484892505749 50.04769465589431 49.99
      vertex 41.697638667498026 50.38605814759156 49.99
      vertex 41.695910824934174 50.39585722971108 50
    endloop
  endfacet
  facet normal 0.06189898395745365 -0.7075086241214692 0.7039886807177943
    outer loop
      vertex 41.697638667498026 50.38605814759156 49.99
      vertex 43 50.50995024875622 50
      vertex 41.695910824934174 50.39585722971108 50
    endloop
  endfacet
  facet normal 0 0 1
    outer loop
      vertex 40.43144573955176 50.05704483122551 50
      vertex 41.695910824934174 50.39585722971108 50
      vertex 40.43144573955176 52.94295516877449 50
    endloop
  endfacet
  facet normal 0 0 1
    outer loop
      vertex 40.43144573955176 52.94295516877449 50
      vertex 41.695910824934174 50.39585722971108 50
      vertex 41.695910824934174 52.60414277028892 50
    endloop
  endfacet
  facet normal 0.18381618256721702 0.6860113325942039 0.7039886807177655
    outer loop
      vertex 40.43484892505749 52.95230534410569 49.99
      vertex 40.43144573955176 52.94295516877449 50
      vertex 41.697638667498026 52.61394185240844 49.99
    endloop
  endfacet
  facet normal 0.18381618256720594 0.6860113325941598 0.7039886807178116
    outer loop
      vertex 41.697638667498026 52.61394185240844 49.99
      vertex 40.43144573955176 52.94295516877449 50
      vertex 41.695910824934174 52.60414277028892 50
    endloop
  endfacet
  facet normal 0 0 1
    outer loop
      vertex 41.695910824934174 50.39585722971108 50
      vertex 43 50.50995024875622 50
      vertex 41.695910824934174 52.60414277028892 50
    endloop
  endfacet
  facet normal 0.06189898395745184 0.7075086241214694 0.7039886807177943
    outer loop
      vertex 41.697638667498026 52.61394185240844 49.99
      vertex 41.695910824934174 52.60414277028892 50
      vertex 43 52.5 49.99
    endloop
  endfacet
  facet normal 0.06189898395744146 -0.7075086241213507 0.7039886807179145
    outer loop
      vertex 41.697638667498026 50.38605814759156 49.99
      vertex 43 50.5 49.99
      vertex 43 50.50995024875622 50
    endloop
  endfacet
  facet normal -0.06189898395744328 -0.7075086241213506 0.7039886807179144
    outer loop
      vertex 43 50.5 49.99
      vertex 44.304089175065826 50.39585722971108 50
      vertex 43 50.50995024875622 50
    endloop
  endfacet
  facet normal -0.061898983957451824 -0.7075086241214692 0.7039886807177944
    outer loop
      vertex 43 50.5 49.99
      vertex 44.302361332501974 50.38605814759156 49.99
      vertex 44.304089175065826 50.39585722971108 50
    endloop
  endfacet
  facet normal 0 0 1
    outer loop
      vertex 41.695910824934174 52.60414277028892 50
      vertex 43 50.50995024875622 50
      vertex 43 52.49004975124378 50
    endloop
  endfacet
  facet normal 0.06189898395744328 0.7075086241213506 0.7039886807179144
    outer loop
      vertex 43 52.5 49.99
      vertex 41.695910824934174 52.60414277028892 50
      vertex 43 52.49004975124378 50
    endloop
  endfacet
  facet normal 0 0 1
    outer loop
      vertex 44.304089175065826 50.39585722971108 50
      vertex 43 52.49004975124378 50
      vertex 43 50.50995024875622 50
    endloop
  endfacet
  facet normal 0 0 1
    outer loop
      vertex 44.304089175065826 50.39585722971108 50
      vertex 44.304089175065826 52.60414277028892 50
      vertex 43 52.49004975124378 50
    endloop
  endfacet
  facet normal -0.06189898395744146 0.7075086241213507 0.7039886807179145
    outer loop
      vertex 43 52.5 49.99
      vertex 43 52.49004975124378 50
      vertex 44.302361332501974 52.61394185240844 49.99
    endloop
  endfacet
  facet normal -0.06189898395745365 0.7075086241214692 0.7039886807177943
    outer loop
      vertex 44.302361332501974 52.61394185240844 49.99
      vertex 43 52.49004975124378 50
      vertex 44.304089175065826 52.60414277028892 50
    endloop
  endfacet
  facet normal -0.18381618256720594 -0.6860113325941598 0.7039886807178116
    outer loop
      vertex 44.302361332501974 50.38605814759156 49.99
      vertex 45.56855426044824 50.05704483122551 50
      vertex 44.304089175065826 50.39585722971108 50
    endloop
  endfacet
  facet normal 0 0 1
    outer loop
      vertex 44.304089175065826 50.39585722971108 50
      vertex 45.56855426044824 50.05704483122551 50
      vertex 44.304089175065826 52.60414277028892 50
    endloop
  endfacet
  facet normal -0.18381618256721718 -0.6860113325942045 0.7039886807177649
    outer loop
      vertex 44.302361332501974 50.38605814759156 49.99
      vertex 45.56515107494251 50.04769465589431 49.99
      vertex 45.56855426044824 50.05704483122551 50
    endloop
  endfacet
  facet normal 0 0 1
    outer loop
      vertex 45.56855426044824 50.05704483122551 50
      vertex 45.56855426044824 52.94295516877449 50
      vertex 44.304089175065826 52.60414277028892 50
    endloop
  endfacet
  facet normal -0.18381618256720525 0.6860113325941599 0.7039886807178116
    outer loop
      vertex 44.302361332501974 52.61394185240844 49.99
      vertex 44.304089175065826 52.60414277028892 50
      vertex 45.56515107494251 52.95230534410569 49.99
    endloop
  endfacet
  facet normal -0.1838161825672177 0.6860113325942038 0.7039886807177657
    outer loop
      vertex 45.56515107494251 52.95230534410569 49.99
      vertex 44.304089175065826 52.60414277028892 50
      vertex 45.56855426044824 52.94295516877449 50
    endloop
  endfacet
  facet normal -0.5021951500268681 -0.5021951500268681 0.703988680717938
    outer loop
      vertex 48.74533332339234 47.82090707264904 49.99
      vertex 48.75295565615969 47.82730296926284 50
      vertex 47.82090707264904 48.74533332339234 49.99
    endloop
  endfacet
  facet normal -0.30014821948515047 -0.6436699338645302 0.703988680717755
    outer loop
      vertex 45.56515107494251 50.04769465589431 49.99
      vertex 46.754975124378106 49.50380769658015 50
      vertex 45.56855426044824 50.05704483122551 50
    endloop
  endfacet
  facet normal 0 0 1
    outer loop
      vertex 45.56855426044824 50.05704483122551 50
      vertex 46.754975124378106 49.50380769658015 50
      vertex 45.56855426044824 52.94295516877449 50
    endloop
  endfacet
  facet normal -0.30014821948515574 -0.6436699338645421 0.7039886807177419
    outer loop
      vertex 45.56515107494251 50.04769465589431 49.99
      vertex 46.75 49.49519052838329 49.99
      vertex 46.754975124378106 49.50380769658015 50
    endloop
  endfacet
  facet normal -0.40736040463636625 -0.5817709499070934 0.7039886807177331
    outer loop
      vertex 46.75 49.49519052838329 49.99
      vertex 47.82730296926284 48.75295565615969 50
      vertex 46.754975124378106 49.50380769658015 50
    endloop
  endfacet
  facet normal 0 0 1
    outer loop
      vertex 46.754975124378106 49.50380769658015 50
      vertex 47.82730296926284 48.75295565615969 50
      vertex 46.754975124378106 53.49619230341985 50
    endloop
  endfacet
  facet normal -0.30014821948515025 0.6436699338645303 0.7039886807177551
    outer loop
      vertex 45.56515107494251 52.95230534410569 49.99
      vertex 45.56855426044824 52.94295516877449 50
      vertex 46.75 53.50480947161671 49.99
    endloop
  endfacet
  facet normal 0 0 1
    outer loop
      vertex 46.754975124378106 49.50380769658015 50
      vertex 46.754975124378106 53.49619230341985 50
      vertex 45.56855426044824 52.94295516877449 50
    endloop
  endfacet
  facet normal -0.3001482194851566 0.6436699338645433 0.7039886807177405
    outer loop
      vertex 46.75 53.50480947161671 49.99
      vertex 45.56855426044824 52.94295516877449 50
      vertex 46.754975124378106 53.49619230341985 50
    endloop
  endfacet
  facet normal -0.40736040463624784 -0.5817709499069186 0.7039886807179458
    outer loop
      vertex 46.75 49.49519052838329 49.99
      vertex 47.82090707264904 48.74533332339234 49.99
      vertex 47.82730296926284 48.75295565615969 50
    endloop
  endfacet
  facet normal -0.5021951500268681 -0.5021951500268682 0.7039886807179379
    outer loop
      vertex 47.82090707264904 48.74533332339234 49.99
      vertex 48.75295565615969 47.82730296926284 50
      vertex 47.82730296926284 48.75295565615969 50
    endloop
  endfacet
  facet normal 0 0 1
    outer loop
      vertex 47.82730296926284 48.75295565615969 50
      vertex 48.75295565615969 47.82730296926284 50
      vertex 47.82730296926284 54.24704434384031 50
    endloop
  endfacet
  facet normal 0 0 1
    outer loop
      vertex 47.82730296926284 48.75295565615969 50
      vertex 47.82730296926284 54.24704434384031 50
      vertex 46.754975124378106 53.49619230341985 50
    endloop
  endfacet
  facet normal 0 0 1
    outer loop
      vertex 48.75295565615969 47.82730296926284 50
      vertex 48.75295565615969 55.17269703073716 50
      vertex 47.82730296926284 54.24704434384031 50
    endloop
  endfacet
  facet normal -0.6860113325941599 -0.18381618256720525 0.7039886807178116
    outer loop
      vertex 50.38605814759156 44.302361332501974 49.99
      vertex 50.39585722971108 44.304089175065826 50
      vertex 50.04769465589431 45.56515107494251 49.99
    endloop
  endfacet
  facet normal -0.6860113325942038 -0.1838161825672177 0.7039886807177657
    outer loop
      vertex 50.04769465589431 45.56515107494251 49.99
      vertex 50.39585722971108 44.304089175065826 50
      vertex 50.05704483122551 45.56855426044824 50
    endloop
  endfacet
  facet normal -0.5817709499069205 -0.4073604046362451 0.7039886807179458
    outer loop
      vertex 48.74533332339234 47.82090707264904 49.99
      vertex 49.50380769658015 46.754975124378106 50
      vertex 48.75295565615969 47.82730296926284 50
    endloop
  endfacet
  facet normal -0.5817709499070913 -0.40736040463636874 0.7039886807177334
    outer loop
      vertex 48.74533332339234 47.82090707264904 49.99
      vertex 49.49519052838329 46.75 49.99
      vertex 49.50380769658015 46.754975124378106 50
    endloop
  endfacet
  facet normal -0.6436699338645433 -0.3001482194851566 0.7039886807177405
    outer loop
      vertex 49.49519052838329 46.75 49.99
      vertex 50.05704483122551 45.56855426044824 50
      vertex 49.50380769658015 46.754975124378106 50
    endloop
  endfacet
  facet normal -0.6436699338645303 -0.30014821948515025 0.7039886807177551
    outer loop
      vertex 50.04769465589431 45.56515107494251 49.99
      vertex 50.05704483122551 45.56855426044824 50
      vertex 49.49519052838329 46.75 49.99
    endloop
  endfacet
  facet normal 0 0 1
    outer loop
      vertex 50.05704483122551 57.43144573955176 50
      vertex 50.39585722971108 44.304089175065826 50
      vertex 50.50995024875622 43 50
    endloop
  endfacet
  facet normal -0.7075086241213505 -0.06189898395744144 0.7039886807179145
    outer loop
      vertex 50.38605814759156 44.302361332501974 49.99
      vertex 50.5 43 49.99
      vertex 50.50995024875622 43 50
    endloop
  endfacet
  facet normal -0.7075086241214691 -0.06189898395745363 0.7039886807177943
    outer loop
      vertex 50.38605814759156 44.302361332501974 49.99
      vertex 50.50995024875622 43 50
      vertex 50.39585722971108 44.304089175065826 50
    endloop
  endfacet
  facet normal 0 0 1
    outer loop
      vertex 50.666710699058804 0.5055911630923644 50
      vertex 50.50995024875622 77 50
      vertex 50.50995024875622 60 50
    endloop
  endfacet
  facet normal 0 0 1
    outer loop
      vertex 49.50380769658015 46.754975124378106 50
      vertex 48.75295565615969 55.17269703073716 50
      vertex 48.75295565615969 47.82730296926284 50
    endloop
  endfacet
  facet normal 0 0 1
    outer loop
      vertex 50.05704483122551 45.56855426044824 50
      vertex 49.50380769658015 56.245024875621894 50
      vertex 49.50380769658015 46.754975124378106 50
    endloop
  endfacet
  facet normal 0 0 1
    outer loop
      vertex 50.39585722971108 44.304089175065826 50
      vertex 50.05704483122551 57.43144573955176 50
      vertex 50.05704483122551 45.56855426044824 50
    endloop
  endfacet
  facet normal 0 0 1
    outer loop
      vertex 49.50380769658015 46.754975124378106 50
      vertex 49.50380769658015 56.245024875621894 50
      vertex 48.75295565615969 55.17269703073716 50
    endloop
  endfacet
  facet normal 0 0 1
    outer loop
      vertex 50.05704483122551 45.56855426044824 50
      vertex 50.05704483122551 57.43144573955176 50
      vertex 49.50380769658015 56.245024875621894 50
    endloop
  endfacet
  facet normal 0 0 1
    outer loop
      vertex 50.50995024875622 43 50
      vertex 50.39585722971108 58.695910824934174 50
      vertex 50.05704483122551 57.43144573955176 50
    endloop
  endfacet
  facet normal -0.40736040463636897 0.5817709499070917 0.7039886807177329
    outer loop
      vertex 46.75 53.50480947161671 49.99
      vertex 46.754975124378106 53.49619230341985 50
      vertex 47.82090707264904 54.25466667660766 49.99
    endloop
  endfacet
  facet normal -0.4073604046362452 0.5817709499069205 0.703988680717946
    outer loop
      vertex 47.82090707264904 54.25466667660766 49.99
      vertex 46.754975124378106 53.49619230341985 50
      vertex 47.82730296926284 54.24704434384031 50
    endloop
  endfacet
  facet normal -0.5021951500268681 0.5021951500268681 0.703988680717938
    outer loop
      vertex 47.82090707264904 54.25466667660766 49.99
      vertex 47.82730296926284 54.24704434384031 50
      vertex 48.74533332339234 55.17909292735096 49.99
    endloop
  endfacet
  facet normal -0.5021951500268681 0.5021951500268682 0.7039886807179379
    outer loop
      vertex 48.74533332339234 55.17909292735096 49.99
      vertex 47.82730296926284 54.24704434384031 50
      vertex 48.75295565615969 55.17269703073716 50
    endloop
  endfacet
  facet normal -0.5817709499069185 0.40736040463624773 0.7039886807179461
    outer loop
      vertex 48.74533332339234 55.17909292735096 49.99
      vertex 48.75295565615969 55.17269703073716 50
      vertex 49.49519052838329 56.25 49.99
    endloop
  endfacet
  facet normal -0.5817709499070934 0.40736040463636625 0.703988680717733
    outer loop
      vertex 49.49519052838329 56.25 49.99
      vertex 48.75295565615969 55.17269703073716 50
      vertex 49.50380769658015 56.245024875621894 50
    endloop
  endfacet
  facet normal -0.6436699338645434 0.30014821948515635 0.7039886807177405
    outer loop
      vertex 49.49519052838329 56.25 49.99
      vertex 49.50380769658015 56.245024875621894 50
      vertex 50.04769465589431 57.43484892505749 49.99
    endloop
  endfacet
  facet normal -0.6436699338645302 0.30014821948515047 0.703988680717755
    outer loop
      vertex 50.04769465589431 57.43484892505749 49.99
      vertex 49.50380769658015 56.245024875621894 50
      vertex 50.05704483122551 57.43144573955176 50
    endloop
  endfacet
  facet normal -0.6860113325942039 0.18381618256721702 0.7039886807177654
    outer loop
      vertex 50.04769465589431 57.43484892505749 49.99
      vertex 50.05704483122551 57.43144573955176 50
      vertex 50.38605814759156 58.697638667498026 49.99
    endloop
  endfacet
  facet normal -0.6860113325941597 0.18381618256720592 0.7039886807178115
    outer loop
      vertex 50.38605814759156 58.697638667498026 49.99
      vertex 50.05704483122551 57.43144573955176 50
      vertex 50.39585722971108 58.695910824934174 50
    endloop
  endfacet
  facet normal 0 0 1
    outer loop
      vertex 50.50995024875622 43 50
      vertex 50.50995024875622 60 50
      vertex 50.39585722971108 58.695910824934174 50
    endloop
  endfacet
  facet normal 0 0 1
    outer loop
      vertex 50.666710699058804 0.5055911630923644 50
      vertex 50.666710699058804 85.49440883690764 50
      vertex 50.50995024875622 77 50
    endloop
  endfacet
  facet normal 0 0 1
    outer loop
      vertex 51.121320343559645 0.8786796564403572 50
      vertex 51.121320343559645 85.12132034355965 50
      vertex 50.666710699058804 85.49440883690764 50
    endloop
  endfacet
  facet normal 0 0 1
    outer loop
      vertex 51.49440883690764 1.3332893009411935 50
      vertex 51.49440883690764 84.66671069905881 50
      vertex 51.121320343559645 85.12132034355965 50
    endloop
  endfacet
  facet normal 0 0 1
    outer loop
      vertex 51.77163859753386 1.8519497029047307 50
      vertex 51.77163859753386 84.14805029709527 50
      vertex 51.49440883690764 84.66671069905881 50
    endloop
  endfacet
  facet normal 0 0 1
    outer loop
      vertex 51.94235584120969 2.414729033951615 50
      vertex 51.94235584120969 83.58527096604838 50
      vertex 51.77163859753386 84.14805029709527 50
    endloop
  endfacet
  facet normal 0 0 1
    outer loop
      vertex 52 3 50
      vertex 52 83 50
      vertex 51.94235584120969 83.58527096604838 50
    endloop
  endfacet
  facet normal -0.6860113325941599 -0.18381618256720525 0.7039886807178116
    outer loop
      vertex 50.38605814759156 61.302361332501974 49.99
      vertex 50.39585722971108 61.304089175065826 50
      vertex 50.04769465589431 62.56515107494251 49.99
    endloop
  endfacet
  facet normal -0.5817709499069219 -0.40736040463624346 0.7039886807179458
    outer loop
      vertex 48.74533332339234 64.82090707264905 49.99
      vertex 49.50380769658015 63.754975124378106 50
      vertex 48.75295565615969 64.82730296926285 50
    endloop
  endfacet
  facet normal -0.5817709499070928 -0.4073604046363671 0.7039886807177329
    outer loop
      vertex 49.49519052838329 63.75 49.99
      vertex 49.50380769658015 63.754975124378106 50
      vertex 48.74533332339234 64.82090707264905 49.99
    endloop
  endfacet
  facet normal -0.6436699338645314 -0.3001482194851508 0.7039886807177538
    outer loop
      vertex 49.49519052838329 63.75 49.99
      vertex 50.04769465589431 62.56515107494251 49.99
      vertex 50.05704483122551 62.56855426044824 50
    endloop
  endfacet
  facet normal -0.6860113325942038 -0.1838161825672177 0.7039886807177657
    outer loop
      vertex 50.04769465589431 62.56515107494251 49.99
      vertex 50.39585722971108 61.304089175065826 50
      vertex 50.05704483122551 62.56855426044824 50
    endloop
  endfacet
  facet normal -0.6436699338645433 -0.3001482194851566 0.7039886807177405
    outer loop
      vertex 49.49519052838329 63.75 49.99
      vertex 50.05704483122551 62.56855426044824 50
      vertex 49.50380769658015 63.754975124378106 50
    endloop
  endfacet
  facet normal -0.7075086241214694 0.06189898395745184 0.7039886807177943
    outer loop
      vertex 50.38605814759156 58.697638667498026 49.99
      vertex 50.39585722971108 58.695910824934174 50
      vertex 50.5 60 49.99
    endloop
  endfacet
  facet normal -0.7075086241213506 0.06189898395744328 0.7039886807179144
    outer loop
      vertex 50.5 60 49.99
      vertex 50.39585722971108 58.695910824934174 50
      vertex 50.50995024875622 60 50
    endloop
  endfacet
  facet normal -0.7075086241213507 -0.06189898395744146 0.7039886807179145
    outer loop
      vertex 50.5 60 49.99
      vertex 50.50995024875622 60 50
      vertex 50.38605814759156 61.302361332501974 49.99
    endloop
  endfacet
  facet normal -0.7075086241214691 -0.06189898395745363 0.7039886807177943
    outer loop
      vertex 50.38605814759156 61.302361332501974 49.99
      vertex 50.50995024875622 60 50
      vertex 50.39585722971108 61.304089175065826 50
    endloop
  endfacet
  facet normal 0.42261826174070194 -0.9063077870366487 0
    outer loop
      vertex 39.25 66.49519052838329 1.49
      vertex 40.43484892505749 67.04769465589432 49.99
      vertex 39.25 66.49519052838329 49.99
    endloop
  endfacet
  facet normal 0.2588190451025129 -0.9659258262890703 0
    outer loop
      vertex 40.43484892505749 67.04769465589432 1.49
      vertex 41.697638667498026 67.38605814759156 49.99
      vertex 40.43484892505749 67.04769465589432 49.99
    endloop
  endfacet
  facet normal 0.2588190451025129 0.9659258262890703 0
    outer loop
      vertex 41.697638667498026 69.61394185240844 1.49
      vertex 40.43484892505749 69.95230534410568 49.99
      vertex 41.697638667498026 69.61394185240844 49.99
    endloop
  endfacet
  facet normal 0.0871557427476624 -0.9961946980917451 0
    outer loop
      vertex 41.697638667498026 67.38605814759156 1.49
      vertex 43 67.5 49.99
      vertex 41.697638667498026 67.38605814759156 49.99
    endloop
  endfacet
  facet normal 0.42261826174070194 0.9063077870366487 0
    outer loop
      vertex 40.43484892505749 69.95230534410568 1.49
      vertex 39.25 70.50480947161671 49.99
      vertex 40.43484892505749 69.95230534410568 49.99
    endloop
  endfacet
  facet normal 0.0871557427476624 0.9961946980917451 0
    outer loop
      vertex 43 69.5 1.49
      vertex 41.697638667498026 69.61394185240844 49.99
      vertex 43 69.5 49.99
    endloop
  endfacet
  facet normal -0.0871557427476624 -0.9961946980917451 0
    outer loop
      vertex 43 67.5 1.49
      vertex 44.302361332501974 67.38605814759156 49.99
      vertex 43 67.5 49.99
    endloop
  endfacet
  facet normal -0.0871557427476624 0.9961946980917451 0
    outer loop
      vertex 44.302361332501974 69.61394185240844 1.49
      vertex 43 69.5 49.99
      vertex 44.302361332501974 69.61394185240844 49.99
    endloop
  endfacet
  facet normal -0.2588190451025129 -0.9659258262890703 0
    outer loop
      vertex 44.302361332501974 67.38605814759156 1.49
      vertex 45.56515107494251 67.04769465589432 49.99
      vertex 44.302361332501974 67.38605814759156 49.99
    endloop
  endfacet
  facet normal -0.2588190451025129 0.9659258262890703 0
    outer loop
      vertex 45.56515107494251 69.95230534410568 1.49
      vertex 44.302361332501974 69.61394185240844 49.99
      vertex 45.56515107494251 69.95230534410568 49.99
    endloop
  endfacet
  facet normal 0.42261826174070194 -0.9063077870366487 0
    outer loop
      vertex 39.25 83.49519052838329 1.49
      vertex 40.43484892505749 84.04769465589432 49.99
      vertex 39.25 83.49519052838329 49.99
    endloop
  endfacet
  facet normal 0.2588190451025129 -0.9659258262890703 0
    outer loop
      vertex 40.43484892505749 84.04769465589432 1.49
      vertex 41.697638667498026 84.38605814759156 49.99
      vertex 40.43484892505749 84.04769465589432 49.99
    endloop
  endfacet
  facet normal 0.0871557427476624 -0.9961946980917451 0
    outer loop
      vertex 41.697638667498026 84.38605814759156 1.49
      vertex 43 84.5 49.99
      vertex 41.697638667498026 84.38605814759156 49.99
    endloop
  endfacet
  facet normal -0.0871557427476624 -0.9961946980917451 0
    outer loop
      vertex 43 84.5 1.49
      vertex 44.302361332501974 84.38605814759156 49.99
      vertex 43 84.5 49.99
    endloop
  endfacet
  facet normal -0.2588190451025129 -0.9659258262890703 0
    outer loop
      vertex 44.302361332501974 84.38605814759156 1.49
      vertex 45.56515107494251 84.04769465589432 49.99
      vertex 44.302361332501974 84.38605814759156 49.99
    endloop
  endfacet
  facet normal -0.42261826174070194 -0.9063077870366487 0
    outer loop
      vertex 45.56515107494251 67.04769465589432 1.49
      vertex 46.75 66.49519052838329 49.99
      vertex 45.56515107494251 67.04769465589432 49.99
    endloop
  endfacet
  facet normal -0.5735764363510497 -0.8191520442889894 0
    outer loop
      vertex 46.75 66.49519052838329 1.49
      vertex 47.82090707264904 65.74533332339233 49.99
      vertex 46.75 66.49519052838329 49.99
    endloop
  endfacet
  facet normal -0.7071067811865421 -0.7071067811865529 0
    outer loop
      vertex 47.82090707264904 65.74533332339233 1.49
      vertex 48.74533332339234 64.82090707264905 49.99
      vertex 47.82090707264904 65.74533332339233 49.99
    endloop
  endfacet
  facet normal -0.42261826174070194 0.9063077870366487 0
    outer loop
      vertex 46.75 70.50480947161671 1.49
      vertex 45.56515107494251 69.95230534410568 49.99
      vertex 46.75 70.50480947161671 49.99
    endloop
  endfacet
  facet normal -0.5735764363510497 0.8191520442889894 0
    outer loop
      vertex 47.82090707264904 71.25466667660767 1.49
      vertex 46.75 70.50480947161671 49.99
      vertex 47.82090707264904 71.25466667660767 49.99
    endloop
  endfacet
  facet normal -0.7071067811865421 0.7071067811865529 0
    outer loop
      vertex 48.74533332339234 72.17909292735095 1.49
      vertex 47.82090707264904 71.25466667660767 49.99
      vertex 48.74533332339234 72.17909292735095 49.99
    endloop
  endfacet
  facet normal -0.8191520442889938 0.5735764363510435 0
    outer loop
      vertex 49.49519052838329 73.25 1.49
      vertex 48.74533332339234 72.17909292735095 49.99
      vertex 49.49519052838329 73.25 49.99
    endloop
  endfacet
  facet normal -0.9063077870366498 0.42261826174069955 0
    outer loop
      vertex 50.04769465589431 74.43484892505748 1.49
      vertex 49.49519052838329 73.25 49.99
      vertex 50.04769465589431 74.43484892505748 49.99
    endloop
  endfacet
  facet normal -0.5735764363510497 -0.8191520442889894 0
    outer loop
      vertex 46.75 83.49519052838329 1.49
      vertex 47.82090707264904 82.74533332339233 49.99
      vertex 46.75 83.49519052838329 49.99
    endloop
  endfacet
  facet normal -0.42261826174070194 -0.9063077870366487 0
    outer loop
      vertex 45.56515107494251 84.04769465589432 1.49
      vertex 46.75 83.49519052838329 49.99
      vertex 45.56515107494251 84.04769465589432 49.99
    endloop
  endfacet
  facet normal -0.7071067811865421 -0.7071067811865529 0
    outer loop
      vertex 47.82090707264904 82.74533332339233 1.49
      vertex 48.74533332339234 81.82090707264905 49.99
      vertex 47.82090707264904 82.74533332339233 49.99
    endloop
  endfacet
  facet normal -0.965925826289068 0.25881904510252174 0
    outer loop
      vertex 50.38605814759156 75.69763866749803 1.49
      vertex 50.04769465589431 74.43484892505748 49.99
      vertex 50.38605814759156 75.69763866749803 49.99
    endloop
  endfacet
  facet normal -0.965925826289068 -0.25881904510252174 0
    outer loop
      vertex 50.04769465589431 79.56515107494252 1.49
      vertex 50.38605814759156 78.30236133250197 49.99
      vertex 50.04769465589431 79.56515107494252 49.99
    endloop
  endfacet
  facet normal -0.9063077870366498 -0.42261826174069955 0
    outer loop
      vertex 49.49519052838329 80.75 1.49
      vertex 50.04769465589431 79.56515107494252 49.99
      vertex 49.49519052838329 80.75 49.99
    endloop
  endfacet
  facet normal -0.9961946980917455 0.087155742747657 0
    outer loop
      vertex 50.5 77 1.49
      vertex 50.38605814759156 75.69763866749803 49.99
      vertex 50.5 77 49.99
    endloop
  endfacet
  facet normal -0.9961946980917455 -0.087155742747657 0
    outer loop
      vertex 50.38605814759156 78.30236133250197 1.49
      vertex 50.5 77 49.99
      vertex 50.38605814759156 78.30236133250197 49.99
    endloop
  endfacet
  facet normal -0.8191520442889938 -0.5735764363510435 0
    outer loop
      vertex 48.74533332339234 81.82090707264905 1.49
      vertex 49.49519052838329 80.75 49.99
      vertex 48.74533332339234 81.82090707264905 49.99
    endloop
  endfacet
  facet normal 0.09801714032956384 0.9951847266721966 0
    outer loop
      vertex 49 86 0
      vertex 49 86 50
      vertex 49.585270966048384 85.94235584120969 50
    endloop
  endfacet
  facet normal 0.2902846772544523 0.9569403357322119 0
    outer loop
      vertex 49.585270966048384 85.94235584120969 0
      vertex 49.585270966048384 85.94235584120969 50
      vertex 50.14805029709527 85.77163859753387 50
    endloop
  endfacet
  facet normal 0.47139673682600136 0.881921264348353 0
    outer loop
      vertex 50.14805029709527 85.77163859753387 0
      vertex 50.14805029709527 85.77163859753387 50
      vertex 50.666710699058804 85.49440883690764 50
    endloop
  endfacet
  facet normal 0.6343932841636403 0.7730104533627411 0
    outer loop
      vertex 50.666710699058804 85.49440883690764 0
      vertex 50.666710699058804 85.49440883690764 50
      vertex 51.121320343559645 85.12132034355965 50
    endloop
  endfacet
  facet normal 0.8819212643483608 0.47139673682598693 0
    outer loop
      vertex 51.49440883690764 84.66671069905881 0
      vertex 51.49440883690764 84.66671069905881 50
      vertex 51.77163859753386 84.14805029709527 50
    endloop
  endfacet
  facet normal 0.9951847266721966 0.09801714032956384 0
    outer loop
      vertex 51.94235584120969 83.58527096604838 0
      vertex 51.94235584120969 83.58527096604838 50
      vertex 52 83 50
    endloop
  endfacet
  facet normal 0.9569403357322086 0.29028467725446333 0
    outer loop
      vertex 51.77163859753386 84.14805029709527 0
      vertex 51.77163859753386 84.14805029709527 50
      vertex 51.94235584120969 83.58527096604838 50
    endloop
  endfacet
  facet normal 0.7730104533627363 0.6343932841636463 0
    outer loop
      vertex 51.121320343559645 85.12132034355965 0
      vertex 51.121320343559645 85.12132034355965 50
      vertex 51.49440883690764 84.66671069905881 50
    endloop
  endfacet
  facet normal 0.3001482194850631 -0.6436699338643345 0.7039886807179714
    outer loop
      vertex 39.25 66.49519052838329 49.99
      vertex 40.43144573955176 67.05704483122553 50
      vertex 39.245024875621894 66.50380769658015 50
    endloop
  endfacet
  facet normal 0.3001482194850562 -0.6436699338643204 0.703988680717987
    outer loop
      vertex 39.25 66.49519052838329 49.99
      vertex 40.43484892505749 67.04769465589432 49.99
      vertex 40.43144573955176 67.05704483122553 50
    endloop
  endfacet
  facet normal 0 0 1
    outer loop
      vertex 39.245024875621894 66.50380769658015 50
      vertex 40.43144573955176 67.05704483122553 50
      vertex 39.245024875621894 70.49619230341985 50
    endloop
  endfacet
  facet normal 0 0 1
    outer loop
      vertex 40.43144573955176 67.05704483122553 50
      vertex 40.43144573955176 69.94295516877447 50
      vertex 39.245024875621894 70.49619230341985 50
    endloop
  endfacet
  facet normal 0.1838161825671475 -0.6860113325939706 0.7039886807180111
    outer loop
      vertex 40.43484892505749 67.04769465589432 49.99
      vertex 41.695910824934174 67.39585722971108 50
      vertex 40.43144573955176 67.05704483122553 50
    endloop
  endfacet
  facet normal 0 0 1
    outer loop
      vertex 40.43144573955176 67.05704483122553 50
      vertex 41.695910824934174 67.39585722971108 50
      vertex 40.43144573955176 69.94295516877447 50
    endloop
  endfacet
  facet normal 0.18381618256713486 -0.6860113325939262 0.7039886807180578
    outer loop
      vertex 40.43484892505749 67.04769465589432 49.99
      vertex 41.697638667498026 67.38605814759156 49.99
      vertex 41.695910824934174 67.39585722971108 50
    endloop
  endfacet
  facet normal 0.18381618256714682 0.6860113325939708 0.7039886807180111
    outer loop
      vertex 40.43484892505749 69.95230534410568 49.99
      vertex 40.43144573955176 69.94295516877447 50
      vertex 41.697638667498026 69.61394185240844 49.99
    endloop
  endfacet
  facet normal 0 0 1
    outer loop
      vertex 41.695910824934174 67.39585722971108 50
      vertex 41.695910824934174 69.60414277028892 50
      vertex 40.43144573955176 69.94295516877447 50
    endloop
  endfacet
  facet normal 0.18381618256713556 0.6860113325939259 0.7039886807180578
    outer loop
      vertex 41.697638667498026 69.61394185240844 49.99
      vertex 40.43144573955176 69.94295516877447 50
      vertex 41.695910824934174 69.60414277028892 50
    endloop
  endfacet
  facet normal 0.061898983957427926 -0.7075086241212192 0.7039886807180477
    outer loop
      vertex 41.697638667498026 67.38605814759156 49.99
      vertex 43 67.50995024875621 50
      vertex 41.695910824934174 67.39585722971108 50
    endloop
  endfacet
  facet normal 0 0 1
    outer loop
      vertex 41.695910824934174 67.39585722971108 50
      vertex 43 67.50995024875621 50
      vertex 41.695910824934174 69.60414277028892 50
    endloop
  endfacet
  facet normal 0.061898983957433755 0.7075086241212185 0.703988680718048
    outer loop
      vertex 41.697638667498026 69.61394185240844 49.99
      vertex 41.695910824934174 69.60414277028892 50
      vertex 43 69.5 49.99
    endloop
  endfacet
  facet normal 0.30014821948506243 0.6436699338643337 0.7039886807179724
    outer loop
      vertex 40.43484892505749 69.95230534410568 49.99
      vertex 39.25 70.50480947161671 49.99
      vertex 39.245024875621894 70.49619230341985 50
    endloop
  endfacet
  facet normal 0.3001482194850571 0.6436699338643217 0.7039886807179857
    outer loop
      vertex 40.43484892505749 69.95230534410568 49.99
      vertex 39.245024875621894 70.49619230341985 50
      vertex 40.43144573955176 69.94295516877447 50
    endloop
  endfacet
  facet normal 0.06189898395746718 -0.7075086241216006 0.7039886807176611
    outer loop
      vertex 41.697638667498026 67.38605814759156 49.99
      vertex 43 67.5 49.99
      vertex 43 67.50995024875621 50
    endloop
  endfacet
  facet normal 0 0 1
    outer loop
      vertex 43 67.50995024875621 50
      vertex 43 69.49004975124379 50
      vertex 41.695910824934174 69.60414277028892 50
    endloop
  endfacet
  facet normal 0.06189898395746134 0.7075086241216012 0.703988680717661
    outer loop
      vertex 43 69.5 49.99
      vertex 41.695910824934174 69.60414277028892 50
      vertex 43 69.49004975124379 50
    endloop
  endfacet
  facet normal -0.06189898395746134 -0.7075086241216012 0.703988680717661
    outer loop
      vertex 43 67.5 49.99
      vertex 44.304089175065826 67.39585722971108 50
      vertex 43 67.50995024875621 50
    endloop
  endfacet
  facet normal 0 0 1
    outer loop
      vertex 43 67.50995024875621 50
      vertex 44.304089175065826 67.39585722971108 50
      vertex 43 69.49004975124379 50
    endloop
  endfacet
  facet normal -0.061898983957433734 -0.7075086241212183 0.7039886807180483
    outer loop
      vertex 43 67.5 49.99
      vertex 44.302361332501974 67.38605814759156 49.99
      vertex 44.304089175065826 67.39585722971108 50
    endloop
  endfacet
  facet normal -0.06189898395746721 0.7075086241216009 0.7039886807176606
    outer loop
      vertex 43 69.5 49.99
      vertex 43 69.49004975124379 50
      vertex 44.302361332501974 69.61394185240844 49.99
    endloop
  endfacet
  facet normal 0 0 1
    outer loop
      vertex 44.304089175065826 67.39585722971108 50
      vertex 44.304089175065826 69.60414277028892 50
      vertex 43 69.49004975124379 50
    endloop
  endfacet
  facet normal -0.061898983957427926 0.7075086241212192 0.7039886807180477
    outer loop
      vertex 44.302361332501974 69.61394185240844 49.99
      vertex 43 69.49004975124379 50
      vertex 44.304089175065826 69.60414277028892 50
    endloop
  endfacet
  facet normal -0.18381618256714696 -0.6860113325939713 0.7039886807180107
    outer loop
      vertex 44.302361332501974 67.38605814759156 49.99
      vertex 45.56515107494251 67.04769465589432 49.99
      vertex 45.56855426044824 67.05704483122553 50
    endloop
  endfacet
  facet normal -0.18381618256713556 -0.6860113325939259 0.7039886807180578
    outer loop
      vertex 44.302361332501974 67.38605814759156 49.99
      vertex 45.56855426044824 67.05704483122553 50
      vertex 44.304089175065826 67.39585722971108 50
    endloop
  endfacet
  facet normal 0 0 1
    outer loop
      vertex 44.304089175065826 67.39585722971108 50
      vertex 45.56855426044824 67.05704483122553 50
      vertex 44.304089175065826 69.60414277028892 50
    endloop
  endfacet
  facet normal -0.18381618256713483 0.6860113325939261 0.7039886807180578
    outer loop
      vertex 44.302361332501974 69.61394185240844 49.99
      vertex 44.304089175065826 69.60414277028892 50
      vertex 45.56515107494251 69.95230534410568 49.99
    endloop
  endfacet
  facet normal 0 0 1
    outer loop
      vertex 44.304089175065826 69.60414277028892 50
      vertex 45.56855426044824 67.05704483122553 50
      vertex 45.56855426044824 69.94295516877447 50
    endloop
  endfacet
  facet normal -0.1838161825671475 0.6860113325939706 0.7039886807180111
    outer loop
      vertex 45.56515107494251 69.95230534410568 49.99
      vertex 44.304089175065826 69.60414277028892 50
      vertex 45.56855426044824 69.94295516877447 50
    endloop
  endfacet
  facet normal 0.3001482194850631 -0.6436699338643345 0.7039886807179714
    outer loop
      vertex 39.25 83.49519052838329 49.99
      vertex 40.43144573955176 84.05704483122553 50
      vertex 39.245024875621894 83.50380769658015 50
    endloop
  endfacet
  facet normal 0 0 1
    outer loop
      vertex 49 86 50
      vertex 27.304089175065826 84.39585722971108 50
      vertex 41.695910824934174 84.39585722971108 50
    endloop
  endfacet
  facet normal 0.3001482194850562 -0.6436699338643204 0.703988680717987
    outer loop
      vertex 39.25 83.49519052838329 49.99
      vertex 40.43484892505749 84.04769465589432 49.99
      vertex 40.43144573955176 84.05704483122553 50
    endloop
  endfacet
  facet normal 0.1838161825671475 -0.6860113325939706 0.7039886807180111
    outer loop
      vertex 40.43484892505749 84.04769465589432 49.99
      vertex 41.695910824934174 84.39585722971108 50
      vertex 40.43144573955176 84.05704483122553 50
    endloop
  endfacet
  facet normal 0.18381618256713486 -0.6860113325939262 0.7039886807180578
    outer loop
      vertex 40.43484892505749 84.04769465589432 49.99
      vertex 41.697638667498026 84.38605814759156 49.99
      vertex 41.695910824934174 84.39585722971108 50
    endloop
  endfacet
  facet normal 0.061898983957427926 -0.7075086241212192 0.7039886807180477
    outer loop
      vertex 41.697638667498026 84.38605814759156 49.99
      vertex 43 84.50995024875621 50
      vertex 41.695910824934174 84.39585722971108 50
    endloop
  endfacet
  facet normal 0.06189898395746718 -0.7075086241216006 0.7039886807176611
    outer loop
      vertex 41.697638667498026 84.38605814759156 49.99
      vertex 43 84.5 49.99
      vertex 43 84.50995024875621 50
    endloop
  endfacet
  facet normal -0.06189898395746134 -0.7075086241216012 0.703988680717661
    outer loop
      vertex 43 84.5 49.99
      vertex 44.304089175065826 84.39585722971108 50
      vertex 43 84.50995024875621 50
    endloop
  endfacet
  facet normal -0.061898983957433734 -0.7075086241212183 0.7039886807180483
    outer loop
      vertex 43 84.5 49.99
      vertex 44.302361332501974 84.38605814759156 49.99
      vertex 44.304089175065826 84.39585722971108 50
    endloop
  endfacet
  facet normal 0 0 1
    outer loop
      vertex 49 86 50
      vertex 41.695910824934174 84.39585722971108 50
      vertex 43 84.50995024875621 50
    endloop
  endfacet
  facet normal -0.18381618256713556 -0.6860113325939259 0.7039886807180578
    outer loop
      vertex 44.302361332501974 84.38605814759156 49.99
      vertex 45.56855426044824 84.05704483122553 50
      vertex 44.304089175065826 84.39585722971108 50
    endloop
  endfacet
  facet normal -0.18381618256714696 -0.6860113325939713 0.7039886807180107
    outer loop
      vertex 44.302361332501974 84.38605814759156 49.99
      vertex 45.56515107494251 84.04769465589432 49.99
      vertex 45.56855426044824 84.05704483122553 50
    endloop
  endfacet
  facet normal 0 0 1
    outer loop
      vertex 49 86 50
      vertex 43 84.50995024875621 50
      vertex 44.304089175065826 84.39585722971108 50
    endloop
  endfacet
  facet normal -0.3001482194850571 -0.6436699338643217 0.7039886807179857
    outer loop
      vertex 45.56515107494251 67.04769465589432 49.99
      vertex 46.754975124378106 66.50380769658015 50
      vertex 45.56855426044824 67.05704483122553 50
    endloop
  endfacet
  facet normal -0.30014821948506243 -0.6436699338643337 0.7039886807179724
    outer loop
      vertex 45.56515107494251 67.04769465589432 49.99
      vertex 46.75 66.49519052838329 49.99
      vertex 46.754975124378106 66.50380769658015 50
    endloop
  endfacet
  facet normal -0.407360404636253 -0.5817709499069207 0.7039886807179412
    outer loop
      vertex 46.75 66.49519052838329 49.99
      vertex 47.82730296926284 65.75295565615968 50
      vertex 46.754975124378106 66.50380769658015 50
    endloop
  endfacet
  facet normal 0 0 1
    outer loop
      vertex 45.56855426044824 67.05704483122553 50
      vertex 46.754975124378106 66.50380769658015 50
      vertex 45.56855426044824 69.94295516877447 50
    endloop
  endfacet
  facet normal 0 0 1
    outer loop
      vertex 46.754975124378106 66.50380769658015 50
      vertex 47.82730296926284 65.75295565615968 50
      vertex 46.754975124378106 70.49619230341985 50
    endloop
  endfacet
  facet normal 0 0 1
    outer loop
      vertex 46.754975124378106 66.50380769658015 50
      vertex 46.754975124378106 70.49619230341985 50
      vertex 45.56855426044824 69.94295516877447 50
    endloop
  endfacet
  facet normal -0.40736040463625023 -0.5817709499069166 0.7039886807179462
    outer loop
      vertex 46.75 66.49519052838329 49.99
      vertex 47.82090707264904 65.74533332339233 49.99
      vertex 47.82730296926284 65.75295565615968 50
    endloop
  endfacet
  facet normal -0.5021951500268641 -0.5021951500268719 0.7039886807179382
    outer loop
      vertex 47.82090707264904 65.74533332339233 49.99
      vertex 48.75295565615969 64.82730296926285 50
      vertex 47.82730296926284 65.75295565615968 50
    endloop
  endfacet
  facet normal -0.5021951500268642 -0.502195150026872 0.7039886807179382
    outer loop
      vertex 47.82090707264904 65.74533332339233 49.99
      vertex 48.74533332339234 64.82090707264905 49.99
      vertex 48.75295565615969 64.82730296926285 50
    endloop
  endfacet
  facet normal 0 0 1
    outer loop
      vertex 47.82730296926284 65.75295565615968 50
      vertex 47.82730296926284 71.24704434384032 50
      vertex 46.754975124378106 70.49619230341985 50
    endloop
  endfacet
  facet normal 0 0 1
    outer loop
      vertex 47.82730296926284 65.75295565615968 50
      vertex 48.75295565615969 64.82730296926285 50
      vertex 47.82730296926284 71.24704434384032 50
    endloop
  endfacet
  facet normal 0 0 1
    outer loop
      vertex 48.75295565615969 64.82730296926285 50
      vertex 48.75295565615969 72.17269703073715 50
      vertex 47.82730296926284 71.24704434384032 50
    endloop
  endfacet
  facet normal -0.3001482194850568 0.6436699338643217 0.7039886807179855
    outer loop
      vertex 45.56515107494251 69.95230534410568 49.99
      vertex 45.56855426044824 69.94295516877447 50
      vertex 46.75 70.50480947161671 49.99
    endloop
  endfacet
  facet normal -0.3001482194850631 0.6436699338643345 0.7039886807179714
    outer loop
      vertex 46.75 70.50480947161671 49.99
      vertex 45.56855426044824 69.94295516877447 50
      vertex 46.754975124378106 70.49619230341985 50
    endloop
  endfacet
  facet normal -0.40736040463625306 0.5817709499069206 0.7039886807179413
    outer loop
      vertex 46.75 70.50480947161671 49.99
      vertex 46.754975124378106 70.49619230341985 50
      vertex 47.82090707264904 71.25466667660767 49.99
    endloop
  endfacet
  facet normal -0.40736040463625023 0.5817709499069166 0.7039886807179462
    outer loop
      vertex 47.82090707264904 71.25466667660767 49.99
      vertex 46.754975124378106 70.49619230341985 50
      vertex 47.82730296926284 71.24704434384032 50
    endloop
  endfacet
  facet normal -0.5021951500268641 0.5021951500268719 0.7039886807179382
    outer loop
      vertex 47.82090707264904 71.25466667660767 49.99
      vertex 47.82730296926284 71.24704434384032 50
      vertex 48.74533332339234 72.17909292735095 49.99
    endloop
  endfacet
  facet normal -0.5021951500268645 0.5021951500268722 0.7039886807179376
    outer loop
      vertex 48.74533332339234 72.17909292735095 49.99
      vertex 47.82730296926284 71.24704434384032 50
      vertex 48.75295565615969 72.17269703073715 50
    endloop
  endfacet
  facet normal 0 0 1
    outer loop
      vertex 49.50380769658015 63.754975124378106 50
      vertex 48.75295565615969 72.17269703073715 50
      vertex 48.75295565615969 64.82730296926285 50
    endloop
  endfacet
  facet normal 0 0 1
    outer loop
      vertex 50.05704483122551 62.56855426044824 50
      vertex 49.50380769658015 73.2450248756219 50
      vertex 49.50380769658015 63.754975124378106 50
    endloop
  endfacet
  facet normal 0 0 1
    outer loop
      vertex 50.39585722971108 61.304089175065826 50
      vertex 50.05704483122551 74.43144573955175 50
      vertex 50.05704483122551 62.56855426044824 50
    endloop
  endfacet
  facet normal 0 0 1
    outer loop
      vertex 49.50380769658015 63.754975124378106 50
      vertex 49.50380769658015 73.2450248756219 50
      vertex 48.75295565615969 72.17269703073715 50
    endloop
  endfacet
  facet normal 0 0 1
    outer loop
      vertex 50.50995024875622 60 50
      vertex 50.39585722971108 75.69591082493417 50
      vertex 50.39585722971108 61.304089175065826 50
    endloop
  endfacet
  facet normal -0.5817709499069199 0.40736040463624595 0.703988680717946
    outer loop
      vertex 48.74533332339234 72.17909292735095 49.99
      vertex 48.75295565615969 72.17269703073715 50
      vertex 49.49519052838329 73.25 49.99
    endloop
  endfacet
  facet normal 0 0 1
    outer loop
      vertex 50.05704483122551 62.56855426044824 50
      vertex 50.05704483122551 74.43144573955175 50
      vertex 49.50380769658015 73.2450248756219 50
    endloop
  endfacet
  facet normal 0 0 1
    outer loop
      vertex 50.39585722971108 61.304089175065826 50
      vertex 50.39585722971108 75.69591082493417 50
      vertex 50.05704483122551 74.43144573955175 50
    endloop
  endfacet
  facet normal -0.5817709499070945 0.40736040463636436 0.703988680717733
    outer loop
      vertex 49.49519052838329 73.25 49.99
      vertex 48.75295565615969 72.17269703073715 50
      vertex 49.50380769658015 73.2450248756219 50
    endloop
  endfacet
  facet normal -0.6436699338645426 0.3001482194851578 0.7039886807177405
    outer loop
      vertex 49.49519052838329 73.25 49.99
      vertex 49.50380769658015 73.2450248756219 50
      vertex 50.04769465589431 74.43484892505748 49.99
    endloop
  endfacet
  facet normal -0.6436699338644323 0.30014821948510845 0.7039886807178626
    outer loop
      vertex 50.04769465589431 74.43484892505748 49.99
      vertex 49.50380769658015 73.2450248756219 50
      vertex 50.05704483122551 74.43144573955175 50
    endloop
  endfacet
  facet normal -0.6860113325941412 0.18381618256719917 0.7039886807178315
    outer loop
      vertex 50.04769465589431 74.43484892505748 49.99
      vertex 50.05704483122551 74.43144573955175 50
      vertex 50.38605814759156 75.69763866749803 49.99
    endloop
  endfacet
  facet normal 0 0 1
    outer loop
      vertex 50.50995024875622 60 50
      vertex 50.50995024875622 77 50
      vertex 50.39585722971108 75.69591082493417 50
    endloop
  endfacet
  facet normal -0.407360404636253 -0.5817709499069207 0.7039886807179412
    outer loop
      vertex 46.75 83.49519052838329 49.99
      vertex 47.82730296926284 82.75295565615968 50
      vertex 46.754975124378106 83.50380769658015 50
    endloop
  endfacet
  facet normal -0.3001482194850571 -0.6436699338643217 0.7039886807179857
    outer loop
      vertex 45.56515107494251 84.04769465589432 49.99
      vertex 46.754975124378106 83.50380769658015 50
      vertex 45.56855426044824 84.05704483122553 50
    endloop
  endfacet
  facet normal 0 0 1
    outer loop
      vertex 49 86 50
      vertex 44.304089175065826 84.39585722971108 50
      vertex 45.56855426044824 84.05704483122553 50
    endloop
  endfacet
  facet normal -0.30014821948506243 -0.6436699338643337 0.7039886807179724
    outer loop
      vertex 45.56515107494251 84.04769465589432 49.99
      vertex 46.75 83.49519052838329 49.99
      vertex 46.754975124378106 83.50380769658015 50
    endloop
  endfacet
  facet normal 0 0 1
    outer loop
      vertex 49 86 50
      vertex 45.56855426044824 84.05704483122553 50
      vertex 46.754975124378106 83.50380769658015 50
    endloop
  endfacet
  facet normal -0.40736040463625023 -0.5817709499069166 0.7039886807179462
    outer loop
      vertex 46.75 83.49519052838329 49.99
      vertex 47.82090707264904 82.74533332339233 49.99
      vertex 47.82730296926284 82.75295565615968 50
    endloop
  endfacet
  facet normal -0.5021951500268641 -0.5021951500268719 0.7039886807179382
    outer loop
      vertex 47.82090707264904 82.74533332339233 49.99
      vertex 48.75295565615969 81.82730296926285 50
      vertex 47.82730296926284 82.75295565615968 50
    endloop
  endfacet
  facet normal -0.5021951500268642 -0.502195150026872 0.7039886807179382
    outer loop
      vertex 47.82090707264904 82.74533332339233 49.99
      vertex 48.74533332339234 81.82090707264905 49.99
      vertex 48.75295565615969 81.82730296926285 50
    endloop
  endfacet
  facet normal 0 0 1
    outer loop
      vertex 49 86 50
      vertex 46.754975124378106 83.50380769658015 50
      vertex 47.82730296926284 82.75295565615968 50
    endloop
  endfacet
  facet normal 0 0 1
    outer loop
      vertex 49 86 50
      vertex 47.82730296926284 82.75295565615968 50
      vertex 48.75295565615969 81.82730296926285 50
    endloop
  endfacet
  facet normal -0.6860113325941603 0.18381618256720397 0.7039886807178116
    outer loop
      vertex 50.38605814759156 75.69763866749803 49.99
      vertex 50.05704483122551 74.43144573955175 50
      vertex 50.39585722971108 75.69591082493417 50
    endloop
  endfacet
  facet normal -0.6860113325941413 -0.1838161825671989 0.7039886807178314
    outer loop
      vertex 50.04769465589431 79.56515107494252 49.99
      vertex 50.39585722971108 78.30408917506583 50
      vertex 50.05704483122551 79.56855426044825 50
    endloop
  endfacet
  facet normal -0.6860113325941603 -0.18381618256720428 0.7039886807178116
    outer loop
      vertex 50.38605814759156 78.30236133250197 49.99
      vertex 50.39585722971108 78.30408917506583 50
      vertex 50.04769465589431 79.56515107494252 49.99
    endloop
  endfacet
  facet normal -0.6436699338645419 -0.3001482194851595 0.7039886807177407
    outer loop
      vertex 49.49519052838329 80.75 49.99
      vertex 50.05704483122551 79.56855426044825 50
      vertex 49.50380769658015 80.7549751243781 50
    endloop
  endfacet
  facet normal -0.6436699338644343 -0.3001482194851073 0.7039886807178611
    outer loop
      vertex 49.49519052838329 80.75 49.99
      vertex 50.04769465589431 79.56515107494252 49.99
      vertex 50.05704483122551 79.56855426044825 50
    endloop
  endfacet
  facet normal -0.7075086241214694 0.06189898395745184 0.7039886807177943
    outer loop
      vertex 50.38605814759156 75.69763866749803 49.99
      vertex 50.39585722971108 75.69591082493417 50
      vertex 50.5 77 49.99
    endloop
  endfacet
  facet normal -0.7075086241213506 0.06189898395744328 0.7039886807179144
    outer loop
      vertex 50.5 77 49.99
      vertex 50.39585722971108 75.69591082493417 50
      vertex 50.50995024875622 77 50
    endloop
  endfacet
  facet normal -0.7075086241213505 -0.06189898395744144 0.7039886807179145
    outer loop
      vertex 50.38605814759156 78.30236133250197 49.99
      vertex 50.5 77 49.99
      vertex 50.50995024875622 77 50
    endloop
  endfacet
  facet normal -0.7075086241214691 -0.06189898395745363 0.7039886807177943
    outer loop
      vertex 50.38605814759156 78.30236133250197 49.99
      vertex 50.50995024875622 77 50
      vertex 50.39585722971108 78.30408917506583 50
    endloop
  endfacet
  facet normal 0 0 1
    outer loop
      vertex 50.666710699058804 85.49440883690764 50
      vertex 50.39585722971108 78.30408917506583 50
      vertex 50.50995024875622 77 50
    endloop
  endfacet
  facet normal -0.5817709499069219 -0.40736040463624346 0.7039886807179458
    outer loop
      vertex 48.74533332339234 81.82090707264905 49.99
      vertex 49.50380769658015 80.7549751243781 50
      vertex 48.75295565615969 81.82730296926285 50
    endloop
  endfacet
  facet normal -0.5817709499070938 -0.40736040463636775 0.7039886807177317
    outer loop
      vertex 48.74533332339234 81.82090707264905 49.99
      vertex 49.49519052838329 80.75 49.99
      vertex 49.50380769658015 80.7549751243781 50
    endloop
  endfacet
  facet normal 0 0 1
    outer loop
      vertex 49 86 50
      vertex 48.75295565615969 81.82730296926285 50
      vertex 49.50380769658015 80.7549751243781 50
    endloop
  endfacet
  facet normal 0 0 1
    outer loop
      vertex 50.14805029709527 85.77163859753387 50
      vertex 50.05704483122551 79.56855426044825 50
      vertex 50.39585722971108 78.30408917506583 50
    endloop
  endfacet
  facet normal 0 0 1
    outer loop
      vertex 49.585270966048384 85.94235584120969 50
      vertex 49.50380769658015 80.7549751243781 50
      vertex 50.05704483122551 79.56855426044825 50
    endloop
  endfacet
  facet normal 0 0 1
    outer loop
      vertex 49 86 50
      vertex 49.50380769658015 80.7549751243781 50
      vertex 49.585270966048384 85.94235584120969 50
    endloop
  endfacet
  facet normal 0 0 1
    outer loop
      vertex 49.585270966048384 85.94235584120969 50
      vertex 50.05704483122551 79.56855426044825 50
      vertex 50.14805029709527 85.77163859753387 50
    endloop
  endfacet
  facet normal 0 0 1
    outer loop
      vertex 50.14805029709527 85.77163859753387 50
      vertex 50.39585722971108 78.30408917506583 50
      vertex 50.666710699058804 85.49440883690764 50
    endloop
  endfacet
endsolid OpenSCAD_Model
