solid OpenSCAD_Model
  facet normal 0 1 0
    outer loop
      vertex 65.9032 91 2.16246
      vertex 65.2392 91 1.69509
      vertex 65.8049 91 2.26077
    endloop
  endfacet
  facet normal -0 1 0
    outer loop
      vertex 65.2392 91 1.69509
      vertex 65.9032 91 2.16246
      vertex 65.3375 91 1.59677
    endloop
  endfacet
  facet normal 0 1 -0
    outer loop
      vertex 58.6703 91 9.09999
      vertex 58.6625 91 9.40323
      vertex 58.818 91 9.24767
    endloop
  endfacet
  facet normal 0 1 0
    outer loop
      vertex 58.5558 91 9.09999
      vertex 58.6625 91 9.40323
      vertex 58.6703 91 9.09999
    endloop
  endfacet
  facet normal 0 1 -0
    outer loop
      vertex 58.5558 91 9.09999
      vertex 58.0968 91 8.83754
      vertex 58.6625 91 9.40323
    endloop
  endfacet
  facet normal -0 1 0
    outer loop
      vertex 58.0968 91 8.83754
      vertex 58.5558 91 9.09999
      vertex 58.1951 91 8.73923
    endloop
  endfacet
  facet normal 0 1 0
    outer loop
      vertex 58.7608 91 1.69509
      vertex 58.0968 91 2.16246
      vertex 58.1951 91 2.26077
    endloop
  endfacet
  facet normal 0 1 0
    outer loop
      vertex 58.0968 91 2.16246
      vertex 58.7608 91 1.69509
      vertex 58.6625 91 1.59677
    endloop
  endfacet
  facet normal 0 1 0
    outer loop
      vertex 65.3297 91 9.09999
      vertex 65.3375 91 9.40323
      vertex 65.4442 91 9.09999
    endloop
  endfacet
  facet normal 0 1 0
    outer loop
      vertex 65.9032 91 8.83754
      vertex 65.4442 91 9.09999
      vertex 65.3375 91 9.40323
    endloop
  endfacet
  facet normal 0 1 0
    outer loop
      vertex 65.4442 91 9.09999
      vertex 65.9032 91 8.83754
      vertex 65.8049 91 8.73923
    endloop
  endfacet
  facet normal 0 1 0
    outer loop
      vertex 65.3375 91 9.40323
      vertex 65.3297 91 9.09999
      vertex 65.182 91 9.24767
    endloop
  endfacet
  facet normal 0.707101 0 -0.707113
    outer loop
      vertex 65.3375 75 1.59677
      vertex 65.9032 91 2.16246
      vertex 65.9032 75 2.16246
    endloop
  endfacet
  facet normal 0.707101 0 -0.707113
    outer loop
      vertex 65.9032 91 2.16246
      vertex 65.3375 75 1.59677
      vertex 65.3375 91 1.59677
    endloop
  endfacet
  facet normal -0.707179 0 -0.707035
    outer loop
      vertex 65.3375 75 1.59677
      vertex 65.2392 91 1.69509
      vertex 65.3375 91 1.59677
    endloop
  endfacet
  facet normal -0.707179 -0 -0.707035
    outer loop
      vertex 65.2392 91 1.69509
      vertex 65.3375 75 1.59677
      vertex 65.2392 75 1.69509
    endloop
  endfacet
  facet normal 0 1 0
    outer loop
      vertex 58.7861 75 1.66978
      vertex 58.6625 75 1.59677
      vertex 58.7608 75 1.69509
    endloop
  endfacet
  facet normal -0 1 0
    outer loop
      vertex 58.6625 75 1.59677
      vertex 58.7861 75 1.66978
      vertex 59.5 75 1.16988
    endloop
  endfacet
  facet normal 0 1 -0
    outer loop
      vertex 65.182 75 9.24767
      vertex 58.6625 75 9.40323
      vertex 65.3375 75 9.40323
    endloop
  endfacet
  facet normal 0 1 0
    outer loop
      vertex 65.182 75 9.24767
      vertex 58.818 75 9.24767
      vertex 58.6625 75 9.40323
    endloop
  endfacet
  facet normal 0 1 0
    outer loop
      vertex 65.3297 75 9.09999
      vertex 58.818 75 9.24767
      vertex 65.182 75 9.24767
    endloop
  endfacet
  facet normal 0 1 0
    outer loop
      vertex 58.818 75 9.24767
      vertex 65.3297 75 9.09999
      vertex 58.6703 75 9.09999
    endloop
  endfacet
  facet normal 0 1 0
    outer loop
      vertex 65.3375 75 9.40323
      vertex 67.073 75 11
      vertex 67.3033 75 10.8033
    endloop
  endfacet
  facet normal 0 1 0
    outer loop
      vertex 67.073 75 11
      vertex 65.3375 75 9.40323
      vertex 56.927 75 11
    endloop
  endfacet
  facet normal 0 1 0
    outer loop
      vertex 65.9032 75 8.83754
      vertex 67.3033 75 10.8033
      vertex 68.0676 75 9.90839
    endloop
  endfacet
  facet normal 0 1 -0
    outer loop
      vertex 58.6625 75 9.40323
      vertex 56.927 75 11
      vertex 65.3375 75 9.40323
    endloop
  endfacet
  facet normal 0 1 0
    outer loop
      vertex 56.927 75 11
      vertex 58.6625 75 9.40323
      vertex 56.6967 75 10.8033
    endloop
  endfacet
  facet normal 0 1 0
    outer loop
      vertex 66.3301 75 8
      vertex 68.0676 75 9.90839
      vertex 68.6825 75 8.90492
    endloop
  endfacet
  facet normal 0 1 0
    outer loop
      vertex 67.3033 75 10.8033
      vertex 65.9032 75 8.83754
      vertex 65.3375 75 9.40323
    endloop
  endfacet
  facet normal 0 1 0
    outer loop
      vertex 68.0676 75 9.90839
      vertex 66.3301 75 8
      vertex 65.9032 75 8.83754
    endloop
  endfacet
  facet normal 0 1 0
    outer loop
      vertex 65.9032 75 8.83754
      vertex 65.8302 75 8.71393
      vertex 65.8049 75 8.73923
    endloop
  endfacet
  facet normal 0 1 0
    outer loop
      vertex 65.9032 75 8.83754
      vertex 66.3301 75 8
      vertex 65.8302 75 8.71393
    endloop
  endfacet
  facet normal 0 1 0
    outer loop
      vertex 66.6985 75 7.2101
      vertex 68.6825 75 8.90492
      vertex 69.1329 75 7.81763
    endloop
  endfacet
  facet normal 0 1 0
    outer loop
      vertex 68.6825 75 8.90492
      vertex 66.6985 75 7.2101
      vertex 66.3301 75 8
    endloop
  endfacet
  facet normal 0 1 0
    outer loop
      vertex 66.924 75 6.36824
      vertex 69.1329 75 7.81763
      vertex 69.4077 75 6.67325
    endloop
  endfacet
  facet normal 0 1 0
    outer loop
      vertex 69.1329 75 7.81763
      vertex 66.924 75 6.36824
      vertex 66.6985 75 7.2101
    endloop
  endfacet
  facet normal 0 1 0
    outer loop
      vertex 67 75 5.5
      vertex 69.4077 75 6.67325
      vertex 69.5 75 5.5
    endloop
  endfacet
  facet normal 0 1 0
    outer loop
      vertex 69.4077 75 6.67325
      vertex 67 75 5.5
      vertex 66.924 75 6.36824
    endloop
  endfacet
  facet normal 0 1 -0
    outer loop
      vertex 69.4077 75 4.32675
      vertex 67 75 5.5
      vertex 69.5 75 5.5
    endloop
  endfacet
  facet normal 0 1 0
    outer loop
      vertex 67 75 5.5
      vertex 69.4077 75 4.32675
      vertex 66.924 75 4.63176
    endloop
  endfacet
  facet normal 0 1 -0
    outer loop
      vertex 69.1329 75 3.18237
      vertex 66.924 75 4.63176
      vertex 69.4077 75 4.32675
    endloop
  endfacet
  facet normal 0 1 0
    outer loop
      vertex 66.924 75 4.63176
      vertex 69.1329 75 3.18237
      vertex 66.6985 75 3.7899
    endloop
  endfacet
  facet normal 0 1 -0
    outer loop
      vertex 68.6825 75 2.09508
      vertex 66.6985 75 3.7899
      vertex 69.1329 75 3.18237
    endloop
  endfacet
  facet normal 0 1 0
    outer loop
      vertex 66.6985 75 3.7899
      vertex 68.6825 75 2.09508
      vertex 66.3301 75 3
    endloop
  endfacet
  facet normal 0 1 -0
    outer loop
      vertex 68.0676 75 1.09161
      vertex 66.3301 75 3
      vertex 68.6825 75 2.09508
    endloop
  endfacet
  facet normal 0 1 0
    outer loop
      vertex 65.8302 75 2.28607
      vertex 65.9032 75 2.16246
      vertex 65.8049 75 2.26077
    endloop
  endfacet
  facet normal 0 1 0
    outer loop
      vertex 66.3301 75 3
      vertex 65.9032 75 2.16246
      vertex 65.8302 75 2.28607
    endloop
  endfacet
  facet normal 0 1 0
    outer loop
      vertex 66.3301 75 3
      vertex 68.0676 75 1.09161
      vertex 65.9032 75 2.16246
    endloop
  endfacet
  facet normal 0 1 -0
    outer loop
      vertex 67.3033 75 0.196701
      vertex 65.9032 75 2.16246
      vertex 68.0676 75 1.09161
    endloop
  endfacet
  facet normal 0 1 0
    outer loop
      vertex 65.9032 75 2.16246
      vertex 67.3033 75 0.196701
      vertex 65.3375 75 1.59677
    endloop
  endfacet
  facet normal 0 1 -0
    outer loop
      vertex 66.4084 75 -0.567627
      vertex 65.3375 75 1.59677
      vertex 67.3033 75 0.196701
    endloop
  endfacet
  facet normal 0 1 0
    outer loop
      vertex 65.3375 75 1.59677
      vertex 66.4084 75 -0.567627
      vertex 64.5 75 1.16988
    endloop
  endfacet
  facet normal 0 1 0
    outer loop
      vertex 64.5 75 1.16988
      vertex 65.4049 75 -1.18254
      vertex 63.7101 75 0.801544
    endloop
  endfacet
  facet normal 0 1 -0
    outer loop
      vertex 65.4049 75 -1.18254
      vertex 64.5 75 1.16988
      vertex 66.4084 75 -0.567627
    endloop
  endfacet
  facet normal 0 1 -0
    outer loop
      vertex 58.0968 75 8.83754
      vertex 56.6967 75 10.8033
      vertex 58.6625 75 9.40323
    endloop
  endfacet
  facet normal 0 1 0
    outer loop
      vertex 56.6967 75 10.8033
      vertex 58.0968 75 8.83754
      vertex 55.9324 75 9.90839
    endloop
  endfacet
  facet normal 0 1 -0
    outer loop
      vertex 57.6699 75 8
      vertex 55.9324 75 9.90839
      vertex 58.0968 75 8.83754
    endloop
  endfacet
  facet normal 0 1 -0
    outer loop
      vertex 58.1698 75 8.71393
      vertex 58.0968 75 8.83754
      vertex 58.1951 75 8.73923
    endloop
  endfacet
  facet normal 0 1 0
    outer loop
      vertex 57.6699 75 8
      vertex 58.0968 75 8.83754
      vertex 58.1698 75 8.71393
    endloop
  endfacet
  facet normal 0 1 0
    outer loop
      vertex 55.9324 75 9.90839
      vertex 57.6699 75 8
      vertex 55.3175 75 8.90492
    endloop
  endfacet
  facet normal 0 1 -0
    outer loop
      vertex 57.3015 75 7.2101
      vertex 55.3175 75 8.90492
      vertex 57.6699 75 8
    endloop
  endfacet
  facet normal 0 1 0
    outer loop
      vertex 55.3175 75 8.90492
      vertex 57.3015 75 7.2101
      vertex 54.8671 75 7.81763
    endloop
  endfacet
  facet normal 0 1 -0
    outer loop
      vertex 57.076 75 6.36824
      vertex 54.8671 75 7.81763
      vertex 57.3015 75 7.2101
    endloop
  endfacet
  facet normal 0 1 0
    outer loop
      vertex 54.8671 75 7.81763
      vertex 57.076 75 6.36824
      vertex 54.5923 75 6.67325
    endloop
  endfacet
  facet normal 0 1 -0
    outer loop
      vertex 57 75 5.5
      vertex 54.5923 75 6.67325
      vertex 57.076 75 6.36824
    endloop
  endfacet
  facet normal 0 1 0
    outer loop
      vertex 57 75 5.5
      vertex 54.5 75 5.5
      vertex 54.5923 75 6.67325
    endloop
  endfacet
  facet normal 0 1 0
    outer loop
      vertex 54.5923 75 4.32675
      vertex 57 75 5.5
      vertex 57.076 75 4.63176
    endloop
  endfacet
  facet normal 0 1 0
    outer loop
      vertex 57 75 5.5
      vertex 54.5923 75 4.32675
      vertex 54.5 75 5.5
    endloop
  endfacet
  facet normal 0 1 0
    outer loop
      vertex 54.8671 75 3.18237
      vertex 57.076 75 4.63176
      vertex 57.3015 75 3.7899
    endloop
  endfacet
  facet normal 0 1 0
    outer loop
      vertex 57.076 75 4.63176
      vertex 54.8671 75 3.18237
      vertex 54.5923 75 4.32675
    endloop
  endfacet
  facet normal 0 1 0
    outer loop
      vertex 55.3175 75 2.09508
      vertex 57.3015 75 3.7899
      vertex 57.6699 75 3
    endloop
  endfacet
  facet normal 0 1 -0
    outer loop
      vertex 58.0968 75 2.16246
      vertex 57.6699 75 3
      vertex 58.1698 75 2.28607
    endloop
  endfacet
  facet normal 0 1 0
    outer loop
      vertex 58.0968 75 2.16246
      vertex 58.1698 75 2.28607
      vertex 58.1951 75 2.26077
    endloop
  endfacet
  facet normal 0 1 0
    outer loop
      vertex 55.9324 75 1.09161
      vertex 57.6699 75 3
      vertex 58.0968 75 2.16246
    endloop
  endfacet
  facet normal 0 1 0
    outer loop
      vertex 57.3015 75 3.7899
      vertex 55.3175 75 2.09508
      vertex 54.8671 75 3.18237
    endloop
  endfacet
  facet normal 0 1 0
    outer loop
      vertex 56.6967 75 0.196701
      vertex 58.0968 75 2.16246
      vertex 58.6625 75 1.59677
    endloop
  endfacet
  facet normal 0 1 0
    outer loop
      vertex 57.5916 75 -0.567627
      vertex 58.6625 75 1.59677
      vertex 59.5 75 1.16988
    endloop
  endfacet
  facet normal 0 1 0
    outer loop
      vertex 57.6699 75 3
      vertex 55.9324 75 1.09161
      vertex 55.3175 75 2.09508
    endloop
  endfacet
  facet normal 0 1 0
    outer loop
      vertex 58.5951 75 -1.18254
      vertex 59.5 75 1.16988
      vertex 60.2899 75 0.801544
    endloop
  endfacet
  facet normal 0 1 0
    outer loop
      vertex 59.6824 75 -1.63292
      vertex 60.2899 75 0.801544
      vertex 61.1318 75 0.575974
    endloop
  endfacet
  facet normal 0 1 0
    outer loop
      vertex 58.0968 75 2.16246
      vertex 56.6967 75 0.196701
      vertex 55.9324 75 1.09161
    endloop
  endfacet
  facet normal 0 1 0
    outer loop
      vertex 60.8268 75 -1.90765
      vertex 61.1318 75 0.575974
      vertex 62 75 0.5
    endloop
  endfacet
  facet normal 0 1 -0
    outer loop
      vertex 64.3176 75 -1.63292
      vertex 63.7101 75 0.801544
      vertex 65.4049 75 -1.18254
    endloop
  endfacet
  facet normal 0 1 0
    outer loop
      vertex 63.7101 75 0.801544
      vertex 64.3176 75 -1.63292
      vertex 62.8682 75 0.575974
    endloop
  endfacet
  facet normal 0 1 0
    outer loop
      vertex 58.6625 75 1.59677
      vertex 57.5916 75 -0.567627
      vertex 56.6967 75 0.196701
    endloop
  endfacet
  facet normal 0 1 -0
    outer loop
      vertex 63.1732 75 -1.90765
      vertex 62.8682 75 0.575974
      vertex 64.3176 75 -1.63292
    endloop
  endfacet
  facet normal 0 1 0
    outer loop
      vertex 59.5 75 1.16988
      vertex 58.5951 75 -1.18254
      vertex 57.5916 75 -0.567627
    endloop
  endfacet
  facet normal 0 1 0
    outer loop
      vertex 62.8682 75 0.575974
      vertex 63.1732 75 -1.90765
      vertex 62 75 0.5
    endloop
  endfacet
  facet normal 0 1 0
    outer loop
      vertex 60.2899 75 0.801544
      vertex 59.6824 75 -1.63292
      vertex 58.5951 75 -1.18254
    endloop
  endfacet
  facet normal 0 1 0
    outer loop
      vertex 62 75 -2
      vertex 62 75 0.5
      vertex 63.1732 75 -1.90765
    endloop
  endfacet
  facet normal 0 1 0
    outer loop
      vertex 61.1318 75 0.575974
      vertex 60.8268 75 -1.90765
      vertex 59.6824 75 -1.63292
    endloop
  endfacet
  facet normal 0 1 0
    outer loop
      vertex 62 75 0.5
      vertex 62 75 -2
      vertex 60.8268 75 -1.90765
    endloop
  endfacet
  facet normal 0 1 0
    outer loop
      vertex 65.3375 75 1.59677
      vertex 65.2139 75 1.66978
      vertex 65.2392 75 1.69509
    endloop
  endfacet
  facet normal 0 1 0
    outer loop
      vertex 65.2139 75 1.66978
      vertex 65.3375 75 1.59677
      vertex 64.5 75 1.16988
    endloop
  endfacet
  facet normal 0.707143 -0 0.707071
    outer loop
      vertex 65.8049 75 2.26077
      vertex 65.9032 91 2.16246
      vertex 65.8049 91 2.26077
    endloop
  endfacet
  facet normal 0.707143 0 0.707071
    outer loop
      vertex 65.9032 91 2.16246
      vertex 65.8049 75 2.26077
      vertex 65.9032 75 2.16246
    endloop
  endfacet
  facet normal -0.707143 0 0.707071
    outer loop
      vertex 58.0968 75 2.16246
      vertex 58.1951 91 2.26077
      vertex 58.0968 91 2.16246
    endloop
  endfacet
  facet normal -0.707143 0 0.707071
    outer loop
      vertex 58.1951 91 2.26077
      vertex 58.0968 75 2.16246
      vertex 58.1951 75 2.26077
    endloop
  endfacet
  facet normal 0.707179 0 -0.707035
    outer loop
      vertex 58.6625 75 1.59677
      vertex 58.7608 91 1.69509
      vertex 58.7608 75 1.69509
    endloop
  endfacet
  facet normal 0.707179 0 -0.707035
    outer loop
      vertex 58.7608 91 1.69509
      vertex 58.6625 75 1.59677
      vertex 58.6625 91 1.59677
    endloop
  endfacet
  facet normal -0.707101 0 -0.707113
    outer loop
      vertex 58.6625 75 1.59677
      vertex 58.0968 91 2.16246
      vertex 58.6625 91 1.59677
    endloop
  endfacet
  facet normal -0.707101 -0 -0.707113
    outer loop
      vertex 58.0968 91 2.16246
      vertex 58.6625 75 1.59677
      vertex 58.0968 75 2.16246
    endloop
  endfacet
  facet normal -0.707101 0 0.707113
    outer loop
      vertex 58.0968 75 8.83754
      vertex 58.6625 91 9.40323
      vertex 58.0968 91 8.83754
    endloop
  endfacet
  facet normal -0.707101 0 0.707113
    outer loop
      vertex 58.6625 91 9.40323
      vertex 58.0968 75 8.83754
      vertex 58.6625 75 9.40323
    endloop
  endfacet
  facet normal 0.707059 0 -0.707155
    outer loop
      vertex 58.818 75 9.24767
      vertex 58.6703 91 9.09999
      vertex 58.818 91 9.24767
    endloop
  endfacet
  facet normal 0.707059 0 -0.707155
    outer loop
      vertex 58.6703 91 9.09999
      vertex 58.818 75 9.24767
      vertex 58.6703 75 9.09999
    endloop
  endfacet
  facet normal 0.707243 -0 0.70697
    outer loop
      vertex 58.6625 75 9.40323
      vertex 58.818 91 9.24767
      vertex 58.6625 91 9.40323
    endloop
  endfacet
  facet normal 0.707243 0 0.70697
    outer loop
      vertex 58.818 91 9.24767
      vertex 58.6625 75 9.40323
      vertex 58.818 75 9.24767
    endloop
  endfacet
  facet normal -0.707143 0 -0.707071
    outer loop
      vertex 58.1951 75 8.73923
      vertex 58.0968 91 8.83754
      vertex 58.1951 91 8.73923
    endloop
  endfacet
  facet normal -0.707143 -0 -0.707071
    outer loop
      vertex 58.0968 91 8.83754
      vertex 58.1951 75 8.73923
      vertex 58.0968 75 8.83754
    endloop
  endfacet
  facet normal 0.707101 0 0.707113
    outer loop
      vertex 65.3375 91 9.40323
      vertex 65.9032 75 8.83754
      vertex 65.9032 91 8.83754
    endloop
  endfacet
  facet normal 0.707101 0 0.707113
    outer loop
      vertex 65.9032 75 8.83754
      vertex 65.3375 91 9.40323
      vertex 65.3375 75 9.40323
    endloop
  endfacet
  facet normal -0.707059 0 -0.707155
    outer loop
      vertex 65.3297 75 9.09999
      vertex 65.182 91 9.24767
      vertex 65.3297 91 9.09999
    endloop
  endfacet
  facet normal -0.707059 -0 -0.707155
    outer loop
      vertex 65.182 91 9.24767
      vertex 65.3297 75 9.09999
      vertex 65.182 75 9.24767
    endloop
  endfacet
  facet normal 0.707143 0 -0.707071
    outer loop
      vertex 65.9032 75 8.83754
      vertex 65.8049 91 8.73923
      vertex 65.9032 91 8.83754
    endloop
  endfacet
  facet normal 0.707143 0 -0.707071
    outer loop
      vertex 65.8049 91 8.73923
      vertex 65.9032 75 8.83754
      vertex 65.8049 75 8.73923
    endloop
  endfacet
  facet normal -0.707243 0 0.70697
    outer loop
      vertex 65.182 75 9.24767
      vertex 65.3375 91 9.40323
      vertex 65.182 91 9.24767
    endloop
  endfacet
  facet normal -0.707243 0 0.70697
    outer loop
      vertex 65.3375 91 9.40323
      vertex 65.182 75 9.24767
      vertex 65.3375 75 9.40323
    endloop
  endfacet
  facet normal 0.707166 0 0.707048
    outer loop
      vertex 65.8049 91 8.73923
      vertex 65.4442 91.1 9.09999
      vertex 65.4442 91 9.09999
    endloop
  endfacet
  facet normal 0.707162 -2.78058e-05 0.707052
    outer loop
      vertex 65.4442 91.1 9.09999
      vertex 65.8049 91 8.73923
      vertex 65.8302 91.1 8.71393
    endloop
  endfacet
  facet normal 0.707107 0 0.707107
    outer loop
      vertex 65.8302 75 8.71393
      vertex 65.8049 91 8.73923
      vertex 65.8049 75 8.73923
    endloop
  endfacet
  facet normal 0.707107 0 0.707107
    outer loop
      vertex 65.8049 91 8.73923
      vertex 65.8302 75 8.71393
      vertex 65.8302 91.1 8.71393
    endloop
  endfacet
  facet normal 0.819152 -0 0.573577
    outer loop
      vertex 65.8302 75 8.71393
      vertex 66.3301 91.1 8
      vertex 65.8302 91.1 8.71393
    endloop
  endfacet
  facet normal 0.819152 0 0.573577
    outer loop
      vertex 66.3301 91.1 8
      vertex 65.8302 75 8.71393
      vertex 66.3301 75 8
    endloop
  endfacet
  facet normal -0.819152 0 -0.573577
    outer loop
      vertex 58.1698 75 2.28607
      vertex 57.6699 91.1 3
      vertex 58.1698 91.1 2.28607
    endloop
  endfacet
  facet normal -0.819152 -0 -0.573577
    outer loop
      vertex 57.6699 91.1 3
      vertex 58.1698 75 2.28607
      vertex 57.6699 75 3
    endloop
  endfacet
  facet normal -0.996191 0 0.0872
    outer loop
      vertex 57 75 5.5
      vertex 57.076 91.1 6.36824
      vertex 57 91.1 5.5
    endloop
  endfacet
  facet normal -0.996191 0 0.0872
    outer loop
      vertex 57.076 91.1 6.36824
      vertex 57 75 5.5
      vertex 57.076 75 6.36824
    endloop
  endfacet
  facet normal -0.707101 -7.36141e-05 -0.707113
    outer loop
      vertex 58.7861 91.1 1.66978
      vertex 58.7608 91 1.69509
      vertex 58.1698 91.1 2.28607
    endloop
  endfacet
  facet normal -0.707246 0 -0.706967
    outer loop
      vertex 58.7861 75 1.66978
      vertex 58.7608 91 1.69509
      vertex 58.7861 91.1 1.66978
    endloop
  endfacet
  facet normal -0.707246 -0 -0.706967
    outer loop
      vertex 58.7608 91 1.69509
      vertex 58.7861 75 1.66978
      vertex 58.7608 75 1.69509
    endloop
  endfacet
  facet normal -0.707094 6.32495e-06 -0.707119
    outer loop
      vertex 58.1951 91 2.26077
      vertex 58.1698 91.1 2.28607
      vertex 58.7608 91 1.69509
    endloop
  endfacet
  facet normal -0.707107 0 -0.707107
    outer loop
      vertex 58.1698 75 2.28607
      vertex 58.1951 91 2.26077
      vertex 58.1951 75 2.26077
    endloop
  endfacet
  facet normal -0.707107 0 -0.707107
    outer loop
      vertex 58.1951 91 2.26077
      vertex 58.1698 75 2.28607
      vertex 58.1698 91.1 2.28607
    endloop
  endfacet
  facet normal 0.0871744 0 -0.996193
    outer loop
      vertex 62 75 0.5
      vertex 62.8682 79.7 0.575974
      vertex 62.8682 75 0.575974
    endloop
  endfacet
  facet normal 0.0871744 0 -0.996193
    outer loop
      vertex 62.8682 79.7 0.575974
      vertex 62 75 0.5
      vertex 62 79.7 0.5
    endloop
  endfacet
  facet normal 0.0871744 0 -0.996193
    outer loop
      vertex 62 90.7 0.5
      vertex 62.8682 91.1 0.575974
      vertex 62.8682 90.7 0.575974
    endloop
  endfacet
  facet normal 0.0871744 0 -0.996193
    outer loop
      vertex 62.8682 91.1 0.575974
      vertex 62 90.7 0.5
      vertex 62 91.1 0.5
    endloop
  endfacet
  facet normal 0.0871744 0 -0.996193
    outer loop
      vertex 62 84.7 0.5
      vertex 62.8682 85.7 0.575974
      vertex 62.8682 84.7 0.575974
    endloop
  endfacet
  facet normal 0.0871744 0 -0.996193
    outer loop
      vertex 62.8682 85.7 0.575974
      vertex 62 84.7 0.5
      vertex 62 85.7 0.5
    endloop
  endfacet
  facet normal -0 0 1
    outer loop
      vertex 58.5558 91.1 9.09999
      vertex 58.6703 91 9.09999
      vertex 60.0557 93.1 9.09999
    endloop
  endfacet
  facet normal 0 0 1
    outer loop
      vertex 58.6703 91 9.09999
      vertex 58.5558 91.1 9.09999
      vertex 58.5558 91 9.09999
    endloop
  endfacet
  facet normal -0 0 1
    outer loop
      vertex 60.7 85.7 9.09999
      vertex 63.3 84.7 9.09999
      vertex 63.3 85.7 9.09999
    endloop
  endfacet
  facet normal 0 0 1
    outer loop
      vertex 63.3 84.7 9.09999
      vertex 60.7 85.7 9.09999
      vertex 60.7 84.7 9.09999
    endloop
  endfacet
  facet normal 0 0 1
    outer loop
      vertex 63.9443 93.1 9.09999
      vertex 60.7 90.7 9.09999
      vertex 63.3 90.7 9.09999
    endloop
  endfacet
  facet normal 0 0 1
    outer loop
      vertex 58.6703 91 9.09999
      vertex 60.7 85.7 9.09999
      vertex 60.7 90.7 9.09999
    endloop
  endfacet
  facet normal 0 0 1
    outer loop
      vertex 60.7 85.7 9.09999
      vertex 58.6703 91 9.09999
      vertex 60.7 84.7 9.09999
    endloop
  endfacet
  facet normal -0 0 1
    outer loop
      vertex 58.6703 91 9.09999
      vertex 60.7 90.7 9.09999
      vertex 60.0557 93.1 9.09999
    endloop
  endfacet
  facet normal -0 0 1
    outer loop
      vertex 60.0557 93.1 9.09999
      vertex 60.7 90.7 9.09999
      vertex 63.9443 93.1 9.09999
    endloop
  endfacet
  facet normal 0 0 1
    outer loop
      vertex 65.4442 91.1 9.09999
      vertex 65.3297 91 9.09999
      vertex 65.4442 91 9.09999
    endloop
  endfacet
  facet normal 0 0 1
    outer loop
      vertex 63.9443 93.1 9.09999
      vertex 65.3297 91 9.09999
      vertex 65.4442 91.1 9.09999
    endloop
  endfacet
  facet normal 0 0 1
    outer loop
      vertex 63.3 90.7 9.09999
      vertex 65.3297 91 9.09999
      vertex 63.9443 93.1 9.09999
    endloop
  endfacet
  facet normal 0 0 1
    outer loop
      vertex 65.3297 91 9.09999
      vertex 63.3 90.7 9.09999
      vertex 63.3 85.7 9.09999
    endloop
  endfacet
  facet normal 0 0 1
    outer loop
      vertex 63.3 84.7 9.09999
      vertex 65.3297 91 9.09999
      vertex 63.3 85.7 9.09999
    endloop
  endfacet
  facet normal 0 0 1
    outer loop
      vertex 65.3297 91 9.09999
      vertex 63.3 84.7 9.09999
      vertex 65.3297 75 9.09999
    endloop
  endfacet
  facet normal -0 0 1
    outer loop
      vertex 63.3 79.7 9.09999
      vertex 65.3297 75 9.09999
      vertex 63.3 84.7 9.09999
    endloop
  endfacet
  facet normal -0 0 1
    outer loop
      vertex 60.7 79.7 9.09999
      vertex 65.3297 75 9.09999
      vertex 63.3 79.7 9.09999
    endloop
  endfacet
  facet normal 0 0 1
    outer loop
      vertex 58.6703 75 9.09999
      vertex 60.7 84.7 9.09999
      vertex 58.6703 91 9.09999
    endloop
  endfacet
  facet normal 0 0 1
    outer loop
      vertex 60.7 79.7 9.09999
      vertex 58.6703 75 9.09999
      vertex 65.3297 75 9.09999
    endloop
  endfacet
  facet normal 0 0 1
    outer loop
      vertex 60.7 84.7 9.09999
      vertex 58.6703 75 9.09999
      vertex 60.7 79.7 9.09999
    endloop
  endfacet
  facet normal -0.258791 0 -0.965933
    outer loop
      vertex 61.1318 75 0.575974
      vertex 60.7 79.7 0.691661
      vertex 61.1318 79.7 0.575974
    endloop
  endfacet
  facet normal -0.258813 0 -0.965928
    outer loop
      vertex 60.2899 75 0.801544
      vertex 60.7 84.7 0.691661
      vertex 60.7 79.7 0.691661
    endloop
  endfacet
  facet normal -0.258813 -0 -0.965928
    outer loop
      vertex 60.2899 91.1 0.801544
      vertex 60.7 84.7 0.691661
      vertex 60.2899 75 0.801544
    endloop
  endfacet
  facet normal -0.258813 0 -0.965928
    outer loop
      vertex 60.7 84.7 0.691661
      vertex 60.2899 91.1 0.801544
      vertex 60.7 85.7 0.691661
    endloop
  endfacet
  facet normal -0.258801 -1.0352e-06 -0.965931
    outer loop
      vertex 60.2899 75 0.801544
      vertex 60.7 79.7 0.691661
      vertex 61.1318 75 0.575974
    endloop
  endfacet
  facet normal -0.258791 0 -0.965933
    outer loop
      vertex 60.7 84.7 0.691661
      vertex 61.1318 85.7 0.575974
      vertex 61.1318 84.7 0.575974
    endloop
  endfacet
  facet normal -0.258791 0 -0.965933
    outer loop
      vertex 61.1318 85.7 0.575974
      vertex 60.7 84.7 0.691661
      vertex 60.7 85.7 0.691661
    endloop
  endfacet
  facet normal -0.258791 0 -0.965933
    outer loop
      vertex 60.7 90.7 0.691661
      vertex 61.1318 91.1 0.575974
      vertex 61.1318 90.7 0.575974
    endloop
  endfacet
  facet normal -0.258801 1.21636e-05 -0.965931
    outer loop
      vertex 60.7 90.7 0.691661
      vertex 60.2899 91.1 0.801544
      vertex 61.1318 91.1 0.575974
    endloop
  endfacet
  facet normal -0.258813 0 -0.965928
    outer loop
      vertex 60.7 85.7 0.691661
      vertex 60.2899 91.1 0.801544
      vertex 60.7 90.7 0.691661
    endloop
  endfacet
  facet normal 0.422618 0 -0.906308
    outer loop
      vertex 63.7101 75 0.801544
      vertex 64.5 91.1 1.16988
      vertex 64.5 75 1.16988
    endloop
  endfacet
  facet normal 0.422618 0 -0.906308
    outer loop
      vertex 64.5 91.1 1.16988
      vertex 63.7101 75 0.801544
      vertex 63.7101 91.1 0.801544
    endloop
  endfacet
  facet normal 0.819152 0 -0.573577
    outer loop
      vertex 66.3301 75 3
      vertex 65.8302 91.1 2.28607
      vertex 66.3301 91.1 3
    endloop
  endfacet
  facet normal 0.819152 0 -0.573577
    outer loop
      vertex 65.8302 91.1 2.28607
      vertex 66.3301 75 3
      vertex 65.8302 75 2.28607
    endloop
  endfacet
  facet normal 0.965948 0 -0.258738
    outer loop
      vertex 66.924 75 4.63176
      vertex 66.6985 91.1 3.7899
      vertex 66.924 91.1 4.63176
    endloop
  endfacet
  facet normal 0.965948 0 -0.258738
    outer loop
      vertex 66.6985 91.1 3.7899
      vertex 66.924 75 4.63176
      vertex 66.6985 75 3.7899
    endloop
  endfacet
  facet normal 0.258791 0 -0.965933
    outer loop
      vertex 62.8682 84.7 0.575974
      vertex 63.3 85.7 0.691661
      vertex 63.3 84.7 0.691661
    endloop
  endfacet
  facet normal 0.258791 0 -0.965933
    outer loop
      vertex 63.3 85.7 0.691661
      vertex 62.8682 84.7 0.575974
      vertex 62.8682 85.7 0.575974
    endloop
  endfacet
  facet normal 0.258813 0 -0.965928
    outer loop
      vertex 63.3 84.7 0.691661
      vertex 63.7101 75 0.801544
      vertex 63.3 79.7 0.691661
    endloop
  endfacet
  facet normal 0.258801 -1.0352e-06 -0.965931
    outer loop
      vertex 62.8682 75 0.575974
      vertex 63.3 79.7 0.691661
      vertex 63.7101 75 0.801544
    endloop
  endfacet
  facet normal 0.258791 0 -0.965933
    outer loop
      vertex 63.3 79.7 0.691661
      vertex 62.8682 75 0.575974
      vertex 62.8682 79.7 0.575974
    endloop
  endfacet
  facet normal 0.258813 0 -0.965928
    outer loop
      vertex 63.7101 75 0.801544
      vertex 63.3 84.7 0.691661
      vertex 63.7101 91.1 0.801544
    endloop
  endfacet
  facet normal 0.258813 0 -0.965928
    outer loop
      vertex 63.3 85.7 0.691661
      vertex 63.7101 91.1 0.801544
      vertex 63.3 84.7 0.691661
    endloop
  endfacet
  facet normal 0.258813 0 -0.965928
    outer loop
      vertex 63.3 90.7 0.691661
      vertex 63.7101 91.1 0.801544
      vertex 63.3 85.7 0.691661
    endloop
  endfacet
  facet normal 0.258791 0 -0.965933
    outer loop
      vertex 62.8682 91.1 0.575974
      vertex 63.3 90.7 0.691661
      vertex 62.8682 90.7 0.575974
    endloop
  endfacet
  facet normal 0.258801 1.21636e-05 -0.965931
    outer loop
      vertex 63.3 90.7 0.691661
      vertex 62.8682 91.1 0.575974
      vertex 63.7101 91.1 0.801544
    endloop
  endfacet
  facet normal 0.996191 -0 0.0872
    outer loop
      vertex 66.924 75 6.36824
      vertex 67 91.1 5.5
      vertex 66.924 91.1 6.36824
    endloop
  endfacet
  facet normal 0.996191 0 0.0872
    outer loop
      vertex 67 91.1 5.5
      vertex 66.924 75 6.36824
      vertex 67 75 5.5
    endloop
  endfacet
  facet normal -0.90628 0 -0.422678
    outer loop
      vertex 57.6699 75 3
      vertex 57.3015 91.1 3.7899
      vertex 57.6699 91.1 3
    endloop
  endfacet
  facet normal -0.90628 -0 -0.422678
    outer loop
      vertex 57.3015 91.1 3.7899
      vertex 57.6699 75 3
      vertex 57.3015 75 3.7899
    endloop
  endfacet
  facet normal -0.422618 0 -0.906308
    outer loop
      vertex 59.5 75 1.16988
      vertex 60.2899 91.1 0.801544
      vertex 60.2899 75 0.801544
    endloop
  endfacet
  facet normal -0.422618 0 -0.906308
    outer loop
      vertex 60.2899 91.1 0.801544
      vertex 59.5 75 1.16988
      vertex 59.5 91.1 1.16988
    endloop
  endfacet
  facet normal -0.573593 0 -0.81914
    outer loop
      vertex 58.7861 75 1.66978
      vertex 59.5 91.1 1.16988
      vertex 59.5 75 1.16988
    endloop
  endfacet
  facet normal -0.573593 0 -0.81914
    outer loop
      vertex 59.5 91.1 1.16988
      vertex 58.7861 75 1.66978
      vertex 58.7861 91.1 1.66978
    endloop
  endfacet
  facet normal -0.996191 0 -0.0872
    outer loop
      vertex 57.076 75 4.63176
      vertex 57 91.1 5.5
      vertex 57.076 91.1 4.63176
    endloop
  endfacet
  facet normal -0.996191 -0 -0.0872
    outer loop
      vertex 57 91.1 5.5
      vertex 57.076 75 4.63176
      vertex 57 75 5.5
    endloop
  endfacet
  facet normal -0.965948 0 -0.258738
    outer loop
      vertex 57.3015 75 3.7899
      vertex 57.076 91.1 4.63176
      vertex 57.3015 91.1 3.7899
    endloop
  endfacet
  facet normal -0.965948 -0 -0.258738
    outer loop
      vertex 57.076 91.1 4.63176
      vertex 57.3015 75 3.7899
      vertex 57.076 75 4.63176
    endloop
  endfacet
  facet normal 0.90628 -0 0.422678
    outer loop
      vertex 66.3301 75 8
      vertex 66.6985 91.1 7.2101
      vertex 66.3301 91.1 8
    endloop
  endfacet
  facet normal 0.90628 0 0.422678
    outer loop
      vertex 66.6985 91.1 7.2101
      vertex 66.3301 75 8
      vertex 66.6985 75 7.2101
    endloop
  endfacet
  facet normal 0.965948 -0 0.258738
    outer loop
      vertex 66.6985 75 7.2101
      vertex 66.924 91.1 6.36824
      vertex 66.6985 91.1 7.2101
    endloop
  endfacet
  facet normal 0.965948 0 0.258738
    outer loop
      vertex 66.924 91.1 6.36824
      vertex 66.6985 75 7.2101
      vertex 66.924 75 6.36824
    endloop
  endfacet
  facet normal -0.90628 0 0.422678
    outer loop
      vertex 57.3015 75 7.2101
      vertex 57.6699 91.1 8
      vertex 57.3015 91.1 7.2101
    endloop
  endfacet
  facet normal -0.90628 0 0.422678
    outer loop
      vertex 57.6699 91.1 8
      vertex 57.3015 75 7.2101
      vertex 57.6699 75 8
    endloop
  endfacet
  facet normal -0.0871744 0 -0.996193
    outer loop
      vertex 61.1318 75 0.575974
      vertex 62 79.7 0.5
      vertex 62 75 0.5
    endloop
  endfacet
  facet normal -0.0871744 0 -0.996193
    outer loop
      vertex 62 79.7 0.5
      vertex 61.1318 75 0.575974
      vertex 61.1318 79.7 0.575974
    endloop
  endfacet
  facet normal -0.0871744 0 -0.996193
    outer loop
      vertex 61.1318 90.7 0.575974
      vertex 62 91.1 0.5
      vertex 62 90.7 0.5
    endloop
  endfacet
  facet normal -0.0871744 0 -0.996193
    outer loop
      vertex 62 91.1 0.5
      vertex 61.1318 90.7 0.575974
      vertex 61.1318 91.1 0.575974
    endloop
  endfacet
  facet normal -0.0871744 0 -0.996193
    outer loop
      vertex 61.1318 84.7 0.575974
      vertex 62 85.7 0.5
      vertex 62 84.7 0.5
    endloop
  endfacet
  facet normal -0.0871744 0 -0.996193
    outer loop
      vertex 62 85.7 0.5
      vertex 61.1318 84.7 0.575974
      vertex 61.1318 85.7 0.575974
    endloop
  endfacet
  facet normal -0.965948 0 0.258738
    outer loop
      vertex 57.076 75 6.36824
      vertex 57.3015 91.1 7.2101
      vertex 57.076 91.1 6.36824
    endloop
  endfacet
  facet normal -0.965948 0 0.258738
    outer loop
      vertex 57.3015 91.1 7.2101
      vertex 57.076 75 6.36824
      vertex 57.3015 75 7.2101
    endloop
  endfacet
  facet normal -0.819152 0 0.573577
    outer loop
      vertex 57.6699 75 8
      vertex 58.1698 91.1 8.71393
      vertex 57.6699 91.1 8
    endloop
  endfacet
  facet normal -0.819152 0 0.573577
    outer loop
      vertex 58.1698 91.1 8.71393
      vertex 57.6699 75 8
      vertex 58.1698 75 8.71393
    endloop
  endfacet
  facet normal 0.90628 0 -0.422678
    outer loop
      vertex 66.6985 75 3.7899
      vertex 66.3301 91.1 3
      vertex 66.6985 91.1 3.7899
    endloop
  endfacet
  facet normal 0.90628 0 -0.422678
    outer loop
      vertex 66.3301 91.1 3
      vertex 66.6985 75 3.7899
      vertex 66.3301 75 3
    endloop
  endfacet
  facet normal 0.707101 2.9028e-06 -0.707113
    outer loop
      vertex 65.8302 91.1 2.28607
      vertex 65.8049 91 2.26077
      vertex 65.2139 91.1 1.66978
    endloop
  endfacet
  facet normal 0.707107 0 -0.707107
    outer loop
      vertex 65.8302 75 2.28607
      vertex 65.8049 91 2.26077
      vertex 65.8302 91.1 2.28607
    endloop
  endfacet
  facet normal 0.707107 0 -0.707107
    outer loop
      vertex 65.8049 91 2.26077
      vertex 65.8302 75 2.28607
      vertex 65.8049 75 2.26077
    endloop
  endfacet
  facet normal 0.707094 -7.70369e-05 -0.707119
    outer loop
      vertex 65.2392 91 1.69509
      vertex 65.2139 91.1 1.66978
      vertex 65.8049 91 2.26077
    endloop
  endfacet
  facet normal 0.707246 0 -0.706967
    outer loop
      vertex 65.2139 75 1.66978
      vertex 65.2392 91 1.69509
      vertex 65.2392 75 1.69509
    endloop
  endfacet
  facet normal 0.707246 0 -0.706967
    outer loop
      vertex 65.2392 91 1.69509
      vertex 65.2139 75 1.66978
      vertex 65.2139 91.1 1.66978
    endloop
  endfacet
  facet normal 0.573593 0 -0.81914
    outer loop
      vertex 64.5 75 1.16988
      vertex 65.2139 91.1 1.66978
      vertex 65.2139 75 1.66978
    endloop
  endfacet
  facet normal 0.573593 0 -0.81914
    outer loop
      vertex 65.2139 91.1 1.66978
      vertex 64.5 75 1.16988
      vertex 64.5 91.1 1.16988
    endloop
  endfacet
  facet normal 0.996191 0 -0.0872
    outer loop
      vertex 67 75 5.5
      vertex 66.924 91.1 4.63176
      vertex 67 91.1 5.5
    endloop
  endfacet
  facet normal 0.996191 0 -0.0872
    outer loop
      vertex 66.924 91.1 4.63176
      vertex 67 75 5.5
      vertex 66.924 75 4.63176
    endloop
  endfacet
  facet normal -0.707162 -2.78058e-05 0.707052
    outer loop
      vertex 58.1698 91.1 8.71393
      vertex 58.1951 91 8.73923
      vertex 58.5558 91.1 9.09999
    endloop
  endfacet
  facet normal -0.707107 0 0.707107
    outer loop
      vertex 58.1698 75 8.71393
      vertex 58.1951 91 8.73923
      vertex 58.1698 91.1 8.71393
    endloop
  endfacet
  facet normal -0.707107 0 0.707107
    outer loop
      vertex 58.1951 91 8.73923
      vertex 58.1698 75 8.71393
      vertex 58.1951 75 8.73923
    endloop
  endfacet
  facet normal -0.707166 0 0.707048
    outer loop
      vertex 58.5558 91.1 9.09999
      vertex 58.1951 91 8.73923
      vertex 58.5558 91 9.09999
    endloop
  endfacet
  facet normal 0.079547 0.409066 -0.909031
    outer loop
      vertex 62.8682 91.1 0.575974
      vertex 62 91.1 0.5
      vertex 62.7119 93.1 1.4623
    endloop
  endfacet
  facet normal 0.523407 0.409064 -0.74747
    outer loop
      vertex 65.2139 91.1 1.66978
      vertex 64.5 91.1 1.16988
      vertex 64.6354 93.1 2.35922
    endloop
  endfacet
  facet normal 0.747496 0.409061 -0.523373
    outer loop
      vertex 66.3301 91.1 3
      vertex 65.1408 93.1 2.86458
      vertex 65.5507 93.1 3.45001
    endloop
  endfacet
  facet normal -0.236135 0.409067 -0.881422
    outer loop
      vertex 61.1318 91.1 0.575974
      vertex 60.5977 93.1 1.64726
      vertex 61.2881 93.1 1.4623
    endloop
  endfacet
  facet normal 0.909033 0.409056 -0.0795708
    outer loop
      vertex 66.924 91.1 4.63176
      vertex 66.0377 93.1 4.78806
      vertex 67 91.1 5.5
    endloop
  endfacet
  facet normal -0.385664 0.409068 -0.826998
    outer loop
      vertex 60.5977 93.1 1.64726
      vertex 59.5 91.1 1.16988
      vertex 59.95 93.1 1.94931
    endloop
  endfacet
  facet normal 0.826974 0.409091 0.385691
    outer loop
      vertex 66.6985 91.1 7.2101
      vertex 65.8527 93.1 6.90227
      vertex 66.3301 91.1 8
    endloop
  endfacet
  facet normal 0.402937 0.302182 0.863903
    outer loop
      vertex 64.05 93.1 9.05069
      vertex 63.9443 93.1 9.09999
      vertex 65.4442 91.1 9.09999
    endloop
  endfacet
  facet normal 0.827032 0.409057 -0.385604
    outer loop
      vertex 66.3301 91.1 3
      vertex 65.5507 93.1 3.45001
      vertex 65.8527 93.1 4.09773
    endloop
  endfacet
  facet normal -0.528827 0.387262 0.755228
    outer loop
      vertex 59.3646 93.1 8.64078
      vertex 58.5558 91.1 9.09999
      vertex 59.95 93.1 9.05069
    endloop
  endfacet
  facet normal -0.747485 0.409053 -0.523395
    outer loop
      vertex 58.1698 91.1 2.28607
      vertex 57.6699 91.1 3
      vertex 58.8592 93.1 2.86458
    endloop
  endfacet
  facet normal -0.079547 0.409066 -0.909031
    outer loop
      vertex 62 91.1 0.5
      vertex 61.1318 91.1 0.575974
      vertex 61.2881 93.1 1.4623
    endloop
  endfacet
  facet normal 0.881421 0.409092 -0.236097
    outer loop
      vertex 66.6985 91.1 3.7899
      vertex 65.8527 93.1 4.09773
      vertex 66.924 91.1 4.63176
    endloop
  endfacet
  facet normal -0.645234 0.409063 -0.645245
    outer loop
      vertex 58.1698 91.1 2.28607
      vertex 59.3646 93.1 2.35922
      vertex 58.7861 91.1 1.66978
    endloop
  endfacet
  facet normal -0.645217 0.409053 -0.645268
    outer loop
      vertex 59.3646 93.1 2.35922
      vertex 58.1698 91.1 2.28607
      vertex 58.8592 93.1 2.86458
    endloop
  endfacet
  facet normal -0.827032 0.409057 -0.385604
    outer loop
      vertex 58.4493 93.1 3.45001
      vertex 57.6699 91.1 3
      vertex 58.1473 93.1 4.09773
    endloop
  endfacet
  facet normal -0.747496 0.409061 -0.523373
    outer loop
      vertex 58.8592 93.1 2.86458
      vertex 57.6699 91.1 3
      vertex 58.4493 93.1 3.45001
    endloop
  endfacet
  facet normal -0.826974 0.409091 -0.385691
    outer loop
      vertex 57.6699 91.1 3
      vertex 57.3015 91.1 3.7899
      vertex 58.1473 93.1 4.09773
    endloop
  endfacet
  facet normal -0.523398 0.409067 -0.747475
    outer loop
      vertex 59.5 91.1 1.16988
      vertex 59.3646 93.1 2.35922
      vertex 59.95 93.1 1.94931
    endloop
  endfacet
  facet normal 0.523398 0.409067 -0.747475
    outer loop
      vertex 64.5 91.1 1.16988
      vertex 64.05 93.1 1.94931
      vertex 64.6354 93.1 2.35922
    endloop
  endfacet
  facet normal -0.385642 0.409059 -0.827013
    outer loop
      vertex 60.2899 91.1 0.801544
      vertex 59.5 91.1 1.16988
      vertex 60.5977 93.1 1.64726
    endloop
  endfacet
  facet normal -0.523407 0.409064 -0.74747
    outer loop
      vertex 59.5 91.1 1.16988
      vertex 58.7861 91.1 1.66978
      vertex 59.3646 93.1 2.35922
    endloop
  endfacet
  facet normal 0.881421 0.409092 0.236097
    outer loop
      vertex 66.924 91.1 6.36824
      vertex 65.8527 93.1 6.90227
      vertex 66.6985 91.1 7.2101
    endloop
  endfacet
  facet normal 0.385642 0.409059 -0.827013
    outer loop
      vertex 63.7101 91.1 0.801544
      vertex 63.4023 93.1 1.64726
      vertex 64.5 91.1 1.16988
    endloop
  endfacet
  facet normal 0.645217 0.409053 -0.645268
    outer loop
      vertex 65.8302 91.1 2.28607
      vertex 64.6354 93.1 2.35922
      vertex 65.1408 93.1 2.86458
    endloop
  endfacet
  facet normal 0.645234 0.409063 -0.645245
    outer loop
      vertex 64.6354 93.1 2.35922
      vertex 65.8302 91.1 2.28607
      vertex 65.2139 91.1 1.66978
    endloop
  endfacet
  facet normal 0.747485 0.409053 -0.523395
    outer loop
      vertex 65.8302 91.1 2.28607
      vertex 65.1408 93.1 2.86458
      vertex 66.3301 91.1 3
    endloop
  endfacet
  facet normal 0.528827 0.387262 0.755228
    outer loop
      vertex 64.6354 93.1 8.64078
      vertex 64.05 93.1 9.05069
      vertex 65.4442 91.1 9.09999
    endloop
  endfacet
  facet normal 0.385664 0.409068 -0.826998
    outer loop
      vertex 64.5 91.1 1.16988
      vertex 63.4023 93.1 1.64726
      vertex 64.05 93.1 1.94931
    endloop
  endfacet
  facet normal 0.881408 0.409055 0.236207
    outer loop
      vertex 66.0377 93.1 6.21194
      vertex 65.8527 93.1 6.90227
      vertex 66.924 91.1 6.36824
    endloop
  endfacet
  facet normal 0 1 0
    outer loop
      vertex 64.6354 93.1 8.64078
      vertex 63.9443 93.1 9.09999
      vertex 64.05 93.1 9.05069
    endloop
  endfacet
  facet normal 0 1 0
    outer loop
      vertex 65.1408 93.1 8.13542
      vertex 63.9443 93.1 9.09999
      vertex 64.6354 93.1 8.64078
    endloop
  endfacet
  facet normal 0 1 0
    outer loop
      vertex 63.9443 93.1 9.09999
      vertex 65.1408 93.1 8.13542
      vertex 60.0557 93.1 9.09999
    endloop
  endfacet
  facet normal 0 1 0
    outer loop
      vertex 60.0557 93.1 9.09999
      vertex 59.3646 93.1 8.64078
      vertex 59.95 93.1 9.05069
    endloop
  endfacet
  facet normal 0 1 0
    outer loop
      vertex 58.8592 93.1 8.13542
      vertex 60.0557 93.1 9.09999
      vertex 65.1408 93.1 8.13542
    endloop
  endfacet
  facet normal 0 1 0
    outer loop
      vertex 60.0557 93.1 9.09999
      vertex 58.8592 93.1 8.13542
      vertex 59.3646 93.1 8.64078
    endloop
  endfacet
  facet normal 0 1 0
    outer loop
      vertex 65.5507 93.1 7.54999
      vertex 58.8592 93.1 8.13542
      vertex 65.1408 93.1 8.13542
    endloop
  endfacet
  facet normal 0 1 0
    outer loop
      vertex 65.5507 93.1 7.54999
      vertex 58.4493 93.1 7.54999
      vertex 58.8592 93.1 8.13542
    endloop
  endfacet
  facet normal 0 1 0
    outer loop
      vertex 65.8527 93.1 6.90227
      vertex 58.4493 93.1 7.54999
      vertex 65.5507 93.1 7.54999
    endloop
  endfacet
  facet normal 0 1 0
    outer loop
      vertex 65.8527 93.1 6.90227
      vertex 58.1473 93.1 6.90227
      vertex 58.4493 93.1 7.54999
    endloop
  endfacet
  facet normal 0 1 0
    outer loop
      vertex 66.0377 93.1 6.21194
      vertex 58.1473 93.1 6.90227
      vertex 65.8527 93.1 6.90227
    endloop
  endfacet
  facet normal 0 1 0
    outer loop
      vertex 66.0377 93.1 6.21194
      vertex 57.9623 93.1 6.21194
      vertex 58.1473 93.1 6.90227
    endloop
  endfacet
  facet normal 0 1 0
    outer loop
      vertex 66.1 93.1 5.5
      vertex 57.9623 93.1 6.21194
      vertex 66.0377 93.1 6.21194
    endloop
  endfacet
  facet normal 0 1 0
    outer loop
      vertex 66.1 93.1 5.5
      vertex 57.9 93.1 5.5
      vertex 57.9623 93.1 6.21194
    endloop
  endfacet
  facet normal 0 1 -0
    outer loop
      vertex 66.0377 93.1 4.78806
      vertex 57.9 93.1 5.5
      vertex 66.1 93.1 5.5
    endloop
  endfacet
  facet normal 0 1 0
    outer loop
      vertex 66.0377 93.1 4.78806
      vertex 57.9623 93.1 4.78806
      vertex 57.9 93.1 5.5
    endloop
  endfacet
  facet normal 0 1 -0
    outer loop
      vertex 65.8527 93.1 4.09773
      vertex 57.9623 93.1 4.78806
      vertex 66.0377 93.1 4.78806
    endloop
  endfacet
  facet normal 0 1 0
    outer loop
      vertex 65.8527 93.1 4.09773
      vertex 58.1473 93.1 4.09773
      vertex 57.9623 93.1 4.78806
    endloop
  endfacet
  facet normal 0 1 -0
    outer loop
      vertex 65.5507 93.1 3.45001
      vertex 58.1473 93.1 4.09773
      vertex 65.8527 93.1 4.09773
    endloop
  endfacet
  facet normal 0 1 0
    outer loop
      vertex 65.5507 93.1 3.45001
      vertex 58.4493 93.1 3.45001
      vertex 58.1473 93.1 4.09773
    endloop
  endfacet
  facet normal 0 1 -0
    outer loop
      vertex 65.1408 93.1 2.86458
      vertex 58.4493 93.1 3.45001
      vertex 65.5507 93.1 3.45001
    endloop
  endfacet
  facet normal 0 1 0
    outer loop
      vertex 65.1408 93.1 2.86458
      vertex 58.8592 93.1 2.86458
      vertex 58.4493 93.1 3.45001
    endloop
  endfacet
  facet normal 0 1 -0
    outer loop
      vertex 64.6354 93.1 2.35922
      vertex 58.8592 93.1 2.86458
      vertex 65.1408 93.1 2.86458
    endloop
  endfacet
  facet normal 0 1 0
    outer loop
      vertex 64.6354 93.1 2.35922
      vertex 59.3646 93.1 2.35922
      vertex 58.8592 93.1 2.86458
    endloop
  endfacet
  facet normal 0 1 -0
    outer loop
      vertex 64.05 93.1 1.94931
      vertex 59.3646 93.1 2.35922
      vertex 64.6354 93.1 2.35922
    endloop
  endfacet
  facet normal 0 1 0
    outer loop
      vertex 64.05 93.1 1.94931
      vertex 59.95 93.1 1.94931
      vertex 59.3646 93.1 2.35922
    endloop
  endfacet
  facet normal 0 1 -0
    outer loop
      vertex 63.4023 93.1 1.64726
      vertex 59.95 93.1 1.94931
      vertex 64.05 93.1 1.94931
    endloop
  endfacet
  facet normal 0 1 0
    outer loop
      vertex 63.4023 93.1 1.64726
      vertex 60.5977 93.1 1.64726
      vertex 59.95 93.1 1.94931
    endloop
  endfacet
  facet normal 0 1 -0
    outer loop
      vertex 62.7119 93.1 1.4623
      vertex 60.5977 93.1 1.64726
      vertex 63.4023 93.1 1.64726
    endloop
  endfacet
  facet normal 0 1 0
    outer loop
      vertex 62.7119 93.1 1.4623
      vertex 61.2881 93.1 1.4623
      vertex 60.5977 93.1 1.64726
    endloop
  endfacet
  facet normal -0 1 0
    outer loop
      vertex 61.2881 93.1 1.4623
      vertex 62.7119 93.1 1.4623
      vertex 62 93.1 1.40001
    endloop
  endfacet
  facet normal 0.881408 0.409055 -0.236207
    outer loop
      vertex 66.924 91.1 4.63176
      vertex 65.8527 93.1 4.09773
      vertex 66.0377 93.1 4.78806
    endloop
  endfacet
  facet normal -0.236158 0.40906 -0.881419
    outer loop
      vertex 61.1318 91.1 0.575974
      vertex 60.2899 91.1 0.801544
      vertex 60.5977 93.1 1.64726
    endloop
  endfacet
  facet normal 0.747485 0.409053 0.523395
    outer loop
      vertex 66.3301 91.1 8
      vertex 65.1408 93.1 8.13542
      vertex 65.8302 91.1 8.71393
    endloop
  endfacet
  facet normal 0.236135 0.409067 -0.881422
    outer loop
      vertex 62.8682 91.1 0.575974
      vertex 62.7119 93.1 1.4623
      vertex 63.4023 93.1 1.64726
    endloop
  endfacet
  facet normal 0.236158 0.40906 -0.881419
    outer loop
      vertex 63.7101 91.1 0.801544
      vertex 62.8682 91.1 0.575974
      vertex 63.4023 93.1 1.64726
    endloop
  endfacet
  facet normal 0.0795386 0.409068 -0.909031
    outer loop
      vertex 62.7119 93.1 1.4623
      vertex 62 91.1 0.5
      vertex 62 93.1 1.40001
    endloop
  endfacet
  facet normal -0.0795386 0.409068 -0.909031
    outer loop
      vertex 62 91.1 0.5
      vertex 61.2881 93.1 1.4623
      vertex 62 93.1 1.40001
    endloop
  endfacet
  facet normal -0.909032 0.409064 -0.079547
    outer loop
      vertex 57.9623 93.1 4.78806
      vertex 57 91.1 5.5
      vertex 57.9 93.1 5.5
    endloop
  endfacet
  facet normal -0.402937 0.302182 0.863903
    outer loop
      vertex 59.95 93.1 9.05069
      vertex 58.5558 91.1 9.09999
      vertex 60.0557 93.1 9.09999
    endloop
  endfacet
  facet normal -0.826974 0.409091 0.385691
    outer loop
      vertex 58.1473 93.1 6.90227
      vertex 57.3015 91.1 7.2101
      vertex 57.6699 91.1 8
    endloop
  endfacet
  facet normal 0.747496 0.409061 0.523373
    outer loop
      vertex 65.5507 93.1 7.54999
      vertex 65.1408 93.1 8.13542
      vertex 66.3301 91.1 8
    endloop
  endfacet
  facet normal 0.909033 0.409056 0.0795708
    outer loop
      vertex 67 91.1 5.5
      vertex 66.0377 93.1 6.21194
      vertex 66.924 91.1 6.36824
    endloop
  endfacet
  facet normal -0.645217 0.409053 0.645268
    outer loop
      vertex 58.1698 91.1 8.71393
      vertex 59.3646 93.1 8.64078
      vertex 58.8592 93.1 8.13542
    endloop
  endfacet
  facet normal -0.645281 0.409089 0.645181
    outer loop
      vertex 59.3646 93.1 8.64078
      vertex 58.1698 91.1 8.71393
      vertex 58.5558 91.1 9.09999
    endloop
  endfacet
  facet normal 0.909032 0.409064 0.079547
    outer loop
      vertex 66.1 93.1 5.5
      vertex 66.0377 93.1 6.21194
      vertex 67 91.1 5.5
    endloop
  endfacet
  facet normal 0.827032 0.409057 0.385604
    outer loop
      vertex 65.8527 93.1 6.90227
      vertex 65.5507 93.1 7.54999
      vertex 66.3301 91.1 8
    endloop
  endfacet
  facet normal -0.747485 0.409053 0.523395
    outer loop
      vertex 58.8592 93.1 8.13542
      vertex 57.6699 91.1 8
      vertex 58.1698 91.1 8.71393
    endloop
  endfacet
  facet normal 0.909032 0.409064 -0.079547
    outer loop
      vertex 67 91.1 5.5
      vertex 66.0377 93.1 4.78806
      vertex 66.1 93.1 5.5
    endloop
  endfacet
  facet normal 0.826974 0.409091 -0.385691
    outer loop
      vertex 66.3301 91.1 3
      vertex 65.8527 93.1 4.09773
      vertex 66.6985 91.1 3.7899
    endloop
  endfacet
  facet normal -0.881408 0.409055 -0.236207
    outer loop
      vertex 58.1473 93.1 4.09773
      vertex 57.076 91.1 4.63176
      vertex 57.9623 93.1 4.78806
    endloop
  endfacet
  facet normal -0.827032 0.409057 0.385604
    outer loop
      vertex 58.1473 93.1 6.90227
      vertex 57.6699 91.1 8
      vertex 58.4493 93.1 7.54999
    endloop
  endfacet
  facet normal -0.881421 0.409092 -0.236097
    outer loop
      vertex 57.3015 91.1 3.7899
      vertex 57.076 91.1 4.63176
      vertex 58.1473 93.1 4.09773
    endloop
  endfacet
  facet normal -0.747496 0.409061 0.523373
    outer loop
      vertex 58.4493 93.1 7.54999
      vertex 57.6699 91.1 8
      vertex 58.8592 93.1 8.13542
    endloop
  endfacet
  facet normal -0.909032 0.409064 0.079547
    outer loop
      vertex 57.9 93.1 5.5
      vertex 57 91.1 5.5
      vertex 57.9623 93.1 6.21194
    endloop
  endfacet
  facet normal -0.909033 0.409056 -0.0795708
    outer loop
      vertex 57.076 91.1 4.63176
      vertex 57 91.1 5.5
      vertex 57.9623 93.1 4.78806
    endloop
  endfacet
  facet normal -0.881408 0.409055 0.236207
    outer loop
      vertex 57.9623 93.1 6.21194
      vertex 57.076 91.1 6.36824
      vertex 58.1473 93.1 6.90227
    endloop
  endfacet
  facet normal -0.909033 0.409056 0.0795708
    outer loop
      vertex 57.9623 93.1 6.21194
      vertex 57 91.1 5.5
      vertex 57.076 91.1 6.36824
    endloop
  endfacet
  facet normal -0.881421 0.409092 0.236097
    outer loop
      vertex 58.1473 93.1 6.90227
      vertex 57.076 91.1 6.36824
      vertex 57.3015 91.1 7.2101
    endloop
  endfacet
  facet normal 0.645281 0.409089 0.645181
    outer loop
      vertex 65.8302 91.1 8.71393
      vertex 64.6354 93.1 8.64078
      vertex 65.4442 91.1 9.09999
    endloop
  endfacet
  facet normal 0.645217 0.409053 0.645268
    outer loop
      vertex 64.6354 93.1 8.64078
      vertex 65.8302 91.1 8.71393
      vertex 65.1408 93.1 8.13542
    endloop
  endfacet
  facet normal -1 0 0
    outer loop
      vertex 63.3 79.7 0.691661
      vertex 63.3 84.7 9.09999
      vertex 63.3 84.7 0.691661
    endloop
  endfacet
  facet normal -1 -0 0
    outer loop
      vertex 63.3 84.7 9.09999
      vertex 63.3 79.7 0.691661
      vertex 63.3 79.7 9.09999
    endloop
  endfacet
  facet normal 0 -1 0
    outer loop
      vertex 60.7 84.7 0.691661
      vertex 63.3 84.7 9.09999
      vertex 60.7 84.7 9.09999
    endloop
  endfacet
  facet normal 0 -1 0
    outer loop
      vertex 60.7 84.7 0.691661
      vertex 63.3 84.7 0.691661
      vertex 63.3 84.7 9.09999
    endloop
  endfacet
  facet normal 0 -1 0
    outer loop
      vertex 62 84.7 0.5
      vertex 60.7 84.7 0.691661
      vertex 61.1318 84.7 0.575974
    endloop
  endfacet
  facet normal 0 -1 0
    outer loop
      vertex 60.7 84.7 0.691661
      vertex 62 84.7 0.5
      vertex 63.3 84.7 0.691661
    endloop
  endfacet
  facet normal 0 -1 0
    outer loop
      vertex 63.3 84.7 0.691661
      vertex 62 84.7 0.5
      vertex 62.8682 84.7 0.575974
    endloop
  endfacet
  facet normal 0 1 -0
    outer loop
      vertex 63.3 79.7 0.691661
      vertex 60.7 79.7 9.09999
      vertex 63.3 79.7 9.09999
    endloop
  endfacet
  facet normal 0 1 0
    outer loop
      vertex 63.3 79.7 0.691661
      vertex 60.7 79.7 0.691661
      vertex 60.7 79.7 9.09999
    endloop
  endfacet
  facet normal 0 1 0
    outer loop
      vertex 62 79.7 0.5
      vertex 63.3 79.7 0.691661
      vertex 62.8682 79.7 0.575974
    endloop
  endfacet
  facet normal 0 1 0
    outer loop
      vertex 63.3 79.7 0.691661
      vertex 62 79.7 0.5
      vertex 60.7 79.7 0.691661
    endloop
  endfacet
  facet normal 0 1 0
    outer loop
      vertex 60.7 79.7 0.691661
      vertex 62 79.7 0.5
      vertex 61.1318 79.7 0.575974
    endloop
  endfacet
  facet normal 1 -0 0
    outer loop
      vertex 60.7 79.7 9.09999
      vertex 60.7 84.7 0.691661
      vertex 60.7 84.7 9.09999
    endloop
  endfacet
  facet normal 1 0 0
    outer loop
      vertex 60.7 84.7 0.691661
      vertex 60.7 79.7 9.09999
      vertex 60.7 79.7 0.691661
    endloop
  endfacet
  facet normal -1 0 0
    outer loop
      vertex 63.3 85.7 0.691661
      vertex 63.3 90.7 9.09999
      vertex 63.3 90.7 0.691661
    endloop
  endfacet
  facet normal -1 -0 0
    outer loop
      vertex 63.3 90.7 9.09999
      vertex 63.3 85.7 0.691661
      vertex 63.3 85.7 9.09999
    endloop
  endfacet
  facet normal 0 -1 0
    outer loop
      vertex 60.7 90.7 0.691661
      vertex 63.3 90.7 9.09999
      vertex 60.7 90.7 9.09999
    endloop
  endfacet
  facet normal 0 -1 0
    outer loop
      vertex 60.7 90.7 0.691661
      vertex 63.3 90.7 0.691661
      vertex 63.3 90.7 9.09999
    endloop
  endfacet
  facet normal 0 -1 0
    outer loop
      vertex 62 90.7 0.5
      vertex 60.7 90.7 0.691661
      vertex 61.1318 90.7 0.575974
    endloop
  endfacet
  facet normal 0 -1 0
    outer loop
      vertex 60.7 90.7 0.691661
      vertex 62 90.7 0.5
      vertex 63.3 90.7 0.691661
    endloop
  endfacet
  facet normal 0 -1 0
    outer loop
      vertex 63.3 90.7 0.691661
      vertex 62 90.7 0.5
      vertex 62.8682 90.7 0.575974
    endloop
  endfacet
  facet normal 0 1 -0
    outer loop
      vertex 63.3 85.7 0.691661
      vertex 60.7 85.7 9.09999
      vertex 63.3 85.7 9.09999
    endloop
  endfacet
  facet normal 0 1 0
    outer loop
      vertex 63.3 85.7 0.691661
      vertex 60.7 85.7 0.691661
      vertex 60.7 85.7 9.09999
    endloop
  endfacet
  facet normal 0 1 0
    outer loop
      vertex 62 85.7 0.5
      vertex 63.3 85.7 0.691661
      vertex 62.8682 85.7 0.575974
    endloop
  endfacet
  facet normal 0 1 0
    outer loop
      vertex 63.3 85.7 0.691661
      vertex 62 85.7 0.5
      vertex 60.7 85.7 0.691661
    endloop
  endfacet
  facet normal 0 1 0
    outer loop
      vertex 60.7 85.7 0.691661
      vertex 62 85.7 0.5
      vertex 61.1318 85.7 0.575974
    endloop
  endfacet
  facet normal 1 -0 0
    outer loop
      vertex 60.7 85.7 9.09999
      vertex 60.7 90.7 0.691661
      vertex 60.7 90.7 9.09999
    endloop
  endfacet
  facet normal 1 0 0
    outer loop
      vertex 60.7 90.7 0.691661
      vertex 60.7 85.7 9.09999
      vertex 60.7 85.7 0.691661
    endloop
  endfacet
  facet normal 0 -1 0
    outer loop
      vertex 65.2392 -91 9.30491
      vertex 65.9032 -91 8.83754
      vertex 65.3375 -91 9.40323
    endloop
  endfacet
  facet normal -0 -1 0
    outer loop
      vertex 65.9032 -91 8.83754
      vertex 65.2392 -91 9.30491
      vertex 65.8049 -91 8.73923
    endloop
  endfacet
  facet normal 0 -1 0
    outer loop
      vertex 58.0968 -91 2.16246
      vertex 58.5558 -91 1.90001
      vertex 58.1951 -91 2.26077
    endloop
  endfacet
  facet normal 0 -1 0
    outer loop
      vertex 58.6625 -91 1.59677
      vertex 58.6703 -91 1.90001
      vertex 58.5558 -91 1.90001
    endloop
  endfacet
  facet normal 0 -1 -0
    outer loop
      vertex 58.6703 -91 1.90001
      vertex 58.6625 -91 1.59677
      vertex 58.818 -91 1.75233
    endloop
  endfacet
  facet normal 0 -1 0
    outer loop
      vertex 58.6625 -91 1.59677
      vertex 58.5558 -91 1.90001
      vertex 58.0968 -91 2.16246
    endloop
  endfacet
  facet normal 0 -1 0
    outer loop
      vertex 58.0968 -91 8.83754
      vertex 58.7608 -91 9.30491
      vertex 58.6625 -91 9.40323
    endloop
  endfacet
  facet normal 0 -1 0
    outer loop
      vertex 58.7608 -91 9.30491
      vertex 58.0968 -91 8.83754
      vertex 58.1951 -91 8.73923
    endloop
  endfacet
  facet normal 0 -1 0
    outer loop
      vertex 65.3375 -91 1.59677
      vertex 65.3297 -91 1.90001
      vertex 65.182 -91 1.75233
    endloop
  endfacet
  facet normal 0 -1 0
    outer loop
      vertex 65.4442 -91 1.90001
      vertex 65.9032 -91 2.16246
      vertex 65.8049 -91 2.26077
    endloop
  endfacet
  facet normal 0 -1 -0
    outer loop
      vertex 65.4442 -91 1.90001
      vertex 65.3375 -91 1.59677
      vertex 65.9032 -91 2.16246
    endloop
  endfacet
  facet normal 0 -1 0
    outer loop
      vertex 65.3297 -91 1.90001
      vertex 65.3375 -91 1.59677
      vertex 65.4442 -91 1.90001
    endloop
  endfacet
  facet normal 0.707101 0 0.707113
    outer loop
      vertex 65.3375 -75 9.40323
      vertex 65.9032 -91 8.83754
      vertex 65.9032 -75 8.83754
    endloop
  endfacet
  facet normal 0.707101 0 0.707113
    outer loop
      vertex 65.9032 -91 8.83754
      vertex 65.3375 -75 9.40323
      vertex 65.3375 -91 9.40323
    endloop
  endfacet
  facet normal -0.707179 0 0.707035
    outer loop
      vertex 65.2392 -91 9.30491
      vertex 65.3375 -75 9.40323
      vertex 65.2392 -75 9.30491
    endloop
  endfacet
  facet normal -0.707179 0 0.707035
    outer loop
      vertex 65.3375 -75 9.40323
      vertex 65.2392 -91 9.30491
      vertex 65.3375 -91 9.40323
    endloop
  endfacet
  facet normal 0 -1 0
    outer loop
      vertex 65.2139 -75 9.33022
      vertex 65.3375 -75 9.40323
      vertex 64.5 -75 9.83012
    endloop
  endfacet
  facet normal 0 -1 0
    outer loop
      vertex 65.3375 -75 9.40323
      vertex 65.2139 -75 9.33022
      vertex 65.2392 -75 9.30491
    endloop
  endfacet
  facet normal 0 -1 0
    outer loop
      vertex 58.6625 -75 9.40323
      vertex 56.927 -75 11
      vertex 56.6967 -75 10.8033
    endloop
  endfacet
  facet normal 0 -1 0
    outer loop
      vertex 56.927 -75 11
      vertex 62 -75 10.5
      vertex 67.073 -75 11
    endloop
  endfacet
  facet normal 0 -1 0
    outer loop
      vertex 62.8682 -75 10.424
      vertex 67.073 -75 11
      vertex 62 -75 10.5
    endloop
  endfacet
  facet normal 0 -1 0
    outer loop
      vertex 56.927 -75 11
      vertex 61.1318 -75 10.424
      vertex 62 -75 10.5
    endloop
  endfacet
  facet normal 0 -1 0
    outer loop
      vertex 56.927 -75 11
      vertex 60.2899 -75 10.1985
      vertex 61.1318 -75 10.424
    endloop
  endfacet
  facet normal 0 -1 0
    outer loop
      vertex 58.0968 -75 8.83754
      vertex 56.6967 -75 10.8033
      vertex 55.9324 -75 9.90839
    endloop
  endfacet
  facet normal 0 -1 0
    outer loop
      vertex 56.927 -75 11
      vertex 59.5 -75 9.83012
      vertex 60.2899 -75 10.1985
    endloop
  endfacet
  facet normal 0 -1 0
    outer loop
      vertex 56.927 -75 11
      vertex 58.6625 -75 9.40323
      vertex 59.5 -75 9.83012
    endloop
  endfacet
  facet normal 0 -1 0
    outer loop
      vertex 57.6699 -75 8
      vertex 55.9324 -75 9.90839
      vertex 55.3175 -75 8.90492
    endloop
  endfacet
  facet normal 0 -1 0
    outer loop
      vertex 56.6967 -75 10.8033
      vertex 58.0968 -75 8.83754
      vertex 58.6625 -75 9.40323
    endloop
  endfacet
  facet normal 0 -1 0
    outer loop
      vertex 55.9324 -75 9.90839
      vertex 57.6699 -75 8
      vertex 58.0968 -75 8.83754
    endloop
  endfacet
  facet normal 0 -1 0
    outer loop
      vertex 58.0968 -75 8.83754
      vertex 58.1698 -75 8.71393
      vertex 58.1951 -75 8.73923
    endloop
  endfacet
  facet normal 0 -1 -0
    outer loop
      vertex 58.0968 -75 8.83754
      vertex 57.6699 -75 8
      vertex 58.1698 -75 8.71393
    endloop
  endfacet
  facet normal 0 -1 0
    outer loop
      vertex 57.3015 -75 7.2101
      vertex 55.3175 -75 8.90492
      vertex 54.8671 -75 7.81763
    endloop
  endfacet
  facet normal 0 -1 0
    outer loop
      vertex 55.3175 -75 8.90492
      vertex 57.3015 -75 7.2101
      vertex 57.6699 -75 8
    endloop
  endfacet
  facet normal 0 -1 0
    outer loop
      vertex 57.076 -75 6.36824
      vertex 54.8671 -75 7.81763
      vertex 54.5923 -75 6.67325
    endloop
  endfacet
  facet normal 0 -1 0
    outer loop
      vertex 54.8671 -75 7.81763
      vertex 57.076 -75 6.36824
      vertex 57.3015 -75 7.2101
    endloop
  endfacet
  facet normal 0 -1 0
    outer loop
      vertex 57 -75 5.5
      vertex 54.5923 -75 6.67325
      vertex 54.5 -75 5.5
    endloop
  endfacet
  facet normal 0 -1 0
    outer loop
      vertex 54.5923 -75 6.67325
      vertex 57 -75 5.5
      vertex 57.076 -75 6.36824
    endloop
  endfacet
  facet normal 0 -1 0
    outer loop
      vertex 54.5923 -75 4.32675
      vertex 57 -75 5.5
      vertex 54.5 -75 5.5
    endloop
  endfacet
  facet normal 0 -1 -0
    outer loop
      vertex 57 -75 5.5
      vertex 54.5923 -75 4.32675
      vertex 57.076 -75 4.63176
    endloop
  endfacet
  facet normal 0 -1 0
    outer loop
      vertex 54.8671 -75 3.18237
      vertex 57.076 -75 4.63176
      vertex 54.5923 -75 4.32675
    endloop
  endfacet
  facet normal 0 -1 -0
    outer loop
      vertex 57.076 -75 4.63176
      vertex 54.8671 -75 3.18237
      vertex 57.3015 -75 3.7899
    endloop
  endfacet
  facet normal 0 -1 0
    outer loop
      vertex 55.3175 -75 2.09508
      vertex 57.3015 -75 3.7899
      vertex 54.8671 -75 3.18237
    endloop
  endfacet
  facet normal 0 -1 -0
    outer loop
      vertex 57.3015 -75 3.7899
      vertex 55.3175 -75 2.09508
      vertex 57.6699 -75 3
    endloop
  endfacet
  facet normal 0 -1 0
    outer loop
      vertex 55.9324 -75 1.09161
      vertex 57.6699 -75 3
      vertex 55.3175 -75 2.09508
    endloop
  endfacet
  facet normal 0 -1 -0
    outer loop
      vertex 58.1698 -75 2.28607
      vertex 58.0968 -75 2.16246
      vertex 58.1951 -75 2.26077
    endloop
  endfacet
  facet normal 0 -1 0
    outer loop
      vertex 57.6699 -75 3
      vertex 58.0968 -75 2.16246
      vertex 58.1698 -75 2.28607
    endloop
  endfacet
  facet normal 0 -1 -0
    outer loop
      vertex 57.6699 -75 3
      vertex 55.9324 -75 1.09161
      vertex 58.0968 -75 2.16246
    endloop
  endfacet
  facet normal 0 -1 -0
    outer loop
      vertex 58.0968 -75 2.16246
      vertex 56.6967 -75 0.196701
      vertex 58.6625 -75 1.59677
    endloop
  endfacet
  facet normal 0 -1 0
    outer loop
      vertex 56.6967 -75 0.196701
      vertex 58.0968 -75 2.16246
      vertex 55.9324 -75 1.09161
    endloop
  endfacet
  facet normal 0 -1 0
    outer loop
      vertex 63.7101 -75 10.1985
      vertex 67.073 -75 11
      vertex 62.8682 -75 10.424
    endloop
  endfacet
  facet normal 0 -1 0
    outer loop
      vertex 64.5 -75 9.83012
      vertex 67.073 -75 11
      vertex 63.7101 -75 10.1985
    endloop
  endfacet
  facet normal 0 -1 0
    outer loop
      vertex 65.3375 -75 9.40323
      vertex 67.073 -75 11
      vertex 64.5 -75 9.83012
    endloop
  endfacet
  facet normal 0 -1 -0
    outer loop
      vertex 67.073 -75 11
      vertex 65.3375 -75 9.40323
      vertex 67.3033 -75 10.8033
    endloop
  endfacet
  facet normal 0 -1 0
    outer loop
      vertex 65.9032 -75 8.83754
      vertex 67.3033 -75 10.8033
      vertex 65.3375 -75 9.40323
    endloop
  endfacet
  facet normal 0 -1 -0
    outer loop
      vertex 67.3033 -75 10.8033
      vertex 65.9032 -75 8.83754
      vertex 68.0676 -75 9.90839
    endloop
  endfacet
  facet normal 0 -1 0
    outer loop
      vertex 66.3301 -75 8
      vertex 68.0676 -75 9.90839
      vertex 65.9032 -75 8.83754
    endloop
  endfacet
  facet normal 0 -1 0
    outer loop
      vertex 65.8302 -75 8.71393
      vertex 65.9032 -75 8.83754
      vertex 65.8049 -75 8.73923
    endloop
  endfacet
  facet normal 0 -1 0
    outer loop
      vertex 66.3301 -75 8
      vertex 65.9032 -75 8.83754
      vertex 65.8302 -75 8.71393
    endloop
  endfacet
  facet normal 0 -1 -0
    outer loop
      vertex 68.0676 -75 9.90839
      vertex 66.3301 -75 8
      vertex 68.6825 -75 8.90492
    endloop
  endfacet
  facet normal 0 -1 0
    outer loop
      vertex 66.6985 -75 7.2101
      vertex 68.6825 -75 8.90492
      vertex 66.3301 -75 8
    endloop
  endfacet
  facet normal 0 -1 -0
    outer loop
      vertex 68.6825 -75 8.90492
      vertex 66.6985 -75 7.2101
      vertex 69.1329 -75 7.81763
    endloop
  endfacet
  facet normal 0 -1 0
    outer loop
      vertex 66.924 -75 6.36824
      vertex 69.1329 -75 7.81763
      vertex 66.6985 -75 7.2101
    endloop
  endfacet
  facet normal 0 -1 -0
    outer loop
      vertex 69.1329 -75 7.81763
      vertex 66.924 -75 6.36824
      vertex 69.4077 -75 6.67325
    endloop
  endfacet
  facet normal 0 -1 0
    outer loop
      vertex 67 -75 5.5
      vertex 69.4077 -75 6.67325
      vertex 66.924 -75 6.36824
    endloop
  endfacet
  facet normal 0 -1 0
    outer loop
      vertex 67 -75 5.5
      vertex 69.5 -75 5.5
      vertex 69.4077 -75 6.67325
    endloop
  endfacet
  facet normal 0 -1 0
    outer loop
      vertex 69.4077 -75 4.32675
      vertex 67 -75 5.5
      vertex 66.924 -75 4.63176
    endloop
  endfacet
  facet normal 0 -1 0
    outer loop
      vertex 67 -75 5.5
      vertex 69.4077 -75 4.32675
      vertex 69.5 -75 5.5
    endloop
  endfacet
  facet normal 0 -1 0
    outer loop
      vertex 69.1329 -75 3.18237
      vertex 66.924 -75 4.63176
      vertex 66.6985 -75 3.7899
    endloop
  endfacet
  facet normal 0 -1 0
    outer loop
      vertex 66.924 -75 4.63176
      vertex 69.1329 -75 3.18237
      vertex 69.4077 -75 4.32675
    endloop
  endfacet
  facet normal 0 -1 0
    outer loop
      vertex 68.6825 -75 2.09508
      vertex 66.6985 -75 3.7899
      vertex 66.3301 -75 3
    endloop
  endfacet
  facet normal 0 -1 0
    outer loop
      vertex 65.9032 -75 2.16246
      vertex 66.3301 -75 3
      vertex 65.8302 -75 2.28607
    endloop
  endfacet
  facet normal 0 -1 0
    outer loop
      vertex 65.9032 -75 2.16246
      vertex 65.8302 -75 2.28607
      vertex 65.8049 -75 2.26077
    endloop
  endfacet
  facet normal 0 -1 0
    outer loop
      vertex 68.0676 -75 1.09161
      vertex 66.3301 -75 3
      vertex 65.9032 -75 2.16246
    endloop
  endfacet
  facet normal 0 -1 0
    outer loop
      vertex 66.6985 -75 3.7899
      vertex 68.6825 -75 2.09508
      vertex 69.1329 -75 3.18237
    endloop
  endfacet
  facet normal 0 -1 0
    outer loop
      vertex 67.3033 -75 0.196701
      vertex 65.9032 -75 2.16246
      vertex 65.3375 -75 1.59677
    endloop
  endfacet
  facet normal 0 -1 0
    outer loop
      vertex 66.3301 -75 3
      vertex 68.0676 -75 1.09161
      vertex 68.6825 -75 2.09508
    endloop
  endfacet
  facet normal 0 -1 0
    outer loop
      vertex 57.5916 -75 -0.567627
      vertex 58.6625 -75 1.59677
      vertex 56.6967 -75 0.196701
    endloop
  endfacet
  facet normal 0 -1 0
    outer loop
      vertex 58.5951 -75 -1.18254
      vertex 58.6625 -75 1.59677
      vertex 57.5916 -75 -0.567627
    endloop
  endfacet
  facet normal 0 -1 0
    outer loop
      vertex 65.9032 -75 2.16246
      vertex 67.3033 -75 0.196701
      vertex 68.0676 -75 1.09161
    endloop
  endfacet
  facet normal 0 -1 0
    outer loop
      vertex 59.6824 -75 -1.63292
      vertex 58.6625 -75 1.59677
      vertex 58.5951 -75 -1.18254
    endloop
  endfacet
  facet normal 0 -1 0
    outer loop
      vertex 65.3375 -75 1.59677
      vertex 66.4084 -75 -0.567627
      vertex 67.3033 -75 0.196701
    endloop
  endfacet
  facet normal 0 -1 0
    outer loop
      vertex 60.8268 -75 -1.90765
      vertex 58.6625 -75 1.59677
      vertex 59.6824 -75 -1.63292
    endloop
  endfacet
  facet normal 0 -1 0
    outer loop
      vertex 65.3375 -75 1.59677
      vertex 65.4049 -75 -1.18254
      vertex 66.4084 -75 -0.567627
    endloop
  endfacet
  facet normal 0 -1 0
    outer loop
      vertex 62 -75 -2
      vertex 58.6625 -75 1.59677
      vertex 60.8268 -75 -1.90765
    endloop
  endfacet
  facet normal 0 -1 -0
    outer loop
      vertex 65.3375 -75 1.59677
      vertex 64.3176 -75 -1.63292
      vertex 65.4049 -75 -1.18254
    endloop
  endfacet
  facet normal 0 -1 0
    outer loop
      vertex 58.6625 -75 1.59677
      vertex 62 -75 -2
      vertex 65.3375 -75 1.59677
    endloop
  endfacet
  facet normal 0 -1 0
    outer loop
      vertex 65.3375 -75 1.59677
      vertex 63.1732 -75 -1.90765
      vertex 64.3176 -75 -1.63292
    endloop
  endfacet
  facet normal 0 -1 0
    outer loop
      vertex 65.3375 -75 1.59677
      vertex 62 -75 -2
      vertex 63.1732 -75 -1.90765
    endloop
  endfacet
  facet normal 0 -1 0
    outer loop
      vertex 58.6625 -75 9.40323
      vertex 58.7861 -75 9.33022
      vertex 59.5 -75 9.83012
    endloop
  endfacet
  facet normal -0 -1 0
    outer loop
      vertex 58.7861 -75 9.33022
      vertex 58.6625 -75 9.40323
      vertex 58.7608 -75 9.30491
    endloop
  endfacet
  facet normal 0 -1 0
    outer loop
      vertex 58.818 -75 1.75233
      vertex 65.3297 -75 1.90001
      vertex 58.6703 -75 1.90001
    endloop
  endfacet
  facet normal 0 -1 0
    outer loop
      vertex 58.818 -75 1.75233
      vertex 65.182 -75 1.75233
      vertex 65.3297 -75 1.90001
    endloop
  endfacet
  facet normal 0 -1 0
    outer loop
      vertex 58.6625 -75 1.59677
      vertex 65.182 -75 1.75233
      vertex 58.818 -75 1.75233
    endloop
  endfacet
  facet normal 0 -1 -0
    outer loop
      vertex 65.182 -75 1.75233
      vertex 58.6625 -75 1.59677
      vertex 65.3375 -75 1.59677
    endloop
  endfacet
  facet normal 0.707143 0 -0.707071
    outer loop
      vertex 65.9032 -91 8.83754
      vertex 65.8049 -75 8.73923
      vertex 65.9032 -75 8.83754
    endloop
  endfacet
  facet normal 0.707143 0 -0.707071
    outer loop
      vertex 65.8049 -75 8.73923
      vertex 65.9032 -91 8.83754
      vertex 65.8049 -91 8.73923
    endloop
  endfacet
  facet normal -0.707143 0 -0.707071
    outer loop
      vertex 58.1951 -91 8.73923
      vertex 58.0968 -75 8.83754
      vertex 58.1951 -75 8.73923
    endloop
  endfacet
  facet normal -0.707143 -0 -0.707071
    outer loop
      vertex 58.0968 -75 8.83754
      vertex 58.1951 -91 8.73923
      vertex 58.0968 -91 8.83754
    endloop
  endfacet
  facet normal 0.707179 0 0.707035
    outer loop
      vertex 58.6625 -75 9.40323
      vertex 58.7608 -91 9.30491
      vertex 58.7608 -75 9.30491
    endloop
  endfacet
  facet normal 0.707179 0 0.707035
    outer loop
      vertex 58.7608 -91 9.30491
      vertex 58.6625 -75 9.40323
      vertex 58.6625 -91 9.40323
    endloop
  endfacet
  facet normal -0.707101 0 0.707113
    outer loop
      vertex 58.0968 -91 8.83754
      vertex 58.6625 -75 9.40323
      vertex 58.0968 -75 8.83754
    endloop
  endfacet
  facet normal -0.707101 0 0.707113
    outer loop
      vertex 58.6625 -75 9.40323
      vertex 58.0968 -91 8.83754
      vertex 58.6625 -91 9.40323
    endloop
  endfacet
  facet normal -0.707101 0 -0.707113
    outer loop
      vertex 58.6625 -91 1.59677
      vertex 58.0968 -75 2.16246
      vertex 58.6625 -75 1.59677
    endloop
  endfacet
  facet normal -0.707101 -0 -0.707113
    outer loop
      vertex 58.0968 -75 2.16246
      vertex 58.6625 -91 1.59677
      vertex 58.0968 -91 2.16246
    endloop
  endfacet
  facet normal 0.707059 -0 0.707155
    outer loop
      vertex 58.6703 -91 1.90001
      vertex 58.818 -75 1.75233
      vertex 58.6703 -75 1.90001
    endloop
  endfacet
  facet normal 0.707059 0 0.707155
    outer loop
      vertex 58.818 -75 1.75233
      vertex 58.6703 -91 1.90001
      vertex 58.818 -91 1.75233
    endloop
  endfacet
  facet normal 0.707243 0 -0.70697
    outer loop
      vertex 58.818 -91 1.75233
      vertex 58.6625 -75 1.59677
      vertex 58.818 -75 1.75233
    endloop
  endfacet
  facet normal 0.707243 0 -0.70697
    outer loop
      vertex 58.6625 -75 1.59677
      vertex 58.818 -91 1.75233
      vertex 58.6625 -91 1.59677
    endloop
  endfacet
  facet normal -0.707143 0 0.707071
    outer loop
      vertex 58.0968 -91 2.16246
      vertex 58.1951 -75 2.26077
      vertex 58.0968 -75 2.16246
    endloop
  endfacet
  facet normal -0.707143 0 0.707071
    outer loop
      vertex 58.1951 -75 2.26077
      vertex 58.0968 -91 2.16246
      vertex 58.1951 -91 2.26077
    endloop
  endfacet
  facet normal 0.707101 0 -0.707113
    outer loop
      vertex 65.3375 -91 1.59677
      vertex 65.9032 -75 2.16246
      vertex 65.9032 -91 2.16246
    endloop
  endfacet
  facet normal 0.707101 0 -0.707113
    outer loop
      vertex 65.9032 -75 2.16246
      vertex 65.3375 -91 1.59677
      vertex 65.3375 -75 1.59677
    endloop
  endfacet
  facet normal -0.707059 0 0.707155
    outer loop
      vertex 65.182 -91 1.75233
      vertex 65.3297 -75 1.90001
      vertex 65.182 -75 1.75233
    endloop
  endfacet
  facet normal -0.707059 0 0.707155
    outer loop
      vertex 65.3297 -75 1.90001
      vertex 65.182 -91 1.75233
      vertex 65.3297 -91 1.90001
    endloop
  endfacet
  facet normal 0.707143 -0 0.707071
    outer loop
      vertex 65.8049 -91 2.26077
      vertex 65.9032 -75 2.16246
      vertex 65.8049 -75 2.26077
    endloop
  endfacet
  facet normal 0.707143 0 0.707071
    outer loop
      vertex 65.9032 -75 2.16246
      vertex 65.8049 -91 2.26077
      vertex 65.9032 -91 2.16246
    endloop
  endfacet
  facet normal -0.707243 0 -0.70697
    outer loop
      vertex 65.3375 -91 1.59677
      vertex 65.182 -75 1.75233
      vertex 65.3375 -75 1.59677
    endloop
  endfacet
  facet normal -0.707243 -0 -0.70697
    outer loop
      vertex 65.182 -75 1.75233
      vertex 65.3375 -91 1.59677
      vertex 65.182 -91 1.75233
    endloop
  endfacet
  facet normal 0.707107 0 -0.707107
    outer loop
      vertex 65.8302 -75 2.28607
      vertex 65.8049 -91 2.26077
      vertex 65.8049 -75 2.26077
    endloop
  endfacet
  facet normal 0.707107 0 -0.707107
    outer loop
      vertex 65.8302 -91.1 2.28607
      vertex 65.8049 -91 2.26077
      vertex 65.8302 -75 2.28607
    endloop
  endfacet
  facet normal 0.707162 2.78058e-05 -0.707052
    outer loop
      vertex 65.4442 -91.1 1.90001
      vertex 65.8049 -91 2.26077
      vertex 65.8302 -91.1 2.28607
    endloop
  endfacet
  facet normal 0.707166 0 -0.707048
    outer loop
      vertex 65.8049 -91 2.26077
      vertex 65.4442 -91.1 1.90001
      vertex 65.4442 -91 1.90001
    endloop
  endfacet
  facet normal 0.819152 0 -0.573577
    outer loop
      vertex 66.3301 -91.1 3
      vertex 65.8302 -75 2.28607
      vertex 66.3301 -75 3
    endloop
  endfacet
  facet normal 0.819152 0 -0.573577
    outer loop
      vertex 65.8302 -75 2.28607
      vertex 66.3301 -91.1 3
      vertex 65.8302 -91.1 2.28607
    endloop
  endfacet
  facet normal -0.819152 0 0.573577
    outer loop
      vertex 57.6699 -91.1 8
      vertex 58.1698 -75 8.71393
      vertex 57.6699 -75 8
    endloop
  endfacet
  facet normal -0.819152 0 0.573577
    outer loop
      vertex 58.1698 -75 8.71393
      vertex 57.6699 -91.1 8
      vertex 58.1698 -91.1 8.71393
    endloop
  endfacet
  facet normal -0.996191 0 -0.0872
    outer loop
      vertex 57.076 -91.1 4.63176
      vertex 57 -75 5.5
      vertex 57.076 -75 4.63176
    endloop
  endfacet
  facet normal -0.996191 -0 -0.0872
    outer loop
      vertex 57 -75 5.5
      vertex 57.076 -91.1 4.63176
      vertex 57 -91.1 5.5
    endloop
  endfacet
  facet normal -0.707107 0 0.707107
    outer loop
      vertex 58.1698 -75 8.71393
      vertex 58.1951 -91 8.73923
      vertex 58.1951 -75 8.73923
    endloop
  endfacet
  facet normal -0.707094 -6.32495e-06 0.707119
    outer loop
      vertex 58.1951 -91 8.73923
      vertex 58.1698 -91.1 8.71393
      vertex 58.7608 -91 9.30491
    endloop
  endfacet
  facet normal -0.707107 0 0.707107
    outer loop
      vertex 58.1698 -91.1 8.71393
      vertex 58.1951 -91 8.73923
      vertex 58.1698 -75 8.71393
    endloop
  endfacet
  facet normal -0.707246 0 0.706967
    outer loop
      vertex 58.7608 -91 9.30491
      vertex 58.7861 -75 9.33022
      vertex 58.7608 -75 9.30491
    endloop
  endfacet
  facet normal -0.707246 0 0.706967
    outer loop
      vertex 58.7608 -91 9.30491
      vertex 58.7861 -91.1 9.33022
      vertex 58.7861 -75 9.33022
    endloop
  endfacet
  facet normal -0.707101 7.36141e-05 0.707113
    outer loop
      vertex 58.7861 -91.1 9.33022
      vertex 58.7608 -91 9.30491
      vertex 58.1698 -91.1 8.71393
    endloop
  endfacet
  facet normal 0.087204 0 0.99619
    outer loop
      vertex 62 -75 10.5
      vertex 62.8682 -79.7 10.424
      vertex 62.8682 -75 10.424
    endloop
  endfacet
  facet normal 0.087204 0 0.99619
    outer loop
      vertex 62.8682 -79.7 10.424
      vertex 62 -75 10.5
      vertex 62 -79.7 10.5
    endloop
  endfacet
  facet normal 0.087204 0 0.99619
    outer loop
      vertex 62 -90.7 10.5
      vertex 62.8682 -91.1 10.424
      vertex 62.8682 -90.7 10.424
    endloop
  endfacet
  facet normal 0.087204 0 0.99619
    outer loop
      vertex 62.8682 -91.1 10.424
      vertex 62 -90.7 10.5
      vertex 62 -91.1 10.5
    endloop
  endfacet
  facet normal 0.087204 0 0.99619
    outer loop
      vertex 62 -84.7 10.5
      vertex 62.8682 -85.7 10.424
      vertex 62.8682 -84.7 10.424
    endloop
  endfacet
  facet normal 0.087204 0 0.99619
    outer loop
      vertex 62.8682 -85.7 10.424
      vertex 62 -84.7 10.5
      vertex 62 -85.7 10.5
    endloop
  endfacet
  facet normal 0 0 -1
    outer loop
      vertex 58.5558 -91.1 1.90001
      vertex 58.6703 -91 1.90001
      vertex 60.0557 -93.1 1.90001
    endloop
  endfacet
  facet normal -0 0 -1
    outer loop
      vertex 58.6703 -91 1.90001
      vertex 58.5558 -91.1 1.90001
      vertex 58.5558 -91 1.90001
    endloop
  endfacet
  facet normal 0 0 -1
    outer loop
      vertex 60.7 -85.7 1.90001
      vertex 63.3 -84.7 1.90001
      vertex 63.3 -85.7 1.90001
    endloop
  endfacet
  facet normal -0 0 -1
    outer loop
      vertex 63.3 -84.7 1.90001
      vertex 60.7 -85.7 1.90001
      vertex 60.7 -84.7 1.90001
    endloop
  endfacet
  facet normal 0 0 -1
    outer loop
      vertex 63.9443 -93.1 1.90001
      vertex 60.7 -90.7 1.90001
      vertex 63.3 -90.7 1.90001
    endloop
  endfacet
  facet normal 0 0 -1
    outer loop
      vertex 58.6703 -91 1.90001
      vertex 60.7 -85.7 1.90001
      vertex 60.7 -90.7 1.90001
    endloop
  endfacet
  facet normal -0 0 -1
    outer loop
      vertex 60.7 -85.7 1.90001
      vertex 58.6703 -91 1.90001
      vertex 60.7 -84.7 1.90001
    endloop
  endfacet
  facet normal 0 0 -1
    outer loop
      vertex 58.6703 -91 1.90001
      vertex 60.7 -90.7 1.90001
      vertex 60.0557 -93.1 1.90001
    endloop
  endfacet
  facet normal 0 0 -1
    outer loop
      vertex 60.0557 -93.1 1.90001
      vertex 60.7 -90.7 1.90001
      vertex 63.9443 -93.1 1.90001
    endloop
  endfacet
  facet normal 0 0 -1
    outer loop
      vertex 65.4442 -91.1 1.90001
      vertex 65.3297 -91 1.90001
      vertex 65.4442 -91 1.90001
    endloop
  endfacet
  facet normal 0 0 -1
    outer loop
      vertex 63.9443 -93.1 1.90001
      vertex 65.3297 -91 1.90001
      vertex 65.4442 -91.1 1.90001
    endloop
  endfacet
  facet normal 0 0 -1
    outer loop
      vertex 63.3 -90.7 1.90001
      vertex 65.3297 -91 1.90001
      vertex 63.9443 -93.1 1.90001
    endloop
  endfacet
  facet normal 0 0 -1
    outer loop
      vertex 65.3297 -91 1.90001
      vertex 63.3 -90.7 1.90001
      vertex 63.3 -85.7 1.90001
    endloop
  endfacet
  facet normal 0 0 -1
    outer loop
      vertex 63.3 -84.7 1.90001
      vertex 65.3297 -91 1.90001
      vertex 63.3 -85.7 1.90001
    endloop
  endfacet
  facet normal 0 0 -1
    outer loop
      vertex 65.3297 -91 1.90001
      vertex 63.3 -84.7 1.90001
      vertex 65.3297 -75 1.90001
    endloop
  endfacet
  facet normal 0 0 -1
    outer loop
      vertex 63.3 -79.7 1.90001
      vertex 65.3297 -75 1.90001
      vertex 63.3 -84.7 1.90001
    endloop
  endfacet
  facet normal 0 0 -1
    outer loop
      vertex 60.7 -79.7 1.90001
      vertex 65.3297 -75 1.90001
      vertex 63.3 -79.7 1.90001
    endloop
  endfacet
  facet normal 0 0 -1
    outer loop
      vertex 58.6703 -75 1.90001
      vertex 60.7 -84.7 1.90001
      vertex 58.6703 -91 1.90001
    endloop
  endfacet
  facet normal 0 0 -1
    outer loop
      vertex 60.7 -79.7 1.90001
      vertex 58.6703 -75 1.90001
      vertex 65.3297 -75 1.90001
    endloop
  endfacet
  facet normal 0 0 -1
    outer loop
      vertex 60.7 -84.7 1.90001
      vertex 58.6703 -75 1.90001
      vertex 60.7 -79.7 1.90001
    endloop
  endfacet
  facet normal -0.258818 0 0.965926
    outer loop
      vertex 61.1318 -75 10.424
      vertex 60.7 -79.7 10.3083
      vertex 61.1318 -79.7 10.424
    endloop
  endfacet
  facet normal -0.25863 0 0.965976
    outer loop
      vertex 60.2899 -75 10.1985
      vertex 60.7 -84.7 10.3083
      vertex 60.7 -79.7 10.3083
    endloop
  endfacet
  facet normal -0.25863 0 0.965976
    outer loop
      vertex 60.2899 -91.1 10.1985
      vertex 60.7 -84.7 10.3083
      vertex 60.2899 -75 10.1985
    endloop
  endfacet
  facet normal -0.25863 0 0.965976
    outer loop
      vertex 60.7 -84.7 10.3083
      vertex 60.2899 -91.1 10.1985
      vertex 60.7 -85.7 10.3083
    endloop
  endfacet
  facet normal -0.258727 -9.01521e-06 0.965951
    outer loop
      vertex 60.2899 -75 10.1985
      vertex 60.7 -79.7 10.3083
      vertex 61.1318 -75 10.424
    endloop
  endfacet
  facet normal -0.258818 0 0.965926
    outer loop
      vertex 60.7 -84.7 10.3083
      vertex 61.1318 -85.7 10.424
      vertex 61.1318 -84.7 10.424
    endloop
  endfacet
  facet normal -0.258818 0 0.965926
    outer loop
      vertex 61.1318 -85.7 10.424
      vertex 60.7 -84.7 10.3083
      vertex 60.7 -85.7 10.3083
    endloop
  endfacet
  facet normal -0.258818 0 0.965926
    outer loop
      vertex 60.7 -90.7 10.3083
      vertex 61.1318 -91.1 10.424
      vertex 61.1318 -90.7 10.424
    endloop
  endfacet
  facet normal -0.258727 0.000105929 0.965951
    outer loop
      vertex 60.7 -90.7 10.3083
      vertex 60.2899 -91.1 10.1985
      vertex 61.1318 -91.1 10.424
    endloop
  endfacet
  facet normal -0.25863 0 0.965976
    outer loop
      vertex 60.7 -85.7 10.3083
      vertex 60.2899 -91.1 10.1985
      vertex 60.7 -90.7 10.3083
    endloop
  endfacet
  facet normal 0.422659 0 0.906289
    outer loop
      vertex 63.7101 -75 10.1985
      vertex 64.5 -91.1 9.83012
      vertex 64.5 -75 9.83012
    endloop
  endfacet
  facet normal 0.422659 0 0.906289
    outer loop
      vertex 64.5 -91.1 9.83012
      vertex 63.7101 -75 10.1985
      vertex 63.7101 -91.1 10.1985
    endloop
  endfacet
  facet normal 0.819152 -0 0.573577
    outer loop
      vertex 65.8302 -91.1 8.71393
      vertex 66.3301 -75 8
      vertex 65.8302 -75 8.71393
    endloop
  endfacet
  facet normal 0.819152 0 0.573577
    outer loop
      vertex 66.3301 -75 8
      vertex 65.8302 -91.1 8.71393
      vertex 66.3301 -91.1 8
    endloop
  endfacet
  facet normal 0.965948 -0 0.258738
    outer loop
      vertex 66.6985 -91.1 7.2101
      vertex 66.924 -75 6.36824
      vertex 66.6985 -75 7.2101
    endloop
  endfacet
  facet normal 0.965948 0 0.258738
    outer loop
      vertex 66.924 -75 6.36824
      vertex 66.6985 -91.1 7.2101
      vertex 66.924 -91.1 6.36824
    endloop
  endfacet
  facet normal 0.258818 0 0.965926
    outer loop
      vertex 62.8682 -84.7 10.424
      vertex 63.3 -85.7 10.3083
      vertex 63.3 -84.7 10.3083
    endloop
  endfacet
  facet normal 0.258818 0 0.965926
    outer loop
      vertex 63.3 -85.7 10.3083
      vertex 62.8682 -84.7 10.424
      vertex 62.8682 -85.7 10.424
    endloop
  endfacet
  facet normal 0.25863 -0 0.965976
    outer loop
      vertex 63.3 -84.7 10.3083
      vertex 63.7101 -75 10.1985
      vertex 63.3 -79.7 10.3083
    endloop
  endfacet
  facet normal 0.258727 -9.01521e-06 0.965951
    outer loop
      vertex 62.8682 -75 10.424
      vertex 63.3 -79.7 10.3083
      vertex 63.7101 -75 10.1985
    endloop
  endfacet
  facet normal 0.258818 0 0.965926
    outer loop
      vertex 63.3 -79.7 10.3083
      vertex 62.8682 -75 10.424
      vertex 62.8682 -79.7 10.424
    endloop
  endfacet
  facet normal 0.25863 0 0.965976
    outer loop
      vertex 63.7101 -75 10.1985
      vertex 63.3 -84.7 10.3083
      vertex 63.7101 -91.1 10.1985
    endloop
  endfacet
  facet normal 0.25863 -0 0.965976
    outer loop
      vertex 63.3 -85.7 10.3083
      vertex 63.7101 -91.1 10.1985
      vertex 63.3 -84.7 10.3083
    endloop
  endfacet
  facet normal 0.25863 -0 0.965976
    outer loop
      vertex 63.3 -90.7 10.3083
      vertex 63.7101 -91.1 10.1985
      vertex 63.3 -85.7 10.3083
    endloop
  endfacet
  facet normal 0.258818 -0 0.965926
    outer loop
      vertex 62.8682 -91.1 10.424
      vertex 63.3 -90.7 10.3083
      vertex 62.8682 -90.7 10.424
    endloop
  endfacet
  facet normal 0.258727 0.000105929 0.965951
    outer loop
      vertex 63.3 -90.7 10.3083
      vertex 62.8682 -91.1 10.424
      vertex 63.7101 -91.1 10.1985
    endloop
  endfacet
  facet normal 0.996191 0 -0.0872
    outer loop
      vertex 67 -91.1 5.5
      vertex 66.924 -75 4.63176
      vertex 67 -75 5.5
    endloop
  endfacet
  facet normal 0.996191 0 -0.0872
    outer loop
      vertex 66.924 -75 4.63176
      vertex 67 -91.1 5.5
      vertex 66.924 -91.1 4.63176
    endloop
  endfacet
  facet normal -0.90628 0 0.422678
    outer loop
      vertex 57.3015 -91.1 7.2101
      vertex 57.6699 -75 8
      vertex 57.3015 -75 7.2101
    endloop
  endfacet
  facet normal -0.90628 0 0.422678
    outer loop
      vertex 57.6699 -75 8
      vertex 57.3015 -91.1 7.2101
      vertex 57.6699 -91.1 8
    endloop
  endfacet
  facet normal -0.422659 0 0.906289
    outer loop
      vertex 59.5 -75 9.83012
      vertex 60.2899 -91.1 10.1985
      vertex 60.2899 -75 10.1985
    endloop
  endfacet
  facet normal -0.422659 0 0.906289
    outer loop
      vertex 60.2899 -91.1 10.1985
      vertex 59.5 -75 9.83012
      vertex 59.5 -91.1 9.83012
    endloop
  endfacet
  facet normal -0.573593 0 0.81914
    outer loop
      vertex 58.7861 -75 9.33022
      vertex 59.5 -91.1 9.83012
      vertex 59.5 -75 9.83012
    endloop
  endfacet
  facet normal -0.573593 0 0.81914
    outer loop
      vertex 59.5 -91.1 9.83012
      vertex 58.7861 -75 9.33022
      vertex 58.7861 -91.1 9.33022
    endloop
  endfacet
  facet normal -0.996191 0 0.0872
    outer loop
      vertex 57 -91.1 5.5
      vertex 57.076 -75 6.36824
      vertex 57 -75 5.5
    endloop
  endfacet
  facet normal -0.996191 0 0.0872
    outer loop
      vertex 57.076 -75 6.36824
      vertex 57 -91.1 5.5
      vertex 57.076 -91.1 6.36824
    endloop
  endfacet
  facet normal -0.965948 0 0.258738
    outer loop
      vertex 57.076 -91.1 6.36824
      vertex 57.3015 -75 7.2101
      vertex 57.076 -75 6.36824
    endloop
  endfacet
  facet normal -0.965948 0 0.258738
    outer loop
      vertex 57.3015 -75 7.2101
      vertex 57.076 -91.1 6.36824
      vertex 57.3015 -91.1 7.2101
    endloop
  endfacet
  facet normal 0.90628 0 -0.422678
    outer loop
      vertex 66.6985 -91.1 3.7899
      vertex 66.3301 -75 3
      vertex 66.6985 -75 3.7899
    endloop
  endfacet
  facet normal 0.90628 0 -0.422678
    outer loop
      vertex 66.3301 -75 3
      vertex 66.6985 -91.1 3.7899
      vertex 66.3301 -91.1 3
    endloop
  endfacet
  facet normal 0.965948 0 -0.258738
    outer loop
      vertex 66.924 -91.1 4.63176
      vertex 66.6985 -75 3.7899
      vertex 66.924 -75 4.63176
    endloop
  endfacet
  facet normal 0.965948 0 -0.258738
    outer loop
      vertex 66.6985 -75 3.7899
      vertex 66.924 -91.1 4.63176
      vertex 66.6985 -91.1 3.7899
    endloop
  endfacet
  facet normal -0.90628 0 -0.422678
    outer loop
      vertex 57.6699 -91.1 3
      vertex 57.3015 -75 3.7899
      vertex 57.6699 -75 3
    endloop
  endfacet
  facet normal -0.90628 -0 -0.422678
    outer loop
      vertex 57.3015 -75 3.7899
      vertex 57.6699 -91.1 3
      vertex 57.3015 -91.1 3.7899
    endloop
  endfacet
  facet normal -0.087204 0 0.99619
    outer loop
      vertex 61.1318 -75 10.424
      vertex 62 -79.7 10.5
      vertex 62 -75 10.5
    endloop
  endfacet
  facet normal -0.087204 0 0.99619
    outer loop
      vertex 62 -79.7 10.5
      vertex 61.1318 -75 10.424
      vertex 61.1318 -79.7 10.424
    endloop
  endfacet
  facet normal -0.087204 0 0.99619
    outer loop
      vertex 61.1318 -90.7 10.424
      vertex 62 -91.1 10.5
      vertex 62 -90.7 10.5
    endloop
  endfacet
  facet normal -0.087204 0 0.99619
    outer loop
      vertex 62 -91.1 10.5
      vertex 61.1318 -90.7 10.424
      vertex 61.1318 -91.1 10.424
    endloop
  endfacet
  facet normal -0.087204 0 0.99619
    outer loop
      vertex 61.1318 -84.7 10.424
      vertex 62 -85.7 10.5
      vertex 62 -84.7 10.5
    endloop
  endfacet
  facet normal -0.087204 0 0.99619
    outer loop
      vertex 62 -85.7 10.5
      vertex 61.1318 -84.7 10.424
      vertex 61.1318 -85.7 10.424
    endloop
  endfacet
  facet normal -0.965948 0 -0.258738
    outer loop
      vertex 57.3015 -91.1 3.7899
      vertex 57.076 -75 4.63176
      vertex 57.3015 -75 3.7899
    endloop
  endfacet
  facet normal -0.965948 -0 -0.258738
    outer loop
      vertex 57.076 -75 4.63176
      vertex 57.3015 -91.1 3.7899
      vertex 57.076 -91.1 4.63176
    endloop
  endfacet
  facet normal -0.819152 0 -0.573577
    outer loop
      vertex 58.1698 -91.1 2.28607
      vertex 57.6699 -75 3
      vertex 58.1698 -75 2.28607
    endloop
  endfacet
  facet normal -0.819152 -0 -0.573577
    outer loop
      vertex 57.6699 -75 3
      vertex 58.1698 -91.1 2.28607
      vertex 57.6699 -91.1 3
    endloop
  endfacet
  facet normal 0.90628 -0 0.422678
    outer loop
      vertex 66.3301 -91.1 8
      vertex 66.6985 -75 7.2101
      vertex 66.3301 -75 8
    endloop
  endfacet
  facet normal 0.90628 0 0.422678
    outer loop
      vertex 66.6985 -75 7.2101
      vertex 66.3301 -91.1 8
      vertex 66.6985 -91.1 7.2101
    endloop
  endfacet
  facet normal 0.707246 0 0.706967
    outer loop
      vertex 65.2139 -75 9.33022
      vertex 65.2392 -91 9.30491
      vertex 65.2392 -75 9.30491
    endloop
  endfacet
  facet normal 0.707094 7.70369e-05 0.707119
    outer loop
      vertex 65.2392 -91 9.30491
      vertex 65.2139 -91.1 9.33022
      vertex 65.8049 -91 8.73923
    endloop
  endfacet
  facet normal 0.707246 -0 0.706967
    outer loop
      vertex 65.2139 -91.1 9.33022
      vertex 65.2392 -91 9.30491
      vertex 65.2139 -75 9.33022
    endloop
  endfacet
  facet normal 0.707107 -0 0.707107
    outer loop
      vertex 65.8049 -91 8.73923
      vertex 65.8302 -75 8.71393
      vertex 65.8049 -75 8.73923
    endloop
  endfacet
  facet normal 0.707107 0 0.707107
    outer loop
      vertex 65.8049 -91 8.73923
      vertex 65.8302 -91.1 8.71393
      vertex 65.8302 -75 8.71393
    endloop
  endfacet
  facet normal 0.707101 -2.9028e-06 0.707113
    outer loop
      vertex 65.8302 -91.1 8.71393
      vertex 65.8049 -91 8.73923
      vertex 65.2139 -91.1 9.33022
    endloop
  endfacet
  facet normal 0.573593 0 0.81914
    outer loop
      vertex 64.5 -75 9.83012
      vertex 65.2139 -91.1 9.33022
      vertex 65.2139 -75 9.33022
    endloop
  endfacet
  facet normal 0.573593 0 0.81914
    outer loop
      vertex 65.2139 -91.1 9.33022
      vertex 64.5 -75 9.83012
      vertex 64.5 -91.1 9.83012
    endloop
  endfacet
  facet normal 0.996191 -0 0.0872
    outer loop
      vertex 66.924 -91.1 6.36824
      vertex 67 -75 5.5
      vertex 66.924 -75 6.36824
    endloop
  endfacet
  facet normal 0.996191 0 0.0872
    outer loop
      vertex 67 -75 5.5
      vertex 66.924 -91.1 6.36824
      vertex 67 -91.1 5.5
    endloop
  endfacet
  facet normal -0.707166 -0 -0.707048
    outer loop
      vertex 58.5558 -91 1.90001
      vertex 58.5558 -91.1 1.90001
      vertex 58.1951 -91 2.26077
    endloop
  endfacet
  facet normal -0.707107 0 -0.707107
    outer loop
      vertex 58.1951 -91 2.26077
      vertex 58.1698 -75 2.28607
      vertex 58.1951 -75 2.26077
    endloop
  endfacet
  facet normal -0.707107 0 -0.707107
    outer loop
      vertex 58.1951 -91 2.26077
      vertex 58.1698 -91.1 2.28607
      vertex 58.1698 -75 2.28607
    endloop
  endfacet
  facet normal -0.707162 2.78058e-05 -0.707052
    outer loop
      vertex 58.1698 -91.1 2.28607
      vertex 58.1951 -91 2.26077
      vertex 58.5558 -91.1 1.90001
    endloop
  endfacet
  facet normal 0.0795744 -0.409057 0.909033
    outer loop
      vertex 62.8682 -91.1 10.424
      vertex 62 -91.1 10.5
      vertex 62.7119 -93.1 9.5377
    endloop
  endfacet
  facet normal 0.523407 -0.409064 0.74747
    outer loop
      vertex 65.2139 -91.1 9.33022
      vertex 64.5 -91.1 9.83012
      vertex 64.6354 -93.1 8.64078
    endloop
  endfacet
  facet normal 0.747496 -0.409061 0.523373
    outer loop
      vertex 66.3301 -91.1 8
      vertex 65.1408 -93.1 8.13542
      vertex 65.5507 -93.1 7.54999
    endloop
  endfacet
  facet normal -0.236136 -0.409058 0.881426
    outer loop
      vertex 61.1318 -91.1 10.424
      vertex 60.5977 -93.1 9.35274
      vertex 61.2881 -93.1 9.5377
    endloop
  endfacet
  facet normal 0.909033 -0.409056 0.0795708
    outer loop
      vertex 66.924 -91.1 6.36824
      vertex 66.0377 -93.1 6.21194
      vertex 67 -91.1 5.5
    endloop
  endfacet
  facet normal -0.385664 -0.409068 0.826998
    outer loop
      vertex 60.5977 -93.1 9.35274
      vertex 59.5 -91.1 9.83012
      vertex 59.95 -93.1 9.05069
    endloop
  endfacet
  facet normal 0.826974 -0.409091 -0.385691
    outer loop
      vertex 66.6985 -91.1 3.7899
      vertex 65.8527 -93.1 4.09773
      vertex 66.3301 -91.1 3
    endloop
  endfacet
  facet normal 0.402937 -0.302182 -0.863903
    outer loop
      vertex 64.05 -93.1 1.94931
      vertex 63.9443 -93.1 1.90001
      vertex 65.4442 -91.1 1.90001
    endloop
  endfacet
  facet normal 0.827032 -0.409057 0.385604
    outer loop
      vertex 66.3301 -91.1 8
      vertex 65.5507 -93.1 7.54999
      vertex 65.8527 -93.1 6.90227
    endloop
  endfacet
  facet normal -0.528827 -0.387262 -0.755228
    outer loop
      vertex 59.3646 -93.1 2.35922
      vertex 58.5558 -91.1 1.90001
      vertex 59.95 -93.1 1.94931
    endloop
  endfacet
  facet normal -0.747485 -0.409053 0.523395
    outer loop
      vertex 58.1698 -91.1 8.71393
      vertex 57.6699 -91.1 8
      vertex 58.8592 -93.1 8.13542
    endloop
  endfacet
  facet normal -0.0795744 -0.409057 0.909033
    outer loop
      vertex 62 -91.1 10.5
      vertex 61.1318 -91.1 10.424
      vertex 61.2881 -93.1 9.5377
    endloop
  endfacet
  facet normal 0.881421 -0.409092 0.236097
    outer loop
      vertex 66.6985 -91.1 7.2101
      vertex 65.8527 -93.1 6.90227
      vertex 66.924 -91.1 6.36824
    endloop
  endfacet
  facet normal -0.645217 -0.409053 0.645268
    outer loop
      vertex 59.3646 -93.1 8.64078
      vertex 58.1698 -91.1 8.71393
      vertex 58.8592 -93.1 8.13542
    endloop
  endfacet
  facet normal -0.645234 -0.409063 0.645245
    outer loop
      vertex 58.1698 -91.1 8.71393
      vertex 59.3646 -93.1 8.64078
      vertex 58.7861 -91.1 9.33022
    endloop
  endfacet
  facet normal -0.827032 -0.409057 0.385604
    outer loop
      vertex 58.4493 -93.1 7.54999
      vertex 57.6699 -91.1 8
      vertex 58.1473 -93.1 6.90227
    endloop
  endfacet
  facet normal -0.747496 -0.409061 0.523373
    outer loop
      vertex 58.8592 -93.1 8.13542
      vertex 57.6699 -91.1 8
      vertex 58.4493 -93.1 7.54999
    endloop
  endfacet
  facet normal -0.826974 -0.409091 0.385691
    outer loop
      vertex 57.6699 -91.1 8
      vertex 57.3015 -91.1 7.2101
      vertex 58.1473 -93.1 6.90227
    endloop
  endfacet
  facet normal -0.523398 -0.409067 0.747475
    outer loop
      vertex 59.5 -91.1 9.83012
      vertex 59.3646 -93.1 8.64078
      vertex 59.95 -93.1 9.05069
    endloop
  endfacet
  facet normal 0.523398 -0.409067 0.747475
    outer loop
      vertex 64.5 -91.1 9.83012
      vertex 64.05 -93.1 9.05069
      vertex 64.6354 -93.1 8.64078
    endloop
  endfacet
  facet normal -0.385677 -0.409073 0.82699
    outer loop
      vertex 60.2899 -91.1 10.1985
      vertex 59.5 -91.1 9.83012
      vertex 60.5977 -93.1 9.35274
    endloop
  endfacet
  facet normal -0.523407 -0.409064 0.74747
    outer loop
      vertex 59.5 -91.1 9.83012
      vertex 58.7861 -91.1 9.33022
      vertex 59.3646 -93.1 8.64078
    endloop
  endfacet
  facet normal 0.881421 -0.409092 -0.236097
    outer loop
      vertex 66.924 -91.1 4.63176
      vertex 65.8527 -93.1 4.09773
      vertex 66.6985 -91.1 3.7899
    endloop
  endfacet
  facet normal 0.385677 -0.409073 0.82699
    outer loop
      vertex 63.7101 -91.1 10.1985
      vertex 63.4023 -93.1 9.35274
      vertex 64.5 -91.1 9.83012
    endloop
  endfacet
  facet normal 0.645234 -0.409063 0.645245
    outer loop
      vertex 64.6354 -93.1 8.64078
      vertex 65.8302 -91.1 8.71393
      vertex 65.2139 -91.1 9.33022
    endloop
  endfacet
  facet normal 0.645217 -0.409053 0.645268
    outer loop
      vertex 65.8302 -91.1 8.71393
      vertex 64.6354 -93.1 8.64078
      vertex 65.1408 -93.1 8.13542
    endloop
  endfacet
  facet normal 0.747485 -0.409053 0.523395
    outer loop
      vertex 65.8302 -91.1 8.71393
      vertex 65.1408 -93.1 8.13542
      vertex 66.3301 -91.1 8
    endloop
  endfacet
  facet normal 0.528827 -0.387262 -0.755228
    outer loop
      vertex 64.6354 -93.1 2.35922
      vertex 64.05 -93.1 1.94931
      vertex 65.4442 -91.1 1.90001
    endloop
  endfacet
  facet normal 0.385664 -0.409068 0.826998
    outer loop
      vertex 64.5 -91.1 9.83012
      vertex 63.4023 -93.1 9.35274
      vertex 64.05 -93.1 9.05069
    endloop
  endfacet
  facet normal 0.881408 -0.409055 -0.236207
    outer loop
      vertex 66.0377 -93.1 4.78806
      vertex 65.8527 -93.1 4.09773
      vertex 66.924 -91.1 4.63176
    endloop
  endfacet
  facet normal 0 -1 0
    outer loop
      vertex 61.2881 -93.1 9.5377
      vertex 62.7119 -93.1 9.5377
      vertex 62 -93.1 9.59999
    endloop
  endfacet
  facet normal 0 -1 0
    outer loop
      vertex 60.5977 -93.1 9.35274
      vertex 62.7119 -93.1 9.5377
      vertex 61.2881 -93.1 9.5377
    endloop
  endfacet
  facet normal 0 -1 0
    outer loop
      vertex 60.5977 -93.1 9.35274
      vertex 63.4023 -93.1 9.35274
      vertex 62.7119 -93.1 9.5377
    endloop
  endfacet
  facet normal 0 -1 0
    outer loop
      vertex 59.95 -93.1 9.05069
      vertex 63.4023 -93.1 9.35274
      vertex 60.5977 -93.1 9.35274
    endloop
  endfacet
  facet normal 0 -1 0
    outer loop
      vertex 59.95 -93.1 9.05069
      vertex 64.05 -93.1 9.05069
      vertex 63.4023 -93.1 9.35274
    endloop
  endfacet
  facet normal 0 -1 0
    outer loop
      vertex 59.3646 -93.1 8.64078
      vertex 64.05 -93.1 9.05069
      vertex 59.95 -93.1 9.05069
    endloop
  endfacet
  facet normal 0 -1 0
    outer loop
      vertex 59.3646 -93.1 8.64078
      vertex 64.6354 -93.1 8.64078
      vertex 64.05 -93.1 9.05069
    endloop
  endfacet
  facet normal 0 -1 0
    outer loop
      vertex 58.8592 -93.1 8.13542
      vertex 64.6354 -93.1 8.64078
      vertex 59.3646 -93.1 8.64078
    endloop
  endfacet
  facet normal 0 -1 0
    outer loop
      vertex 58.8592 -93.1 8.13542
      vertex 65.1408 -93.1 8.13542
      vertex 64.6354 -93.1 8.64078
    endloop
  endfacet
  facet normal 0 -1 0
    outer loop
      vertex 58.4493 -93.1 7.54999
      vertex 65.1408 -93.1 8.13542
      vertex 58.8592 -93.1 8.13542
    endloop
  endfacet
  facet normal 0 -1 0
    outer loop
      vertex 58.4493 -93.1 7.54999
      vertex 65.5507 -93.1 7.54999
      vertex 65.1408 -93.1 8.13542
    endloop
  endfacet
  facet normal 0 -1 0
    outer loop
      vertex 58.1473 -93.1 6.90227
      vertex 65.5507 -93.1 7.54999
      vertex 58.4493 -93.1 7.54999
    endloop
  endfacet
  facet normal 0 -1 0
    outer loop
      vertex 58.1473 -93.1 6.90227
      vertex 65.8527 -93.1 6.90227
      vertex 65.5507 -93.1 7.54999
    endloop
  endfacet
  facet normal 0 -1 0
    outer loop
      vertex 57.9623 -93.1 6.21194
      vertex 65.8527 -93.1 6.90227
      vertex 58.1473 -93.1 6.90227
    endloop
  endfacet
  facet normal 0 -1 0
    outer loop
      vertex 57.9623 -93.1 6.21194
      vertex 66.0377 -93.1 6.21194
      vertex 65.8527 -93.1 6.90227
    endloop
  endfacet
  facet normal 0 -1 0
    outer loop
      vertex 57.9 -93.1 5.5
      vertex 66.0377 -93.1 6.21194
      vertex 57.9623 -93.1 6.21194
    endloop
  endfacet
  facet normal 0 -1 0
    outer loop
      vertex 57.9 -93.1 5.5
      vertex 66.1 -93.1 5.5
      vertex 66.0377 -93.1 6.21194
    endloop
  endfacet
  facet normal 0 -1 0
    outer loop
      vertex 57.9623 -93.1 4.78806
      vertex 66.1 -93.1 5.5
      vertex 57.9 -93.1 5.5
    endloop
  endfacet
  facet normal 0 -1 0
    outer loop
      vertex 57.9623 -93.1 4.78806
      vertex 66.0377 -93.1 4.78806
      vertex 66.1 -93.1 5.5
    endloop
  endfacet
  facet normal 0 -1 0
    outer loop
      vertex 58.1473 -93.1 4.09773
      vertex 66.0377 -93.1 4.78806
      vertex 57.9623 -93.1 4.78806
    endloop
  endfacet
  facet normal 0 -1 0
    outer loop
      vertex 58.1473 -93.1 4.09773
      vertex 65.8527 -93.1 4.09773
      vertex 66.0377 -93.1 4.78806
    endloop
  endfacet
  facet normal 0 -1 0
    outer loop
      vertex 58.4493 -93.1 3.45001
      vertex 65.8527 -93.1 4.09773
      vertex 58.1473 -93.1 4.09773
    endloop
  endfacet
  facet normal 0 -1 0
    outer loop
      vertex 58.4493 -93.1 3.45001
      vertex 65.5507 -93.1 3.45001
      vertex 65.8527 -93.1 4.09773
    endloop
  endfacet
  facet normal 0 -1 0
    outer loop
      vertex 58.8592 -93.1 2.86458
      vertex 65.5507 -93.1 3.45001
      vertex 58.4493 -93.1 3.45001
    endloop
  endfacet
  facet normal 0 -1 0
    outer loop
      vertex 58.8592 -93.1 2.86458
      vertex 65.1408 -93.1 2.86458
      vertex 65.5507 -93.1 3.45001
    endloop
  endfacet
  facet normal 0 -1 0
    outer loop
      vertex 60.0557 -93.1 1.90001
      vertex 58.8592 -93.1 2.86458
      vertex 59.3646 -93.1 2.35922
    endloop
  endfacet
  facet normal 0 -1 0
    outer loop
      vertex 58.8592 -93.1 2.86458
      vertex 60.0557 -93.1 1.90001
      vertex 65.1408 -93.1 2.86458
    endloop
  endfacet
  facet normal 0 -1 0
    outer loop
      vertex 60.0557 -93.1 1.90001
      vertex 59.3646 -93.1 2.35922
      vertex 59.95 -93.1 1.94931
    endloop
  endfacet
  facet normal 0 -1 0
    outer loop
      vertex 63.9443 -93.1 1.90001
      vertex 65.1408 -93.1 2.86458
      vertex 60.0557 -93.1 1.90001
    endloop
  endfacet
  facet normal 0 -1 0
    outer loop
      vertex 65.1408 -93.1 2.86458
      vertex 63.9443 -93.1 1.90001
      vertex 64.6354 -93.1 2.35922
    endloop
  endfacet
  facet normal 0 -1 0
    outer loop
      vertex 64.6354 -93.1 2.35922
      vertex 63.9443 -93.1 1.90001
      vertex 64.05 -93.1 1.94931
    endloop
  endfacet
  facet normal 0.881408 -0.409055 0.236207
    outer loop
      vertex 66.924 -91.1 6.36824
      vertex 65.8527 -93.1 6.90227
      vertex 66.0377 -93.1 6.21194
    endloop
  endfacet
  facet normal -0.236088 -0.409074 0.881431
    outer loop
      vertex 61.1318 -91.1 10.424
      vertex 60.2899 -91.1 10.1985
      vertex 60.5977 -93.1 9.35274
    endloop
  endfacet
  facet normal 0.747485 -0.409053 -0.523395
    outer loop
      vertex 66.3301 -91.1 3
      vertex 65.1408 -93.1 2.86458
      vertex 65.8302 -91.1 2.28607
    endloop
  endfacet
  facet normal 0.236136 -0.409058 0.881426
    outer loop
      vertex 62.8682 -91.1 10.424
      vertex 62.7119 -93.1 9.5377
      vertex 63.4023 -93.1 9.35274
    endloop
  endfacet
  facet normal 0.236088 -0.409074 0.881431
    outer loop
      vertex 63.7101 -91.1 10.1985
      vertex 62.8682 -91.1 10.424
      vertex 63.4023 -93.1 9.35274
    endloop
  endfacet
  facet normal 0.0795386 -0.409068 0.909031
    outer loop
      vertex 62 -91.1 10.5
      vertex 62 -93.1 9.59999
      vertex 62.7119 -93.1 9.5377
    endloop
  endfacet
  facet normal -0.0795386 -0.409068 0.909031
    outer loop
      vertex 62 -91.1 10.5
      vertex 61.2881 -93.1 9.5377
      vertex 62 -93.1 9.59999
    endloop
  endfacet
  facet normal -0.909032 -0.409064 0.079547
    outer loop
      vertex 57.9623 -93.1 6.21194
      vertex 57 -91.1 5.5
      vertex 57.9 -93.1 5.5
    endloop
  endfacet
  facet normal -0.402937 -0.302182 -0.863903
    outer loop
      vertex 59.95 -93.1 1.94931
      vertex 58.5558 -91.1 1.90001
      vertex 60.0557 -93.1 1.90001
    endloop
  endfacet
  facet normal -0.826974 -0.409091 -0.385691
    outer loop
      vertex 58.1473 -93.1 4.09773
      vertex 57.3015 -91.1 3.7899
      vertex 57.6699 -91.1 3
    endloop
  endfacet
  facet normal 0.747496 -0.409061 -0.523373
    outer loop
      vertex 65.5507 -93.1 3.45001
      vertex 65.1408 -93.1 2.86458
      vertex 66.3301 -91.1 3
    endloop
  endfacet
  facet normal 0.909033 -0.409056 -0.0795708
    outer loop
      vertex 67 -91.1 5.5
      vertex 66.0377 -93.1 4.78806
      vertex 66.924 -91.1 4.63176
    endloop
  endfacet
  facet normal -0.645281 -0.409089 -0.645181
    outer loop
      vertex 59.3646 -93.1 2.35922
      vertex 58.1698 -91.1 2.28607
      vertex 58.5558 -91.1 1.90001
    endloop
  endfacet
  facet normal -0.645217 -0.409053 -0.645268
    outer loop
      vertex 58.1698 -91.1 2.28607
      vertex 59.3646 -93.1 2.35922
      vertex 58.8592 -93.1 2.86458
    endloop
  endfacet
  facet normal 0.909032 -0.409064 -0.079547
    outer loop
      vertex 66.1 -93.1 5.5
      vertex 66.0377 -93.1 4.78806
      vertex 67 -91.1 5.5
    endloop
  endfacet
  facet normal 0.827032 -0.409057 -0.385604
    outer loop
      vertex 65.8527 -93.1 4.09773
      vertex 65.5507 -93.1 3.45001
      vertex 66.3301 -91.1 3
    endloop
  endfacet
  facet normal -0.747485 -0.409053 -0.523395
    outer loop
      vertex 58.8592 -93.1 2.86458
      vertex 57.6699 -91.1 3
      vertex 58.1698 -91.1 2.28607
    endloop
  endfacet
  facet normal 0.909032 -0.409064 0.079547
    outer loop
      vertex 67 -91.1 5.5
      vertex 66.0377 -93.1 6.21194
      vertex 66.1 -93.1 5.5
    endloop
  endfacet
  facet normal 0.826974 -0.409091 0.385691
    outer loop
      vertex 66.3301 -91.1 8
      vertex 65.8527 -93.1 6.90227
      vertex 66.6985 -91.1 7.2101
    endloop
  endfacet
  facet normal -0.881408 -0.409055 0.236207
    outer loop
      vertex 58.1473 -93.1 6.90227
      vertex 57.076 -91.1 6.36824
      vertex 57.9623 -93.1 6.21194
    endloop
  endfacet
  facet normal -0.827032 -0.409057 -0.385604
    outer loop
      vertex 58.1473 -93.1 4.09773
      vertex 57.6699 -91.1 3
      vertex 58.4493 -93.1 3.45001
    endloop
  endfacet
  facet normal -0.881421 -0.409092 0.236097
    outer loop
      vertex 57.3015 -91.1 7.2101
      vertex 57.076 -91.1 6.36824
      vertex 58.1473 -93.1 6.90227
    endloop
  endfacet
  facet normal -0.747496 -0.409061 -0.523373
    outer loop
      vertex 58.4493 -93.1 3.45001
      vertex 57.6699 -91.1 3
      vertex 58.8592 -93.1 2.86458
    endloop
  endfacet
  facet normal -0.909032 -0.409064 -0.079547
    outer loop
      vertex 57.9 -93.1 5.5
      vertex 57 -91.1 5.5
      vertex 57.9623 -93.1 4.78806
    endloop
  endfacet
  facet normal -0.909033 -0.409056 0.0795708
    outer loop
      vertex 57.076 -91.1 6.36824
      vertex 57 -91.1 5.5
      vertex 57.9623 -93.1 6.21194
    endloop
  endfacet
  facet normal -0.881408 -0.409055 -0.236207
    outer loop
      vertex 57.9623 -93.1 4.78806
      vertex 57.076 -91.1 4.63176
      vertex 58.1473 -93.1 4.09773
    endloop
  endfacet
  facet normal -0.909033 -0.409056 -0.0795708
    outer loop
      vertex 57.9623 -93.1 4.78806
      vertex 57 -91.1 5.5
      vertex 57.076 -91.1 4.63176
    endloop
  endfacet
  facet normal -0.881421 -0.409092 -0.236097
    outer loop
      vertex 58.1473 -93.1 4.09773
      vertex 57.076 -91.1 4.63176
      vertex 57.3015 -91.1 3.7899
    endloop
  endfacet
  facet normal 0.645217 -0.409053 -0.645268
    outer loop
      vertex 64.6354 -93.1 2.35922
      vertex 65.8302 -91.1 2.28607
      vertex 65.1408 -93.1 2.86458
    endloop
  endfacet
  facet normal 0.645281 -0.409089 -0.645181
    outer loop
      vertex 65.8302 -91.1 2.28607
      vertex 64.6354 -93.1 2.35922
      vertex 65.4442 -91.1 1.90001
    endloop
  endfacet
  facet normal -1 0 0
    outer loop
      vertex 63.3 -84.7 1.90001
      vertex 63.3 -79.7 10.3083
      vertex 63.3 -79.7 1.90001
    endloop
  endfacet
  facet normal -1 -0 0
    outer loop
      vertex 63.3 -79.7 10.3083
      vertex 63.3 -84.7 1.90001
      vertex 63.3 -84.7 10.3083
    endloop
  endfacet
  facet normal 0 1 0
    outer loop
      vertex 63.3 -84.7 10.3083
      vertex 62 -84.7 10.5
      vertex 62.8682 -84.7 10.424
    endloop
  endfacet
  facet normal 0 1 0
    outer loop
      vertex 60.7 -84.7 10.3083
      vertex 62 -84.7 10.5
      vertex 63.3 -84.7 10.3083
    endloop
  endfacet
  facet normal 0 1 0
    outer loop
      vertex 62 -84.7 10.5
      vertex 60.7 -84.7 10.3083
      vertex 61.1318 -84.7 10.424
    endloop
  endfacet
  facet normal 0 1 -0
    outer loop
      vertex 63.3 -84.7 1.90001
      vertex 60.7 -84.7 10.3083
      vertex 63.3 -84.7 10.3083
    endloop
  endfacet
  facet normal 0 1 0
    outer loop
      vertex 60.7 -84.7 10.3083
      vertex 63.3 -84.7 1.90001
      vertex 60.7 -84.7 1.90001
    endloop
  endfacet
  facet normal 0 -1 0
    outer loop
      vertex 60.7 -79.7 10.3083
      vertex 62 -79.7 10.5
      vertex 61.1318 -79.7 10.424
    endloop
  endfacet
  facet normal 0 -1 0
    outer loop
      vertex 63.3 -79.7 10.3083
      vertex 62 -79.7 10.5
      vertex 60.7 -79.7 10.3083
    endloop
  endfacet
  facet normal 0 -1 0
    outer loop
      vertex 62 -79.7 10.5
      vertex 63.3 -79.7 10.3083
      vertex 62.8682 -79.7 10.424
    endloop
  endfacet
  facet normal 0 -1 0
    outer loop
      vertex 60.7 -79.7 1.90001
      vertex 63.3 -79.7 10.3083
      vertex 60.7 -79.7 10.3083
    endloop
  endfacet
  facet normal 0 -1 -0
    outer loop
      vertex 63.3 -79.7 10.3083
      vertex 60.7 -79.7 1.90001
      vertex 63.3 -79.7 1.90001
    endloop
  endfacet
  facet normal 1 -0 0
    outer loop
      vertex 60.7 -84.7 10.3083
      vertex 60.7 -79.7 1.90001
      vertex 60.7 -79.7 10.3083
    endloop
  endfacet
  facet normal 1 0 0
    outer loop
      vertex 60.7 -79.7 1.90001
      vertex 60.7 -84.7 10.3083
      vertex 60.7 -84.7 1.90001
    endloop
  endfacet
  facet normal -1 0 0
    outer loop
      vertex 63.3 -90.7 1.90001
      vertex 63.3 -85.7 10.3083
      vertex 63.3 -85.7 1.90001
    endloop
  endfacet
  facet normal -1 -0 0
    outer loop
      vertex 63.3 -85.7 10.3083
      vertex 63.3 -90.7 1.90001
      vertex 63.3 -90.7 10.3083
    endloop
  endfacet
  facet normal 0 1 0
    outer loop
      vertex 63.3 -90.7 10.3083
      vertex 62 -90.7 10.5
      vertex 62.8682 -90.7 10.424
    endloop
  endfacet
  facet normal 0 1 0
    outer loop
      vertex 60.7 -90.7 10.3083
      vertex 62 -90.7 10.5
      vertex 63.3 -90.7 10.3083
    endloop
  endfacet
  facet normal 0 1 0
    outer loop
      vertex 62 -90.7 10.5
      vertex 60.7 -90.7 10.3083
      vertex 61.1318 -90.7 10.424
    endloop
  endfacet
  facet normal 0 1 -0
    outer loop
      vertex 63.3 -90.7 1.90001
      vertex 60.7 -90.7 10.3083
      vertex 63.3 -90.7 10.3083
    endloop
  endfacet
  facet normal 0 1 0
    outer loop
      vertex 60.7 -90.7 10.3083
      vertex 63.3 -90.7 1.90001
      vertex 60.7 -90.7 1.90001
    endloop
  endfacet
  facet normal 0 -1 0
    outer loop
      vertex 60.7 -85.7 10.3083
      vertex 62 -85.7 10.5
      vertex 61.1318 -85.7 10.424
    endloop
  endfacet
  facet normal 0 -1 0
    outer loop
      vertex 63.3 -85.7 10.3083
      vertex 62 -85.7 10.5
      vertex 60.7 -85.7 10.3083
    endloop
  endfacet
  facet normal 0 -1 0
    outer loop
      vertex 62 -85.7 10.5
      vertex 63.3 -85.7 10.3083
      vertex 62.8682 -85.7 10.424
    endloop
  endfacet
  facet normal 0 -1 0
    outer loop
      vertex 60.7 -85.7 1.90001
      vertex 63.3 -85.7 10.3083
      vertex 60.7 -85.7 10.3083
    endloop
  endfacet
  facet normal 0 -1 -0
    outer loop
      vertex 63.3 -85.7 10.3083
      vertex 60.7 -85.7 1.90001
      vertex 63.3 -85.7 1.90001
    endloop
  endfacet
  facet normal 1 -0 0
    outer loop
      vertex 60.7 -90.7 10.3083
      vertex 60.7 -85.7 1.90001
      vertex 60.7 -85.7 10.3083
    endloop
  endfacet
  facet normal 1 0 0
    outer loop
      vertex 60.7 -85.7 1.90001
      vertex 60.7 -90.7 10.3083
      vertex 60.7 -90.7 1.90001
    endloop
  endfacet
  facet normal 0.649458 0 0.760397
    outer loop
      vertex 67.073 75 11
      vertex 67.3033 -75 10.8033
      vertex 67.3033 75 10.8033
    endloop
  endfacet
  facet normal 0.649458 0 0.760397
    outer loop
      vertex 67.3033 -75 10.8033
      vertex 67.073 75 11
      vertex 67.073 -75 11
    endloop
  endfacet
  facet normal -0.649458 0 0.760397
    outer loop
      vertex 56.6967 75 10.8033
      vertex 56.927 -75 11
      vertex 56.927 75 11
    endloop
  endfacet
  facet normal -0.649458 0 0.760397
    outer loop
      vertex 56.927 -75 11
      vertex 56.6967 75 10.8033
      vertex 56.6967 -75 10.8033
    endloop
  endfacet
  facet normal 0.923871 -0 0.382705
    outer loop
      vertex 68.6825 -75 8.90492
      vertex 69.1329 75 7.81763
      vertex 68.6825 75 8.90492
    endloop
  endfacet
  facet normal 0.923871 0 0.382705
    outer loop
      vertex 69.1329 75 7.81763
      vertex 68.6825 -75 8.90492
      vertex 69.1329 -75 7.81763
    endloop
  endfacet
  facet normal 0.99692 -0 0.078428
    outer loop
      vertex 69.4077 -75 6.67325
      vertex 69.5 75 5.5
      vertex 69.4077 75 6.67325
    endloop
  endfacet
  facet normal 0.99692 0 0.078428
    outer loop
      vertex 69.5 75 5.5
      vertex 69.4077 -75 6.67325
      vertex 69.5 -75 5.5
    endloop
  endfacet
  facet normal -0.233432 0 -0.972373
    outer loop
      vertex 59.6824 -75 -1.63292
      vertex 60.8268 75 -1.90765
      vertex 60.8268 -75 -1.90765
    endloop
  endfacet
  facet normal -0.233432 0 -0.972373
    outer loop
      vertex 60.8268 75 -1.90765
      vertex 59.6824 -75 -1.63292
      vertex 59.6824 75 -1.63292
    endloop
  endfacet
  facet normal 0.522478 0 -0.852653
    outer loop
      vertex 65.4049 -75 -1.18254
      vertex 66.4084 75 -0.567627
      vertex 66.4084 -75 -0.567627
    endloop
  endfacet
  facet normal 0.522478 0 -0.852653
    outer loop
      vertex 66.4084 75 -0.567627
      vertex 65.4049 -75 -1.18254
      vertex 65.4049 75 -1.18254
    endloop
  endfacet
  facet normal -0.649454 0 -0.760401
    outer loop
      vertex 56.6967 -75 0.196701
      vertex 57.5916 75 -0.567627
      vertex 57.5916 -75 -0.567627
    endloop
  endfacet
  facet normal -0.649454 0 -0.760401
    outer loop
      vertex 57.5916 75 -0.567627
      vertex 56.6967 -75 0.196701
      vertex 56.6967 75 0.196701
    endloop
  endfacet
  facet normal -0 0 1
    outer loop
      vertex 56.927 75 11
      vertex 67.073 -75 11
      vertex 67.073 75 11
    endloop
  endfacet
  facet normal 0 0 1
    outer loop
      vertex 67.073 -75 11
      vertex 56.927 75 11
      vertex 56.927 -75 11
    endloop
  endfacet
  facet normal 0.99692 0 -0.078428
    outer loop
      vertex 69.5 -75 5.5
      vertex 69.4077 75 4.32675
      vertex 69.5 75 5.5
    endloop
  endfacet
  facet normal 0.99692 0 -0.078428
    outer loop
      vertex 69.4077 75 4.32675
      vertex 69.5 -75 5.5
      vertex 69.4077 -75 4.32675
    endloop
  endfacet
  facet normal -0.972359 0 0.233492
    outer loop
      vertex 54.5923 -75 6.67325
      vertex 54.8671 75 7.81763
      vertex 54.5923 75 6.67325
    endloop
  endfacet
  facet normal -0.972359 0 0.233492
    outer loop
      vertex 54.8671 75 7.81763
      vertex 54.5923 -75 6.67325
      vertex 54.8671 -75 7.81763
    endloop
  endfacet
  facet normal -0.99692 0 -0.078428
    outer loop
      vertex 54.5923 -75 4.32675
      vertex 54.5 75 5.5
      vertex 54.5923 75 4.32675
    endloop
  endfacet
  facet normal -0.99692 -0 -0.078428
    outer loop
      vertex 54.5 75 5.5
      vertex 54.5923 -75 4.32675
      vertex 54.5 -75 5.5
    endloop
  endfacet
  facet normal -0.522478 0 -0.852653
    outer loop
      vertex 57.5916 -75 -0.567627
      vertex 58.5951 75 -1.18254
      vertex 58.5951 -75 -1.18254
    endloop
  endfacet
  facet normal -0.522478 0 -0.852653
    outer loop
      vertex 58.5951 75 -1.18254
      vertex 57.5916 -75 -0.567627
      vertex 57.5916 75 -0.567627
    endloop
  endfacet
  facet normal -0.760416 0 -0.649436
    outer loop
      vertex 56.6967 -75 0.196701
      vertex 55.9324 75 1.09161
      vertex 56.6967 75 0.196701
    endloop
  endfacet
  facet normal -0.760416 -0 -0.649436
    outer loop
      vertex 55.9324 75 1.09161
      vertex 56.6967 -75 0.196701
      vertex 55.9324 -75 1.09161
    endloop
  endfacet
  facet normal -0.923871 0 0.382705
    outer loop
      vertex 54.8671 -75 7.81763
      vertex 55.3175 75 8.90492
      vertex 54.8671 75 7.81763
    endloop
  endfacet
  facet normal -0.923871 0 0.382705
    outer loop
      vertex 55.3175 75 8.90492
      vertex 54.8671 -75 7.81763
      vertex 55.3175 -75 8.90492
    endloop
  endfacet
  facet normal -0.0784736 0 -0.996916
    outer loop
      vertex 60.8268 -75 -1.90765
      vertex 62 75 -2
      vertex 62 -75 -2
    endloop
  endfacet
  facet normal -0.0784736 0 -0.996916
    outer loop
      vertex 62 75 -2
      vertex 60.8268 -75 -1.90765
      vertex 60.8268 75 -1.90765
    endloop
  endfacet
  facet normal 0.760417 -0 0.649436
    outer loop
      vertex 67.3033 -75 10.8033
      vertex 68.0676 75 9.90839
      vertex 67.3033 75 10.8033
    endloop
  endfacet
  facet normal 0.760417 0 0.649436
    outer loop
      vertex 68.0676 75 9.90839
      vertex 67.3033 -75 10.8033
      vertex 68.0676 -75 9.90839
    endloop
  endfacet
  facet normal 0.649454 0 -0.760401
    outer loop
      vertex 66.4084 -75 -0.567627
      vertex 67.3033 75 0.196701
      vertex 67.3033 -75 0.196701
    endloop
  endfacet
  facet normal 0.649454 0 -0.760401
    outer loop
      vertex 67.3033 75 0.196701
      vertex 66.4084 -75 -0.567627
      vertex 66.4084 75 -0.567627
    endloop
  endfacet
  facet normal -0.382687 0 -0.923878
    outer loop
      vertex 58.5951 -75 -1.18254
      vertex 59.6824 75 -1.63292
      vertex 59.6824 -75 -1.63292
    endloop
  endfacet
  facet normal -0.382687 0 -0.923878
    outer loop
      vertex 59.6824 75 -1.63292
      vertex 58.5951 -75 -1.18254
      vertex 58.5951 75 -1.18254
    endloop
  endfacet
  facet normal 0.972359 -0 0.233492
    outer loop
      vertex 69.1329 -75 7.81763
      vertex 69.4077 75 6.67325
      vertex 69.1329 75 7.81763
    endloop
  endfacet
  facet normal 0.972359 0 0.233492
    outer loop
      vertex 69.4077 75 6.67325
      vertex 69.1329 -75 7.81763
      vertex 69.4077 -75 6.67325
    endloop
  endfacet
  facet normal -0.972359 0 -0.233492
    outer loop
      vertex 54.8671 -75 3.18237
      vertex 54.5923 75 4.32675
      vertex 54.8671 75 3.18237
    endloop
  endfacet
  facet normal -0.972359 -0 -0.233492
    outer loop
      vertex 54.5923 75 4.32675
      vertex 54.8671 -75 3.18237
      vertex 54.5923 -75 4.32675
    endloop
  endfacet
  facet normal -0.85265 0 -0.522482
    outer loop
      vertex 55.9324 -75 1.09161
      vertex 55.3175 75 2.09508
      vertex 55.9324 75 1.09161
    endloop
  endfacet
  facet normal -0.85265 -0 -0.522482
    outer loop
      vertex 55.3175 75 2.09508
      vertex 55.9324 -75 1.09161
      vertex 55.3175 -75 2.09508
    endloop
  endfacet
  facet normal -0.99692 0 0.078428
    outer loop
      vertex 54.5 -75 5.5
      vertex 54.5923 75 6.67325
      vertex 54.5 75 5.5
    endloop
  endfacet
  facet normal -0.99692 0 0.078428
    outer loop
      vertex 54.5923 75 6.67325
      vertex 54.5 -75 5.5
      vertex 54.5923 -75 6.67325
    endloop
  endfacet
  facet normal 0.972359 0 -0.233492
    outer loop
      vertex 69.4077 -75 4.32675
      vertex 69.1329 75 3.18237
      vertex 69.4077 75 4.32675
    endloop
  endfacet
  facet normal 0.972359 0 -0.233492
    outer loop
      vertex 69.1329 75 3.18237
      vertex 69.4077 -75 4.32675
      vertex 69.1329 -75 3.18237
    endloop
  endfacet
  facet normal -0.923871 0 -0.382705
    outer loop
      vertex 55.3175 -75 2.09508
      vertex 54.8671 75 3.18237
      vertex 55.3175 75 2.09508
    endloop
  endfacet
  facet normal -0.923871 -0 -0.382705
    outer loop
      vertex 54.8671 75 3.18237
      vertex 55.3175 -75 2.09508
      vertex 54.8671 -75 3.18237
    endloop
  endfacet
  facet normal -0.85265 0 0.522482
    outer loop
      vertex 55.3175 -75 8.90492
      vertex 55.9324 75 9.90839
      vertex 55.3175 75 8.90492
    endloop
  endfacet
  facet normal -0.85265 0 0.522482
    outer loop
      vertex 55.9324 75 9.90839
      vertex 55.3175 -75 8.90492
      vertex 55.9324 -75 9.90839
    endloop
  endfacet
  facet normal 0.85265 0 -0.522482
    outer loop
      vertex 68.6825 -75 2.09508
      vertex 68.0676 75 1.09161
      vertex 68.6825 75 2.09508
    endloop
  endfacet
  facet normal 0.85265 0 -0.522482
    outer loop
      vertex 68.0676 75 1.09161
      vertex 68.6825 -75 2.09508
      vertex 68.0676 -75 1.09161
    endloop
  endfacet
  facet normal 0.760416 0 -0.649436
    outer loop
      vertex 68.0676 -75 1.09161
      vertex 67.3033 75 0.196701
      vertex 68.0676 75 1.09161
    endloop
  endfacet
  facet normal 0.760416 0 -0.649436
    outer loop
      vertex 67.3033 75 0.196701
      vertex 68.0676 -75 1.09161
      vertex 67.3033 -75 0.196701
    endloop
  endfacet
  facet normal -0.760417 0 0.649436
    outer loop
      vertex 55.9324 -75 9.90839
      vertex 56.6967 75 10.8033
      vertex 55.9324 75 9.90839
    endloop
  endfacet
  facet normal -0.760417 0 0.649436
    outer loop
      vertex 56.6967 75 10.8033
      vertex 55.9324 -75 9.90839
      vertex 56.6967 -75 10.8033
    endloop
  endfacet
  facet normal 0.233432 0 -0.972373
    outer loop
      vertex 63.1732 -75 -1.90765
      vertex 64.3176 75 -1.63292
      vertex 64.3176 -75 -1.63292
    endloop
  endfacet
  facet normal 0.233432 0 -0.972373
    outer loop
      vertex 64.3176 75 -1.63292
      vertex 63.1732 -75 -1.90765
      vertex 63.1732 75 -1.90765
    endloop
  endfacet
  facet normal 0.382687 0 -0.923878
    outer loop
      vertex 64.3176 -75 -1.63292
      vertex 65.4049 75 -1.18254
      vertex 65.4049 -75 -1.18254
    endloop
  endfacet
  facet normal 0.382687 0 -0.923878
    outer loop
      vertex 65.4049 75 -1.18254
      vertex 64.3176 -75 -1.63292
      vertex 64.3176 75 -1.63292
    endloop
  endfacet
  facet normal 0.85265 -0 0.522482
    outer loop
      vertex 68.0676 -75 9.90839
      vertex 68.6825 75 8.90492
      vertex 68.0676 75 9.90839
    endloop
  endfacet
  facet normal 0.85265 0 0.522482
    outer loop
      vertex 68.6825 75 8.90492
      vertex 68.0676 -75 9.90839
      vertex 68.6825 -75 8.90492
    endloop
  endfacet
  facet normal 0.0784736 0 -0.996916
    outer loop
      vertex 62 -75 -2
      vertex 63.1732 75 -1.90765
      vertex 63.1732 -75 -1.90765
    endloop
  endfacet
  facet normal 0.0784736 0 -0.996916
    outer loop
      vertex 63.1732 75 -1.90765
      vertex 62 -75 -2
      vertex 62 75 -2
    endloop
  endfacet
  facet normal 0.923871 0 -0.382705
    outer loop
      vertex 69.1329 -75 3.18237
      vertex 68.6825 75 2.09508
      vertex 69.1329 75 3.18237
    endloop
  endfacet
  facet normal 0.923871 0 -0.382705
    outer loop
      vertex 68.6825 75 2.09508
      vertex 69.1329 -75 3.18237
      vertex 68.6825 -75 2.09508
    endloop
  endfacet
  facet normal 0 1 0
    outer loop
      vertex 85.9032 91 2.16246
      vertex 85.2392 91 1.69509
      vertex 85.8049 91 2.26077
    endloop
  endfacet
  facet normal -0 1 0
    outer loop
      vertex 85.2392 91 1.69509
      vertex 85.9032 91 2.16246
      vertex 85.3375 91 1.59677
    endloop
  endfacet
  facet normal 0 1 -0
    outer loop
      vertex 78.6703 91 9.09999
      vertex 78.6625 91 9.40323
      vertex 78.818 91 9.24767
    endloop
  endfacet
  facet normal 0 1 0
    outer loop
      vertex 78.5558 91 9.09999
      vertex 78.6625 91 9.40323
      vertex 78.6703 91 9.09999
    endloop
  endfacet
  facet normal 0 1 -0
    outer loop
      vertex 78.5558 91 9.09999
      vertex 78.0968 91 8.83754
      vertex 78.6625 91 9.40323
    endloop
  endfacet
  facet normal -0 1 0
    outer loop
      vertex 78.0968 91 8.83754
      vertex 78.5558 91 9.09999
      vertex 78.1951 91 8.73923
    endloop
  endfacet
  facet normal 0 1 0
    outer loop
      vertex 78.7608 91 1.69509
      vertex 78.0968 91 2.16246
      vertex 78.1951 91 2.26077
    endloop
  endfacet
  facet normal 0 1 0
    outer loop
      vertex 78.0968 91 2.16246
      vertex 78.7608 91 1.69509
      vertex 78.6625 91 1.59677
    endloop
  endfacet
  facet normal 0 1 0
    outer loop
      vertex 85.3297 91 9.09999
      vertex 85.3375 91 9.40323
      vertex 85.4442 91 9.09999
    endloop
  endfacet
  facet normal 0 1 0
    outer loop
      vertex 85.9032 91 8.83754
      vertex 85.4442 91 9.09999
      vertex 85.3375 91 9.40323
    endloop
  endfacet
  facet normal 0 1 0
    outer loop
      vertex 85.4442 91 9.09999
      vertex 85.9032 91 8.83754
      vertex 85.8049 91 8.73923
    endloop
  endfacet
  facet normal 0 1 0
    outer loop
      vertex 85.3375 91 9.40323
      vertex 85.3297 91 9.09999
      vertex 85.182 91 9.24767
    endloop
  endfacet
  facet normal 0.707101 0 -0.707113
    outer loop
      vertex 85.3375 75 1.59677
      vertex 85.9032 91 2.16246
      vertex 85.9032 75 2.16246
    endloop
  endfacet
  facet normal 0.707101 0 -0.707113
    outer loop
      vertex 85.9032 91 2.16246
      vertex 85.3375 75 1.59677
      vertex 85.3375 91 1.59677
    endloop
  endfacet
  facet normal -0.707179 0 -0.707035
    outer loop
      vertex 85.3375 75 1.59677
      vertex 85.2392 91 1.69509
      vertex 85.3375 91 1.59677
    endloop
  endfacet
  facet normal -0.707179 -0 -0.707035
    outer loop
      vertex 85.2392 91 1.69509
      vertex 85.3375 75 1.59677
      vertex 85.2392 75 1.69509
    endloop
  endfacet
  facet normal 0 1 0
    outer loop
      vertex 78.7861 75 1.66978
      vertex 78.6625 75 1.59677
      vertex 78.7608 75 1.69509
    endloop
  endfacet
  facet normal -0 1 0
    outer loop
      vertex 78.6625 75 1.59677
      vertex 78.7861 75 1.66978
      vertex 79.5 75 1.16988
    endloop
  endfacet
  facet normal 0 1 -0
    outer loop
      vertex 85.182 75 9.24767
      vertex 78.6625 75 9.40323
      vertex 85.3375 75 9.40323
    endloop
  endfacet
  facet normal 0 1 0
    outer loop
      vertex 85.182 75 9.24767
      vertex 78.818 75 9.24767
      vertex 78.6625 75 9.40323
    endloop
  endfacet
  facet normal 0 1 0
    outer loop
      vertex 85.3297 75 9.09999
      vertex 78.818 75 9.24767
      vertex 85.182 75 9.24767
    endloop
  endfacet
  facet normal 0 1 0
    outer loop
      vertex 78.818 75 9.24767
      vertex 85.3297 75 9.09999
      vertex 78.6703 75 9.09999
    endloop
  endfacet
  facet normal 0 1 0
    outer loop
      vertex 85.3375 75 9.40323
      vertex 87.073 75 11
      vertex 87.3033 75 10.8033
    endloop
  endfacet
  facet normal 0 1 0
    outer loop
      vertex 87.073 75 11
      vertex 85.3375 75 9.40323
      vertex 76.927 75 11
    endloop
  endfacet
  facet normal 0 1 0
    outer loop
      vertex 85.9032 75 8.83754
      vertex 87.3033 75 10.8033
      vertex 88.0676 75 9.90839
    endloop
  endfacet
  facet normal 0 1 -0
    outer loop
      vertex 78.6625 75 9.40323
      vertex 76.927 75 11
      vertex 85.3375 75 9.40323
    endloop
  endfacet
  facet normal 0 1 0
    outer loop
      vertex 76.927 75 11
      vertex 78.6625 75 9.40323
      vertex 76.6967 75 10.8033
    endloop
  endfacet
  facet normal 0 1 0
    outer loop
      vertex 86.3301 75 8
      vertex 88.0676 75 9.90839
      vertex 88.6825 75 8.90492
    endloop
  endfacet
  facet normal 0 1 0
    outer loop
      vertex 87.3033 75 10.8033
      vertex 85.9032 75 8.83754
      vertex 85.3375 75 9.40323
    endloop
  endfacet
  facet normal 0 1 0
    outer loop
      vertex 88.0676 75 9.90839
      vertex 86.3301 75 8
      vertex 85.9032 75 8.83754
    endloop
  endfacet
  facet normal 0 1 0
    outer loop
      vertex 85.9032 75 8.83754
      vertex 85.8302 75 8.71393
      vertex 85.8049 75 8.73923
    endloop
  endfacet
  facet normal 0 1 0
    outer loop
      vertex 85.9032 75 8.83754
      vertex 86.3301 75 8
      vertex 85.8302 75 8.71393
    endloop
  endfacet
  facet normal 0 1 0
    outer loop
      vertex 86.6985 75 7.2101
      vertex 88.6825 75 8.90492
      vertex 89.1329 75 7.81763
    endloop
  endfacet
  facet normal 0 1 0
    outer loop
      vertex 88.6825 75 8.90492
      vertex 86.6985 75 7.2101
      vertex 86.3301 75 8
    endloop
  endfacet
  facet normal 0 1 0
    outer loop
      vertex 86.924 75 6.36824
      vertex 89.1329 75 7.81763
      vertex 89.4077 75 6.67325
    endloop
  endfacet
  facet normal 0 1 0
    outer loop
      vertex 89.1329 75 7.81763
      vertex 86.924 75 6.36824
      vertex 86.6985 75 7.2101
    endloop
  endfacet
  facet normal 0 1 0
    outer loop
      vertex 87 75 5.5
      vertex 89.4077 75 6.67325
      vertex 89.5 75 5.5
    endloop
  endfacet
  facet normal 0 1 0
    outer loop
      vertex 89.4077 75 6.67325
      vertex 87 75 5.5
      vertex 86.924 75 6.36824
    endloop
  endfacet
  facet normal 0 1 -0
    outer loop
      vertex 89.4077 75 4.32675
      vertex 87 75 5.5
      vertex 89.5 75 5.5
    endloop
  endfacet
  facet normal 0 1 0
    outer loop
      vertex 87 75 5.5
      vertex 89.4077 75 4.32675
      vertex 86.924 75 4.63176
    endloop
  endfacet
  facet normal 0 1 -0
    outer loop
      vertex 89.1329 75 3.18237
      vertex 86.924 75 4.63176
      vertex 89.4077 75 4.32675
    endloop
  endfacet
  facet normal 0 1 0
    outer loop
      vertex 86.924 75 4.63176
      vertex 89.1329 75 3.18237
      vertex 86.6985 75 3.7899
    endloop
  endfacet
  facet normal 0 1 -0
    outer loop
      vertex 88.6825 75 2.09508
      vertex 86.6985 75 3.7899
      vertex 89.1329 75 3.18237
    endloop
  endfacet
  facet normal 0 1 0
    outer loop
      vertex 86.6985 75 3.7899
      vertex 88.6825 75 2.09508
      vertex 86.3301 75 3
    endloop
  endfacet
  facet normal 0 1 -0
    outer loop
      vertex 88.0676 75 1.09161
      vertex 86.3301 75 3
      vertex 88.6825 75 2.09508
    endloop
  endfacet
  facet normal 0 1 0
    outer loop
      vertex 85.8302 75 2.28607
      vertex 85.9032 75 2.16246
      vertex 85.8049 75 2.26077
    endloop
  endfacet
  facet normal 0 1 0
    outer loop
      vertex 86.3301 75 3
      vertex 85.9032 75 2.16246
      vertex 85.8302 75 2.28607
    endloop
  endfacet
  facet normal 0 1 0
    outer loop
      vertex 86.3301 75 3
      vertex 88.0676 75 1.09161
      vertex 85.9032 75 2.16246
    endloop
  endfacet
  facet normal 0 1 -0
    outer loop
      vertex 87.3033 75 0.196701
      vertex 85.9032 75 2.16246
      vertex 88.0676 75 1.09161
    endloop
  endfacet
  facet normal 0 1 0
    outer loop
      vertex 85.9032 75 2.16246
      vertex 87.3033 75 0.196701
      vertex 85.3375 75 1.59677
    endloop
  endfacet
  facet normal 0 1 -0
    outer loop
      vertex 86.4084 75 -0.567627
      vertex 85.3375 75 1.59677
      vertex 87.3033 75 0.196701
    endloop
  endfacet
  facet normal 0 1 0
    outer loop
      vertex 85.3375 75 1.59677
      vertex 86.4084 75 -0.567627
      vertex 84.5 75 1.16988
    endloop
  endfacet
  facet normal 0 1 0
    outer loop
      vertex 84.5 75 1.16988
      vertex 85.4049 75 -1.18254
      vertex 83.7101 75 0.801544
    endloop
  endfacet
  facet normal 0 1 -0
    outer loop
      vertex 85.4049 75 -1.18254
      vertex 84.5 75 1.16988
      vertex 86.4084 75 -0.567627
    endloop
  endfacet
  facet normal 0 1 -0
    outer loop
      vertex 78.0968 75 8.83754
      vertex 76.6967 75 10.8033
      vertex 78.6625 75 9.40323
    endloop
  endfacet
  facet normal 0 1 0
    outer loop
      vertex 76.6967 75 10.8033
      vertex 78.0968 75 8.83754
      vertex 75.9324 75 9.90839
    endloop
  endfacet
  facet normal 0 1 -0
    outer loop
      vertex 77.6699 75 8
      vertex 75.9324 75 9.90839
      vertex 78.0968 75 8.83754
    endloop
  endfacet
  facet normal 0 1 -0
    outer loop
      vertex 78.1698 75 8.71393
      vertex 78.0968 75 8.83754
      vertex 78.1951 75 8.73923
    endloop
  endfacet
  facet normal 0 1 0
    outer loop
      vertex 77.6699 75 8
      vertex 78.0968 75 8.83754
      vertex 78.1698 75 8.71393
    endloop
  endfacet
  facet normal 0 1 0
    outer loop
      vertex 75.9324 75 9.90839
      vertex 77.6699 75 8
      vertex 75.3175 75 8.90492
    endloop
  endfacet
  facet normal 0 1 -0
    outer loop
      vertex 77.3015 75 7.2101
      vertex 75.3175 75 8.90492
      vertex 77.6699 75 8
    endloop
  endfacet
  facet normal 0 1 0
    outer loop
      vertex 75.3175 75 8.90492
      vertex 77.3015 75 7.2101
      vertex 74.8671 75 7.81763
    endloop
  endfacet
  facet normal 0 1 -0
    outer loop
      vertex 77.076 75 6.36824
      vertex 74.8671 75 7.81763
      vertex 77.3015 75 7.2101
    endloop
  endfacet
  facet normal 0 1 0
    outer loop
      vertex 74.8671 75 7.81763
      vertex 77.076 75 6.36824
      vertex 74.5923 75 6.67325
    endloop
  endfacet
  facet normal 0 1 -0
    outer loop
      vertex 77 75 5.5
      vertex 74.5923 75 6.67325
      vertex 77.076 75 6.36824
    endloop
  endfacet
  facet normal 0 1 0
    outer loop
      vertex 77 75 5.5
      vertex 74.5 75 5.5
      vertex 74.5923 75 6.67325
    endloop
  endfacet
  facet normal 0 1 0
    outer loop
      vertex 74.5923 75 4.32675
      vertex 77 75 5.5
      vertex 77.076 75 4.63176
    endloop
  endfacet
  facet normal 0 1 0
    outer loop
      vertex 77 75 5.5
      vertex 74.5923 75 4.32675
      vertex 74.5 75 5.5
    endloop
  endfacet
  facet normal 0 1 0
    outer loop
      vertex 74.8671 75 3.18237
      vertex 77.076 75 4.63176
      vertex 77.3015 75 3.7899
    endloop
  endfacet
  facet normal 0 1 0
    outer loop
      vertex 77.076 75 4.63176
      vertex 74.8671 75 3.18237
      vertex 74.5923 75 4.32675
    endloop
  endfacet
  facet normal 0 1 0
    outer loop
      vertex 75.3175 75 2.09508
      vertex 77.3015 75 3.7899
      vertex 77.6699 75 3
    endloop
  endfacet
  facet normal 0 1 -0
    outer loop
      vertex 78.0968 75 2.16246
      vertex 77.6699 75 3
      vertex 78.1698 75 2.28607
    endloop
  endfacet
  facet normal 0 1 0
    outer loop
      vertex 78.0968 75 2.16246
      vertex 78.1698 75 2.28607
      vertex 78.1951 75 2.26077
    endloop
  endfacet
  facet normal 0 1 0
    outer loop
      vertex 75.9324 75 1.09161
      vertex 77.6699 75 3
      vertex 78.0968 75 2.16246
    endloop
  endfacet
  facet normal 0 1 0
    outer loop
      vertex 77.3015 75 3.7899
      vertex 75.3175 75 2.09508
      vertex 74.8671 75 3.18237
    endloop
  endfacet
  facet normal 0 1 0
    outer loop
      vertex 76.6967 75 0.196701
      vertex 78.0968 75 2.16246
      vertex 78.6625 75 1.59677
    endloop
  endfacet
  facet normal 0 1 0
    outer loop
      vertex 77.5916 75 -0.567627
      vertex 78.6625 75 1.59677
      vertex 79.5 75 1.16988
    endloop
  endfacet
  facet normal 0 1 0
    outer loop
      vertex 77.6699 75 3
      vertex 75.9324 75 1.09161
      vertex 75.3175 75 2.09508
    endloop
  endfacet
  facet normal 0 1 0
    outer loop
      vertex 78.5951 75 -1.18254
      vertex 79.5 75 1.16988
      vertex 80.2899 75 0.801544
    endloop
  endfacet
  facet normal 0 1 0
    outer loop
      vertex 79.6824 75 -1.63292
      vertex 80.2899 75 0.801544
      vertex 81.1318 75 0.575974
    endloop
  endfacet
  facet normal 0 1 0
    outer loop
      vertex 78.0968 75 2.16246
      vertex 76.6967 75 0.196701
      vertex 75.9324 75 1.09161
    endloop
  endfacet
  facet normal 0 1 0
    outer loop
      vertex 80.8268 75 -1.90765
      vertex 81.1318 75 0.575974
      vertex 82 75 0.5
    endloop
  endfacet
  facet normal 0 1 -0
    outer loop
      vertex 84.3176 75 -1.63292
      vertex 83.7101 75 0.801544
      vertex 85.4049 75 -1.18254
    endloop
  endfacet
  facet normal 0 1 0
    outer loop
      vertex 83.7101 75 0.801544
      vertex 84.3176 75 -1.63292
      vertex 82.8682 75 0.575974
    endloop
  endfacet
  facet normal 0 1 0
    outer loop
      vertex 78.6625 75 1.59677
      vertex 77.5916 75 -0.567627
      vertex 76.6967 75 0.196701
    endloop
  endfacet
  facet normal 0 1 -0
    outer loop
      vertex 83.1732 75 -1.90765
      vertex 82.8682 75 0.575974
      vertex 84.3176 75 -1.63292
    endloop
  endfacet
  facet normal 0 1 0
    outer loop
      vertex 79.5 75 1.16988
      vertex 78.5951 75 -1.18254
      vertex 77.5916 75 -0.567627
    endloop
  endfacet
  facet normal 0 1 0
    outer loop
      vertex 82.8682 75 0.575974
      vertex 83.1732 75 -1.90765
      vertex 82 75 0.5
    endloop
  endfacet
  facet normal 0 1 0
    outer loop
      vertex 80.2899 75 0.801544
      vertex 79.6824 75 -1.63292
      vertex 78.5951 75 -1.18254
    endloop
  endfacet
  facet normal 0 1 0
    outer loop
      vertex 82 75 -2
      vertex 82 75 0.5
      vertex 83.1732 75 -1.90765
    endloop
  endfacet
  facet normal 0 1 0
    outer loop
      vertex 81.1318 75 0.575974
      vertex 80.8268 75 -1.90765
      vertex 79.6824 75 -1.63292
    endloop
  endfacet
  facet normal 0 1 0
    outer loop
      vertex 82 75 0.5
      vertex 82 75 -2
      vertex 80.8268 75 -1.90765
    endloop
  endfacet
  facet normal 0 1 0
    outer loop
      vertex 85.3375 75 1.59677
      vertex 85.2139 75 1.66978
      vertex 85.2392 75 1.69509
    endloop
  endfacet
  facet normal 0 1 0
    outer loop
      vertex 85.2139 75 1.66978
      vertex 85.3375 75 1.59677
      vertex 84.5 75 1.16988
    endloop
  endfacet
  facet normal 0.707143 -0 0.707071
    outer loop
      vertex 85.8049 75 2.26077
      vertex 85.9032 91 2.16246
      vertex 85.8049 91 2.26077
    endloop
  endfacet
  facet normal 0.707143 0 0.707071
    outer loop
      vertex 85.9032 91 2.16246
      vertex 85.8049 75 2.26077
      vertex 85.9032 75 2.16246
    endloop
  endfacet
  facet normal -0.707143 0 0.707071
    outer loop
      vertex 78.0968 75 2.16246
      vertex 78.1951 91 2.26077
      vertex 78.0968 91 2.16246
    endloop
  endfacet
  facet normal -0.707143 0 0.707071
    outer loop
      vertex 78.1951 91 2.26077
      vertex 78.0968 75 2.16246
      vertex 78.1951 75 2.26077
    endloop
  endfacet
  facet normal 0.707179 0 -0.707035
    outer loop
      vertex 78.7608 75 1.69509
      vertex 78.6625 91 1.59677
      vertex 78.7608 91 1.69509
    endloop
  endfacet
  facet normal 0.707179 0 -0.707035
    outer loop
      vertex 78.6625 91 1.59677
      vertex 78.7608 75 1.69509
      vertex 78.6625 75 1.59677
    endloop
  endfacet
  facet normal -0.707101 0 -0.707113
    outer loop
      vertex 78.0968 75 2.16246
      vertex 78.6625 91 1.59677
      vertex 78.6625 75 1.59677
    endloop
  endfacet
  facet normal -0.707101 0 -0.707113
    outer loop
      vertex 78.6625 91 1.59677
      vertex 78.0968 75 2.16246
      vertex 78.0968 91 2.16246
    endloop
  endfacet
  facet normal -0.707101 0 0.707113
    outer loop
      vertex 78.0968 91 8.83754
      vertex 78.6625 75 9.40323
      vertex 78.6625 91 9.40323
    endloop
  endfacet
  facet normal -0.707101 0 0.707113
    outer loop
      vertex 78.6625 75 9.40323
      vertex 78.0968 91 8.83754
      vertex 78.0968 75 8.83754
    endloop
  endfacet
  facet normal 0.707059 0 -0.707155
    outer loop
      vertex 78.818 75 9.24767
      vertex 78.6703 91 9.09999
      vertex 78.818 91 9.24767
    endloop
  endfacet
  facet normal 0.707059 0 -0.707155
    outer loop
      vertex 78.6703 91 9.09999
      vertex 78.818 75 9.24767
      vertex 78.6703 75 9.09999
    endloop
  endfacet
  facet normal 0.707243 -0 0.70697
    outer loop
      vertex 78.6625 75 9.40323
      vertex 78.818 91 9.24767
      vertex 78.6625 91 9.40323
    endloop
  endfacet
  facet normal 0.707243 0 0.70697
    outer loop
      vertex 78.818 91 9.24767
      vertex 78.6625 75 9.40323
      vertex 78.818 75 9.24767
    endloop
  endfacet
  facet normal -0.707143 0 -0.707071
    outer loop
      vertex 78.1951 75 8.73923
      vertex 78.0968 91 8.83754
      vertex 78.1951 91 8.73923
    endloop
  endfacet
  facet normal -0.707143 -0 -0.707071
    outer loop
      vertex 78.0968 91 8.83754
      vertex 78.1951 75 8.73923
      vertex 78.0968 75 8.83754
    endloop
  endfacet
  facet normal 0.707101 0 0.707113
    outer loop
      vertex 85.3375 91 9.40323
      vertex 85.9032 75 8.83754
      vertex 85.9032 91 8.83754
    endloop
  endfacet
  facet normal 0.707101 0 0.707113
    outer loop
      vertex 85.9032 75 8.83754
      vertex 85.3375 91 9.40323
      vertex 85.3375 75 9.40323
    endloop
  endfacet
  facet normal -0.707059 0 -0.707155
    outer loop
      vertex 85.3297 75 9.09999
      vertex 85.182 91 9.24767
      vertex 85.3297 91 9.09999
    endloop
  endfacet
  facet normal -0.707059 -0 -0.707155
    outer loop
      vertex 85.182 91 9.24767
      vertex 85.3297 75 9.09999
      vertex 85.182 75 9.24767
    endloop
  endfacet
  facet normal 0.707143 0 -0.707071
    outer loop
      vertex 85.9032 75 8.83754
      vertex 85.8049 91 8.73923
      vertex 85.9032 91 8.83754
    endloop
  endfacet
  facet normal 0.707143 0 -0.707071
    outer loop
      vertex 85.8049 91 8.73923
      vertex 85.9032 75 8.83754
      vertex 85.8049 75 8.73923
    endloop
  endfacet
  facet normal -0.707243 0 0.70697
    outer loop
      vertex 85.182 75 9.24767
      vertex 85.3375 91 9.40323
      vertex 85.182 91 9.24767
    endloop
  endfacet
  facet normal -0.707243 0 0.70697
    outer loop
      vertex 85.3375 91 9.40323
      vertex 85.182 75 9.24767
      vertex 85.3375 75 9.40323
    endloop
  endfacet
  facet normal 0.707166 0 0.707048
    outer loop
      vertex 85.8049 91 8.73923
      vertex 85.4442 91.1 9.09999
      vertex 85.4442 91 9.09999
    endloop
  endfacet
  facet normal 0.707162 -2.78058e-05 0.707052
    outer loop
      vertex 85.4442 91.1 9.09999
      vertex 85.8049 91 8.73923
      vertex 85.8302 91.1 8.71393
    endloop
  endfacet
  facet normal 0.707107 0 0.707107
    outer loop
      vertex 85.8302 75 8.71393
      vertex 85.8049 91 8.73923
      vertex 85.8049 75 8.73923
    endloop
  endfacet
  facet normal 0.707107 0 0.707107
    outer loop
      vertex 85.8049 91 8.73923
      vertex 85.8302 75 8.71393
      vertex 85.8302 91.1 8.71393
    endloop
  endfacet
  facet normal 0.819152 -0 0.573577
    outer loop
      vertex 85.8302 75 8.71393
      vertex 86.3301 91.1 8
      vertex 85.8302 91.1 8.71393
    endloop
  endfacet
  facet normal 0.819152 0 0.573577
    outer loop
      vertex 86.3301 91.1 8
      vertex 85.8302 75 8.71393
      vertex 86.3301 75 8
    endloop
  endfacet
  facet normal -0.819152 0 -0.573577
    outer loop
      vertex 78.1698 75 2.28607
      vertex 77.6699 91.1 3
      vertex 78.1698 91.1 2.28607
    endloop
  endfacet
  facet normal -0.819152 -0 -0.573577
    outer loop
      vertex 77.6699 91.1 3
      vertex 78.1698 75 2.28607
      vertex 77.6699 75 3
    endloop
  endfacet
  facet normal -0.996191 0 0.0872
    outer loop
      vertex 77 75 5.5
      vertex 77.076 91.1 6.36824
      vertex 77 91.1 5.5
    endloop
  endfacet
  facet normal -0.996191 0 0.0872
    outer loop
      vertex 77.076 91.1 6.36824
      vertex 77 75 5.5
      vertex 77.076 75 6.36824
    endloop
  endfacet
  facet normal -0.707101 -7.36141e-05 -0.707113
    outer loop
      vertex 78.7861 91.1 1.66978
      vertex 78.7608 91 1.69509
      vertex 78.1698 91.1 2.28607
    endloop
  endfacet
  facet normal -0.707246 0 -0.706967
    outer loop
      vertex 78.7861 75 1.66978
      vertex 78.7608 91 1.69509
      vertex 78.7861 91.1 1.66978
    endloop
  endfacet
  facet normal -0.707246 -0 -0.706967
    outer loop
      vertex 78.7608 91 1.69509
      vertex 78.7861 75 1.66978
      vertex 78.7608 75 1.69509
    endloop
  endfacet
  facet normal -0.707094 6.32495e-06 -0.707119
    outer loop
      vertex 78.1951 91 2.26077
      vertex 78.1698 91.1 2.28607
      vertex 78.7608 91 1.69509
    endloop
  endfacet
  facet normal -0.707107 0 -0.707107
    outer loop
      vertex 78.1698 75 2.28607
      vertex 78.1951 91 2.26077
      vertex 78.1951 75 2.26077
    endloop
  endfacet
  facet normal -0.707107 0 -0.707107
    outer loop
      vertex 78.1951 91 2.26077
      vertex 78.1698 75 2.28607
      vertex 78.1698 91.1 2.28607
    endloop
  endfacet
  facet normal 0.0871744 0 -0.996193
    outer loop
      vertex 82 75 0.5
      vertex 82.8682 79.7 0.575974
      vertex 82.8682 75 0.575974
    endloop
  endfacet
  facet normal 0.0871744 0 -0.996193
    outer loop
      vertex 82.8682 79.7 0.575974
      vertex 82 75 0.5
      vertex 82 79.7 0.5
    endloop
  endfacet
  facet normal 0.0871744 0 -0.996193
    outer loop
      vertex 82 90.7 0.5
      vertex 82.8682 91.1 0.575974
      vertex 82.8682 90.7 0.575974
    endloop
  endfacet
  facet normal 0.0871744 0 -0.996193
    outer loop
      vertex 82.8682 91.1 0.575974
      vertex 82 90.7 0.5
      vertex 82 91.1 0.5
    endloop
  endfacet
  facet normal 0.0871744 0 -0.996193
    outer loop
      vertex 82 84.7 0.5
      vertex 82.8682 85.7 0.575974
      vertex 82.8682 84.7 0.575974
    endloop
  endfacet
  facet normal 0.0871744 0 -0.996193
    outer loop
      vertex 82.8682 85.7 0.575974
      vertex 82 84.7 0.5
      vertex 82 85.7 0.5
    endloop
  endfacet
  facet normal -0 0 1
    outer loop
      vertex 78.5558 91.1 9.09999
      vertex 78.6703 91 9.09999
      vertex 80.0557 93.1 9.09999
    endloop
  endfacet
  facet normal 0 0 1
    outer loop
      vertex 78.6703 91 9.09999
      vertex 78.5558 91.1 9.09999
      vertex 78.5558 91 9.09999
    endloop
  endfacet
  facet normal -0 0 1
    outer loop
      vertex 80.7 85.7 9.09999
      vertex 83.3 84.7 9.09999
      vertex 83.3 85.7 9.09999
    endloop
  endfacet
  facet normal 0 0 1
    outer loop
      vertex 83.3 84.7 9.09999
      vertex 80.7 85.7 9.09999
      vertex 80.7 84.7 9.09999
    endloop
  endfacet
  facet normal 0 0 1
    outer loop
      vertex 83.9443 93.1 9.09999
      vertex 80.7 90.7 9.09999
      vertex 83.3 90.7 9.09999
    endloop
  endfacet
  facet normal 0 0 1
    outer loop
      vertex 78.6703 91 9.09999
      vertex 80.7 85.7 9.09999
      vertex 80.7 90.7 9.09999
    endloop
  endfacet
  facet normal 0 0 1
    outer loop
      vertex 80.7 85.7 9.09999
      vertex 78.6703 91 9.09999
      vertex 80.7 84.7 9.09999
    endloop
  endfacet
  facet normal -0 0 1
    outer loop
      vertex 78.6703 91 9.09999
      vertex 80.7 90.7 9.09999
      vertex 80.0557 93.1 9.09999
    endloop
  endfacet
  facet normal -0 0 1
    outer loop
      vertex 80.0557 93.1 9.09999
      vertex 80.7 90.7 9.09999
      vertex 83.9443 93.1 9.09999
    endloop
  endfacet
  facet normal 0 0 1
    outer loop
      vertex 85.4442 91.1 9.09999
      vertex 85.3297 91 9.09999
      vertex 85.4442 91 9.09999
    endloop
  endfacet
  facet normal 0 0 1
    outer loop
      vertex 83.9443 93.1 9.09999
      vertex 85.3297 91 9.09999
      vertex 85.4442 91.1 9.09999
    endloop
  endfacet
  facet normal 0 0 1
    outer loop
      vertex 83.3 90.7 9.09999
      vertex 85.3297 91 9.09999
      vertex 83.9443 93.1 9.09999
    endloop
  endfacet
  facet normal 0 0 1
    outer loop
      vertex 85.3297 91 9.09999
      vertex 83.3 90.7 9.09999
      vertex 83.3 85.7 9.09999
    endloop
  endfacet
  facet normal 0 0 1
    outer loop
      vertex 83.3 84.7 9.09999
      vertex 85.3297 91 9.09999
      vertex 83.3 85.7 9.09999
    endloop
  endfacet
  facet normal 0 0 1
    outer loop
      vertex 85.3297 91 9.09999
      vertex 83.3 84.7 9.09999
      vertex 85.3297 75 9.09999
    endloop
  endfacet
  facet normal -0 0 1
    outer loop
      vertex 83.3 79.7 9.09999
      vertex 85.3297 75 9.09999
      vertex 83.3 84.7 9.09999
    endloop
  endfacet
  facet normal -0 0 1
    outer loop
      vertex 80.7 79.7 9.09999
      vertex 85.3297 75 9.09999
      vertex 83.3 79.7 9.09999
    endloop
  endfacet
  facet normal 0 0 1
    outer loop
      vertex 78.6703 75 9.09999
      vertex 80.7 84.7 9.09999
      vertex 78.6703 91 9.09999
    endloop
  endfacet
  facet normal 0 0 1
    outer loop
      vertex 80.7 79.7 9.09999
      vertex 78.6703 75 9.09999
      vertex 85.3297 75 9.09999
    endloop
  endfacet
  facet normal 0 0 1
    outer loop
      vertex 80.7 84.7 9.09999
      vertex 78.6703 75 9.09999
      vertex 80.7 79.7 9.09999
    endloop
  endfacet
  facet normal -0.258791 0 -0.965933
    outer loop
      vertex 81.1318 75 0.575974
      vertex 80.7 79.7 0.691661
      vertex 81.1318 79.7 0.575974
    endloop
  endfacet
  facet normal -0.258813 0 -0.965928
    outer loop
      vertex 80.2899 75 0.801544
      vertex 80.7 84.7 0.691661
      vertex 80.7 79.7 0.691661
    endloop
  endfacet
  facet normal -0.258813 -0 -0.965928
    outer loop
      vertex 80.2899 91.1 0.801544
      vertex 80.7 84.7 0.691661
      vertex 80.2899 75 0.801544
    endloop
  endfacet
  facet normal -0.258813 0 -0.965928
    outer loop
      vertex 80.7 84.7 0.691661
      vertex 80.2899 91.1 0.801544
      vertex 80.7 85.7 0.691661
    endloop
  endfacet
  facet normal -0.258801 -1.0352e-06 -0.965931
    outer loop
      vertex 80.2899 75 0.801544
      vertex 80.7 79.7 0.691661
      vertex 81.1318 75 0.575974
    endloop
  endfacet
  facet normal -0.258791 0 -0.965933
    outer loop
      vertex 80.7 84.7 0.691661
      vertex 81.1318 85.7 0.575974
      vertex 81.1318 84.7 0.575974
    endloop
  endfacet
  facet normal -0.258791 0 -0.965933
    outer loop
      vertex 81.1318 85.7 0.575974
      vertex 80.7 84.7 0.691661
      vertex 80.7 85.7 0.691661
    endloop
  endfacet
  facet normal -0.258791 0 -0.965933
    outer loop
      vertex 80.7 90.7 0.691661
      vertex 81.1318 91.1 0.575974
      vertex 81.1318 90.7 0.575974
    endloop
  endfacet
  facet normal -0.258801 1.21636e-05 -0.965931
    outer loop
      vertex 80.7 90.7 0.691661
      vertex 80.2899 91.1 0.801544
      vertex 81.1318 91.1 0.575974
    endloop
  endfacet
  facet normal -0.258813 0 -0.965928
    outer loop
      vertex 80.7 85.7 0.691661
      vertex 80.2899 91.1 0.801544
      vertex 80.7 90.7 0.691661
    endloop
  endfacet
  facet normal 0.422618 0 -0.906308
    outer loop
      vertex 83.7101 75 0.801544
      vertex 84.5 91.1 1.16988
      vertex 84.5 75 1.16988
    endloop
  endfacet
  facet normal 0.422618 0 -0.906308
    outer loop
      vertex 84.5 91.1 1.16988
      vertex 83.7101 75 0.801544
      vertex 83.7101 91.1 0.801544
    endloop
  endfacet
  facet normal 0.819152 0 -0.573577
    outer loop
      vertex 86.3301 75 3
      vertex 85.8302 91.1 2.28607
      vertex 86.3301 91.1 3
    endloop
  endfacet
  facet normal 0.819152 0 -0.573577
    outer loop
      vertex 85.8302 91.1 2.28607
      vertex 86.3301 75 3
      vertex 85.8302 75 2.28607
    endloop
  endfacet
  facet normal 0.965948 0 -0.258738
    outer loop
      vertex 86.924 75 4.63176
      vertex 86.6985 91.1 3.7899
      vertex 86.924 91.1 4.63176
    endloop
  endfacet
  facet normal 0.965948 0 -0.258738
    outer loop
      vertex 86.6985 91.1 3.7899
      vertex 86.924 75 4.63176
      vertex 86.6985 75 3.7899
    endloop
  endfacet
  facet normal 0.258791 0 -0.965933
    outer loop
      vertex 82.8682 84.7 0.575974
      vertex 83.3 85.7 0.691661
      vertex 83.3 84.7 0.691661
    endloop
  endfacet
  facet normal 0.258791 0 -0.965933
    outer loop
      vertex 83.3 85.7 0.691661
      vertex 82.8682 84.7 0.575974
      vertex 82.8682 85.7 0.575974
    endloop
  endfacet
  facet normal 0.258813 0 -0.965928
    outer loop
      vertex 83.3 84.7 0.691661
      vertex 83.7101 75 0.801544
      vertex 83.3 79.7 0.691661
    endloop
  endfacet
  facet normal 0.258801 -1.0352e-06 -0.965931
    outer loop
      vertex 82.8682 75 0.575974
      vertex 83.3 79.7 0.691661
      vertex 83.7101 75 0.801544
    endloop
  endfacet
  facet normal 0.258791 0 -0.965933
    outer loop
      vertex 83.3 79.7 0.691661
      vertex 82.8682 75 0.575974
      vertex 82.8682 79.7 0.575974
    endloop
  endfacet
  facet normal 0.258813 0 -0.965928
    outer loop
      vertex 83.7101 75 0.801544
      vertex 83.3 84.7 0.691661
      vertex 83.7101 91.1 0.801544
    endloop
  endfacet
  facet normal 0.258813 0 -0.965928
    outer loop
      vertex 83.3 85.7 0.691661
      vertex 83.7101 91.1 0.801544
      vertex 83.3 84.7 0.691661
    endloop
  endfacet
  facet normal 0.258813 0 -0.965928
    outer loop
      vertex 83.3 90.7 0.691661
      vertex 83.7101 91.1 0.801544
      vertex 83.3 85.7 0.691661
    endloop
  endfacet
  facet normal 0.258791 0 -0.965933
    outer loop
      vertex 82.8682 91.1 0.575974
      vertex 83.3 90.7 0.691661
      vertex 82.8682 90.7 0.575974
    endloop
  endfacet
  facet normal 0.258801 1.21636e-05 -0.965931
    outer loop
      vertex 83.3 90.7 0.691661
      vertex 82.8682 91.1 0.575974
      vertex 83.7101 91.1 0.801544
    endloop
  endfacet
  facet normal 0.996191 -0 0.0872
    outer loop
      vertex 86.924 75 6.36824
      vertex 87 91.1 5.5
      vertex 86.924 91.1 6.36824
    endloop
  endfacet
  facet normal 0.996191 0 0.0872
    outer loop
      vertex 87 91.1 5.5
      vertex 86.924 75 6.36824
      vertex 87 75 5.5
    endloop
  endfacet
  facet normal -0.90628 0 -0.422678
    outer loop
      vertex 77.6699 75 3
      vertex 77.3015 91.1 3.7899
      vertex 77.6699 91.1 3
    endloop
  endfacet
  facet normal -0.90628 -0 -0.422678
    outer loop
      vertex 77.3015 91.1 3.7899
      vertex 77.6699 75 3
      vertex 77.3015 75 3.7899
    endloop
  endfacet
  facet normal -0.422618 0 -0.906308
    outer loop
      vertex 79.5 75 1.16988
      vertex 80.2899 91.1 0.801544
      vertex 80.2899 75 0.801544
    endloop
  endfacet
  facet normal -0.422618 0 -0.906308
    outer loop
      vertex 80.2899 91.1 0.801544
      vertex 79.5 75 1.16988
      vertex 79.5 91.1 1.16988
    endloop
  endfacet
  facet normal -0.573593 0 -0.81914
    outer loop
      vertex 78.7861 75 1.66978
      vertex 79.5 91.1 1.16988
      vertex 79.5 75 1.16988
    endloop
  endfacet
  facet normal -0.573593 0 -0.81914
    outer loop
      vertex 79.5 91.1 1.16988
      vertex 78.7861 75 1.66978
      vertex 78.7861 91.1 1.66978
    endloop
  endfacet
  facet normal -0.996191 0 -0.0872
    outer loop
      vertex 77.076 75 4.63176
      vertex 77 91.1 5.5
      vertex 77.076 91.1 4.63176
    endloop
  endfacet
  facet normal -0.996191 -0 -0.0872
    outer loop
      vertex 77 91.1 5.5
      vertex 77.076 75 4.63176
      vertex 77 75 5.5
    endloop
  endfacet
  facet normal -0.965948 0 -0.258738
    outer loop
      vertex 77.3015 75 3.7899
      vertex 77.076 91.1 4.63176
      vertex 77.3015 91.1 3.7899
    endloop
  endfacet
  facet normal -0.965948 -0 -0.258738
    outer loop
      vertex 77.076 91.1 4.63176
      vertex 77.3015 75 3.7899
      vertex 77.076 75 4.63176
    endloop
  endfacet
  facet normal 0.90628 -0 0.422678
    outer loop
      vertex 86.3301 75 8
      vertex 86.6985 91.1 7.2101
      vertex 86.3301 91.1 8
    endloop
  endfacet
  facet normal 0.90628 0 0.422678
    outer loop
      vertex 86.6985 91.1 7.2101
      vertex 86.3301 75 8
      vertex 86.6985 75 7.2101
    endloop
  endfacet
  facet normal 0.965948 -0 0.258738
    outer loop
      vertex 86.6985 75 7.2101
      vertex 86.924 91.1 6.36824
      vertex 86.6985 91.1 7.2101
    endloop
  endfacet
  facet normal 0.965948 0 0.258738
    outer loop
      vertex 86.924 91.1 6.36824
      vertex 86.6985 75 7.2101
      vertex 86.924 75 6.36824
    endloop
  endfacet
  facet normal -0.90628 0 0.422678
    outer loop
      vertex 77.3015 75 7.2101
      vertex 77.6699 91.1 8
      vertex 77.3015 91.1 7.2101
    endloop
  endfacet
  facet normal -0.90628 0 0.422678
    outer loop
      vertex 77.6699 91.1 8
      vertex 77.3015 75 7.2101
      vertex 77.6699 75 8
    endloop
  endfacet
  facet normal -0.0871744 0 -0.996193
    outer loop
      vertex 81.1318 75 0.575974
      vertex 82 79.7 0.5
      vertex 82 75 0.5
    endloop
  endfacet
  facet normal -0.0871744 0 -0.996193
    outer loop
      vertex 82 79.7 0.5
      vertex 81.1318 75 0.575974
      vertex 81.1318 79.7 0.575974
    endloop
  endfacet
  facet normal -0.0871744 0 -0.996193
    outer loop
      vertex 81.1318 90.7 0.575974
      vertex 82 91.1 0.5
      vertex 82 90.7 0.5
    endloop
  endfacet
  facet normal -0.0871744 0 -0.996193
    outer loop
      vertex 82 91.1 0.5
      vertex 81.1318 90.7 0.575974
      vertex 81.1318 91.1 0.575974
    endloop
  endfacet
  facet normal -0.0871744 0 -0.996193
    outer loop
      vertex 81.1318 84.7 0.575974
      vertex 82 85.7 0.5
      vertex 82 84.7 0.5
    endloop
  endfacet
  facet normal -0.0871744 0 -0.996193
    outer loop
      vertex 82 85.7 0.5
      vertex 81.1318 84.7 0.575974
      vertex 81.1318 85.7 0.575974
    endloop
  endfacet
  facet normal -0.965948 0 0.258738
    outer loop
      vertex 77.076 75 6.36824
      vertex 77.3015 91.1 7.2101
      vertex 77.076 91.1 6.36824
    endloop
  endfacet
  facet normal -0.965948 0 0.258738
    outer loop
      vertex 77.3015 91.1 7.2101
      vertex 77.076 75 6.36824
      vertex 77.3015 75 7.2101
    endloop
  endfacet
  facet normal -0.819152 0 0.573577
    outer loop
      vertex 77.6699 75 8
      vertex 78.1698 91.1 8.71393
      vertex 77.6699 91.1 8
    endloop
  endfacet
  facet normal -0.819152 0 0.573577
    outer loop
      vertex 78.1698 91.1 8.71393
      vertex 77.6699 75 8
      vertex 78.1698 75 8.71393
    endloop
  endfacet
  facet normal 0.90628 0 -0.422678
    outer loop
      vertex 86.6985 75 3.7899
      vertex 86.3301 91.1 3
      vertex 86.6985 91.1 3.7899
    endloop
  endfacet
  facet normal 0.90628 0 -0.422678
    outer loop
      vertex 86.3301 91.1 3
      vertex 86.6985 75 3.7899
      vertex 86.3301 75 3
    endloop
  endfacet
  facet normal 0.707101 2.9028e-06 -0.707113
    outer loop
      vertex 85.8302 91.1 2.28607
      vertex 85.8049 91 2.26077
      vertex 85.2139 91.1 1.66978
    endloop
  endfacet
  facet normal 0.707107 0 -0.707107
    outer loop
      vertex 85.8302 75 2.28607
      vertex 85.8049 91 2.26077
      vertex 85.8302 91.1 2.28607
    endloop
  endfacet
  facet normal 0.707107 0 -0.707107
    outer loop
      vertex 85.8049 91 2.26077
      vertex 85.8302 75 2.28607
      vertex 85.8049 75 2.26077
    endloop
  endfacet
  facet normal 0.707094 -7.70369e-05 -0.707119
    outer loop
      vertex 85.2392 91 1.69509
      vertex 85.2139 91.1 1.66978
      vertex 85.8049 91 2.26077
    endloop
  endfacet
  facet normal 0.707246 0 -0.706967
    outer loop
      vertex 85.2139 75 1.66978
      vertex 85.2392 91 1.69509
      vertex 85.2392 75 1.69509
    endloop
  endfacet
  facet normal 0.707246 0 -0.706967
    outer loop
      vertex 85.2392 91 1.69509
      vertex 85.2139 75 1.66978
      vertex 85.2139 91.1 1.66978
    endloop
  endfacet
  facet normal 0.573593 0 -0.81914
    outer loop
      vertex 84.5 75 1.16988
      vertex 85.2139 91.1 1.66978
      vertex 85.2139 75 1.66978
    endloop
  endfacet
  facet normal 0.573593 0 -0.81914
    outer loop
      vertex 85.2139 91.1 1.66978
      vertex 84.5 75 1.16988
      vertex 84.5 91.1 1.16988
    endloop
  endfacet
  facet normal 0.996191 0 -0.0872
    outer loop
      vertex 87 75 5.5
      vertex 86.924 91.1 4.63176
      vertex 87 91.1 5.5
    endloop
  endfacet
  facet normal 0.996191 0 -0.0872
    outer loop
      vertex 86.924 91.1 4.63176
      vertex 87 75 5.5
      vertex 86.924 75 4.63176
    endloop
  endfacet
  facet normal -0.707162 -2.78058e-05 0.707052
    outer loop
      vertex 78.1698 91.1 8.71393
      vertex 78.1951 91 8.73923
      vertex 78.5558 91.1 9.09999
    endloop
  endfacet
  facet normal -0.707107 0 0.707107
    outer loop
      vertex 78.1698 75 8.71393
      vertex 78.1951 91 8.73923
      vertex 78.1698 91.1 8.71393
    endloop
  endfacet
  facet normal -0.707107 0 0.707107
    outer loop
      vertex 78.1951 91 8.73923
      vertex 78.1698 75 8.71393
      vertex 78.1951 75 8.73923
    endloop
  endfacet
  facet normal -0.707166 0 0.707048
    outer loop
      vertex 78.5558 91.1 9.09999
      vertex 78.1951 91 8.73923
      vertex 78.5558 91 9.09999
    endloop
  endfacet
  facet normal 0.079547 0.409066 -0.909031
    outer loop
      vertex 82.8682 91.1 0.575974
      vertex 82 91.1 0.5
      vertex 82.7119 93.1 1.4623
    endloop
  endfacet
  facet normal 0.523407 0.409064 -0.74747
    outer loop
      vertex 85.2139 91.1 1.66978
      vertex 84.5 91.1 1.16988
      vertex 84.6354 93.1 2.35922
    endloop
  endfacet
  facet normal 0.747496 0.409061 -0.523373
    outer loop
      vertex 86.3301 91.1 3
      vertex 85.1408 93.1 2.86458
      vertex 85.5507 93.1 3.45001
    endloop
  endfacet
  facet normal -0.236135 0.409067 -0.881422
    outer loop
      vertex 81.1318 91.1 0.575974
      vertex 80.5977 93.1 1.64726
      vertex 81.2881 93.1 1.4623
    endloop
  endfacet
  facet normal 0.909033 0.409056 -0.0795708
    outer loop
      vertex 86.924 91.1 4.63176
      vertex 86.0377 93.1 4.78806
      vertex 87 91.1 5.5
    endloop
  endfacet
  facet normal -0.385664 0.409068 -0.826998
    outer loop
      vertex 80.5977 93.1 1.64726
      vertex 79.5 91.1 1.16988
      vertex 79.95 93.1 1.94931
    endloop
  endfacet
  facet normal 0.826974 0.409091 0.385691
    outer loop
      vertex 86.6985 91.1 7.2101
      vertex 85.8527 93.1 6.90227
      vertex 86.3301 91.1 8
    endloop
  endfacet
  facet normal 0.402937 0.302182 0.863903
    outer loop
      vertex 84.05 93.1 9.05069
      vertex 83.9443 93.1 9.09999
      vertex 85.4442 91.1 9.09999
    endloop
  endfacet
  facet normal 0.827032 0.409057 -0.385604
    outer loop
      vertex 86.3301 91.1 3
      vertex 85.5507 93.1 3.45001
      vertex 85.8527 93.1 4.09773
    endloop
  endfacet
  facet normal -0.528827 0.387262 0.755228
    outer loop
      vertex 79.3646 93.1 8.64078
      vertex 78.5558 91.1 9.09999
      vertex 79.95 93.1 9.05069
    endloop
  endfacet
  facet normal -0.747485 0.409053 -0.523395
    outer loop
      vertex 78.1698 91.1 2.28607
      vertex 77.6699 91.1 3
      vertex 78.8592 93.1 2.86458
    endloop
  endfacet
  facet normal -0.079547 0.409066 -0.909031
    outer loop
      vertex 82 91.1 0.5
      vertex 81.1318 91.1 0.575974
      vertex 81.2881 93.1 1.4623
    endloop
  endfacet
  facet normal 0.881421 0.409092 -0.236097
    outer loop
      vertex 86.6985 91.1 3.7899
      vertex 85.8527 93.1 4.09773
      vertex 86.924 91.1 4.63176
    endloop
  endfacet
  facet normal -0.645234 0.409063 -0.645245
    outer loop
      vertex 78.1698 91.1 2.28607
      vertex 79.3646 93.1 2.35922
      vertex 78.7861 91.1 1.66978
    endloop
  endfacet
  facet normal -0.645217 0.409053 -0.645268
    outer loop
      vertex 79.3646 93.1 2.35922
      vertex 78.1698 91.1 2.28607
      vertex 78.8592 93.1 2.86458
    endloop
  endfacet
  facet normal -0.827032 0.409057 -0.385604
    outer loop
      vertex 78.4493 93.1 3.45001
      vertex 77.6699 91.1 3
      vertex 78.1473 93.1 4.09773
    endloop
  endfacet
  facet normal -0.747496 0.409061 -0.523373
    outer loop
      vertex 78.8592 93.1 2.86458
      vertex 77.6699 91.1 3
      vertex 78.4493 93.1 3.45001
    endloop
  endfacet
  facet normal -0.826974 0.409091 -0.385691
    outer loop
      vertex 77.6699 91.1 3
      vertex 77.3015 91.1 3.7899
      vertex 78.1473 93.1 4.09773
    endloop
  endfacet
  facet normal -0.523398 0.409067 -0.747475
    outer loop
      vertex 79.5 91.1 1.16988
      vertex 79.3646 93.1 2.35922
      vertex 79.95 93.1 1.94931
    endloop
  endfacet
  facet normal 0.523398 0.409067 -0.747475
    outer loop
      vertex 84.5 91.1 1.16988
      vertex 84.05 93.1 1.94931
      vertex 84.6354 93.1 2.35922
    endloop
  endfacet
  facet normal -0.385642 0.409059 -0.827013
    outer loop
      vertex 80.2899 91.1 0.801544
      vertex 79.5 91.1 1.16988
      vertex 80.5977 93.1 1.64726
    endloop
  endfacet
  facet normal -0.523407 0.409064 -0.74747
    outer loop
      vertex 79.5 91.1 1.16988
      vertex 78.7861 91.1 1.66978
      vertex 79.3646 93.1 2.35922
    endloop
  endfacet
  facet normal 0.881421 0.409092 0.236097
    outer loop
      vertex 86.924 91.1 6.36824
      vertex 85.8527 93.1 6.90227
      vertex 86.6985 91.1 7.2101
    endloop
  endfacet
  facet normal 0.385642 0.409059 -0.827013
    outer loop
      vertex 83.7101 91.1 0.801544
      vertex 83.4023 93.1 1.64726
      vertex 84.5 91.1 1.16988
    endloop
  endfacet
  facet normal 0.645217 0.409053 -0.645268
    outer loop
      vertex 85.8302 91.1 2.28607
      vertex 84.6354 93.1 2.35922
      vertex 85.1408 93.1 2.86458
    endloop
  endfacet
  facet normal 0.645234 0.409063 -0.645245
    outer loop
      vertex 84.6354 93.1 2.35922
      vertex 85.8302 91.1 2.28607
      vertex 85.2139 91.1 1.66978
    endloop
  endfacet
  facet normal 0.747485 0.409053 -0.523395
    outer loop
      vertex 85.8302 91.1 2.28607
      vertex 85.1408 93.1 2.86458
      vertex 86.3301 91.1 3
    endloop
  endfacet
  facet normal 0.528827 0.387262 0.755228
    outer loop
      vertex 84.6354 93.1 8.64078
      vertex 84.05 93.1 9.05069
      vertex 85.4442 91.1 9.09999
    endloop
  endfacet
  facet normal 0.385664 0.409068 -0.826998
    outer loop
      vertex 84.5 91.1 1.16988
      vertex 83.4023 93.1 1.64726
      vertex 84.05 93.1 1.94931
    endloop
  endfacet
  facet normal 0.881408 0.409055 0.236207
    outer loop
      vertex 86.0377 93.1 6.21194
      vertex 85.8527 93.1 6.90227
      vertex 86.924 91.1 6.36824
    endloop
  endfacet
  facet normal 0 1 0
    outer loop
      vertex 84.6354 93.1 8.64078
      vertex 83.9443 93.1 9.09999
      vertex 84.05 93.1 9.05069
    endloop
  endfacet
  facet normal 0 1 0
    outer loop
      vertex 85.1408 93.1 8.13542
      vertex 83.9443 93.1 9.09999
      vertex 84.6354 93.1 8.64078
    endloop
  endfacet
  facet normal 0 1 0
    outer loop
      vertex 83.9443 93.1 9.09999
      vertex 85.1408 93.1 8.13542
      vertex 80.0557 93.1 9.09999
    endloop
  endfacet
  facet normal 0 1 0
    outer loop
      vertex 80.0557 93.1 9.09999
      vertex 79.3646 93.1 8.64078
      vertex 79.95 93.1 9.05069
    endloop
  endfacet
  facet normal 0 1 0
    outer loop
      vertex 78.8592 93.1 8.13542
      vertex 80.0557 93.1 9.09999
      vertex 85.1408 93.1 8.13542
    endloop
  endfacet
  facet normal 0 1 0
    outer loop
      vertex 80.0557 93.1 9.09999
      vertex 78.8592 93.1 8.13542
      vertex 79.3646 93.1 8.64078
    endloop
  endfacet
  facet normal 0 1 0
    outer loop
      vertex 85.5507 93.1 7.54999
      vertex 78.8592 93.1 8.13542
      vertex 85.1408 93.1 8.13542
    endloop
  endfacet
  facet normal 0 1 0
    outer loop
      vertex 85.5507 93.1 7.54999
      vertex 78.4493 93.1 7.54999
      vertex 78.8592 93.1 8.13542
    endloop
  endfacet
  facet normal 0 1 0
    outer loop
      vertex 85.8527 93.1 6.90227
      vertex 78.4493 93.1 7.54999
      vertex 85.5507 93.1 7.54999
    endloop
  endfacet
  facet normal 0 1 0
    outer loop
      vertex 85.8527 93.1 6.90227
      vertex 78.1473 93.1 6.90227
      vertex 78.4493 93.1 7.54999
    endloop
  endfacet
  facet normal 0 1 0
    outer loop
      vertex 86.0377 93.1 6.21194
      vertex 78.1473 93.1 6.90227
      vertex 85.8527 93.1 6.90227
    endloop
  endfacet
  facet normal 0 1 0
    outer loop
      vertex 86.0377 93.1 6.21194
      vertex 77.9623 93.1 6.21194
      vertex 78.1473 93.1 6.90227
    endloop
  endfacet
  facet normal 0 1 0
    outer loop
      vertex 86.1 93.1 5.5
      vertex 77.9623 93.1 6.21194
      vertex 86.0377 93.1 6.21194
    endloop
  endfacet
  facet normal 0 1 0
    outer loop
      vertex 86.1 93.1 5.5
      vertex 77.9 93.1 5.5
      vertex 77.9623 93.1 6.21194
    endloop
  endfacet
  facet normal 0 1 -0
    outer loop
      vertex 86.0377 93.1 4.78806
      vertex 77.9 93.1 5.5
      vertex 86.1 93.1 5.5
    endloop
  endfacet
  facet normal 0 1 0
    outer loop
      vertex 86.0377 93.1 4.78806
      vertex 77.9623 93.1 4.78806
      vertex 77.9 93.1 5.5
    endloop
  endfacet
  facet normal 0 1 -0
    outer loop
      vertex 85.8527 93.1 4.09773
      vertex 77.9623 93.1 4.78806
      vertex 86.0377 93.1 4.78806
    endloop
  endfacet
  facet normal 0 1 0
    outer loop
      vertex 85.8527 93.1 4.09773
      vertex 78.1473 93.1 4.09773
      vertex 77.9623 93.1 4.78806
    endloop
  endfacet
  facet normal 0 1 -0
    outer loop
      vertex 85.5507 93.1 3.45001
      vertex 78.1473 93.1 4.09773
      vertex 85.8527 93.1 4.09773
    endloop
  endfacet
  facet normal 0 1 0
    outer loop
      vertex 85.5507 93.1 3.45001
      vertex 78.4493 93.1 3.45001
      vertex 78.1473 93.1 4.09773
    endloop
  endfacet
  facet normal 0 1 -0
    outer loop
      vertex 85.1408 93.1 2.86458
      vertex 78.4493 93.1 3.45001
      vertex 85.5507 93.1 3.45001
    endloop
  endfacet
  facet normal 0 1 0
    outer loop
      vertex 85.1408 93.1 2.86458
      vertex 78.8592 93.1 2.86458
      vertex 78.4493 93.1 3.45001
    endloop
  endfacet
  facet normal 0 1 -0
    outer loop
      vertex 84.6354 93.1 2.35922
      vertex 78.8592 93.1 2.86458
      vertex 85.1408 93.1 2.86458
    endloop
  endfacet
  facet normal 0 1 0
    outer loop
      vertex 84.6354 93.1 2.35922
      vertex 79.3646 93.1 2.35922
      vertex 78.8592 93.1 2.86458
    endloop
  endfacet
  facet normal 0 1 -0
    outer loop
      vertex 84.05 93.1 1.94931
      vertex 79.3646 93.1 2.35922
      vertex 84.6354 93.1 2.35922
    endloop
  endfacet
  facet normal 0 1 0
    outer loop
      vertex 84.05 93.1 1.94931
      vertex 79.95 93.1 1.94931
      vertex 79.3646 93.1 2.35922
    endloop
  endfacet
  facet normal 0 1 -0
    outer loop
      vertex 83.4023 93.1 1.64726
      vertex 79.95 93.1 1.94931
      vertex 84.05 93.1 1.94931
    endloop
  endfacet
  facet normal 0 1 0
    outer loop
      vertex 83.4023 93.1 1.64726
      vertex 80.5977 93.1 1.64726
      vertex 79.95 93.1 1.94931
    endloop
  endfacet
  facet normal 0 1 -0
    outer loop
      vertex 82.7119 93.1 1.4623
      vertex 80.5977 93.1 1.64726
      vertex 83.4023 93.1 1.64726
    endloop
  endfacet
  facet normal 0 1 0
    outer loop
      vertex 82.7119 93.1 1.4623
      vertex 81.2881 93.1 1.4623
      vertex 80.5977 93.1 1.64726
    endloop
  endfacet
  facet normal -0 1 0
    outer loop
      vertex 81.2881 93.1 1.4623
      vertex 82.7119 93.1 1.4623
      vertex 82 93.1 1.40001
    endloop
  endfacet
  facet normal 0.881408 0.409055 -0.236207
    outer loop
      vertex 86.924 91.1 4.63176
      vertex 85.8527 93.1 4.09773
      vertex 86.0377 93.1 4.78806
    endloop
  endfacet
  facet normal -0.236158 0.40906 -0.881419
    outer loop
      vertex 81.1318 91.1 0.575974
      vertex 80.2899 91.1 0.801544
      vertex 80.5977 93.1 1.64726
    endloop
  endfacet
  facet normal 0.747485 0.409053 0.523395
    outer loop
      vertex 86.3301 91.1 8
      vertex 85.1408 93.1 8.13542
      vertex 85.8302 91.1 8.71393
    endloop
  endfacet
  facet normal 0.236135 0.409067 -0.881422
    outer loop
      vertex 82.8682 91.1 0.575974
      vertex 82.7119 93.1 1.4623
      vertex 83.4023 93.1 1.64726
    endloop
  endfacet
  facet normal 0.236158 0.40906 -0.881419
    outer loop
      vertex 83.7101 91.1 0.801544
      vertex 82.8682 91.1 0.575974
      vertex 83.4023 93.1 1.64726
    endloop
  endfacet
  facet normal 0.0795386 0.409068 -0.909031
    outer loop
      vertex 82.7119 93.1 1.4623
      vertex 82 91.1 0.5
      vertex 82 93.1 1.40001
    endloop
  endfacet
  facet normal -0.0795386 0.409068 -0.909031
    outer loop
      vertex 82 91.1 0.5
      vertex 81.2881 93.1 1.4623
      vertex 82 93.1 1.40001
    endloop
  endfacet
  facet normal -0.909032 0.409064 -0.079547
    outer loop
      vertex 77.9623 93.1 4.78806
      vertex 77 91.1 5.5
      vertex 77.9 93.1 5.5
    endloop
  endfacet
  facet normal -0.402937 0.302182 0.863903
    outer loop
      vertex 79.95 93.1 9.05069
      vertex 78.5558 91.1 9.09999
      vertex 80.0557 93.1 9.09999
    endloop
  endfacet
  facet normal -0.826974 0.409091 0.385691
    outer loop
      vertex 78.1473 93.1 6.90227
      vertex 77.3015 91.1 7.2101
      vertex 77.6699 91.1 8
    endloop
  endfacet
  facet normal 0.747496 0.409061 0.523373
    outer loop
      vertex 85.5507 93.1 7.54999
      vertex 85.1408 93.1 8.13542
      vertex 86.3301 91.1 8
    endloop
  endfacet
  facet normal 0.909033 0.409056 0.0795708
    outer loop
      vertex 87 91.1 5.5
      vertex 86.0377 93.1 6.21194
      vertex 86.924 91.1 6.36824
    endloop
  endfacet
  facet normal -0.645217 0.409053 0.645268
    outer loop
      vertex 78.1698 91.1 8.71393
      vertex 79.3646 93.1 8.64078
      vertex 78.8592 93.1 8.13542
    endloop
  endfacet
  facet normal -0.645281 0.409089 0.645181
    outer loop
      vertex 79.3646 93.1 8.64078
      vertex 78.1698 91.1 8.71393
      vertex 78.5558 91.1 9.09999
    endloop
  endfacet
  facet normal 0.909032 0.409064 0.079547
    outer loop
      vertex 86.1 93.1 5.5
      vertex 86.0377 93.1 6.21194
      vertex 87 91.1 5.5
    endloop
  endfacet
  facet normal 0.827032 0.409057 0.385604
    outer loop
      vertex 85.8527 93.1 6.90227
      vertex 85.5507 93.1 7.54999
      vertex 86.3301 91.1 8
    endloop
  endfacet
  facet normal -0.747485 0.409053 0.523395
    outer loop
      vertex 78.8592 93.1 8.13542
      vertex 77.6699 91.1 8
      vertex 78.1698 91.1 8.71393
    endloop
  endfacet
  facet normal 0.909032 0.409064 -0.079547
    outer loop
      vertex 87 91.1 5.5
      vertex 86.0377 93.1 4.78806
      vertex 86.1 93.1 5.5
    endloop
  endfacet
  facet normal 0.826974 0.409091 -0.385691
    outer loop
      vertex 86.3301 91.1 3
      vertex 85.8527 93.1 4.09773
      vertex 86.6985 91.1 3.7899
    endloop
  endfacet
  facet normal -0.881408 0.409055 -0.236207
    outer loop
      vertex 78.1473 93.1 4.09773
      vertex 77.076 91.1 4.63176
      vertex 77.9623 93.1 4.78806
    endloop
  endfacet
  facet normal -0.827032 0.409057 0.385604
    outer loop
      vertex 78.1473 93.1 6.90227
      vertex 77.6699 91.1 8
      vertex 78.4493 93.1 7.54999
    endloop
  endfacet
  facet normal -0.881421 0.409092 -0.236097
    outer loop
      vertex 77.3015 91.1 3.7899
      vertex 77.076 91.1 4.63176
      vertex 78.1473 93.1 4.09773
    endloop
  endfacet
  facet normal -0.747496 0.409061 0.523373
    outer loop
      vertex 78.4493 93.1 7.54999
      vertex 77.6699 91.1 8
      vertex 78.8592 93.1 8.13542
    endloop
  endfacet
  facet normal -0.909032 0.409064 0.079547
    outer loop
      vertex 77.9 93.1 5.5
      vertex 77 91.1 5.5
      vertex 77.9623 93.1 6.21194
    endloop
  endfacet
  facet normal -0.909033 0.409056 -0.0795708
    outer loop
      vertex 77.076 91.1 4.63176
      vertex 77 91.1 5.5
      vertex 77.9623 93.1 4.78806
    endloop
  endfacet
  facet normal -0.881408 0.409055 0.236207
    outer loop
      vertex 77.9623 93.1 6.21194
      vertex 77.076 91.1 6.36824
      vertex 78.1473 93.1 6.90227
    endloop
  endfacet
  facet normal -0.909033 0.409056 0.0795708
    outer loop
      vertex 77.9623 93.1 6.21194
      vertex 77 91.1 5.5
      vertex 77.076 91.1 6.36824
    endloop
  endfacet
  facet normal -0.881421 0.409092 0.236097
    outer loop
      vertex 78.1473 93.1 6.90227
      vertex 77.076 91.1 6.36824
      vertex 77.3015 91.1 7.2101
    endloop
  endfacet
  facet normal 0.645281 0.409089 0.645181
    outer loop
      vertex 85.8302 91.1 8.71393
      vertex 84.6354 93.1 8.64078
      vertex 85.4442 91.1 9.09999
    endloop
  endfacet
  facet normal 0.645217 0.409053 0.645268
    outer loop
      vertex 84.6354 93.1 8.64078
      vertex 85.8302 91.1 8.71393
      vertex 85.1408 93.1 8.13542
    endloop
  endfacet
  facet normal -1 0 0
    outer loop
      vertex 83.3 79.7 0.691661
      vertex 83.3 84.7 9.09999
      vertex 83.3 84.7 0.691661
    endloop
  endfacet
  facet normal -1 -0 0
    outer loop
      vertex 83.3 84.7 9.09999
      vertex 83.3 79.7 0.691661
      vertex 83.3 79.7 9.09999
    endloop
  endfacet
  facet normal 0 -1 0
    outer loop
      vertex 80.7 84.7 0.691661
      vertex 83.3 84.7 9.09999
      vertex 80.7 84.7 9.09999
    endloop
  endfacet
  facet normal 0 -1 0
    outer loop
      vertex 80.7 84.7 0.691661
      vertex 83.3 84.7 0.691661
      vertex 83.3 84.7 9.09999
    endloop
  endfacet
  facet normal 0 -1 0
    outer loop
      vertex 82 84.7 0.5
      vertex 80.7 84.7 0.691661
      vertex 81.1318 84.7 0.575974
    endloop
  endfacet
  facet normal 0 -1 0
    outer loop
      vertex 80.7 84.7 0.691661
      vertex 82 84.7 0.5
      vertex 83.3 84.7 0.691661
    endloop
  endfacet
  facet normal 0 -1 0
    outer loop
      vertex 83.3 84.7 0.691661
      vertex 82 84.7 0.5
      vertex 82.8682 84.7 0.575974
    endloop
  endfacet
  facet normal 0 1 -0
    outer loop
      vertex 83.3 79.7 0.691661
      vertex 80.7 79.7 9.09999
      vertex 83.3 79.7 9.09999
    endloop
  endfacet
  facet normal 0 1 0
    outer loop
      vertex 83.3 79.7 0.691661
      vertex 80.7 79.7 0.691661
      vertex 80.7 79.7 9.09999
    endloop
  endfacet
  facet normal 0 1 0
    outer loop
      vertex 82 79.7 0.5
      vertex 83.3 79.7 0.691661
      vertex 82.8682 79.7 0.575974
    endloop
  endfacet
  facet normal 0 1 0
    outer loop
      vertex 83.3 79.7 0.691661
      vertex 82 79.7 0.5
      vertex 80.7 79.7 0.691661
    endloop
  endfacet
  facet normal 0 1 0
    outer loop
      vertex 80.7 79.7 0.691661
      vertex 82 79.7 0.5
      vertex 81.1318 79.7 0.575974
    endloop
  endfacet
  facet normal 1 -0 0
    outer loop
      vertex 80.7 79.7 9.09999
      vertex 80.7 84.7 0.691661
      vertex 80.7 84.7 9.09999
    endloop
  endfacet
  facet normal 1 0 0
    outer loop
      vertex 80.7 84.7 0.691661
      vertex 80.7 79.7 9.09999
      vertex 80.7 79.7 0.691661
    endloop
  endfacet
  facet normal -1 0 0
    outer loop
      vertex 83.3 85.7 0.691661
      vertex 83.3 90.7 9.09999
      vertex 83.3 90.7 0.691661
    endloop
  endfacet
  facet normal -1 -0 0
    outer loop
      vertex 83.3 90.7 9.09999
      vertex 83.3 85.7 0.691661
      vertex 83.3 85.7 9.09999
    endloop
  endfacet
  facet normal 0 -1 0
    outer loop
      vertex 80.7 90.7 0.691661
      vertex 83.3 90.7 9.09999
      vertex 80.7 90.7 9.09999
    endloop
  endfacet
  facet normal 0 -1 0
    outer loop
      vertex 80.7 90.7 0.691661
      vertex 83.3 90.7 0.691661
      vertex 83.3 90.7 9.09999
    endloop
  endfacet
  facet normal 0 -1 0
    outer loop
      vertex 82 90.7 0.5
      vertex 80.7 90.7 0.691661
      vertex 81.1318 90.7 0.575974
    endloop
  endfacet
  facet normal 0 -1 0
    outer loop
      vertex 80.7 90.7 0.691661
      vertex 82 90.7 0.5
      vertex 83.3 90.7 0.691661
    endloop
  endfacet
  facet normal 0 -1 0
    outer loop
      vertex 83.3 90.7 0.691661
      vertex 82 90.7 0.5
      vertex 82.8682 90.7 0.575974
    endloop
  endfacet
  facet normal 0 1 -0
    outer loop
      vertex 83.3 85.7 0.691661
      vertex 80.7 85.7 9.09999
      vertex 83.3 85.7 9.09999
    endloop
  endfacet
  facet normal 0 1 0
    outer loop
      vertex 83.3 85.7 0.691661
      vertex 80.7 85.7 0.691661
      vertex 80.7 85.7 9.09999
    endloop
  endfacet
  facet normal 0 1 0
    outer loop
      vertex 82 85.7 0.5
      vertex 83.3 85.7 0.691661
      vertex 82.8682 85.7 0.575974
    endloop
  endfacet
  facet normal 0 1 0
    outer loop
      vertex 83.3 85.7 0.691661
      vertex 82 85.7 0.5
      vertex 80.7 85.7 0.691661
    endloop
  endfacet
  facet normal 0 1 0
    outer loop
      vertex 80.7 85.7 0.691661
      vertex 82 85.7 0.5
      vertex 81.1318 85.7 0.575974
    endloop
  endfacet
  facet normal 1 -0 0
    outer loop
      vertex 80.7 85.7 9.09999
      vertex 80.7 90.7 0.691661
      vertex 80.7 90.7 9.09999
    endloop
  endfacet
  facet normal 1 0 0
    outer loop
      vertex 80.7 90.7 0.691661
      vertex 80.7 85.7 9.09999
      vertex 80.7 85.7 0.691661
    endloop
  endfacet
  facet normal 0 -1 0
    outer loop
      vertex 85.2392 -91 9.30491
      vertex 85.9032 -91 8.83754
      vertex 85.3375 -91 9.40323
    endloop
  endfacet
  facet normal -0 -1 0
    outer loop
      vertex 85.9032 -91 8.83754
      vertex 85.2392 -91 9.30491
      vertex 85.8049 -91 8.73923
    endloop
  endfacet
  facet normal 0 -1 0
    outer loop
      vertex 78.0968 -91 2.16246
      vertex 78.5558 -91 1.90001
      vertex 78.1951 -91 2.26077
    endloop
  endfacet
  facet normal 0 -1 0
    outer loop
      vertex 78.6625 -91 1.59677
      vertex 78.6703 -91 1.90001
      vertex 78.5558 -91 1.90001
    endloop
  endfacet
  facet normal 0 -1 -0
    outer loop
      vertex 78.6703 -91 1.90001
      vertex 78.6625 -91 1.59677
      vertex 78.818 -91 1.75233
    endloop
  endfacet
  facet normal 0 -1 0
    outer loop
      vertex 78.6625 -91 1.59677
      vertex 78.5558 -91 1.90001
      vertex 78.0968 -91 2.16246
    endloop
  endfacet
  facet normal 0 -1 0
    outer loop
      vertex 78.0968 -91 8.83754
      vertex 78.7608 -91 9.30491
      vertex 78.6625 -91 9.40323
    endloop
  endfacet
  facet normal 0 -1 0
    outer loop
      vertex 78.7608 -91 9.30491
      vertex 78.0968 -91 8.83754
      vertex 78.1951 -91 8.73923
    endloop
  endfacet
  facet normal 0 -1 0
    outer loop
      vertex 85.3375 -91 1.59677
      vertex 85.3297 -91 1.90001
      vertex 85.182 -91 1.75233
    endloop
  endfacet
  facet normal 0 -1 0
    outer loop
      vertex 85.4442 -91 1.90001
      vertex 85.9032 -91 2.16246
      vertex 85.8049 -91 2.26077
    endloop
  endfacet
  facet normal 0 -1 -0
    outer loop
      vertex 85.4442 -91 1.90001
      vertex 85.3375 -91 1.59677
      vertex 85.9032 -91 2.16246
    endloop
  endfacet
  facet normal 0 -1 0
    outer loop
      vertex 85.3297 -91 1.90001
      vertex 85.3375 -91 1.59677
      vertex 85.4442 -91 1.90001
    endloop
  endfacet
  facet normal 0.707101 0 0.707113
    outer loop
      vertex 85.3375 -75 9.40323
      vertex 85.9032 -91 8.83754
      vertex 85.9032 -75 8.83754
    endloop
  endfacet
  facet normal 0.707101 0 0.707113
    outer loop
      vertex 85.9032 -91 8.83754
      vertex 85.3375 -75 9.40323
      vertex 85.3375 -91 9.40323
    endloop
  endfacet
  facet normal -0.707179 0 0.707035
    outer loop
      vertex 85.2392 -91 9.30491
      vertex 85.3375 -75 9.40323
      vertex 85.2392 -75 9.30491
    endloop
  endfacet
  facet normal -0.707179 0 0.707035
    outer loop
      vertex 85.3375 -75 9.40323
      vertex 85.2392 -91 9.30491
      vertex 85.3375 -91 9.40323
    endloop
  endfacet
  facet normal 0 -1 0
    outer loop
      vertex 85.2139 -75 9.33022
      vertex 85.3375 -75 9.40323
      vertex 84.5 -75 9.83012
    endloop
  endfacet
  facet normal 0 -1 0
    outer loop
      vertex 85.3375 -75 9.40323
      vertex 85.2139 -75 9.33022
      vertex 85.2392 -75 9.30491
    endloop
  endfacet
  facet normal 0 -1 0
    outer loop
      vertex 78.6625 -75 9.40323
      vertex 76.927 -75 11
      vertex 76.6967 -75 10.8033
    endloop
  endfacet
  facet normal 0 -1 0
    outer loop
      vertex 76.927 -75 11
      vertex 82 -75 10.5
      vertex 87.073 -75 11
    endloop
  endfacet
  facet normal 0 -1 0
    outer loop
      vertex 82.8682 -75 10.424
      vertex 87.073 -75 11
      vertex 82 -75 10.5
    endloop
  endfacet
  facet normal 0 -1 0
    outer loop
      vertex 76.927 -75 11
      vertex 81.1318 -75 10.424
      vertex 82 -75 10.5
    endloop
  endfacet
  facet normal 0 -1 0
    outer loop
      vertex 76.927 -75 11
      vertex 80.2899 -75 10.1985
      vertex 81.1318 -75 10.424
    endloop
  endfacet
  facet normal 0 -1 0
    outer loop
      vertex 78.0968 -75 8.83754
      vertex 76.6967 -75 10.8033
      vertex 75.9324 -75 9.90839
    endloop
  endfacet
  facet normal 0 -1 0
    outer loop
      vertex 76.927 -75 11
      vertex 79.5 -75 9.83012
      vertex 80.2899 -75 10.1985
    endloop
  endfacet
  facet normal 0 -1 0
    outer loop
      vertex 76.927 -75 11
      vertex 78.6625 -75 9.40323
      vertex 79.5 -75 9.83012
    endloop
  endfacet
  facet normal 0 -1 0
    outer loop
      vertex 77.6699 -75 8
      vertex 75.9324 -75 9.90839
      vertex 75.3175 -75 8.90492
    endloop
  endfacet
  facet normal 0 -1 0
    outer loop
      vertex 76.6967 -75 10.8033
      vertex 78.0968 -75 8.83754
      vertex 78.6625 -75 9.40323
    endloop
  endfacet
  facet normal 0 -1 0
    outer loop
      vertex 75.9324 -75 9.90839
      vertex 77.6699 -75 8
      vertex 78.0968 -75 8.83754
    endloop
  endfacet
  facet normal 0 -1 0
    outer loop
      vertex 78.0968 -75 8.83754
      vertex 78.1698 -75 8.71393
      vertex 78.1951 -75 8.73923
    endloop
  endfacet
  facet normal 0 -1 -0
    outer loop
      vertex 78.0968 -75 8.83754
      vertex 77.6699 -75 8
      vertex 78.1698 -75 8.71393
    endloop
  endfacet
  facet normal 0 -1 0
    outer loop
      vertex 77.3015 -75 7.2101
      vertex 75.3175 -75 8.90492
      vertex 74.8671 -75 7.81763
    endloop
  endfacet
  facet normal 0 -1 0
    outer loop
      vertex 75.3175 -75 8.90492
      vertex 77.3015 -75 7.2101
      vertex 77.6699 -75 8
    endloop
  endfacet
  facet normal 0 -1 0
    outer loop
      vertex 77.076 -75 6.36824
      vertex 74.8671 -75 7.81763
      vertex 74.5923 -75 6.67325
    endloop
  endfacet
  facet normal 0 -1 0
    outer loop
      vertex 74.8671 -75 7.81763
      vertex 77.076 -75 6.36824
      vertex 77.3015 -75 7.2101
    endloop
  endfacet
  facet normal 0 -1 0
    outer loop
      vertex 77 -75 5.5
      vertex 74.5923 -75 6.67325
      vertex 74.5 -75 5.5
    endloop
  endfacet
  facet normal 0 -1 0
    outer loop
      vertex 74.5923 -75 6.67325
      vertex 77 -75 5.5
      vertex 77.076 -75 6.36824
    endloop
  endfacet
  facet normal 0 -1 0
    outer loop
      vertex 74.5923 -75 4.32675
      vertex 77 -75 5.5
      vertex 74.5 -75 5.5
    endloop
  endfacet
  facet normal 0 -1 -0
    outer loop
      vertex 77 -75 5.5
      vertex 74.5923 -75 4.32675
      vertex 77.076 -75 4.63176
    endloop
  endfacet
  facet normal 0 -1 0
    outer loop
      vertex 74.8671 -75 3.18237
      vertex 77.076 -75 4.63176
      vertex 74.5923 -75 4.32675
    endloop
  endfacet
  facet normal 0 -1 -0
    outer loop
      vertex 77.076 -75 4.63176
      vertex 74.8671 -75 3.18237
      vertex 77.3015 -75 3.7899
    endloop
  endfacet
  facet normal 0 -1 0
    outer loop
      vertex 75.3175 -75 2.09508
      vertex 77.3015 -75 3.7899
      vertex 74.8671 -75 3.18237
    endloop
  endfacet
  facet normal 0 -1 -0
    outer loop
      vertex 77.3015 -75 3.7899
      vertex 75.3175 -75 2.09508
      vertex 77.6699 -75 3
    endloop
  endfacet
  facet normal 0 -1 0
    outer loop
      vertex 75.9324 -75 1.09161
      vertex 77.6699 -75 3
      vertex 75.3175 -75 2.09508
    endloop
  endfacet
  facet normal 0 -1 -0
    outer loop
      vertex 78.1698 -75 2.28607
      vertex 78.0968 -75 2.16246
      vertex 78.1951 -75 2.26077
    endloop
  endfacet
  facet normal 0 -1 0
    outer loop
      vertex 77.6699 -75 3
      vertex 78.0968 -75 2.16246
      vertex 78.1698 -75 2.28607
    endloop
  endfacet
  facet normal 0 -1 -0
    outer loop
      vertex 77.6699 -75 3
      vertex 75.9324 -75 1.09161
      vertex 78.0968 -75 2.16246
    endloop
  endfacet
  facet normal 0 -1 -0
    outer loop
      vertex 78.0968 -75 2.16246
      vertex 76.6967 -75 0.196701
      vertex 78.6625 -75 1.59677
    endloop
  endfacet
  facet normal 0 -1 0
    outer loop
      vertex 76.6967 -75 0.196701
      vertex 78.0968 -75 2.16246
      vertex 75.9324 -75 1.09161
    endloop
  endfacet
  facet normal 0 -1 0
    outer loop
      vertex 83.7101 -75 10.1985
      vertex 87.073 -75 11
      vertex 82.8682 -75 10.424
    endloop
  endfacet
  facet normal 0 -1 0
    outer loop
      vertex 84.5 -75 9.83012
      vertex 87.073 -75 11
      vertex 83.7101 -75 10.1985
    endloop
  endfacet
  facet normal 0 -1 0
    outer loop
      vertex 85.3375 -75 9.40323
      vertex 87.073 -75 11
      vertex 84.5 -75 9.83012
    endloop
  endfacet
  facet normal 0 -1 -0
    outer loop
      vertex 87.073 -75 11
      vertex 85.3375 -75 9.40323
      vertex 87.3033 -75 10.8033
    endloop
  endfacet
  facet normal 0 -1 0
    outer loop
      vertex 85.9032 -75 8.83754
      vertex 87.3033 -75 10.8033
      vertex 85.3375 -75 9.40323
    endloop
  endfacet
  facet normal 0 -1 -0
    outer loop
      vertex 87.3033 -75 10.8033
      vertex 85.9032 -75 8.83754
      vertex 88.0676 -75 9.90839
    endloop
  endfacet
  facet normal 0 -1 0
    outer loop
      vertex 86.3301 -75 8
      vertex 88.0676 -75 9.90839
      vertex 85.9032 -75 8.83754
    endloop
  endfacet
  facet normal 0 -1 0
    outer loop
      vertex 85.8302 -75 8.71393
      vertex 85.9032 -75 8.83754
      vertex 85.8049 -75 8.73923
    endloop
  endfacet
  facet normal 0 -1 0
    outer loop
      vertex 86.3301 -75 8
      vertex 85.9032 -75 8.83754
      vertex 85.8302 -75 8.71393
    endloop
  endfacet
  facet normal 0 -1 -0
    outer loop
      vertex 88.0676 -75 9.90839
      vertex 86.3301 -75 8
      vertex 88.6825 -75 8.90492
    endloop
  endfacet
  facet normal 0 -1 0
    outer loop
      vertex 86.6985 -75 7.2101
      vertex 88.6825 -75 8.90492
      vertex 86.3301 -75 8
    endloop
  endfacet
  facet normal 0 -1 -0
    outer loop
      vertex 88.6825 -75 8.90492
      vertex 86.6985 -75 7.2101
      vertex 89.1329 -75 7.81763
    endloop
  endfacet
  facet normal 0 -1 0
    outer loop
      vertex 86.924 -75 6.36824
      vertex 89.1329 -75 7.81763
      vertex 86.6985 -75 7.2101
    endloop
  endfacet
  facet normal 0 -1 -0
    outer loop
      vertex 89.1329 -75 7.81763
      vertex 86.924 -75 6.36824
      vertex 89.4077 -75 6.67325
    endloop
  endfacet
  facet normal 0 -1 0
    outer loop
      vertex 87 -75 5.5
      vertex 89.4077 -75 6.67325
      vertex 86.924 -75 6.36824
    endloop
  endfacet
  facet normal 0 -1 0
    outer loop
      vertex 87 -75 5.5
      vertex 89.5 -75 5.5
      vertex 89.4077 -75 6.67325
    endloop
  endfacet
  facet normal 0 -1 0
    outer loop
      vertex 89.4077 -75 4.32675
      vertex 87 -75 5.5
      vertex 86.924 -75 4.63176
    endloop
  endfacet
  facet normal 0 -1 0
    outer loop
      vertex 87 -75 5.5
      vertex 89.4077 -75 4.32675
      vertex 89.5 -75 5.5
    endloop
  endfacet
  facet normal 0 -1 0
    outer loop
      vertex 89.1329 -75 3.18237
      vertex 86.924 -75 4.63176
      vertex 86.6985 -75 3.7899
    endloop
  endfacet
  facet normal 0 -1 0
    outer loop
      vertex 86.924 -75 4.63176
      vertex 89.1329 -75 3.18237
      vertex 89.4077 -75 4.32675
    endloop
  endfacet
  facet normal 0 -1 0
    outer loop
      vertex 88.6825 -75 2.09508
      vertex 86.6985 -75 3.7899
      vertex 86.3301 -75 3
    endloop
  endfacet
  facet normal 0 -1 0
    outer loop
      vertex 85.9032 -75 2.16246
      vertex 86.3301 -75 3
      vertex 85.8302 -75 2.28607
    endloop
  endfacet
  facet normal 0 -1 0
    outer loop
      vertex 85.9032 -75 2.16246
      vertex 85.8302 -75 2.28607
      vertex 85.8049 -75 2.26077
    endloop
  endfacet
  facet normal 0 -1 0
    outer loop
      vertex 88.0676 -75 1.09161
      vertex 86.3301 -75 3
      vertex 85.9032 -75 2.16246
    endloop
  endfacet
  facet normal 0 -1 0
    outer loop
      vertex 86.6985 -75 3.7899
      vertex 88.6825 -75 2.09508
      vertex 89.1329 -75 3.18237
    endloop
  endfacet
  facet normal 0 -1 0
    outer loop
      vertex 87.3033 -75 0.196701
      vertex 85.9032 -75 2.16246
      vertex 85.3375 -75 1.59677
    endloop
  endfacet
  facet normal 0 -1 0
    outer loop
      vertex 86.3301 -75 3
      vertex 88.0676 -75 1.09161
      vertex 88.6825 -75 2.09508
    endloop
  endfacet
  facet normal 0 -1 0
    outer loop
      vertex 77.5916 -75 -0.567627
      vertex 78.6625 -75 1.59677
      vertex 76.6967 -75 0.196701
    endloop
  endfacet
  facet normal 0 -1 0
    outer loop
      vertex 78.5951 -75 -1.18254
      vertex 78.6625 -75 1.59677
      vertex 77.5916 -75 -0.567627
    endloop
  endfacet
  facet normal 0 -1 0
    outer loop
      vertex 85.9032 -75 2.16246
      vertex 87.3033 -75 0.196701
      vertex 88.0676 -75 1.09161
    endloop
  endfacet
  facet normal 0 -1 0
    outer loop
      vertex 79.6824 -75 -1.63292
      vertex 78.6625 -75 1.59677
      vertex 78.5951 -75 -1.18254
    endloop
  endfacet
  facet normal 0 -1 0
    outer loop
      vertex 85.3375 -75 1.59677
      vertex 86.4084 -75 -0.567627
      vertex 87.3033 -75 0.196701
    endloop
  endfacet
  facet normal 0 -1 0
    outer loop
      vertex 80.8268 -75 -1.90765
      vertex 78.6625 -75 1.59677
      vertex 79.6824 -75 -1.63292
    endloop
  endfacet
  facet normal 0 -1 0
    outer loop
      vertex 85.3375 -75 1.59677
      vertex 85.4049 -75 -1.18254
      vertex 86.4084 -75 -0.567627
    endloop
  endfacet
  facet normal 0 -1 0
    outer loop
      vertex 82 -75 -2
      vertex 78.6625 -75 1.59677
      vertex 80.8268 -75 -1.90765
    endloop
  endfacet
  facet normal 0 -1 -0
    outer loop
      vertex 85.3375 -75 1.59677
      vertex 84.3176 -75 -1.63292
      vertex 85.4049 -75 -1.18254
    endloop
  endfacet
  facet normal 0 -1 0
    outer loop
      vertex 78.6625 -75 1.59677
      vertex 82 -75 -2
      vertex 85.3375 -75 1.59677
    endloop
  endfacet
  facet normal 0 -1 0
    outer loop
      vertex 85.3375 -75 1.59677
      vertex 83.1732 -75 -1.90765
      vertex 84.3176 -75 -1.63292
    endloop
  endfacet
  facet normal 0 -1 0
    outer loop
      vertex 85.3375 -75 1.59677
      vertex 82 -75 -2
      vertex 83.1732 -75 -1.90765
    endloop
  endfacet
  facet normal 0 -1 0
    outer loop
      vertex 78.6625 -75 9.40323
      vertex 78.7861 -75 9.33022
      vertex 79.5 -75 9.83012
    endloop
  endfacet
  facet normal -0 -1 0
    outer loop
      vertex 78.7861 -75 9.33022
      vertex 78.6625 -75 9.40323
      vertex 78.7608 -75 9.30491
    endloop
  endfacet
  facet normal 0 -1 0
    outer loop
      vertex 78.818 -75 1.75233
      vertex 85.3297 -75 1.90001
      vertex 78.6703 -75 1.90001
    endloop
  endfacet
  facet normal 0 -1 0
    outer loop
      vertex 78.818 -75 1.75233
      vertex 85.182 -75 1.75233
      vertex 85.3297 -75 1.90001
    endloop
  endfacet
  facet normal 0 -1 0
    outer loop
      vertex 78.6625 -75 1.59677
      vertex 85.182 -75 1.75233
      vertex 78.818 -75 1.75233
    endloop
  endfacet
  facet normal 0 -1 -0
    outer loop
      vertex 85.182 -75 1.75233
      vertex 78.6625 -75 1.59677
      vertex 85.3375 -75 1.59677
    endloop
  endfacet
  facet normal 0.707143 0 -0.707071
    outer loop
      vertex 85.9032 -91 8.83754
      vertex 85.8049 -75 8.73923
      vertex 85.9032 -75 8.83754
    endloop
  endfacet
  facet normal 0.707143 0 -0.707071
    outer loop
      vertex 85.8049 -75 8.73923
      vertex 85.9032 -91 8.83754
      vertex 85.8049 -91 8.73923
    endloop
  endfacet
  facet normal -0.707143 0 -0.707071
    outer loop
      vertex 78.1951 -91 8.73923
      vertex 78.0968 -75 8.83754
      vertex 78.1951 -75 8.73923
    endloop
  endfacet
  facet normal -0.707143 -0 -0.707071
    outer loop
      vertex 78.0968 -75 8.83754
      vertex 78.1951 -91 8.73923
      vertex 78.0968 -91 8.83754
    endloop
  endfacet
  facet normal 0.707179 -0 0.707035
    outer loop
      vertex 78.6625 -91 9.40323
      vertex 78.7608 -75 9.30491
      vertex 78.6625 -75 9.40323
    endloop
  endfacet
  facet normal 0.707179 0 0.707035
    outer loop
      vertex 78.7608 -75 9.30491
      vertex 78.6625 -91 9.40323
      vertex 78.7608 -91 9.30491
    endloop
  endfacet
  facet normal -0.707101 0 0.707113
    outer loop
      vertex 78.0968 -75 8.83754
      vertex 78.6625 -91 9.40323
      vertex 78.6625 -75 9.40323
    endloop
  endfacet
  facet normal -0.707101 0 0.707113
    outer loop
      vertex 78.6625 -91 9.40323
      vertex 78.0968 -75 8.83754
      vertex 78.0968 -91 8.83754
    endloop
  endfacet
  facet normal -0.707101 0 -0.707113
    outer loop
      vertex 78.0968 -91 2.16246
      vertex 78.6625 -75 1.59677
      vertex 78.6625 -91 1.59677
    endloop
  endfacet
  facet normal -0.707101 0 -0.707113
    outer loop
      vertex 78.6625 -75 1.59677
      vertex 78.0968 -91 2.16246
      vertex 78.0968 -75 2.16246
    endloop
  endfacet
  facet normal 0.707059 -0 0.707155
    outer loop
      vertex 78.6703 -91 1.90001
      vertex 78.818 -75 1.75233
      vertex 78.6703 -75 1.90001
    endloop
  endfacet
  facet normal 0.707059 0 0.707155
    outer loop
      vertex 78.818 -75 1.75233
      vertex 78.6703 -91 1.90001
      vertex 78.818 -91 1.75233
    endloop
  endfacet
  facet normal 0.707243 0 -0.70697
    outer loop
      vertex 78.818 -91 1.75233
      vertex 78.6625 -75 1.59677
      vertex 78.818 -75 1.75233
    endloop
  endfacet
  facet normal 0.707243 0 -0.70697
    outer loop
      vertex 78.6625 -75 1.59677
      vertex 78.818 -91 1.75233
      vertex 78.6625 -91 1.59677
    endloop
  endfacet
  facet normal -0.707143 0 0.707071
    outer loop
      vertex 78.0968 -91 2.16246
      vertex 78.1951 -75 2.26077
      vertex 78.0968 -75 2.16246
    endloop
  endfacet
  facet normal -0.707143 0 0.707071
    outer loop
      vertex 78.1951 -75 2.26077
      vertex 78.0968 -91 2.16246
      vertex 78.1951 -91 2.26077
    endloop
  endfacet
  facet normal 0.707101 0 -0.707113
    outer loop
      vertex 85.3375 -91 1.59677
      vertex 85.9032 -75 2.16246
      vertex 85.9032 -91 2.16246
    endloop
  endfacet
  facet normal 0.707101 0 -0.707113
    outer loop
      vertex 85.9032 -75 2.16246
      vertex 85.3375 -91 1.59677
      vertex 85.3375 -75 1.59677
    endloop
  endfacet
  facet normal -0.707059 0 0.707155
    outer loop
      vertex 85.182 -91 1.75233
      vertex 85.3297 -75 1.90001
      vertex 85.182 -75 1.75233
    endloop
  endfacet
  facet normal -0.707059 0 0.707155
    outer loop
      vertex 85.3297 -75 1.90001
      vertex 85.182 -91 1.75233
      vertex 85.3297 -91 1.90001
    endloop
  endfacet
  facet normal 0.707143 -0 0.707071
    outer loop
      vertex 85.8049 -91 2.26077
      vertex 85.9032 -75 2.16246
      vertex 85.8049 -75 2.26077
    endloop
  endfacet
  facet normal 0.707143 0 0.707071
    outer loop
      vertex 85.9032 -75 2.16246
      vertex 85.8049 -91 2.26077
      vertex 85.9032 -91 2.16246
    endloop
  endfacet
  facet normal -0.707243 0 -0.70697
    outer loop
      vertex 85.3375 -91 1.59677
      vertex 85.182 -75 1.75233
      vertex 85.3375 -75 1.59677
    endloop
  endfacet
  facet normal -0.707243 -0 -0.70697
    outer loop
      vertex 85.182 -75 1.75233
      vertex 85.3375 -91 1.59677
      vertex 85.182 -91 1.75233
    endloop
  endfacet
  facet normal 0.707107 0 -0.707107
    outer loop
      vertex 85.8302 -75 2.28607
      vertex 85.8049 -91 2.26077
      vertex 85.8049 -75 2.26077
    endloop
  endfacet
  facet normal 0.707107 0 -0.707107
    outer loop
      vertex 85.8302 -91.1 2.28607
      vertex 85.8049 -91 2.26077
      vertex 85.8302 -75 2.28607
    endloop
  endfacet
  facet normal 0.707162 2.78058e-05 -0.707052
    outer loop
      vertex 85.4442 -91.1 1.90001
      vertex 85.8049 -91 2.26077
      vertex 85.8302 -91.1 2.28607
    endloop
  endfacet
  facet normal 0.707166 0 -0.707048
    outer loop
      vertex 85.8049 -91 2.26077
      vertex 85.4442 -91.1 1.90001
      vertex 85.4442 -91 1.90001
    endloop
  endfacet
  facet normal 0.819152 0 -0.573577
    outer loop
      vertex 86.3301 -91.1 3
      vertex 85.8302 -75 2.28607
      vertex 86.3301 -75 3
    endloop
  endfacet
  facet normal 0.819152 0 -0.573577
    outer loop
      vertex 85.8302 -75 2.28607
      vertex 86.3301 -91.1 3
      vertex 85.8302 -91.1 2.28607
    endloop
  endfacet
  facet normal -0.819152 0 0.573577
    outer loop
      vertex 77.6699 -91.1 8
      vertex 78.1698 -75 8.71393
      vertex 77.6699 -75 8
    endloop
  endfacet
  facet normal -0.819152 0 0.573577
    outer loop
      vertex 78.1698 -75 8.71393
      vertex 77.6699 -91.1 8
      vertex 78.1698 -91.1 8.71393
    endloop
  endfacet
  facet normal -0.996191 0 -0.0872
    outer loop
      vertex 77.076 -91.1 4.63176
      vertex 77 -75 5.5
      vertex 77.076 -75 4.63176
    endloop
  endfacet
  facet normal -0.996191 -0 -0.0872
    outer loop
      vertex 77 -75 5.5
      vertex 77.076 -91.1 4.63176
      vertex 77 -91.1 5.5
    endloop
  endfacet
  facet normal -0.707107 0 0.707107
    outer loop
      vertex 78.1698 -75 8.71393
      vertex 78.1951 -91 8.73923
      vertex 78.1951 -75 8.73923
    endloop
  endfacet
  facet normal -0.707094 -6.32495e-06 0.707119
    outer loop
      vertex 78.1951 -91 8.73923
      vertex 78.1698 -91.1 8.71393
      vertex 78.7608 -91 9.30491
    endloop
  endfacet
  facet normal -0.707107 0 0.707107
    outer loop
      vertex 78.1698 -91.1 8.71393
      vertex 78.1951 -91 8.73923
      vertex 78.1698 -75 8.71393
    endloop
  endfacet
  facet normal -0.707246 0 0.706967
    outer loop
      vertex 78.7608 -91 9.30491
      vertex 78.7861 -75 9.33022
      vertex 78.7608 -75 9.30491
    endloop
  endfacet
  facet normal -0.707246 0 0.706967
    outer loop
      vertex 78.7608 -91 9.30491
      vertex 78.7861 -91.1 9.33022
      vertex 78.7861 -75 9.33022
    endloop
  endfacet
  facet normal -0.707101 7.36141e-05 0.707113
    outer loop
      vertex 78.7861 -91.1 9.33022
      vertex 78.7608 -91 9.30491
      vertex 78.1698 -91.1 8.71393
    endloop
  endfacet
  facet normal 0.087204 0 0.99619
    outer loop
      vertex 82 -75 10.5
      vertex 82.8682 -79.7 10.424
      vertex 82.8682 -75 10.424
    endloop
  endfacet
  facet normal 0.087204 0 0.99619
    outer loop
      vertex 82.8682 -79.7 10.424
      vertex 82 -75 10.5
      vertex 82 -79.7 10.5
    endloop
  endfacet
  facet normal 0.087204 0 0.99619
    outer loop
      vertex 82 -90.7 10.5
      vertex 82.8682 -91.1 10.424
      vertex 82.8682 -90.7 10.424
    endloop
  endfacet
  facet normal 0.087204 0 0.99619
    outer loop
      vertex 82.8682 -91.1 10.424
      vertex 82 -90.7 10.5
      vertex 82 -91.1 10.5
    endloop
  endfacet
  facet normal 0.087204 0 0.99619
    outer loop
      vertex 82 -84.7 10.5
      vertex 82.8682 -85.7 10.424
      vertex 82.8682 -84.7 10.424
    endloop
  endfacet
  facet normal 0.087204 0 0.99619
    outer loop
      vertex 82.8682 -85.7 10.424
      vertex 82 -84.7 10.5
      vertex 82 -85.7 10.5
    endloop
  endfacet
  facet normal 0 0 -1
    outer loop
      vertex 78.5558 -91.1 1.90001
      vertex 78.6703 -91 1.90001
      vertex 80.0557 -93.1 1.90001
    endloop
  endfacet
  facet normal -0 0 -1
    outer loop
      vertex 78.6703 -91 1.90001
      vertex 78.5558 -91.1 1.90001
      vertex 78.5558 -91 1.90001
    endloop
  endfacet
  facet normal 0 0 -1
    outer loop
      vertex 80.7 -85.7 1.90001
      vertex 83.3 -84.7 1.90001
      vertex 83.3 -85.7 1.90001
    endloop
  endfacet
  facet normal -0 0 -1
    outer loop
      vertex 83.3 -84.7 1.90001
      vertex 80.7 -85.7 1.90001
      vertex 80.7 -84.7 1.90001
    endloop
  endfacet
  facet normal 0 0 -1
    outer loop
      vertex 83.9443 -93.1 1.90001
      vertex 80.7 -90.7 1.90001
      vertex 83.3 -90.7 1.90001
    endloop
  endfacet
  facet normal 0 0 -1
    outer loop
      vertex 78.6703 -91 1.90001
      vertex 80.7 -85.7 1.90001
      vertex 80.7 -90.7 1.90001
    endloop
  endfacet
  facet normal -0 0 -1
    outer loop
      vertex 80.7 -85.7 1.90001
      vertex 78.6703 -91 1.90001
      vertex 80.7 -84.7 1.90001
    endloop
  endfacet
  facet normal 0 0 -1
    outer loop
      vertex 78.6703 -91 1.90001
      vertex 80.7 -90.7 1.90001
      vertex 80.0557 -93.1 1.90001
    endloop
  endfacet
  facet normal 0 0 -1
    outer loop
      vertex 80.0557 -93.1 1.90001
      vertex 80.7 -90.7 1.90001
      vertex 83.9443 -93.1 1.90001
    endloop
  endfacet
  facet normal 0 0 -1
    outer loop
      vertex 85.4442 -91.1 1.90001
      vertex 85.3297 -91 1.90001
      vertex 85.4442 -91 1.90001
    endloop
  endfacet
  facet normal 0 0 -1
    outer loop
      vertex 83.9443 -93.1 1.90001
      vertex 85.3297 -91 1.90001
      vertex 85.4442 -91.1 1.90001
    endloop
  endfacet
  facet normal 0 0 -1
    outer loop
      vertex 83.3 -90.7 1.90001
      vertex 85.3297 -91 1.90001
      vertex 83.9443 -93.1 1.90001
    endloop
  endfacet
  facet normal 0 0 -1
    outer loop
      vertex 85.3297 -91 1.90001
      vertex 83.3 -90.7 1.90001
      vertex 83.3 -85.7 1.90001
    endloop
  endfacet
  facet normal 0 0 -1
    outer loop
      vertex 83.3 -84.7 1.90001
      vertex 85.3297 -91 1.90001
      vertex 83.3 -85.7 1.90001
    endloop
  endfacet
  facet normal 0 0 -1
    outer loop
      vertex 85.3297 -91 1.90001
      vertex 83.3 -84.7 1.90001
      vertex 85.3297 -75 1.90001
    endloop
  endfacet
  facet normal 0 0 -1
    outer loop
      vertex 83.3 -79.7 1.90001
      vertex 85.3297 -75 1.90001
      vertex 83.3 -84.7 1.90001
    endloop
  endfacet
  facet normal 0 0 -1
    outer loop
      vertex 80.7 -79.7 1.90001
      vertex 85.3297 -75 1.90001
      vertex 83.3 -79.7 1.90001
    endloop
  endfacet
  facet normal 0 0 -1
    outer loop
      vertex 78.6703 -75 1.90001
      vertex 80.7 -84.7 1.90001
      vertex 78.6703 -91 1.90001
    endloop
  endfacet
  facet normal 0 0 -1
    outer loop
      vertex 80.7 -79.7 1.90001
      vertex 78.6703 -75 1.90001
      vertex 85.3297 -75 1.90001
    endloop
  endfacet
  facet normal 0 0 -1
    outer loop
      vertex 80.7 -84.7 1.90001
      vertex 78.6703 -75 1.90001
      vertex 80.7 -79.7 1.90001
    endloop
  endfacet
  facet normal -0.258818 0 0.965926
    outer loop
      vertex 81.1318 -75 10.424
      vertex 80.7 -79.7 10.3083
      vertex 81.1318 -79.7 10.424
    endloop
  endfacet
  facet normal -0.25863 0 0.965976
    outer loop
      vertex 80.2899 -75 10.1985
      vertex 80.7 -84.7 10.3083
      vertex 80.7 -79.7 10.3083
    endloop
  endfacet
  facet normal -0.25863 0 0.965976
    outer loop
      vertex 80.2899 -91.1 10.1985
      vertex 80.7 -84.7 10.3083
      vertex 80.2899 -75 10.1985
    endloop
  endfacet
  facet normal -0.25863 0 0.965976
    outer loop
      vertex 80.7 -84.7 10.3083
      vertex 80.2899 -91.1 10.1985
      vertex 80.7 -85.7 10.3083
    endloop
  endfacet
  facet normal -0.258727 -9.01521e-06 0.965951
    outer loop
      vertex 80.2899 -75 10.1985
      vertex 80.7 -79.7 10.3083
      vertex 81.1318 -75 10.424
    endloop
  endfacet
  facet normal -0.258818 0 0.965926
    outer loop
      vertex 80.7 -84.7 10.3083
      vertex 81.1318 -85.7 10.424
      vertex 81.1318 -84.7 10.424
    endloop
  endfacet
  facet normal -0.258818 0 0.965926
    outer loop
      vertex 81.1318 -85.7 10.424
      vertex 80.7 -84.7 10.3083
      vertex 80.7 -85.7 10.3083
    endloop
  endfacet
  facet normal -0.258818 0 0.965926
    outer loop
      vertex 80.7 -90.7 10.3083
      vertex 81.1318 -91.1 10.424
      vertex 81.1318 -90.7 10.424
    endloop
  endfacet
  facet normal -0.258727 0.000105929 0.965951
    outer loop
      vertex 80.7 -90.7 10.3083
      vertex 80.2899 -91.1 10.1985
      vertex 81.1318 -91.1 10.424
    endloop
  endfacet
  facet normal -0.25863 0 0.965976
    outer loop
      vertex 80.7 -85.7 10.3083
      vertex 80.2899 -91.1 10.1985
      vertex 80.7 -90.7 10.3083
    endloop
  endfacet
  facet normal 0.422659 0 0.906289
    outer loop
      vertex 83.7101 -75 10.1985
      vertex 84.5 -91.1 9.83012
      vertex 84.5 -75 9.83012
    endloop
  endfacet
  facet normal 0.422659 0 0.906289
    outer loop
      vertex 84.5 -91.1 9.83012
      vertex 83.7101 -75 10.1985
      vertex 83.7101 -91.1 10.1985
    endloop
  endfacet
  facet normal 0.819152 -0 0.573577
    outer loop
      vertex 85.8302 -91.1 8.71393
      vertex 86.3301 -75 8
      vertex 85.8302 -75 8.71393
    endloop
  endfacet
  facet normal 0.819152 0 0.573577
    outer loop
      vertex 86.3301 -75 8
      vertex 85.8302 -91.1 8.71393
      vertex 86.3301 -91.1 8
    endloop
  endfacet
  facet normal 0.965948 -0 0.258738
    outer loop
      vertex 86.6985 -91.1 7.2101
      vertex 86.924 -75 6.36824
      vertex 86.6985 -75 7.2101
    endloop
  endfacet
  facet normal 0.965948 0 0.258738
    outer loop
      vertex 86.924 -75 6.36824
      vertex 86.6985 -91.1 7.2101
      vertex 86.924 -91.1 6.36824
    endloop
  endfacet
  facet normal 0.258818 0 0.965926
    outer loop
      vertex 82.8682 -84.7 10.424
      vertex 83.3 -85.7 10.3083
      vertex 83.3 -84.7 10.3083
    endloop
  endfacet
  facet normal 0.258818 0 0.965926
    outer loop
      vertex 83.3 -85.7 10.3083
      vertex 82.8682 -84.7 10.424
      vertex 82.8682 -85.7 10.424
    endloop
  endfacet
  facet normal 0.25863 -0 0.965976
    outer loop
      vertex 83.3 -84.7 10.3083
      vertex 83.7101 -75 10.1985
      vertex 83.3 -79.7 10.3083
    endloop
  endfacet
  facet normal 0.258727 -9.01521e-06 0.965951
    outer loop
      vertex 82.8682 -75 10.424
      vertex 83.3 -79.7 10.3083
      vertex 83.7101 -75 10.1985
    endloop
  endfacet
  facet normal 0.258818 0 0.965926
    outer loop
      vertex 83.3 -79.7 10.3083
      vertex 82.8682 -75 10.424
      vertex 82.8682 -79.7 10.424
    endloop
  endfacet
  facet normal 0.25863 0 0.965976
    outer loop
      vertex 83.7101 -75 10.1985
      vertex 83.3 -84.7 10.3083
      vertex 83.7101 -91.1 10.1985
    endloop
  endfacet
  facet normal 0.25863 -0 0.965976
    outer loop
      vertex 83.3 -85.7 10.3083
      vertex 83.7101 -91.1 10.1985
      vertex 83.3 -84.7 10.3083
    endloop
  endfacet
  facet normal 0.25863 -0 0.965976
    outer loop
      vertex 83.3 -90.7 10.3083
      vertex 83.7101 -91.1 10.1985
      vertex 83.3 -85.7 10.3083
    endloop
  endfacet
  facet normal 0.258818 -0 0.965926
    outer loop
      vertex 82.8682 -91.1 10.424
      vertex 83.3 -90.7 10.3083
      vertex 82.8682 -90.7 10.424
    endloop
  endfacet
  facet normal 0.258727 0.000105929 0.965951
    outer loop
      vertex 83.3 -90.7 10.3083
      vertex 82.8682 -91.1 10.424
      vertex 83.7101 -91.1 10.1985
    endloop
  endfacet
  facet normal 0.996191 0 -0.0872
    outer loop
      vertex 87 -91.1 5.5
      vertex 86.924 -75 4.63176
      vertex 87 -75 5.5
    endloop
  endfacet
  facet normal 0.996191 0 -0.0872
    outer loop
      vertex 86.924 -75 4.63176
      vertex 87 -91.1 5.5
      vertex 86.924 -91.1 4.63176
    endloop
  endfacet
  facet normal -0.90628 0 0.422678
    outer loop
      vertex 77.3015 -91.1 7.2101
      vertex 77.6699 -75 8
      vertex 77.3015 -75 7.2101
    endloop
  endfacet
  facet normal -0.90628 0 0.422678
    outer loop
      vertex 77.6699 -75 8
      vertex 77.3015 -91.1 7.2101
      vertex 77.6699 -91.1 8
    endloop
  endfacet
  facet normal -0.422659 0 0.906289
    outer loop
      vertex 79.5 -75 9.83012
      vertex 80.2899 -91.1 10.1985
      vertex 80.2899 -75 10.1985
    endloop
  endfacet
  facet normal -0.422659 0 0.906289
    outer loop
      vertex 80.2899 -91.1 10.1985
      vertex 79.5 -75 9.83012
      vertex 79.5 -91.1 9.83012
    endloop
  endfacet
  facet normal -0.573593 0 0.81914
    outer loop
      vertex 78.7861 -75 9.33022
      vertex 79.5 -91.1 9.83012
      vertex 79.5 -75 9.83012
    endloop
  endfacet
  facet normal -0.573593 0 0.81914
    outer loop
      vertex 79.5 -91.1 9.83012
      vertex 78.7861 -75 9.33022
      vertex 78.7861 -91.1 9.33022
    endloop
  endfacet
  facet normal -0.996191 0 0.0872
    outer loop
      vertex 77 -91.1 5.5
      vertex 77.076 -75 6.36824
      vertex 77 -75 5.5
    endloop
  endfacet
  facet normal -0.996191 0 0.0872
    outer loop
      vertex 77.076 -75 6.36824
      vertex 77 -91.1 5.5
      vertex 77.076 -91.1 6.36824
    endloop
  endfacet
  facet normal -0.965948 0 0.258738
    outer loop
      vertex 77.076 -91.1 6.36824
      vertex 77.3015 -75 7.2101
      vertex 77.076 -75 6.36824
    endloop
  endfacet
  facet normal -0.965948 0 0.258738
    outer loop
      vertex 77.3015 -75 7.2101
      vertex 77.076 -91.1 6.36824
      vertex 77.3015 -91.1 7.2101
    endloop
  endfacet
  facet normal 0.90628 0 -0.422678
    outer loop
      vertex 86.6985 -91.1 3.7899
      vertex 86.3301 -75 3
      vertex 86.6985 -75 3.7899
    endloop
  endfacet
  facet normal 0.90628 0 -0.422678
    outer loop
      vertex 86.3301 -75 3
      vertex 86.6985 -91.1 3.7899
      vertex 86.3301 -91.1 3
    endloop
  endfacet
  facet normal 0.965948 0 -0.258738
    outer loop
      vertex 86.924 -91.1 4.63176
      vertex 86.6985 -75 3.7899
      vertex 86.924 -75 4.63176
    endloop
  endfacet
  facet normal 0.965948 0 -0.258738
    outer loop
      vertex 86.6985 -75 3.7899
      vertex 86.924 -91.1 4.63176
      vertex 86.6985 -91.1 3.7899
    endloop
  endfacet
  facet normal -0.90628 0 -0.422678
    outer loop
      vertex 77.6699 -91.1 3
      vertex 77.3015 -75 3.7899
      vertex 77.6699 -75 3
    endloop
  endfacet
  facet normal -0.90628 -0 -0.422678
    outer loop
      vertex 77.3015 -75 3.7899
      vertex 77.6699 -91.1 3
      vertex 77.3015 -91.1 3.7899
    endloop
  endfacet
  facet normal -0.087204 0 0.99619
    outer loop
      vertex 81.1318 -75 10.424
      vertex 82 -79.7 10.5
      vertex 82 -75 10.5
    endloop
  endfacet
  facet normal -0.087204 0 0.99619
    outer loop
      vertex 82 -79.7 10.5
      vertex 81.1318 -75 10.424
      vertex 81.1318 -79.7 10.424
    endloop
  endfacet
  facet normal -0.087204 0 0.99619
    outer loop
      vertex 81.1318 -90.7 10.424
      vertex 82 -91.1 10.5
      vertex 82 -90.7 10.5
    endloop
  endfacet
  facet normal -0.087204 0 0.99619
    outer loop
      vertex 82 -91.1 10.5
      vertex 81.1318 -90.7 10.424
      vertex 81.1318 -91.1 10.424
    endloop
  endfacet
  facet normal -0.087204 0 0.99619
    outer loop
      vertex 81.1318 -84.7 10.424
      vertex 82 -85.7 10.5
      vertex 82 -84.7 10.5
    endloop
  endfacet
  facet normal -0.087204 0 0.99619
    outer loop
      vertex 82 -85.7 10.5
      vertex 81.1318 -84.7 10.424
      vertex 81.1318 -85.7 10.424
    endloop
  endfacet
  facet normal -0.965948 0 -0.258738
    outer loop
      vertex 77.3015 -91.1 3.7899
      vertex 77.076 -75 4.63176
      vertex 77.3015 -75 3.7899
    endloop
  endfacet
  facet normal -0.965948 -0 -0.258738
    outer loop
      vertex 77.076 -75 4.63176
      vertex 77.3015 -91.1 3.7899
      vertex 77.076 -91.1 4.63176
    endloop
  endfacet
  facet normal -0.819152 0 -0.573577
    outer loop
      vertex 78.1698 -91.1 2.28607
      vertex 77.6699 -75 3
      vertex 78.1698 -75 2.28607
    endloop
  endfacet
  facet normal -0.819152 -0 -0.573577
    outer loop
      vertex 77.6699 -75 3
      vertex 78.1698 -91.1 2.28607
      vertex 77.6699 -91.1 3
    endloop
  endfacet
  facet normal 0.90628 -0 0.422678
    outer loop
      vertex 86.3301 -91.1 8
      vertex 86.6985 -75 7.2101
      vertex 86.3301 -75 8
    endloop
  endfacet
  facet normal 0.90628 0 0.422678
    outer loop
      vertex 86.6985 -75 7.2101
      vertex 86.3301 -91.1 8
      vertex 86.6985 -91.1 7.2101
    endloop
  endfacet
  facet normal 0.707246 0 0.706967
    outer loop
      vertex 85.2139 -75 9.33022
      vertex 85.2392 -91 9.30491
      vertex 85.2392 -75 9.30491
    endloop
  endfacet
  facet normal 0.707094 7.70369e-05 0.707119
    outer loop
      vertex 85.2392 -91 9.30491
      vertex 85.2139 -91.1 9.33022
      vertex 85.8049 -91 8.73923
    endloop
  endfacet
  facet normal 0.707246 -0 0.706967
    outer loop
      vertex 85.2139 -91.1 9.33022
      vertex 85.2392 -91 9.30491
      vertex 85.2139 -75 9.33022
    endloop
  endfacet
  facet normal 0.707107 -0 0.707107
    outer loop
      vertex 85.8049 -91 8.73923
      vertex 85.8302 -75 8.71393
      vertex 85.8049 -75 8.73923
    endloop
  endfacet
  facet normal 0.707107 0 0.707107
    outer loop
      vertex 85.8049 -91 8.73923
      vertex 85.8302 -91.1 8.71393
      vertex 85.8302 -75 8.71393
    endloop
  endfacet
  facet normal 0.707101 -2.9028e-06 0.707113
    outer loop
      vertex 85.8302 -91.1 8.71393
      vertex 85.8049 -91 8.73923
      vertex 85.2139 -91.1 9.33022
    endloop
  endfacet
  facet normal 0.573593 0 0.81914
    outer loop
      vertex 84.5 -75 9.83012
      vertex 85.2139 -91.1 9.33022
      vertex 85.2139 -75 9.33022
    endloop
  endfacet
  facet normal 0.573593 0 0.81914
    outer loop
      vertex 85.2139 -91.1 9.33022
      vertex 84.5 -75 9.83012
      vertex 84.5 -91.1 9.83012
    endloop
  endfacet
  facet normal 0.996191 -0 0.0872
    outer loop
      vertex 86.924 -91.1 6.36824
      vertex 87 -75 5.5
      vertex 86.924 -75 6.36824
    endloop
  endfacet
  facet normal 0.996191 0 0.0872
    outer loop
      vertex 87 -75 5.5
      vertex 86.924 -91.1 6.36824
      vertex 87 -91.1 5.5
    endloop
  endfacet
  facet normal -0.707166 -0 -0.707048
    outer loop
      vertex 78.5558 -91 1.90001
      vertex 78.5558 -91.1 1.90001
      vertex 78.1951 -91 2.26077
    endloop
  endfacet
  facet normal -0.707107 0 -0.707107
    outer loop
      vertex 78.1951 -91 2.26077
      vertex 78.1698 -75 2.28607
      vertex 78.1951 -75 2.26077
    endloop
  endfacet
  facet normal -0.707107 0 -0.707107
    outer loop
      vertex 78.1951 -91 2.26077
      vertex 78.1698 -91.1 2.28607
      vertex 78.1698 -75 2.28607
    endloop
  endfacet
  facet normal -0.707162 2.78058e-05 -0.707052
    outer loop
      vertex 78.1698 -91.1 2.28607
      vertex 78.1951 -91 2.26077
      vertex 78.5558 -91.1 1.90001
    endloop
  endfacet
  facet normal 0.0795744 -0.409057 0.909033
    outer loop
      vertex 82.8682 -91.1 10.424
      vertex 82 -91.1 10.5
      vertex 82.7119 -93.1 9.5377
    endloop
  endfacet
  facet normal 0.523407 -0.409064 0.74747
    outer loop
      vertex 85.2139 -91.1 9.33022
      vertex 84.5 -91.1 9.83012
      vertex 84.6354 -93.1 8.64078
    endloop
  endfacet
  facet normal 0.747496 -0.409061 0.523373
    outer loop
      vertex 86.3301 -91.1 8
      vertex 85.1408 -93.1 8.13542
      vertex 85.5507 -93.1 7.54999
    endloop
  endfacet
  facet normal -0.236136 -0.409058 0.881426
    outer loop
      vertex 81.1318 -91.1 10.424
      vertex 80.5977 -93.1 9.35274
      vertex 81.2881 -93.1 9.5377
    endloop
  endfacet
  facet normal 0.909033 -0.409056 0.0795708
    outer loop
      vertex 86.924 -91.1 6.36824
      vertex 86.0377 -93.1 6.21194
      vertex 87 -91.1 5.5
    endloop
  endfacet
  facet normal -0.385664 -0.409068 0.826998
    outer loop
      vertex 80.5977 -93.1 9.35274
      vertex 79.5 -91.1 9.83012
      vertex 79.95 -93.1 9.05069
    endloop
  endfacet
  facet normal 0.826974 -0.409091 -0.385691
    outer loop
      vertex 86.6985 -91.1 3.7899
      vertex 85.8527 -93.1 4.09773
      vertex 86.3301 -91.1 3
    endloop
  endfacet
  facet normal 0.402937 -0.302182 -0.863903
    outer loop
      vertex 84.05 -93.1 1.94931
      vertex 83.9443 -93.1 1.90001
      vertex 85.4442 -91.1 1.90001
    endloop
  endfacet
  facet normal 0.827032 -0.409057 0.385604
    outer loop
      vertex 86.3301 -91.1 8
      vertex 85.5507 -93.1 7.54999
      vertex 85.8527 -93.1 6.90227
    endloop
  endfacet
  facet normal -0.528827 -0.387262 -0.755228
    outer loop
      vertex 79.3646 -93.1 2.35922
      vertex 78.5558 -91.1 1.90001
      vertex 79.95 -93.1 1.94931
    endloop
  endfacet
  facet normal -0.747485 -0.409053 0.523395
    outer loop
      vertex 78.1698 -91.1 8.71393
      vertex 77.6699 -91.1 8
      vertex 78.8592 -93.1 8.13542
    endloop
  endfacet
  facet normal -0.0795744 -0.409057 0.909033
    outer loop
      vertex 82 -91.1 10.5
      vertex 81.1318 -91.1 10.424
      vertex 81.2881 -93.1 9.5377
    endloop
  endfacet
  facet normal 0.881421 -0.409092 0.236097
    outer loop
      vertex 86.6985 -91.1 7.2101
      vertex 85.8527 -93.1 6.90227
      vertex 86.924 -91.1 6.36824
    endloop
  endfacet
  facet normal -0.645217 -0.409053 0.645268
    outer loop
      vertex 79.3646 -93.1 8.64078
      vertex 78.1698 -91.1 8.71393
      vertex 78.8592 -93.1 8.13542
    endloop
  endfacet
  facet normal -0.645234 -0.409063 0.645245
    outer loop
      vertex 78.1698 -91.1 8.71393
      vertex 79.3646 -93.1 8.64078
      vertex 78.7861 -91.1 9.33022
    endloop
  endfacet
  facet normal -0.827032 -0.409057 0.385604
    outer loop
      vertex 78.4493 -93.1 7.54999
      vertex 77.6699 -91.1 8
      vertex 78.1473 -93.1 6.90227
    endloop
  endfacet
  facet normal -0.747496 -0.409061 0.523373
    outer loop
      vertex 78.8592 -93.1 8.13542
      vertex 77.6699 -91.1 8
      vertex 78.4493 -93.1 7.54999
    endloop
  endfacet
  facet normal -0.826974 -0.409091 0.385691
    outer loop
      vertex 77.6699 -91.1 8
      vertex 77.3015 -91.1 7.2101
      vertex 78.1473 -93.1 6.90227
    endloop
  endfacet
  facet normal -0.523398 -0.409067 0.747475
    outer loop
      vertex 79.5 -91.1 9.83012
      vertex 79.3646 -93.1 8.64078
      vertex 79.95 -93.1 9.05069
    endloop
  endfacet
  facet normal 0.523398 -0.409067 0.747475
    outer loop
      vertex 84.5 -91.1 9.83012
      vertex 84.05 -93.1 9.05069
      vertex 84.6354 -93.1 8.64078
    endloop
  endfacet
  facet normal -0.385677 -0.409073 0.82699
    outer loop
      vertex 80.2899 -91.1 10.1985
      vertex 79.5 -91.1 9.83012
      vertex 80.5977 -93.1 9.35274
    endloop
  endfacet
  facet normal -0.523407 -0.409064 0.74747
    outer loop
      vertex 79.5 -91.1 9.83012
      vertex 78.7861 -91.1 9.33022
      vertex 79.3646 -93.1 8.64078
    endloop
  endfacet
  facet normal 0.881421 -0.409092 -0.236097
    outer loop
      vertex 86.924 -91.1 4.63176
      vertex 85.8527 -93.1 4.09773
      vertex 86.6985 -91.1 3.7899
    endloop
  endfacet
  facet normal 0.385677 -0.409073 0.82699
    outer loop
      vertex 83.7101 -91.1 10.1985
      vertex 83.4023 -93.1 9.35274
      vertex 84.5 -91.1 9.83012
    endloop
  endfacet
  facet normal 0.645234 -0.409063 0.645245
    outer loop
      vertex 84.6354 -93.1 8.64078
      vertex 85.8302 -91.1 8.71393
      vertex 85.2139 -91.1 9.33022
    endloop
  endfacet
  facet normal 0.645217 -0.409053 0.645268
    outer loop
      vertex 85.8302 -91.1 8.71393
      vertex 84.6354 -93.1 8.64078
      vertex 85.1408 -93.1 8.13542
    endloop
  endfacet
  facet normal 0.747485 -0.409053 0.523395
    outer loop
      vertex 85.8302 -91.1 8.71393
      vertex 85.1408 -93.1 8.13542
      vertex 86.3301 -91.1 8
    endloop
  endfacet
  facet normal 0.528827 -0.387262 -0.755228
    outer loop
      vertex 84.6354 -93.1 2.35922
      vertex 84.05 -93.1 1.94931
      vertex 85.4442 -91.1 1.90001
    endloop
  endfacet
  facet normal 0.385664 -0.409068 0.826998
    outer loop
      vertex 84.5 -91.1 9.83012
      vertex 83.4023 -93.1 9.35274
      vertex 84.05 -93.1 9.05069
    endloop
  endfacet
  facet normal 0.881408 -0.409055 -0.236207
    outer loop
      vertex 86.0377 -93.1 4.78806
      vertex 85.8527 -93.1 4.09773
      vertex 86.924 -91.1 4.63176
    endloop
  endfacet
  facet normal 0 -1 0
    outer loop
      vertex 81.2881 -93.1 9.5377
      vertex 82.7119 -93.1 9.5377
      vertex 82 -93.1 9.59999
    endloop
  endfacet
  facet normal 0 -1 0
    outer loop
      vertex 80.5977 -93.1 9.35274
      vertex 82.7119 -93.1 9.5377
      vertex 81.2881 -93.1 9.5377
    endloop
  endfacet
  facet normal 0 -1 0
    outer loop
      vertex 80.5977 -93.1 9.35274
      vertex 83.4023 -93.1 9.35274
      vertex 82.7119 -93.1 9.5377
    endloop
  endfacet
  facet normal 0 -1 0
    outer loop
      vertex 79.95 -93.1 9.05069
      vertex 83.4023 -93.1 9.35274
      vertex 80.5977 -93.1 9.35274
    endloop
  endfacet
  facet normal 0 -1 0
    outer loop
      vertex 79.95 -93.1 9.05069
      vertex 84.05 -93.1 9.05069
      vertex 83.4023 -93.1 9.35274
    endloop
  endfacet
  facet normal 0 -1 0
    outer loop
      vertex 79.3646 -93.1 8.64078
      vertex 84.05 -93.1 9.05069
      vertex 79.95 -93.1 9.05069
    endloop
  endfacet
  facet normal 0 -1 0
    outer loop
      vertex 79.3646 -93.1 8.64078
      vertex 84.6354 -93.1 8.64078
      vertex 84.05 -93.1 9.05069
    endloop
  endfacet
  facet normal 0 -1 0
    outer loop
      vertex 78.8592 -93.1 8.13542
      vertex 84.6354 -93.1 8.64078
      vertex 79.3646 -93.1 8.64078
    endloop
  endfacet
  facet normal 0 -1 0
    outer loop
      vertex 78.8592 -93.1 8.13542
      vertex 85.1408 -93.1 8.13542
      vertex 84.6354 -93.1 8.64078
    endloop
  endfacet
  facet normal 0 -1 0
    outer loop
      vertex 78.4493 -93.1 7.54999
      vertex 85.1408 -93.1 8.13542
      vertex 78.8592 -93.1 8.13542
    endloop
  endfacet
  facet normal 0 -1 0
    outer loop
      vertex 78.4493 -93.1 7.54999
      vertex 85.5507 -93.1 7.54999
      vertex 85.1408 -93.1 8.13542
    endloop
  endfacet
  facet normal 0 -1 0
    outer loop
      vertex 78.1473 -93.1 6.90227
      vertex 85.5507 -93.1 7.54999
      vertex 78.4493 -93.1 7.54999
    endloop
  endfacet
  facet normal 0 -1 0
    outer loop
      vertex 78.1473 -93.1 6.90227
      vertex 85.8527 -93.1 6.90227
      vertex 85.5507 -93.1 7.54999
    endloop
  endfacet
  facet normal 0 -1 0
    outer loop
      vertex 77.9623 -93.1 6.21194
      vertex 85.8527 -93.1 6.90227
      vertex 78.1473 -93.1 6.90227
    endloop
  endfacet
  facet normal 0 -1 0
    outer loop
      vertex 77.9623 -93.1 6.21194
      vertex 86.0377 -93.1 6.21194
      vertex 85.8527 -93.1 6.90227
    endloop
  endfacet
  facet normal 0 -1 0
    outer loop
      vertex 77.9 -93.1 5.5
      vertex 86.0377 -93.1 6.21194
      vertex 77.9623 -93.1 6.21194
    endloop
  endfacet
  facet normal 0 -1 0
    outer loop
      vertex 77.9 -93.1 5.5
      vertex 86.1 -93.1 5.5
      vertex 86.0377 -93.1 6.21194
    endloop
  endfacet
  facet normal 0 -1 0
    outer loop
      vertex 77.9623 -93.1 4.78806
      vertex 86.1 -93.1 5.5
      vertex 77.9 -93.1 5.5
    endloop
  endfacet
  facet normal 0 -1 0
    outer loop
      vertex 77.9623 -93.1 4.78806
      vertex 86.0377 -93.1 4.78806
      vertex 86.1 -93.1 5.5
    endloop
  endfacet
  facet normal 0 -1 0
    outer loop
      vertex 78.1473 -93.1 4.09773
      vertex 86.0377 -93.1 4.78806
      vertex 77.9623 -93.1 4.78806
    endloop
  endfacet
  facet normal 0 -1 0
    outer loop
      vertex 78.1473 -93.1 4.09773
      vertex 85.8527 -93.1 4.09773
      vertex 86.0377 -93.1 4.78806
    endloop
  endfacet
  facet normal 0 -1 0
    outer loop
      vertex 78.4493 -93.1 3.45001
      vertex 85.8527 -93.1 4.09773
      vertex 78.1473 -93.1 4.09773
    endloop
  endfacet
  facet normal 0 -1 0
    outer loop
      vertex 78.4493 -93.1 3.45001
      vertex 85.5507 -93.1 3.45001
      vertex 85.8527 -93.1 4.09773
    endloop
  endfacet
  facet normal 0 -1 0
    outer loop
      vertex 78.8592 -93.1 2.86458
      vertex 85.5507 -93.1 3.45001
      vertex 78.4493 -93.1 3.45001
    endloop
  endfacet
  facet normal 0 -1 0
    outer loop
      vertex 78.8592 -93.1 2.86458
      vertex 85.1408 -93.1 2.86458
      vertex 85.5507 -93.1 3.45001
    endloop
  endfacet
  facet normal 0 -1 0
    outer loop
      vertex 80.0557 -93.1 1.90001
      vertex 78.8592 -93.1 2.86458
      vertex 79.3646 -93.1 2.35922
    endloop
  endfacet
  facet normal 0 -1 0
    outer loop
      vertex 78.8592 -93.1 2.86458
      vertex 80.0557 -93.1 1.90001
      vertex 85.1408 -93.1 2.86458
    endloop
  endfacet
  facet normal 0 -1 0
    outer loop
      vertex 80.0557 -93.1 1.90001
      vertex 79.3646 -93.1 2.35922
      vertex 79.95 -93.1 1.94931
    endloop
  endfacet
  facet normal 0 -1 0
    outer loop
      vertex 83.9443 -93.1 1.90001
      vertex 85.1408 -93.1 2.86458
      vertex 80.0557 -93.1 1.90001
    endloop
  endfacet
  facet normal 0 -1 0
    outer loop
      vertex 85.1408 -93.1 2.86458
      vertex 83.9443 -93.1 1.90001
      vertex 84.6354 -93.1 2.35922
    endloop
  endfacet
  facet normal 0 -1 0
    outer loop
      vertex 84.6354 -93.1 2.35922
      vertex 83.9443 -93.1 1.90001
      vertex 84.05 -93.1 1.94931
    endloop
  endfacet
  facet normal 0.881408 -0.409055 0.236207
    outer loop
      vertex 86.924 -91.1 6.36824
      vertex 85.8527 -93.1 6.90227
      vertex 86.0377 -93.1 6.21194
    endloop
  endfacet
  facet normal -0.236088 -0.409074 0.881431
    outer loop
      vertex 81.1318 -91.1 10.424
      vertex 80.2899 -91.1 10.1985
      vertex 80.5977 -93.1 9.35274
    endloop
  endfacet
  facet normal 0.747485 -0.409053 -0.523395
    outer loop
      vertex 86.3301 -91.1 3
      vertex 85.1408 -93.1 2.86458
      vertex 85.8302 -91.1 2.28607
    endloop
  endfacet
  facet normal 0.236136 -0.409058 0.881426
    outer loop
      vertex 82.8682 -91.1 10.424
      vertex 82.7119 -93.1 9.5377
      vertex 83.4023 -93.1 9.35274
    endloop
  endfacet
  facet normal 0.236088 -0.409074 0.881431
    outer loop
      vertex 83.7101 -91.1 10.1985
      vertex 82.8682 -91.1 10.424
      vertex 83.4023 -93.1 9.35274
    endloop
  endfacet
  facet normal 0.0795386 -0.409068 0.909031
    outer loop
      vertex 82 -91.1 10.5
      vertex 82 -93.1 9.59999
      vertex 82.7119 -93.1 9.5377
    endloop
  endfacet
  facet normal -0.0795386 -0.409068 0.909031
    outer loop
      vertex 82 -91.1 10.5
      vertex 81.2881 -93.1 9.5377
      vertex 82 -93.1 9.59999
    endloop
  endfacet
  facet normal -0.909032 -0.409064 0.079547
    outer loop
      vertex 77.9623 -93.1 6.21194
      vertex 77 -91.1 5.5
      vertex 77.9 -93.1 5.5
    endloop
  endfacet
  facet normal -0.402937 -0.302182 -0.863903
    outer loop
      vertex 79.95 -93.1 1.94931
      vertex 78.5558 -91.1 1.90001
      vertex 80.0557 -93.1 1.90001
    endloop
  endfacet
  facet normal -0.826974 -0.409091 -0.385691
    outer loop
      vertex 78.1473 -93.1 4.09773
      vertex 77.3015 -91.1 3.7899
      vertex 77.6699 -91.1 3
    endloop
  endfacet
  facet normal 0.747496 -0.409061 -0.523373
    outer loop
      vertex 85.5507 -93.1 3.45001
      vertex 85.1408 -93.1 2.86458
      vertex 86.3301 -91.1 3
    endloop
  endfacet
  facet normal 0.909033 -0.409056 -0.0795708
    outer loop
      vertex 87 -91.1 5.5
      vertex 86.0377 -93.1 4.78806
      vertex 86.924 -91.1 4.63176
    endloop
  endfacet
  facet normal -0.645281 -0.409089 -0.645181
    outer loop
      vertex 79.3646 -93.1 2.35922
      vertex 78.1698 -91.1 2.28607
      vertex 78.5558 -91.1 1.90001
    endloop
  endfacet
  facet normal -0.645217 -0.409053 -0.645268
    outer loop
      vertex 78.1698 -91.1 2.28607
      vertex 79.3646 -93.1 2.35922
      vertex 78.8592 -93.1 2.86458
    endloop
  endfacet
  facet normal 0.909032 -0.409064 -0.079547
    outer loop
      vertex 86.1 -93.1 5.5
      vertex 86.0377 -93.1 4.78806
      vertex 87 -91.1 5.5
    endloop
  endfacet
  facet normal 0.827032 -0.409057 -0.385604
    outer loop
      vertex 85.8527 -93.1 4.09773
      vertex 85.5507 -93.1 3.45001
      vertex 86.3301 -91.1 3
    endloop
  endfacet
  facet normal -0.747485 -0.409053 -0.523395
    outer loop
      vertex 78.8592 -93.1 2.86458
      vertex 77.6699 -91.1 3
      vertex 78.1698 -91.1 2.28607
    endloop
  endfacet
  facet normal 0.909032 -0.409064 0.079547
    outer loop
      vertex 87 -91.1 5.5
      vertex 86.0377 -93.1 6.21194
      vertex 86.1 -93.1 5.5
    endloop
  endfacet
  facet normal 0.826974 -0.409091 0.385691
    outer loop
      vertex 86.3301 -91.1 8
      vertex 85.8527 -93.1 6.90227
      vertex 86.6985 -91.1 7.2101
    endloop
  endfacet
  facet normal -0.881408 -0.409055 0.236207
    outer loop
      vertex 78.1473 -93.1 6.90227
      vertex 77.076 -91.1 6.36824
      vertex 77.9623 -93.1 6.21194
    endloop
  endfacet
  facet normal -0.827032 -0.409057 -0.385604
    outer loop
      vertex 78.1473 -93.1 4.09773
      vertex 77.6699 -91.1 3
      vertex 78.4493 -93.1 3.45001
    endloop
  endfacet
  facet normal -0.881421 -0.409092 0.236097
    outer loop
      vertex 77.3015 -91.1 7.2101
      vertex 77.076 -91.1 6.36824
      vertex 78.1473 -93.1 6.90227
    endloop
  endfacet
  facet normal -0.747496 -0.409061 -0.523373
    outer loop
      vertex 78.4493 -93.1 3.45001
      vertex 77.6699 -91.1 3
      vertex 78.8592 -93.1 2.86458
    endloop
  endfacet
  facet normal -0.909032 -0.409064 -0.079547
    outer loop
      vertex 77.9 -93.1 5.5
      vertex 77 -91.1 5.5
      vertex 77.9623 -93.1 4.78806
    endloop
  endfacet
  facet normal -0.909033 -0.409056 0.0795708
    outer loop
      vertex 77.076 -91.1 6.36824
      vertex 77 -91.1 5.5
      vertex 77.9623 -93.1 6.21194
    endloop
  endfacet
  facet normal -0.881408 -0.409055 -0.236207
    outer loop
      vertex 77.9623 -93.1 4.78806
      vertex 77.076 -91.1 4.63176
      vertex 78.1473 -93.1 4.09773
    endloop
  endfacet
  facet normal -0.909033 -0.409056 -0.0795708
    outer loop
      vertex 77.9623 -93.1 4.78806
      vertex 77 -91.1 5.5
      vertex 77.076 -91.1 4.63176
    endloop
  endfacet
  facet normal -0.881421 -0.409092 -0.236097
    outer loop
      vertex 78.1473 -93.1 4.09773
      vertex 77.076 -91.1 4.63176
      vertex 77.3015 -91.1 3.7899
    endloop
  endfacet
  facet normal 0.645217 -0.409053 -0.645268
    outer loop
      vertex 84.6354 -93.1 2.35922
      vertex 85.8302 -91.1 2.28607
      vertex 85.1408 -93.1 2.86458
    endloop
  endfacet
  facet normal 0.645281 -0.409089 -0.645181
    outer loop
      vertex 85.8302 -91.1 2.28607
      vertex 84.6354 -93.1 2.35922
      vertex 85.4442 -91.1 1.90001
    endloop
  endfacet
  facet normal -1 0 0
    outer loop
      vertex 83.3 -84.7 1.90001
      vertex 83.3 -79.7 10.3083
      vertex 83.3 -79.7 1.90001
    endloop
  endfacet
  facet normal -1 -0 0
    outer loop
      vertex 83.3 -79.7 10.3083
      vertex 83.3 -84.7 1.90001
      vertex 83.3 -84.7 10.3083
    endloop
  endfacet
  facet normal 0 1 0
    outer loop
      vertex 83.3 -84.7 10.3083
      vertex 82 -84.7 10.5
      vertex 82.8682 -84.7 10.424
    endloop
  endfacet
  facet normal 0 1 0
    outer loop
      vertex 80.7 -84.7 10.3083
      vertex 82 -84.7 10.5
      vertex 83.3 -84.7 10.3083
    endloop
  endfacet
  facet normal 0 1 0
    outer loop
      vertex 82 -84.7 10.5
      vertex 80.7 -84.7 10.3083
      vertex 81.1318 -84.7 10.424
    endloop
  endfacet
  facet normal 0 1 -0
    outer loop
      vertex 83.3 -84.7 1.90001
      vertex 80.7 -84.7 10.3083
      vertex 83.3 -84.7 10.3083
    endloop
  endfacet
  facet normal 0 1 0
    outer loop
      vertex 80.7 -84.7 10.3083
      vertex 83.3 -84.7 1.90001
      vertex 80.7 -84.7 1.90001
    endloop
  endfacet
  facet normal 0 -1 0
    outer loop
      vertex 80.7 -79.7 10.3083
      vertex 82 -79.7 10.5
      vertex 81.1318 -79.7 10.424
    endloop
  endfacet
  facet normal 0 -1 0
    outer loop
      vertex 83.3 -79.7 10.3083
      vertex 82 -79.7 10.5
      vertex 80.7 -79.7 10.3083
    endloop
  endfacet
  facet normal 0 -1 0
    outer loop
      vertex 82 -79.7 10.5
      vertex 83.3 -79.7 10.3083
      vertex 82.8682 -79.7 10.424
    endloop
  endfacet
  facet normal 0 -1 0
    outer loop
      vertex 80.7 -79.7 1.90001
      vertex 83.3 -79.7 10.3083
      vertex 80.7 -79.7 10.3083
    endloop
  endfacet
  facet normal 0 -1 -0
    outer loop
      vertex 83.3 -79.7 10.3083
      vertex 80.7 -79.7 1.90001
      vertex 83.3 -79.7 1.90001
    endloop
  endfacet
  facet normal 1 -0 0
    outer loop
      vertex 80.7 -84.7 10.3083
      vertex 80.7 -79.7 1.90001
      vertex 80.7 -79.7 10.3083
    endloop
  endfacet
  facet normal 1 0 0
    outer loop
      vertex 80.7 -79.7 1.90001
      vertex 80.7 -84.7 10.3083
      vertex 80.7 -84.7 1.90001
    endloop
  endfacet
  facet normal -1 0 0
    outer loop
      vertex 83.3 -90.7 1.90001
      vertex 83.3 -85.7 10.3083
      vertex 83.3 -85.7 1.90001
    endloop
  endfacet
  facet normal -1 -0 0
    outer loop
      vertex 83.3 -85.7 10.3083
      vertex 83.3 -90.7 1.90001
      vertex 83.3 -90.7 10.3083
    endloop
  endfacet
  facet normal 0 1 0
    outer loop
      vertex 83.3 -90.7 10.3083
      vertex 82 -90.7 10.5
      vertex 82.8682 -90.7 10.424
    endloop
  endfacet
  facet normal 0 1 0
    outer loop
      vertex 80.7 -90.7 10.3083
      vertex 82 -90.7 10.5
      vertex 83.3 -90.7 10.3083
    endloop
  endfacet
  facet normal 0 1 0
    outer loop
      vertex 82 -90.7 10.5
      vertex 80.7 -90.7 10.3083
      vertex 81.1318 -90.7 10.424
    endloop
  endfacet
  facet normal 0 1 -0
    outer loop
      vertex 83.3 -90.7 1.90001
      vertex 80.7 -90.7 10.3083
      vertex 83.3 -90.7 10.3083
    endloop
  endfacet
  facet normal 0 1 0
    outer loop
      vertex 80.7 -90.7 10.3083
      vertex 83.3 -90.7 1.90001
      vertex 80.7 -90.7 1.90001
    endloop
  endfacet
  facet normal 0 -1 0
    outer loop
      vertex 80.7 -85.7 10.3083
      vertex 82 -85.7 10.5
      vertex 81.1318 -85.7 10.424
    endloop
  endfacet
  facet normal 0 -1 0
    outer loop
      vertex 83.3 -85.7 10.3083
      vertex 82 -85.7 10.5
      vertex 80.7 -85.7 10.3083
    endloop
  endfacet
  facet normal 0 -1 0
    outer loop
      vertex 82 -85.7 10.5
      vertex 83.3 -85.7 10.3083
      vertex 82.8682 -85.7 10.424
    endloop
  endfacet
  facet normal 0 -1 0
    outer loop
      vertex 80.7 -85.7 1.90001
      vertex 83.3 -85.7 10.3083
      vertex 80.7 -85.7 10.3083
    endloop
  endfacet
  facet normal 0 -1 -0
    outer loop
      vertex 83.3 -85.7 10.3083
      vertex 80.7 -85.7 1.90001
      vertex 83.3 -85.7 1.90001
    endloop
  endfacet
  facet normal 1 -0 0
    outer loop
      vertex 80.7 -90.7 10.3083
      vertex 80.7 -85.7 1.90001
      vertex 80.7 -85.7 10.3083
    endloop
  endfacet
  facet normal 1 0 0
    outer loop
      vertex 80.7 -85.7 1.90001
      vertex 80.7 -90.7 10.3083
      vertex 80.7 -90.7 1.90001
    endloop
  endfacet
  facet normal 0.649458 0 0.760397
    outer loop
      vertex 87.073 75 11
      vertex 87.3033 -75 10.8033
      vertex 87.3033 75 10.8033
    endloop
  endfacet
  facet normal 0.649458 0 0.760397
    outer loop
      vertex 87.3033 -75 10.8033
      vertex 87.073 75 11
      vertex 87.073 -75 11
    endloop
  endfacet
  facet normal -0.649458 0 0.760397
    outer loop
      vertex 76.6967 75 10.8033
      vertex 76.927 -75 11
      vertex 76.927 75 11
    endloop
  endfacet
  facet normal -0.649458 0 0.760397
    outer loop
      vertex 76.927 -75 11
      vertex 76.6967 75 10.8033
      vertex 76.6967 -75 10.8033
    endloop
  endfacet
  facet normal 0.923871 -0 0.382705
    outer loop
      vertex 88.6825 -75 8.90492
      vertex 89.1329 75 7.81763
      vertex 88.6825 75 8.90492
    endloop
  endfacet
  facet normal 0.923871 0 0.382705
    outer loop
      vertex 89.1329 75 7.81763
      vertex 88.6825 -75 8.90492
      vertex 89.1329 -75 7.81763
    endloop
  endfacet
  facet normal 0.99692 -0 0.078428
    outer loop
      vertex 89.4077 -75 6.67325
      vertex 89.5 75 5.5
      vertex 89.4077 75 6.67325
    endloop
  endfacet
  facet normal 0.99692 0 0.078428
    outer loop
      vertex 89.5 75 5.5
      vertex 89.4077 -75 6.67325
      vertex 89.5 -75 5.5
    endloop
  endfacet
  facet normal -0.233432 0 -0.972373
    outer loop
      vertex 79.6824 -75 -1.63292
      vertex 80.8268 75 -1.90765
      vertex 80.8268 -75 -1.90765
    endloop
  endfacet
  facet normal -0.233432 0 -0.972373
    outer loop
      vertex 80.8268 75 -1.90765
      vertex 79.6824 -75 -1.63292
      vertex 79.6824 75 -1.63292
    endloop
  endfacet
  facet normal 0.522478 0 -0.852653
    outer loop
      vertex 85.4049 -75 -1.18254
      vertex 86.4084 75 -0.567627
      vertex 86.4084 -75 -0.567627
    endloop
  endfacet
  facet normal 0.522478 0 -0.852653
    outer loop
      vertex 86.4084 75 -0.567627
      vertex 85.4049 -75 -1.18254
      vertex 85.4049 75 -1.18254
    endloop
  endfacet
  facet normal -0.649454 0 -0.760401
    outer loop
      vertex 76.6967 -75 0.196701
      vertex 77.5916 75 -0.567627
      vertex 77.5916 -75 -0.567627
    endloop
  endfacet
  facet normal -0.649454 0 -0.760401
    outer loop
      vertex 77.5916 75 -0.567627
      vertex 76.6967 -75 0.196701
      vertex 76.6967 75 0.196701
    endloop
  endfacet
  facet normal -0 0 1
    outer loop
      vertex 76.927 75 11
      vertex 87.073 -75 11
      vertex 87.073 75 11
    endloop
  endfacet
  facet normal 0 0 1
    outer loop
      vertex 87.073 -75 11
      vertex 76.927 75 11
      vertex 76.927 -75 11
    endloop
  endfacet
  facet normal 0.99692 0 -0.078428
    outer loop
      vertex 89.5 -75 5.5
      vertex 89.4077 75 4.32675
      vertex 89.5 75 5.5
    endloop
  endfacet
  facet normal 0.99692 0 -0.078428
    outer loop
      vertex 89.4077 75 4.32675
      vertex 89.5 -75 5.5
      vertex 89.4077 -75 4.32675
    endloop
  endfacet
  facet normal -0.972359 0 0.233492
    outer loop
      vertex 74.5923 -75 6.67325
      vertex 74.8671 75 7.81763
      vertex 74.5923 75 6.67325
    endloop
  endfacet
  facet normal -0.972359 0 0.233492
    outer loop
      vertex 74.8671 75 7.81763
      vertex 74.5923 -75 6.67325
      vertex 74.8671 -75 7.81763
    endloop
  endfacet
  facet normal -0.99692 0 -0.078428
    outer loop
      vertex 74.5923 -75 4.32675
      vertex 74.5 75 5.5
      vertex 74.5923 75 4.32675
    endloop
  endfacet
  facet normal -0.99692 -0 -0.078428
    outer loop
      vertex 74.5 75 5.5
      vertex 74.5923 -75 4.32675
      vertex 74.5 -75 5.5
    endloop
  endfacet
  facet normal -0.522478 0 -0.852653
    outer loop
      vertex 77.5916 -75 -0.567627
      vertex 78.5951 75 -1.18254
      vertex 78.5951 -75 -1.18254
    endloop
  endfacet
  facet normal -0.522478 0 -0.852653
    outer loop
      vertex 78.5951 75 -1.18254
      vertex 77.5916 -75 -0.567627
      vertex 77.5916 75 -0.567627
    endloop
  endfacet
  facet normal -0.760416 0 -0.649436
    outer loop
      vertex 76.6967 -75 0.196701
      vertex 75.9324 75 1.09161
      vertex 76.6967 75 0.196701
    endloop
  endfacet
  facet normal -0.760416 -0 -0.649436
    outer loop
      vertex 75.9324 75 1.09161
      vertex 76.6967 -75 0.196701
      vertex 75.9324 -75 1.09161
    endloop
  endfacet
  facet normal -0.923871 0 0.382705
    outer loop
      vertex 74.8671 -75 7.81763
      vertex 75.3175 75 8.90492
      vertex 74.8671 75 7.81763
    endloop
  endfacet
  facet normal -0.923871 0 0.382705
    outer loop
      vertex 75.3175 75 8.90492
      vertex 74.8671 -75 7.81763
      vertex 75.3175 -75 8.90492
    endloop
  endfacet
  facet normal -0.0784736 0 -0.996916
    outer loop
      vertex 80.8268 -75 -1.90765
      vertex 82 75 -2
      vertex 82 -75 -2
    endloop
  endfacet
  facet normal -0.0784736 0 -0.996916
    outer loop
      vertex 82 75 -2
      vertex 80.8268 -75 -1.90765
      vertex 80.8268 75 -1.90765
    endloop
  endfacet
  facet normal 0.760417 -0 0.649436
    outer loop
      vertex 87.3033 -75 10.8033
      vertex 88.0676 75 9.90839
      vertex 87.3033 75 10.8033
    endloop
  endfacet
  facet normal 0.760417 0 0.649436
    outer loop
      vertex 88.0676 75 9.90839
      vertex 87.3033 -75 10.8033
      vertex 88.0676 -75 9.90839
    endloop
  endfacet
  facet normal 0.649454 0 -0.760401
    outer loop
      vertex 86.4084 -75 -0.567627
      vertex 87.3033 75 0.196701
      vertex 87.3033 -75 0.196701
    endloop
  endfacet
  facet normal 0.649454 0 -0.760401
    outer loop
      vertex 87.3033 75 0.196701
      vertex 86.4084 -75 -0.567627
      vertex 86.4084 75 -0.567627
    endloop
  endfacet
  facet normal -0.382687 0 -0.923878
    outer loop
      vertex 78.5951 -75 -1.18254
      vertex 79.6824 75 -1.63292
      vertex 79.6824 -75 -1.63292
    endloop
  endfacet
  facet normal -0.382687 0 -0.923878
    outer loop
      vertex 79.6824 75 -1.63292
      vertex 78.5951 -75 -1.18254
      vertex 78.5951 75 -1.18254
    endloop
  endfacet
  facet normal 0.972359 -0 0.233492
    outer loop
      vertex 89.1329 -75 7.81763
      vertex 89.4077 75 6.67325
      vertex 89.1329 75 7.81763
    endloop
  endfacet
  facet normal 0.972359 0 0.233492
    outer loop
      vertex 89.4077 75 6.67325
      vertex 89.1329 -75 7.81763
      vertex 89.4077 -75 6.67325
    endloop
  endfacet
  facet normal -0.972359 0 -0.233492
    outer loop
      vertex 74.8671 -75 3.18237
      vertex 74.5923 75 4.32675
      vertex 74.8671 75 3.18237
    endloop
  endfacet
  facet normal -0.972359 -0 -0.233492
    outer loop
      vertex 74.5923 75 4.32675
      vertex 74.8671 -75 3.18237
      vertex 74.5923 -75 4.32675
    endloop
  endfacet
  facet normal -0.85265 0 -0.522482
    outer loop
      vertex 75.9324 -75 1.09161
      vertex 75.3175 75 2.09508
      vertex 75.9324 75 1.09161
    endloop
  endfacet
  facet normal -0.85265 -0 -0.522482
    outer loop
      vertex 75.3175 75 2.09508
      vertex 75.9324 -75 1.09161
      vertex 75.3175 -75 2.09508
    endloop
  endfacet
  facet normal -0.99692 0 0.078428
    outer loop
      vertex 74.5 -75 5.5
      vertex 74.5923 75 6.67325
      vertex 74.5 75 5.5
    endloop
  endfacet
  facet normal -0.99692 0 0.078428
    outer loop
      vertex 74.5923 75 6.67325
      vertex 74.5 -75 5.5
      vertex 74.5923 -75 6.67325
    endloop
  endfacet
  facet normal 0.972359 0 -0.233492
    outer loop
      vertex 89.4077 -75 4.32675
      vertex 89.1329 75 3.18237
      vertex 89.4077 75 4.32675
    endloop
  endfacet
  facet normal 0.972359 0 -0.233492
    outer loop
      vertex 89.1329 75 3.18237
      vertex 89.4077 -75 4.32675
      vertex 89.1329 -75 3.18237
    endloop
  endfacet
  facet normal -0.923871 0 -0.382705
    outer loop
      vertex 75.3175 -75 2.09508
      vertex 74.8671 75 3.18237
      vertex 75.3175 75 2.09508
    endloop
  endfacet
  facet normal -0.923871 -0 -0.382705
    outer loop
      vertex 74.8671 75 3.18237
      vertex 75.3175 -75 2.09508
      vertex 74.8671 -75 3.18237
    endloop
  endfacet
  facet normal -0.85265 0 0.522482
    outer loop
      vertex 75.3175 -75 8.90492
      vertex 75.9324 75 9.90839
      vertex 75.3175 75 8.90492
    endloop
  endfacet
  facet normal -0.85265 0 0.522482
    outer loop
      vertex 75.9324 75 9.90839
      vertex 75.3175 -75 8.90492
      vertex 75.9324 -75 9.90839
    endloop
  endfacet
  facet normal 0.85265 0 -0.522482
    outer loop
      vertex 88.6825 -75 2.09508
      vertex 88.0676 75 1.09161
      vertex 88.6825 75 2.09508
    endloop
  endfacet
  facet normal 0.85265 0 -0.522482
    outer loop
      vertex 88.0676 75 1.09161
      vertex 88.6825 -75 2.09508
      vertex 88.0676 -75 1.09161
    endloop
  endfacet
  facet normal 0.760416 0 -0.649436
    outer loop
      vertex 88.0676 -75 1.09161
      vertex 87.3033 75 0.196701
      vertex 88.0676 75 1.09161
    endloop
  endfacet
  facet normal 0.760416 0 -0.649436
    outer loop
      vertex 87.3033 75 0.196701
      vertex 88.0676 -75 1.09161
      vertex 87.3033 -75 0.196701
    endloop
  endfacet
  facet normal -0.760417 0 0.649436
    outer loop
      vertex 75.9324 -75 9.90839
      vertex 76.6967 75 10.8033
      vertex 75.9324 75 9.90839
    endloop
  endfacet
  facet normal -0.760417 0 0.649436
    outer loop
      vertex 76.6967 75 10.8033
      vertex 75.9324 -75 9.90839
      vertex 76.6967 -75 10.8033
    endloop
  endfacet
  facet normal 0.233432 0 -0.972373
    outer loop
      vertex 83.1732 -75 -1.90765
      vertex 84.3176 75 -1.63292
      vertex 84.3176 -75 -1.63292
    endloop
  endfacet
  facet normal 0.233432 0 -0.972373
    outer loop
      vertex 84.3176 75 -1.63292
      vertex 83.1732 -75 -1.90765
      vertex 83.1732 75 -1.90765
    endloop
  endfacet
  facet normal 0.382687 0 -0.923878
    outer loop
      vertex 84.3176 -75 -1.63292
      vertex 85.4049 75 -1.18254
      vertex 85.4049 -75 -1.18254
    endloop
  endfacet
  facet normal 0.382687 0 -0.923878
    outer loop
      vertex 85.4049 75 -1.18254
      vertex 84.3176 -75 -1.63292
      vertex 84.3176 75 -1.63292
    endloop
  endfacet
  facet normal 0.85265 -0 0.522482
    outer loop
      vertex 88.0676 -75 9.90839
      vertex 88.6825 75 8.90492
      vertex 88.0676 75 9.90839
    endloop
  endfacet
  facet normal 0.85265 0 0.522482
    outer loop
      vertex 88.6825 75 8.90492
      vertex 88.0676 -75 9.90839
      vertex 88.6825 -75 8.90492
    endloop
  endfacet
  facet normal 0.0784736 0 -0.996916
    outer loop
      vertex 82 -75 -2
      vertex 83.1732 75 -1.90765
      vertex 83.1732 -75 -1.90765
    endloop
  endfacet
  facet normal 0.0784736 0 -0.996916
    outer loop
      vertex 83.1732 75 -1.90765
      vertex 82 -75 -2
      vertex 82 75 -2
    endloop
  endfacet
  facet normal 0.923871 0 -0.382705
    outer loop
      vertex 89.1329 -75 3.18237
      vertex 88.6825 75 2.09508
      vertex 89.1329 75 3.18237
    endloop
  endfacet
  facet normal 0.923871 0 -0.382705
    outer loop
      vertex 88.6825 75 2.09508
      vertex 89.1329 -75 3.18237
      vertex 88.6825 -75 2.09508
    endloop
  endfacet
  facet normal 0 1 0
    outer loop
      vertex 105.903 91 2.16246
      vertex 105.239 91 1.69509
      vertex 105.805 91 2.26077
    endloop
  endfacet
  facet normal -0 1 0
    outer loop
      vertex 105.239 91 1.69509
      vertex 105.903 91 2.16246
      vertex 105.338 91 1.59677
    endloop
  endfacet
  facet normal 0 1 -0
    outer loop
      vertex 98.6703 91 9.09999
      vertex 98.6625 91 9.40323
      vertex 98.818 91 9.24767
    endloop
  endfacet
  facet normal 0 1 0
    outer loop
      vertex 98.5558 91 9.09999
      vertex 98.6625 91 9.40323
      vertex 98.6703 91 9.09999
    endloop
  endfacet
  facet normal 0 1 -0
    outer loop
      vertex 98.5558 91 9.09999
      vertex 98.0968 91 8.83754
      vertex 98.6625 91 9.40323
    endloop
  endfacet
  facet normal -0 1 0
    outer loop
      vertex 98.0968 91 8.83754
      vertex 98.5558 91 9.09999
      vertex 98.1951 91 8.73923
    endloop
  endfacet
  facet normal 0 1 0
    outer loop
      vertex 98.7608 91 1.69509
      vertex 98.0968 91 2.16246
      vertex 98.1951 91 2.26077
    endloop
  endfacet
  facet normal 0 1 0
    outer loop
      vertex 98.0968 91 2.16246
      vertex 98.7608 91 1.69509
      vertex 98.6625 91 1.59677
    endloop
  endfacet
  facet normal 0 1 0
    outer loop
      vertex 105.33 91 9.09999
      vertex 105.338 91 9.40323
      vertex 105.444 91 9.09999
    endloop
  endfacet
  facet normal 0 1 0
    outer loop
      vertex 105.903 91 8.83754
      vertex 105.444 91 9.09999
      vertex 105.338 91 9.40323
    endloop
  endfacet
  facet normal 0 1 0
    outer loop
      vertex 105.444 91 9.09999
      vertex 105.903 91 8.83754
      vertex 105.805 91 8.73923
    endloop
  endfacet
  facet normal 0 1 0
    outer loop
      vertex 105.338 91 9.40323
      vertex 105.33 91 9.09999
      vertex 105.182 91 9.24767
    endloop
  endfacet
  facet normal 0.707538 0 -0.706675
    outer loop
      vertex 105.338 75 1.59677
      vertex 105.903 91 2.16246
      vertex 105.903 75 2.16246
    endloop
  endfacet
  facet normal 0.707538 0 -0.706675
    outer loop
      vertex 105.903 91 2.16246
      vertex 105.338 75 1.59677
      vertex 105.338 91 1.59677
    endloop
  endfacet
  facet normal -0.704666 0 -0.709539
    outer loop
      vertex 105.338 75 1.59677
      vertex 105.239 91 1.69509
      vertex 105.338 91 1.59677
    endloop
  endfacet
  facet normal -0.704666 -0 -0.709539
    outer loop
      vertex 105.239 91 1.69509
      vertex 105.338 75 1.59677
      vertex 105.239 75 1.69509
    endloop
  endfacet
  facet normal 0 1 0
    outer loop
      vertex 98.7861 75 1.66978
      vertex 98.6625 75 1.59677
      vertex 98.7608 75 1.69509
    endloop
  endfacet
  facet normal -0 1 0
    outer loop
      vertex 98.6625 75 1.59677
      vertex 98.7861 75 1.66978
      vertex 99.5 75 1.16988
    endloop
  endfacet
  facet normal 0 1 -0
    outer loop
      vertex 105.182 75 9.24767
      vertex 98.6625 75 9.40323
      vertex 105.338 75 9.40323
    endloop
  endfacet
  facet normal 0 1 0
    outer loop
      vertex 105.182 75 9.24767
      vertex 98.818 75 9.24767
      vertex 98.6625 75 9.40323
    endloop
  endfacet
  facet normal 0 1 0
    outer loop
      vertex 105.33 75 9.09999
      vertex 98.818 75 9.24767
      vertex 105.182 75 9.24767
    endloop
  endfacet
  facet normal 0 1 0
    outer loop
      vertex 98.818 75 9.24767
      vertex 105.33 75 9.09999
      vertex 98.6703 75 9.09999
    endloop
  endfacet
  facet normal 0 1 0
    outer loop
      vertex 105.338 75 9.40323
      vertex 107.073 75 11
      vertex 107.303 75 10.8033
    endloop
  endfacet
  facet normal 0 1 0
    outer loop
      vertex 107.073 75 11
      vertex 105.338 75 9.40323
      vertex 96.927 75 11
    endloop
  endfacet
  facet normal 0 1 0
    outer loop
      vertex 105.903 75 8.83754
      vertex 107.303 75 10.8033
      vertex 108.068 75 9.90839
    endloop
  endfacet
  facet normal 0 1 -0
    outer loop
      vertex 98.6625 75 9.40323
      vertex 96.927 75 11
      vertex 105.338 75 9.40323
    endloop
  endfacet
  facet normal 0 1 0
    outer loop
      vertex 96.927 75 11
      vertex 98.6625 75 9.40323
      vertex 96.6967 75 10.8033
    endloop
  endfacet
  facet normal 0 1 0
    outer loop
      vertex 106.33 75 8
      vertex 108.068 75 9.90839
      vertex 108.683 75 8.90492
    endloop
  endfacet
  facet normal 0 1 0
    outer loop
      vertex 107.303 75 10.8033
      vertex 105.903 75 8.83754
      vertex 105.338 75 9.40323
    endloop
  endfacet
  facet normal 0 1 0
    outer loop
      vertex 108.068 75 9.90839
      vertex 106.33 75 8
      vertex 105.903 75 8.83754
    endloop
  endfacet
  facet normal 0 1 0
    outer loop
      vertex 105.903 75 8.83754
      vertex 105.83 75 8.71393
      vertex 105.805 75 8.73923
    endloop
  endfacet
  facet normal 0 1 0
    outer loop
      vertex 105.903 75 8.83754
      vertex 106.33 75 8
      vertex 105.83 75 8.71393
    endloop
  endfacet
  facet normal 0 1 0
    outer loop
      vertex 106.698 75 7.2101
      vertex 108.683 75 8.90492
      vertex 109.133 75 7.81763
    endloop
  endfacet
  facet normal 0 1 0
    outer loop
      vertex 108.683 75 8.90492
      vertex 106.698 75 7.2101
      vertex 106.33 75 8
    endloop
  endfacet
  facet normal 0 1 0
    outer loop
      vertex 106.924 75 6.36824
      vertex 109.133 75 7.81763
      vertex 109.408 75 6.67325
    endloop
  endfacet
  facet normal 0 1 0
    outer loop
      vertex 109.133 75 7.81763
      vertex 106.924 75 6.36824
      vertex 106.698 75 7.2101
    endloop
  endfacet
  facet normal 0 1 0
    outer loop
      vertex 107 75 5.5
      vertex 109.408 75 6.67325
      vertex 109.5 75 5.5
    endloop
  endfacet
  facet normal 0 1 0
    outer loop
      vertex 109.408 75 6.67325
      vertex 107 75 5.5
      vertex 106.924 75 6.36824
    endloop
  endfacet
  facet normal 0 1 -0
    outer loop
      vertex 109.408 75 4.32675
      vertex 107 75 5.5
      vertex 109.5 75 5.5
    endloop
  endfacet
  facet normal 0 1 0
    outer loop
      vertex 107 75 5.5
      vertex 109.408 75 4.32675
      vertex 106.924 75 4.63176
    endloop
  endfacet
  facet normal 0 1 -0
    outer loop
      vertex 109.133 75 3.18237
      vertex 106.924 75 4.63176
      vertex 109.408 75 4.32675
    endloop
  endfacet
  facet normal 0 1 0
    outer loop
      vertex 106.924 75 4.63176
      vertex 109.133 75 3.18237
      vertex 106.698 75 3.7899
    endloop
  endfacet
  facet normal 0 1 -0
    outer loop
      vertex 108.683 75 2.09508
      vertex 106.698 75 3.7899
      vertex 109.133 75 3.18237
    endloop
  endfacet
  facet normal 0 1 0
    outer loop
      vertex 106.698 75 3.7899
      vertex 108.683 75 2.09508
      vertex 106.33 75 3
    endloop
  endfacet
  facet normal 0 1 -0
    outer loop
      vertex 108.068 75 1.09161
      vertex 106.33 75 3
      vertex 108.683 75 2.09508
    endloop
  endfacet
  facet normal 0 1 0
    outer loop
      vertex 105.83 75 2.28607
      vertex 105.903 75 2.16246
      vertex 105.805 75 2.26077
    endloop
  endfacet
  facet normal 0 1 0
    outer loop
      vertex 106.33 75 3
      vertex 105.903 75 2.16246
      vertex 105.83 75 2.28607
    endloop
  endfacet
  facet normal 0 1 0
    outer loop
      vertex 106.33 75 3
      vertex 108.068 75 1.09161
      vertex 105.903 75 2.16246
    endloop
  endfacet
  facet normal 0 1 -0
    outer loop
      vertex 107.303 75 0.196701
      vertex 105.903 75 2.16246
      vertex 108.068 75 1.09161
    endloop
  endfacet
  facet normal 0 1 0
    outer loop
      vertex 105.903 75 2.16246
      vertex 107.303 75 0.196701
      vertex 105.338 75 1.59677
    endloop
  endfacet
  facet normal 0 1 -0
    outer loop
      vertex 106.408 75 -0.567627
      vertex 105.338 75 1.59677
      vertex 107.303 75 0.196701
    endloop
  endfacet
  facet normal 0 1 0
    outer loop
      vertex 105.338 75 1.59677
      vertex 106.408 75 -0.567627
      vertex 104.5 75 1.16988
    endloop
  endfacet
  facet normal 0 1 0
    outer loop
      vertex 104.5 75 1.16988
      vertex 105.405 75 -1.18254
      vertex 103.71 75 0.801544
    endloop
  endfacet
  facet normal 0 1 -0
    outer loop
      vertex 105.405 75 -1.18254
      vertex 104.5 75 1.16988
      vertex 106.408 75 -0.567627
    endloop
  endfacet
  facet normal 0 1 -0
    outer loop
      vertex 98.0968 75 8.83754
      vertex 96.6967 75 10.8033
      vertex 98.6625 75 9.40323
    endloop
  endfacet
  facet normal 0 1 0
    outer loop
      vertex 96.6967 75 10.8033
      vertex 98.0968 75 8.83754
      vertex 95.9324 75 9.90839
    endloop
  endfacet
  facet normal 0 1 -0
    outer loop
      vertex 97.6699 75 8
      vertex 95.9324 75 9.90839
      vertex 98.0968 75 8.83754
    endloop
  endfacet
  facet normal 0 1 -0
    outer loop
      vertex 98.1698 75 8.71393
      vertex 98.0968 75 8.83754
      vertex 98.1951 75 8.73923
    endloop
  endfacet
  facet normal 0 1 0
    outer loop
      vertex 97.6699 75 8
      vertex 98.0968 75 8.83754
      vertex 98.1698 75 8.71393
    endloop
  endfacet
  facet normal 0 1 0
    outer loop
      vertex 95.9324 75 9.90839
      vertex 97.6699 75 8
      vertex 95.3175 75 8.90492
    endloop
  endfacet
  facet normal 0 1 -0
    outer loop
      vertex 97.3015 75 7.2101
      vertex 95.3175 75 8.90492
      vertex 97.6699 75 8
    endloop
  endfacet
  facet normal 0 1 0
    outer loop
      vertex 95.3175 75 8.90492
      vertex 97.3015 75 7.2101
      vertex 94.8671 75 7.81763
    endloop
  endfacet
  facet normal 0 1 -0
    outer loop
      vertex 97.076 75 6.36824
      vertex 94.8671 75 7.81763
      vertex 97.3015 75 7.2101
    endloop
  endfacet
  facet normal 0 1 0
    outer loop
      vertex 94.8671 75 7.81763
      vertex 97.076 75 6.36824
      vertex 94.5923 75 6.67325
    endloop
  endfacet
  facet normal 0 1 -0
    outer loop
      vertex 97 75 5.5
      vertex 94.5923 75 6.67325
      vertex 97.076 75 6.36824
    endloop
  endfacet
  facet normal 0 1 0
    outer loop
      vertex 97 75 5.5
      vertex 94.5 75 5.5
      vertex 94.5923 75 6.67325
    endloop
  endfacet
  facet normal 0 1 0
    outer loop
      vertex 94.5923 75 4.32675
      vertex 97 75 5.5
      vertex 97.076 75 4.63176
    endloop
  endfacet
  facet normal 0 1 0
    outer loop
      vertex 97 75 5.5
      vertex 94.5923 75 4.32675
      vertex 94.5 75 5.5
    endloop
  endfacet
  facet normal 0 1 0
    outer loop
      vertex 94.8671 75 3.18237
      vertex 97.076 75 4.63176
      vertex 97.3015 75 3.7899
    endloop
  endfacet
  facet normal 0 1 0
    outer loop
      vertex 97.076 75 4.63176
      vertex 94.8671 75 3.18237
      vertex 94.5923 75 4.32675
    endloop
  endfacet
  facet normal 0 1 0
    outer loop
      vertex 95.3175 75 2.09508
      vertex 97.3015 75 3.7899
      vertex 97.6699 75 3
    endloop
  endfacet
  facet normal 0 1 -0
    outer loop
      vertex 98.0968 75 2.16246
      vertex 97.6699 75 3
      vertex 98.1698 75 2.28607
    endloop
  endfacet
  facet normal 0 1 0
    outer loop
      vertex 98.0968 75 2.16246
      vertex 98.1698 75 2.28607
      vertex 98.1951 75 2.26077
    endloop
  endfacet
  facet normal 0 1 0
    outer loop
      vertex 95.9324 75 1.09161
      vertex 97.6699 75 3
      vertex 98.0968 75 2.16246
    endloop
  endfacet
  facet normal 0 1 0
    outer loop
      vertex 97.3015 75 3.7899
      vertex 95.3175 75 2.09508
      vertex 94.8671 75 3.18237
    endloop
  endfacet
  facet normal 0 1 0
    outer loop
      vertex 96.6967 75 0.196701
      vertex 98.0968 75 2.16246
      vertex 98.6625 75 1.59677
    endloop
  endfacet
  facet normal 0 1 0
    outer loop
      vertex 97.5916 75 -0.567627
      vertex 98.6625 75 1.59677
      vertex 99.5 75 1.16988
    endloop
  endfacet
  facet normal 0 1 0
    outer loop
      vertex 97.6699 75 3
      vertex 95.9324 75 1.09161
      vertex 95.3175 75 2.09508
    endloop
  endfacet
  facet normal 0 1 0
    outer loop
      vertex 98.5951 75 -1.18254
      vertex 99.5 75 1.16988
      vertex 100.29 75 0.801544
    endloop
  endfacet
  facet normal 0 1 0
    outer loop
      vertex 99.6824 75 -1.63292
      vertex 100.29 75 0.801544
      vertex 101.132 75 0.575974
    endloop
  endfacet
  facet normal 0 1 0
    outer loop
      vertex 98.0968 75 2.16246
      vertex 96.6967 75 0.196701
      vertex 95.9324 75 1.09161
    endloop
  endfacet
  facet normal 0 1 0
    outer loop
      vertex 100.827 75 -1.90765
      vertex 101.132 75 0.575974
      vertex 102 75 0.5
    endloop
  endfacet
  facet normal 0 1 -0
    outer loop
      vertex 104.318 75 -1.63292
      vertex 103.71 75 0.801544
      vertex 105.405 75 -1.18254
    endloop
  endfacet
  facet normal 0 1 0
    outer loop
      vertex 103.71 75 0.801544
      vertex 104.318 75 -1.63292
      vertex 102.868 75 0.575974
    endloop
  endfacet
  facet normal 0 1 0
    outer loop
      vertex 98.6625 75 1.59677
      vertex 97.5916 75 -0.567627
      vertex 96.6967 75 0.196701
    endloop
  endfacet
  facet normal 0 1 -0
    outer loop
      vertex 103.173 75 -1.90765
      vertex 102.868 75 0.575974
      vertex 104.318 75 -1.63292
    endloop
  endfacet
  facet normal 0 1 0
    outer loop
      vertex 99.5 75 1.16988
      vertex 98.5951 75 -1.18254
      vertex 97.5916 75 -0.567627
    endloop
  endfacet
  facet normal 0 1 0
    outer loop
      vertex 102.868 75 0.575974
      vertex 103.173 75 -1.90765
      vertex 102 75 0.5
    endloop
  endfacet
  facet normal 0 1 0
    outer loop
      vertex 100.29 75 0.801544
      vertex 99.6824 75 -1.63292
      vertex 98.5951 75 -1.18254
    endloop
  endfacet
  facet normal 0 1 0
    outer loop
      vertex 102 75 -2
      vertex 102 75 0.5
      vertex 103.173 75 -1.90765
    endloop
  endfacet
  facet normal 0 1 0
    outer loop
      vertex 101.132 75 0.575974
      vertex 100.827 75 -1.90765
      vertex 99.6824 75 -1.63292
    endloop
  endfacet
  facet normal 0 1 0
    outer loop
      vertex 102 75 0.5
      vertex 102 75 -2
      vertex 100.827 75 -1.90765
    endloop
  endfacet
  facet normal 0 1 0
    outer loop
      vertex 105.338 75 1.59677
      vertex 105.214 75 1.66978
      vertex 105.239 75 1.69509
    endloop
  endfacet
  facet normal 0 1 0
    outer loop
      vertex 105.214 75 1.66978
      vertex 105.338 75 1.59677
      vertex 104.5 75 1.16988
    endloop
  endfacet
  facet normal 0.708223 -0 0.705989
    outer loop
      vertex 105.805 75 2.26077
      vertex 105.903 91 2.16246
      vertex 105.805 91 2.26077
    endloop
  endfacet
  facet normal 0.708223 0 0.705989
    outer loop
      vertex 105.903 91 2.16246
      vertex 105.805 75 2.26077
      vertex 105.903 75 2.16246
    endloop
  endfacet
  facet normal -0.707143 0 0.707071
    outer loop
      vertex 98.0968 75 2.16246
      vertex 98.1951 91 2.26077
      vertex 98.0968 91 2.16246
    endloop
  endfacet
  facet normal -0.707143 0 0.707071
    outer loop
      vertex 98.1951 91 2.26077
      vertex 98.0968 75 2.16246
      vertex 98.1951 75 2.26077
    endloop
  endfacet
  facet normal 0.707179 0 -0.707035
    outer loop
      vertex 98.7608 75 1.69509
      vertex 98.6625 91 1.59677
      vertex 98.7608 91 1.69509
    endloop
  endfacet
  facet normal 0.707179 0 -0.707035
    outer loop
      vertex 98.6625 91 1.59677
      vertex 98.7608 75 1.69509
      vertex 98.6625 75 1.59677
    endloop
  endfacet
  facet normal -0.707101 0 -0.707113
    outer loop
      vertex 98.0968 75 2.16246
      vertex 98.6625 91 1.59677
      vertex 98.6625 75 1.59677
    endloop
  endfacet
  facet normal -0.707101 0 -0.707113
    outer loop
      vertex 98.6625 91 1.59677
      vertex 98.0968 75 2.16246
      vertex 98.0968 91 2.16246
    endloop
  endfacet
  facet normal -0.707101 0 0.707113
    outer loop
      vertex 98.0968 91 8.83754
      vertex 98.6625 75 9.40323
      vertex 98.6625 91 9.40323
    endloop
  endfacet
  facet normal -0.707101 0 0.707113
    outer loop
      vertex 98.6625 75 9.40323
      vertex 98.0968 91 8.83754
      vertex 98.0968 75 8.83754
    endloop
  endfacet
  facet normal 0.707059 0 -0.707155
    outer loop
      vertex 98.818 75 9.24767
      vertex 98.6703 91 9.09999
      vertex 98.818 91 9.24767
    endloop
  endfacet
  facet normal 0.707059 0 -0.707155
    outer loop
      vertex 98.6703 91 9.09999
      vertex 98.818 75 9.24767
      vertex 98.6703 75 9.09999
    endloop
  endfacet
  facet normal 0.707243 -0 0.70697
    outer loop
      vertex 98.6625 75 9.40323
      vertex 98.818 91 9.24767
      vertex 98.6625 91 9.40323
    endloop
  endfacet
  facet normal 0.707243 0 0.70697
    outer loop
      vertex 98.818 91 9.24767
      vertex 98.6625 75 9.40323
      vertex 98.818 75 9.24767
    endloop
  endfacet
  facet normal -0.707143 0 -0.707071
    outer loop
      vertex 98.1951 75 8.73923
      vertex 98.0968 91 8.83754
      vertex 98.1951 91 8.73923
    endloop
  endfacet
  facet normal -0.707143 -0 -0.707071
    outer loop
      vertex 98.0968 91 8.83754
      vertex 98.1951 75 8.73923
      vertex 98.0968 75 8.83754
    endloop
  endfacet
  facet normal 0.707538 0 0.706675
    outer loop
      vertex 105.338 91 9.40323
      vertex 105.903 75 8.83754
      vertex 105.903 91 8.83754
    endloop
  endfacet
  facet normal 0.707538 0 0.706675
    outer loop
      vertex 105.903 75 8.83754
      vertex 105.338 91 9.40323
      vertex 105.338 75 9.40323
    endloop
  endfacet
  facet normal -0.706341 0 -0.707872
    outer loop
      vertex 105.33 75 9.09999
      vertex 105.182 91 9.24767
      vertex 105.33 91 9.09999
    endloop
  endfacet
  facet normal -0.706341 -0 -0.707872
    outer loop
      vertex 105.182 91 9.24767
      vertex 105.33 75 9.09999
      vertex 105.182 75 9.24767
    endloop
  endfacet
  facet normal 0.708223 0 -0.705989
    outer loop
      vertex 105.903 75 8.83754
      vertex 105.805 91 8.73923
      vertex 105.903 91 8.83754
    endloop
  endfacet
  facet normal 0.708223 0 -0.705989
    outer loop
      vertex 105.805 91 8.73923
      vertex 105.903 75 8.83754
      vertex 105.805 75 8.73923
    endloop
  endfacet
  facet normal -0.706107 0 0.708105
    outer loop
      vertex 105.182 75 9.24767
      vertex 105.338 91 9.40323
      vertex 105.182 91 9.24767
    endloop
  endfacet
  facet normal -0.706107 0 0.708105
    outer loop
      vertex 105.338 91 9.40323
      vertex 105.182 75 9.24767
      vertex 105.338 75 9.40323
    endloop
  endfacet
  facet normal 0.706872 0 0.707342
    outer loop
      vertex 105.805 91 8.73923
      vertex 105.444 91.1 9.09999
      vertex 105.444 91 9.09999
    endloop
  endfacet
  facet normal 0.70716 0.00209367 0.70705
    outer loop
      vertex 105.444 91.1 9.09999
      vertex 105.805 91 8.73923
      vertex 105.83 91.1 8.71393
    endloop
  endfacet
  facet normal 0.711311 0 0.702877
    outer loop
      vertex 105.83 75 8.71393
      vertex 105.805 91 8.73923
      vertex 105.805 75 8.73923
    endloop
  endfacet
  facet normal 0.711311 0 0.702877
    outer loop
      vertex 105.805 91 8.73923
      vertex 105.83 75 8.71393
      vertex 105.83 91.1 8.71393
    endloop
  endfacet
  facet normal 0.819098 -0 0.573654
    outer loop
      vertex 105.83 75 8.71393
      vertex 106.33 91.1 8
      vertex 105.83 91.1 8.71393
    endloop
  endfacet
  facet normal 0.819098 0 0.573654
    outer loop
      vertex 106.33 91.1 8
      vertex 105.83 75 8.71393
      vertex 106.33 75 8
    endloop
  endfacet
  facet normal -0.819152 0 -0.573577
    outer loop
      vertex 98.1698 75 2.28607
      vertex 97.6699 91.1 3
      vertex 98.1698 91.1 2.28607
    endloop
  endfacet
  facet normal -0.819152 -0 -0.573577
    outer loop
      vertex 97.6699 91.1 3
      vertex 98.1698 75 2.28607
      vertex 97.6699 75 3
    endloop
  endfacet
  facet normal -0.996191 0 0.0872
    outer loop
      vertex 97 75 5.5
      vertex 97.076 91.1 6.36824
      vertex 97 91.1 5.5
    endloop
  endfacet
  facet normal -0.996191 0 0.0872
    outer loop
      vertex 97.076 91.1 6.36824
      vertex 97 75 5.5
      vertex 97.076 75 6.36824
    endloop
  endfacet
  facet normal -0.707101 -7.36141e-05 -0.707113
    outer loop
      vertex 98.7861 91.1 1.66978
      vertex 98.7608 91 1.69509
      vertex 98.1698 91.1 2.28607
    endloop
  endfacet
  facet normal -0.707246 0 -0.706967
    outer loop
      vertex 98.7861 75 1.66978
      vertex 98.7608 91 1.69509
      vertex 98.7861 91.1 1.66978
    endloop
  endfacet
  facet normal -0.707246 -0 -0.706967
    outer loop
      vertex 98.7608 91 1.69509
      vertex 98.7861 75 1.66978
      vertex 98.7608 75 1.69509
    endloop
  endfacet
  facet normal -0.707094 6.32495e-06 -0.707119
    outer loop
      vertex 98.1951 91 2.26077
      vertex 98.1698 91.1 2.28607
      vertex 98.7608 91 1.69509
    endloop
  endfacet
  facet normal -0.707107 0 -0.707107
    outer loop
      vertex 98.1698 75 2.28607
      vertex 98.1951 91 2.26077
      vertex 98.1951 75 2.26077
    endloop
  endfacet
  facet normal -0.707107 0 -0.707107
    outer loop
      vertex 98.1951 91 2.26077
      vertex 98.1698 75 2.28607
      vertex 98.1698 91.1 2.28607
    endloop
  endfacet
  facet normal 0.0871943 0 -0.996191
    outer loop
      vertex 102 75 0.5
      vertex 102.868 79.7 0.575974
      vertex 102.868 75 0.575974
    endloop
  endfacet
  facet normal 0.0871943 0 -0.996191
    outer loop
      vertex 102.868 79.7 0.575974
      vertex 102 75 0.5
      vertex 102 79.7 0.5
    endloop
  endfacet
  facet normal 0.0871943 0 -0.996191
    outer loop
      vertex 102 90.7 0.5
      vertex 102.868 91.1 0.575974
      vertex 102.868 90.7 0.575974
    endloop
  endfacet
  facet normal 0.0871943 0 -0.996191
    outer loop
      vertex 102.868 91.1 0.575974
      vertex 102 90.7 0.5
      vertex 102 91.1 0.5
    endloop
  endfacet
  facet normal 0.0871943 0 -0.996191
    outer loop
      vertex 102 84.7 0.5
      vertex 102.868 85.7 0.575974
      vertex 102.868 84.7 0.575974
    endloop
  endfacet
  facet normal 0.0871943 0 -0.996191
    outer loop
      vertex 102.868 85.7 0.575974
      vertex 102 84.7 0.5
      vertex 102 85.7 0.5
    endloop
  endfacet
  facet normal -0 0 1
    outer loop
      vertex 98.5558 91.1 9.09999
      vertex 98.6703 91 9.09999
      vertex 100.056 93.1 9.09999
    endloop
  endfacet
  facet normal 0 0 1
    outer loop
      vertex 98.6703 91 9.09999
      vertex 98.5558 91.1 9.09999
      vertex 98.5558 91 9.09999
    endloop
  endfacet
  facet normal -0 0 1
    outer loop
      vertex 100.7 85.7 9.09999
      vertex 103.3 84.7 9.09999
      vertex 103.3 85.7 9.09999
    endloop
  endfacet
  facet normal 0 0 1
    outer loop
      vertex 103.3 84.7 9.09999
      vertex 100.7 85.7 9.09999
      vertex 100.7 84.7 9.09999
    endloop
  endfacet
  facet normal 0 0 1
    outer loop
      vertex 103.944 93.1 9.09999
      vertex 100.7 90.7 9.09999
      vertex 103.3 90.7 9.09999
    endloop
  endfacet
  facet normal 0 0 1
    outer loop
      vertex 98.6703 91 9.09999
      vertex 100.7 85.7 9.09999
      vertex 100.7 90.7 9.09999
    endloop
  endfacet
  facet normal 0 0 1
    outer loop
      vertex 100.7 85.7 9.09999
      vertex 98.6703 91 9.09999
      vertex 100.7 84.7 9.09999
    endloop
  endfacet
  facet normal -0 0 1
    outer loop
      vertex 98.6703 91 9.09999
      vertex 100.7 90.7 9.09999
      vertex 100.056 93.1 9.09999
    endloop
  endfacet
  facet normal -0 0 1
    outer loop
      vertex 100.056 93.1 9.09999
      vertex 100.7 90.7 9.09999
      vertex 103.944 93.1 9.09999
    endloop
  endfacet
  facet normal 0 0 1
    outer loop
      vertex 105.444 91.1 9.09999
      vertex 105.33 91 9.09999
      vertex 105.444 91 9.09999
    endloop
  endfacet
  facet normal 0 0 1
    outer loop
      vertex 103.944 93.1 9.09999
      vertex 105.33 91 9.09999
      vertex 105.444 91.1 9.09999
    endloop
  endfacet
  facet normal 0 0 1
    outer loop
      vertex 103.3 90.7 9.09999
      vertex 105.33 91 9.09999
      vertex 103.944 93.1 9.09999
    endloop
  endfacet
  facet normal 0 0 1
    outer loop
      vertex 105.33 91 9.09999
      vertex 103.3 90.7 9.09999
      vertex 103.3 85.7 9.09999
    endloop
  endfacet
  facet normal 0 0 1
    outer loop
      vertex 103.3 84.7 9.09999
      vertex 105.33 91 9.09999
      vertex 103.3 85.7 9.09999
    endloop
  endfacet
  facet normal 0 0 1
    outer loop
      vertex 105.33 91 9.09999
      vertex 103.3 84.7 9.09999
      vertex 105.33 75 9.09999
    endloop
  endfacet
  facet normal -0 0 1
    outer loop
      vertex 103.3 79.7 9.09999
      vertex 105.33 75 9.09999
      vertex 103.3 84.7 9.09999
    endloop
  endfacet
  facet normal -0 0 1
    outer loop
      vertex 100.7 79.7 9.09999
      vertex 105.33 75 9.09999
      vertex 103.3 79.7 9.09999
    endloop
  endfacet
  facet normal 0 0 1
    outer loop
      vertex 98.6703 75 9.09999
      vertex 100.7 84.7 9.09999
      vertex 98.6703 91 9.09999
    endloop
  endfacet
  facet normal 0 0 1
    outer loop
      vertex 100.7 79.7 9.09999
      vertex 98.6703 75 9.09999
      vertex 105.33 75 9.09999
    endloop
  endfacet
  facet normal 0 0 1
    outer loop
      vertex 100.7 84.7 9.09999
      vertex 98.6703 75 9.09999
      vertex 100.7 79.7 9.09999
    endloop
  endfacet
  facet normal -0.258679 0 -0.965963
    outer loop
      vertex 101.132 75 0.575974
      vertex 100.7 79.7 0.691661
      vertex 101.132 79.7 0.575974
    endloop
  endfacet
  facet normal -0.258871 0 -0.965912
    outer loop
      vertex 100.29 75 0.801544
      vertex 100.7 84.7 0.691661
      vertex 100.7 79.7 0.691661
    endloop
  endfacet
  facet normal -0.258871 -0 -0.965912
    outer loop
      vertex 100.29 91.1 0.801544
      vertex 100.7 84.7 0.691661
      vertex 100.29 75 0.801544
    endloop
  endfacet
  facet normal -0.258871 0 -0.965912
    outer loop
      vertex 100.7 84.7 0.691661
      vertex 100.29 91.1 0.801544
      vertex 100.7 85.7 0.691661
    endloop
  endfacet
  facet normal -0.258773 -9.22296e-06 -0.965938
    outer loop
      vertex 100.29 75 0.801544
      vertex 100.7 79.7 0.691661
      vertex 101.132 75 0.575974
    endloop
  endfacet
  facet normal -0.258679 0 -0.965963
    outer loop
      vertex 100.7 84.7 0.691661
      vertex 101.132 85.7 0.575974
      vertex 101.132 84.7 0.575974
    endloop
  endfacet
  facet normal -0.258679 0 -0.965963
    outer loop
      vertex 101.132 85.7 0.575974
      vertex 100.7 84.7 0.691661
      vertex 100.7 85.7 0.691661
    endloop
  endfacet
  facet normal -0.258679 0 -0.965963
    outer loop
      vertex 100.7 90.7 0.691661
      vertex 101.132 91.1 0.575974
      vertex 101.132 90.7 0.575974
    endloop
  endfacet
  facet normal -0.258773 0.00010837 -0.965938
    outer loop
      vertex 100.7 90.7 0.691661
      vertex 100.29 91.1 0.801544
      vertex 101.132 91.1 0.575974
    endloop
  endfacet
  facet normal -0.258871 0 -0.965912
    outer loop
      vertex 100.7 85.7 0.691661
      vertex 100.29 91.1 0.801544
      vertex 100.7 90.7 0.691661
    endloop
  endfacet
  facet normal 0.422574 0 -0.906328
    outer loop
      vertex 103.71 75 0.801544
      vertex 104.5 91.1 1.16988
      vertex 104.5 75 1.16988
    endloop
  endfacet
  facet normal 0.422574 0 -0.906328
    outer loop
      vertex 104.5 91.1 1.16988
      vertex 103.71 75 0.801544
      vertex 103.71 91.1 0.801544
    endloop
  endfacet
  facet normal 0.819098 0 -0.573654
    outer loop
      vertex 106.33 75 3
      vertex 105.83 91.1 2.28607
      vertex 106.33 91.1 3
    endloop
  endfacet
  facet normal 0.819098 0 -0.573654
    outer loop
      vertex 105.83 91.1 2.28607
      vertex 106.33 75 3
      vertex 105.83 75 2.28607
    endloop
  endfacet
  facet normal 0.965804 0 -0.259273
    outer loop
      vertex 106.924 75 4.63176
      vertex 106.698 91.1 3.7899
      vertex 106.924 91.1 4.63176
    endloop
  endfacet
  facet normal 0.965804 0 -0.259273
    outer loop
      vertex 106.698 91.1 3.7899
      vertex 106.924 75 4.63176
      vertex 106.698 75 3.7899
    endloop
  endfacet
  facet normal 0.258679 0 -0.965963
    outer loop
      vertex 102.868 84.7 0.575974
      vertex 103.3 85.7 0.691661
      vertex 103.3 84.7 0.691661
    endloop
  endfacet
  facet normal 0.258679 0 -0.965963
    outer loop
      vertex 103.3 85.7 0.691661
      vertex 102.868 84.7 0.575974
      vertex 102.868 85.7 0.575974
    endloop
  endfacet
  facet normal 0.258871 0 -0.965912
    outer loop
      vertex 103.3 84.7 0.691661
      vertex 103.71 75 0.801544
      vertex 103.3 79.7 0.691661
    endloop
  endfacet
  facet normal 0.258773 -9.22296e-06 -0.965938
    outer loop
      vertex 102.868 75 0.575974
      vertex 103.3 79.7 0.691661
      vertex 103.71 75 0.801544
    endloop
  endfacet
  facet normal 0.258679 0 -0.965963
    outer loop
      vertex 103.3 79.7 0.691661
      vertex 102.868 75 0.575974
      vertex 102.868 79.7 0.575974
    endloop
  endfacet
  facet normal 0.258871 0 -0.965912
    outer loop
      vertex 103.71 75 0.801544
      vertex 103.3 84.7 0.691661
      vertex 103.71 91.1 0.801544
    endloop
  endfacet
  facet normal 0.258871 0 -0.965912
    outer loop
      vertex 103.3 85.7 0.691661
      vertex 103.71 91.1 0.801544
      vertex 103.3 84.7 0.691661
    endloop
  endfacet
  facet normal 0.258871 0 -0.965912
    outer loop
      vertex 103.3 90.7 0.691661
      vertex 103.71 91.1 0.801544
      vertex 103.3 85.7 0.691661
    endloop
  endfacet
  facet normal 0.258679 0 -0.965963
    outer loop
      vertex 102.868 91.1 0.575974
      vertex 103.3 90.7 0.691661
      vertex 102.868 90.7 0.575974
    endloop
  endfacet
  facet normal 0.258773 0.00010837 -0.965938
    outer loop
      vertex 103.3 90.7 0.691661
      vertex 102.868 91.1 0.575974
      vertex 103.71 91.1 0.801544
    endloop
  endfacet
  facet normal 0.996191 -0 0.0872
    outer loop
      vertex 106.924 75 6.36824
      vertex 107 91.1 5.5
      vertex 106.924 91.1 6.36824
    endloop
  endfacet
  facet normal 0.996191 0 0.0872
    outer loop
      vertex 107 91.1 5.5
      vertex 106.924 75 6.36824
      vertex 107 75 5.5
    endloop
  endfacet
  facet normal -0.90628 0 -0.422678
    outer loop
      vertex 97.6699 75 3
      vertex 97.3015 91.1 3.7899
      vertex 97.6699 91.1 3
    endloop
  endfacet
  facet normal -0.90628 -0 -0.422678
    outer loop
      vertex 97.3015 91.1 3.7899
      vertex 97.6699 75 3
      vertex 97.3015 75 3.7899
    endloop
  endfacet
  facet normal -0.422574 0 -0.906328
    outer loop
      vertex 99.5 75 1.16988
      vertex 100.29 91.1 0.801544
      vertex 100.29 75 0.801544
    endloop
  endfacet
  facet normal -0.422574 0 -0.906328
    outer loop
      vertex 100.29 91.1 0.801544
      vertex 99.5 75 1.16988
      vertex 99.5 91.1 1.16988
    endloop
  endfacet
  facet normal -0.573593 0 -0.81914
    outer loop
      vertex 98.7861 75 1.66978
      vertex 99.5 91.1 1.16988
      vertex 99.5 75 1.16988
    endloop
  endfacet
  facet normal -0.573593 0 -0.81914
    outer loop
      vertex 99.5 91.1 1.16988
      vertex 98.7861 75 1.66978
      vertex 98.7861 91.1 1.66978
    endloop
  endfacet
  facet normal -0.996191 0 -0.0872
    outer loop
      vertex 97.076 75 4.63176
      vertex 97 91.1 5.5
      vertex 97.076 91.1 4.63176
    endloop
  endfacet
  facet normal -0.996191 -0 -0.0872
    outer loop
      vertex 97 91.1 5.5
      vertex 97.076 75 4.63176
      vertex 97 75 5.5
    endloop
  endfacet
  facet normal -0.965948 0 -0.258738
    outer loop
      vertex 97.3015 75 3.7899
      vertex 97.076 91.1 4.63176
      vertex 97.3015 91.1 3.7899
    endloop
  endfacet
  facet normal -0.965948 -0 -0.258738
    outer loop
      vertex 97.076 91.1 4.63176
      vertex 97.3015 75 3.7899
      vertex 97.076 75 4.63176
    endloop
  endfacet
  facet normal 0.906456 -0 0.422301
    outer loop
      vertex 106.33 75 8
      vertex 106.698 91.1 7.2101
      vertex 106.33 91.1 8
    endloop
  endfacet
  facet normal 0.906456 0 0.422301
    outer loop
      vertex 106.698 91.1 7.2101
      vertex 106.33 75 8
      vertex 106.698 75 7.2101
    endloop
  endfacet
  facet normal 0.965804 -0 0.259273
    outer loop
      vertex 106.698 75 7.2101
      vertex 106.924 91.1 6.36824
      vertex 106.698 91.1 7.2101
    endloop
  endfacet
  facet normal 0.965804 0 0.259273
    outer loop
      vertex 106.924 91.1 6.36824
      vertex 106.698 75 7.2101
      vertex 106.924 75 6.36824
    endloop
  endfacet
  facet normal -0.90628 0 0.422678
    outer loop
      vertex 97.3015 75 7.2101
      vertex 97.6699 91.1 8
      vertex 97.3015 91.1 7.2101
    endloop
  endfacet
  facet normal -0.90628 0 0.422678
    outer loop
      vertex 97.6699 91.1 8
      vertex 97.3015 75 7.2101
      vertex 97.6699 75 8
    endloop
  endfacet
  facet normal -0.0871943 0 -0.996191
    outer loop
      vertex 101.132 75 0.575974
      vertex 102 79.7 0.5
      vertex 102 75 0.5
    endloop
  endfacet
  facet normal -0.0871943 0 -0.996191
    outer loop
      vertex 102 79.7 0.5
      vertex 101.132 75 0.575974
      vertex 101.132 79.7 0.575974
    endloop
  endfacet
  facet normal -0.0871943 0 -0.996191
    outer loop
      vertex 101.132 90.7 0.575974
      vertex 102 91.1 0.5
      vertex 102 90.7 0.5
    endloop
  endfacet
  facet normal -0.0871943 0 -0.996191
    outer loop
      vertex 102 91.1 0.5
      vertex 101.132 90.7 0.575974
      vertex 101.132 91.1 0.575974
    endloop
  endfacet
  facet normal -0.0871943 0 -0.996191
    outer loop
      vertex 101.132 84.7 0.575974
      vertex 102 85.7 0.5
      vertex 102 84.7 0.5
    endloop
  endfacet
  facet normal -0.0871943 0 -0.996191
    outer loop
      vertex 102 85.7 0.5
      vertex 101.132 84.7 0.575974
      vertex 101.132 85.7 0.575974
    endloop
  endfacet
  facet normal -0.965948 0 0.258738
    outer loop
      vertex 97.076 75 6.36824
      vertex 97.3015 91.1 7.2101
      vertex 97.076 91.1 6.36824
    endloop
  endfacet
  facet normal -0.965948 0 0.258738
    outer loop
      vertex 97.3015 91.1 7.2101
      vertex 97.076 75 6.36824
      vertex 97.3015 75 7.2101
    endloop
  endfacet
  facet normal -0.819152 0 0.573577
    outer loop
      vertex 97.6699 75 8
      vertex 98.1698 91.1 8.71393
      vertex 97.6699 91.1 8
    endloop
  endfacet
  facet normal -0.819152 0 0.573577
    outer loop
      vertex 98.1698 91.1 8.71393
      vertex 97.6699 75 8
      vertex 98.1698 75 8.71393
    endloop
  endfacet
  facet normal 0.906456 0 -0.422301
    outer loop
      vertex 106.698 75 3.7899
      vertex 106.33 91.1 3
      vertex 106.698 91.1 3.7899
    endloop
  endfacet
  facet normal 0.906456 0 -0.422301
    outer loop
      vertex 106.33 91.1 3
      vertex 106.698 75 3.7899
      vertex 106.33 75 3
    endloop
  endfacet
  facet normal 0.707272 0.00203761 -0.706939
    outer loop
      vertex 105.83 91.1 2.28607
      vertex 105.805 91 2.26077
      vertex 105.214 91.1 1.66978
    endloop
  endfacet
  facet normal 0.711311 0 -0.702877
    outer loop
      vertex 105.83 75 2.28607
      vertex 105.805 91 2.26077
      vertex 105.83 91.1 2.28607
    endloop
  endfacet
  facet normal 0.711311 0 -0.702877
    outer loop
      vertex 105.805 91 2.26077
      vertex 105.83 75 2.28607
      vertex 105.805 75 2.26077
    endloop
  endfacet
  facet normal 0.706905 -0.00229262 -0.707305
    outer loop
      vertex 105.239 91 1.69509
      vertex 105.214 91.1 1.66978
      vertex 105.805 91 2.26077
    endloop
  endfacet
  facet normal 0.71145 0 -0.702736
    outer loop
      vertex 105.214 75 1.66978
      vertex 105.239 91 1.69509
      vertex 105.239 75 1.69509
    endloop
  endfacet
  facet normal 0.71145 0 -0.702736
    outer loop
      vertex 105.239 91 1.69509
      vertex 105.214 75 1.66978
      vertex 105.214 91.1 1.66978
    endloop
  endfacet
  facet normal 0.573539 0 -0.819178
    outer loop
      vertex 104.5 75 1.16988
      vertex 105.214 91.1 1.66978
      vertex 105.214 75 1.66978
    endloop
  endfacet
  facet normal 0.573539 0 -0.819178
    outer loop
      vertex 105.214 91.1 1.66978
      vertex 104.5 75 1.16988
      vertex 104.5 91.1 1.16988
    endloop
  endfacet
  facet normal 0.996191 0 -0.0872
    outer loop
      vertex 107 75 5.5
      vertex 106.924 91.1 4.63176
      vertex 107 91.1 5.5
    endloop
  endfacet
  facet normal 0.996191 0 -0.0872
    outer loop
      vertex 106.924 91.1 4.63176
      vertex 107 75 5.5
      vertex 106.924 75 4.63176
    endloop
  endfacet
  facet normal -0.707162 -2.78058e-05 0.707052
    outer loop
      vertex 98.1698 91.1 8.71393
      vertex 98.1951 91 8.73923
      vertex 98.5558 91.1 9.09999
    endloop
  endfacet
  facet normal -0.707107 0 0.707107
    outer loop
      vertex 98.1698 75 8.71393
      vertex 98.1951 91 8.73923
      vertex 98.1698 91.1 8.71393
    endloop
  endfacet
  facet normal -0.707107 0 0.707107
    outer loop
      vertex 98.1951 91 8.73923
      vertex 98.1698 75 8.71393
      vertex 98.1951 75 8.73923
    endloop
  endfacet
  facet normal -0.707166 0 0.707048
    outer loop
      vertex 98.5558 91.1 9.09999
      vertex 98.1951 91 8.73923
      vertex 98.5558 91 9.09999
    endloop
  endfacet
  facet normal 0.0795656 0.409056 -0.909034
    outer loop
      vertex 102.868 91.1 0.575974
      vertex 102 91.1 0.5
      vertex 102.712 93.1 1.4623
    endloop
  endfacet
  facet normal 0.523331 0.40917 -0.747465
    outer loop
      vertex 105.214 91.1 1.66978
      vertex 104.5 91.1 1.16988
      vertex 104.635 93.1 2.35922
    endloop
  endfacet
  facet normal 0.747483 0.408933 -0.523492
    outer loop
      vertex 106.33 91.1 3
      vertex 105.141 93.1 2.86458
      vertex 105.551 93.1 3.45001
    endloop
  endfacet
  facet normal -0.236267 0.409034 -0.881402
    outer loop
      vertex 101.132 91.1 0.575974
      vertex 100.598 93.1 1.64726
      vertex 101.288 93.1 1.4623
    endloop
  endfacet
  facet normal 0.909084 0.408943 -0.0795752
    outer loop
      vertex 106.924 91.1 4.63176
      vertex 106.038 93.1 4.78806
      vertex 107 91.1 5.5
    endloop
  endfacet
  facet normal -0.385519 0.409063 -0.827069
    outer loop
      vertex 100.598 93.1 1.64726
      vertex 99.5 91.1 1.16988
      vertex 99.95 93.1 1.94931
    endloop
  endfacet
  facet normal 0.827242 0.408828 0.385397
    outer loop
      vertex 106.698 91.1 7.2101
      vertex 105.853 93.1 6.90227
      vertex 106.33 91.1 8
    endloop
  endfacet
  facet normal 0.402082 0.301562 0.864517
    outer loop
      vertex 104.05 93.1 9.05069
      vertex 103.944 93.1 9.09999
      vertex 105.444 91.1 9.09999
    endloop
  endfacet
  facet normal 0.827088 0.408919 -0.38563
    outer loop
      vertex 106.33 91.1 3
      vertex 105.551 93.1 3.45001
      vertex 105.853 93.1 4.09773
    endloop
  endfacet
  facet normal -0.528827 0.387262 0.755228
    outer loop
      vertex 99.3646 93.1 8.64078
      vertex 98.5558 91.1 9.09999
      vertex 99.95 93.1 9.05069
    endloop
  endfacet
  facet normal -0.747485 0.409053 -0.523395
    outer loop
      vertex 98.1698 91.1 2.28607
      vertex 97.6699 91.1 3
      vertex 98.8592 93.1 2.86458
    endloop
  endfacet
  facet normal -0.0795656 0.409056 -0.909034
    outer loop
      vertex 102 91.1 0.5
      vertex 101.132 91.1 0.575974
      vertex 101.288 93.1 1.4623
    endloop
  endfacet
  facet normal 0.88141 0.408815 -0.236617
    outer loop
      vertex 106.698 91.1 3.7899
      vertex 105.853 93.1 4.09773
      vertex 106.924 91.1 4.63176
    endloop
  endfacet
  facet normal -0.645234 0.409063 -0.645245
    outer loop
      vertex 98.1698 91.1 2.28607
      vertex 99.3646 93.1 2.35922
      vertex 98.7861 91.1 1.66978
    endloop
  endfacet
  facet normal -0.645217 0.409053 -0.645268
    outer loop
      vertex 99.3646 93.1 2.35922
      vertex 98.1698 91.1 2.28607
      vertex 98.8592 93.1 2.86458
    endloop
  endfacet
  facet normal -0.827032 0.409057 -0.385604
    outer loop
      vertex 98.4493 93.1 3.45001
      vertex 97.6699 91.1 3
      vertex 98.1473 93.1 4.09773
    endloop
  endfacet
  facet normal -0.747496 0.409061 -0.523373
    outer loop
      vertex 98.8592 93.1 2.86458
      vertex 97.6699 91.1 3
      vertex 98.4493 93.1 3.45001
    endloop
  endfacet
  facet normal -0.826974 0.409091 -0.385691
    outer loop
      vertex 97.6699 91.1 3
      vertex 97.3015 91.1 3.7899
      vertex 98.1473 93.1 4.09773
    endloop
  endfacet
  facet normal -0.523398 0.409067 -0.747475
    outer loop
      vertex 99.5 91.1 1.16988
      vertex 99.3646 93.1 2.35922
      vertex 99.95 93.1 1.94931
    endloop
  endfacet
  facet normal 0.523641 0.409057 -0.74731
    outer loop
      vertex 104.5 91.1 1.16988
      vertex 104.05 93.1 1.94931
      vertex 104.635 93.1 2.35922
    endloop
  endfacet
  facet normal -0.385596 0.409093 -0.827018
    outer loop
      vertex 100.29 91.1 0.801544
      vertex 99.5 91.1 1.16988
      vertex 100.598 93.1 1.64726
    endloop
  endfacet
  facet normal -0.523407 0.409064 -0.74747
    outer loop
      vertex 99.5 91.1 1.16988
      vertex 98.7861 91.1 1.66978
      vertex 99.3646 93.1 2.35922
    endloop
  endfacet
  facet normal 0.88141 0.408815 0.236617
    outer loop
      vertex 106.924 91.1 6.36824
      vertex 105.853 93.1 6.90227
      vertex 106.698 91.1 7.2101
    endloop
  endfacet
  facet normal 0.385596 0.409093 -0.827018
    outer loop
      vertex 103.71 91.1 0.801544
      vertex 103.402 93.1 1.64726
      vertex 104.5 91.1 1.16988
    endloop
  endfacet
  facet normal 0.644874 0.408928 -0.64569
    outer loop
      vertex 105.83 91.1 2.28607
      vertex 104.635 93.1 2.35922
      vertex 105.141 93.1 2.86458
    endloop
  endfacet
  facet normal 0.645351 0.40919 -0.645047
    outer loop
      vertex 104.635 93.1 2.35922
      vertex 105.83 91.1 2.28607
      vertex 105.214 91.1 1.66978
    endloop
  endfacet
  facet normal 0.74748 0.408931 -0.523497
    outer loop
      vertex 105.83 91.1 2.28607
      vertex 105.141 93.1 2.86458
      vertex 106.33 91.1 3
    endloop
  endfacet
  facet normal 0.529047 0.387357 0.755026
    outer loop
      vertex 104.635 93.1 8.64078
      vertex 104.05 93.1 9.05069
      vertex 105.444 91.1 9.09999
    endloop
  endfacet
  facet normal 0.385519 0.409063 -0.827069
    outer loop
      vertex 104.5 91.1 1.16988
      vertex 103.402 93.1 1.64726
      vertex 104.05 93.1 1.94931
    endloop
  endfacet
  facet normal 0.881456 0.408945 0.236219
    outer loop
      vertex 106.038 93.1 6.21194
      vertex 105.853 93.1 6.90227
      vertex 106.924 91.1 6.36824
    endloop
  endfacet
  facet normal 0 1 0
    outer loop
      vertex 104.635 93.1 8.64078
      vertex 103.944 93.1 9.09999
      vertex 104.05 93.1 9.05069
    endloop
  endfacet
  facet normal 0 1 0
    outer loop
      vertex 105.141 93.1 8.13542
      vertex 103.944 93.1 9.09999
      vertex 104.635 93.1 8.64078
    endloop
  endfacet
  facet normal 0 1 0
    outer loop
      vertex 103.944 93.1 9.09999
      vertex 105.141 93.1 8.13542
      vertex 100.056 93.1 9.09999
    endloop
  endfacet
  facet normal 0 1 0
    outer loop
      vertex 100.056 93.1 9.09999
      vertex 99.3646 93.1 8.64078
      vertex 99.95 93.1 9.05069
    endloop
  endfacet
  facet normal 0 1 0
    outer loop
      vertex 98.8592 93.1 8.13542
      vertex 100.056 93.1 9.09999
      vertex 105.141 93.1 8.13542
    endloop
  endfacet
  facet normal 0 1 0
    outer loop
      vertex 100.056 93.1 9.09999
      vertex 98.8592 93.1 8.13542
      vertex 99.3646 93.1 8.64078
    endloop
  endfacet
  facet normal 0 1 0
    outer loop
      vertex 105.551 93.1 7.54999
      vertex 98.8592 93.1 8.13542
      vertex 105.141 93.1 8.13542
    endloop
  endfacet
  facet normal 0 1 0
    outer loop
      vertex 105.551 93.1 7.54999
      vertex 98.4493 93.1 7.54999
      vertex 98.8592 93.1 8.13542
    endloop
  endfacet
  facet normal 0 1 0
    outer loop
      vertex 105.853 93.1 6.90227
      vertex 98.4493 93.1 7.54999
      vertex 105.551 93.1 7.54999
    endloop
  endfacet
  facet normal 0 1 0
    outer loop
      vertex 105.853 93.1 6.90227
      vertex 98.1473 93.1 6.90227
      vertex 98.4493 93.1 7.54999
    endloop
  endfacet
  facet normal 0 1 0
    outer loop
      vertex 106.038 93.1 6.21194
      vertex 98.1473 93.1 6.90227
      vertex 105.853 93.1 6.90227
    endloop
  endfacet
  facet normal 0 1 0
    outer loop
      vertex 106.038 93.1 6.21194
      vertex 97.9623 93.1 6.21194
      vertex 98.1473 93.1 6.90227
    endloop
  endfacet
  facet normal 0 1 0
    outer loop
      vertex 106.1 93.1 5.5
      vertex 97.9623 93.1 6.21194
      vertex 106.038 93.1 6.21194
    endloop
  endfacet
  facet normal 0 1 0
    outer loop
      vertex 106.1 93.1 5.5
      vertex 97.9 93.1 5.5
      vertex 97.9623 93.1 6.21194
    endloop
  endfacet
  facet normal 0 1 -0
    outer loop
      vertex 106.038 93.1 4.78806
      vertex 97.9 93.1 5.5
      vertex 106.1 93.1 5.5
    endloop
  endfacet
  facet normal 0 1 0
    outer loop
      vertex 106.038 93.1 4.78806
      vertex 97.9623 93.1 4.78806
      vertex 97.9 93.1 5.5
    endloop
  endfacet
  facet normal 0 1 -0
    outer loop
      vertex 105.853 93.1 4.09773
      vertex 97.9623 93.1 4.78806
      vertex 106.038 93.1 4.78806
    endloop
  endfacet
  facet normal 0 1 0
    outer loop
      vertex 105.853 93.1 4.09773
      vertex 98.1473 93.1 4.09773
      vertex 97.9623 93.1 4.78806
    endloop
  endfacet
  facet normal 0 1 -0
    outer loop
      vertex 105.551 93.1 3.45001
      vertex 98.1473 93.1 4.09773
      vertex 105.853 93.1 4.09773
    endloop
  endfacet
  facet normal 0 1 0
    outer loop
      vertex 105.551 93.1 3.45001
      vertex 98.4493 93.1 3.45001
      vertex 98.1473 93.1 4.09773
    endloop
  endfacet
  facet normal 0 1 -0
    outer loop
      vertex 105.141 93.1 2.86458
      vertex 98.4493 93.1 3.45001
      vertex 105.551 93.1 3.45001
    endloop
  endfacet
  facet normal 0 1 0
    outer loop
      vertex 105.141 93.1 2.86458
      vertex 98.8592 93.1 2.86458
      vertex 98.4493 93.1 3.45001
    endloop
  endfacet
  facet normal 0 1 -0
    outer loop
      vertex 104.635 93.1 2.35922
      vertex 98.8592 93.1 2.86458
      vertex 105.141 93.1 2.86458
    endloop
  endfacet
  facet normal 0 1 0
    outer loop
      vertex 104.635 93.1 2.35922
      vertex 99.3646 93.1 2.35922
      vertex 98.8592 93.1 2.86458
    endloop
  endfacet
  facet normal 0 1 -0
    outer loop
      vertex 104.05 93.1 1.94931
      vertex 99.3646 93.1 2.35922
      vertex 104.635 93.1 2.35922
    endloop
  endfacet
  facet normal 0 1 0
    outer loop
      vertex 104.05 93.1 1.94931
      vertex 99.95 93.1 1.94931
      vertex 99.3646 93.1 2.35922
    endloop
  endfacet
  facet normal 0 1 -0
    outer loop
      vertex 103.402 93.1 1.64726
      vertex 99.95 93.1 1.94931
      vertex 104.05 93.1 1.94931
    endloop
  endfacet
  facet normal 0 1 0
    outer loop
      vertex 103.402 93.1 1.64726
      vertex 100.598 93.1 1.64726
      vertex 99.95 93.1 1.94931
    endloop
  endfacet
  facet normal 0 1 -0
    outer loop
      vertex 102.712 93.1 1.4623
      vertex 100.598 93.1 1.64726
      vertex 103.402 93.1 1.64726
    endloop
  endfacet
  facet normal 0 1 0
    outer loop
      vertex 102.712 93.1 1.4623
      vertex 101.288 93.1 1.4623
      vertex 100.598 93.1 1.64726
    endloop
  endfacet
  facet normal -0 1 0
    outer loop
      vertex 101.288 93.1 1.4623
      vertex 102.712 93.1 1.4623
      vertex 102 93.1 1.40001
    endloop
  endfacet
  facet normal 0.881456 0.408945 -0.236219
    outer loop
      vertex 106.924 91.1 4.63176
      vertex 105.853 93.1 4.09773
      vertex 106.038 93.1 4.78806
    endloop
  endfacet
  facet normal -0.23613 0.409079 -0.881418
    outer loop
      vertex 101.132 91.1 0.575974
      vertex 100.29 91.1 0.801544
      vertex 100.598 93.1 1.64726
    endloop
  endfacet
  facet normal 0.74748 0.408931 0.523497
    outer loop
      vertex 106.33 91.1 8
      vertex 105.141 93.1 8.13542
      vertex 105.83 91.1 8.71393
    endloop
  endfacet
  facet normal 0.236267 0.409034 -0.881402
    outer loop
      vertex 102.868 91.1 0.575974
      vertex 102.712 93.1 1.4623
      vertex 103.402 93.1 1.64726
    endloop
  endfacet
  facet normal 0.23613 0.409079 -0.881418
    outer loop
      vertex 103.71 91.1 0.801544
      vertex 102.868 91.1 0.575974
      vertex 103.402 93.1 1.64726
    endloop
  endfacet
  facet normal 0.0795275 0.409069 -0.909031
    outer loop
      vertex 102.712 93.1 1.4623
      vertex 102 91.1 0.5
      vertex 102 93.1 1.40001
    endloop
  endfacet
  facet normal -0.0795275 0.409069 -0.909031
    outer loop
      vertex 102 91.1 0.5
      vertex 101.288 93.1 1.4623
      vertex 102 93.1 1.40001
    endloop
  endfacet
  facet normal -0.909032 0.409064 -0.079547
    outer loop
      vertex 97.9623 93.1 4.78806
      vertex 97 91.1 5.5
      vertex 97.9 93.1 5.5
    endloop
  endfacet
  facet normal -0.402077 0.301598 0.864507
    outer loop
      vertex 99.95 93.1 9.05069
      vertex 98.5558 91.1 9.09999
      vertex 100.056 93.1 9.09999
    endloop
  endfacet
  facet normal -0.826974 0.409091 0.385691
    outer loop
      vertex 98.1473 93.1 6.90227
      vertex 97.3015 91.1 7.2101
      vertex 97.6699 91.1 8
    endloop
  endfacet
  facet normal 0.747483 0.408933 0.523492
    outer loop
      vertex 105.551 93.1 7.54999
      vertex 105.141 93.1 8.13542
      vertex 106.33 91.1 8
    endloop
  endfacet
  facet normal 0.909084 0.408943 0.0795752
    outer loop
      vertex 107 91.1 5.5
      vertex 106.038 93.1 6.21194
      vertex 106.924 91.1 6.36824
    endloop
  endfacet
  facet normal -0.645217 0.409053 0.645268
    outer loop
      vertex 98.1698 91.1 8.71393
      vertex 99.3646 93.1 8.64078
      vertex 98.8592 93.1 8.13542
    endloop
  endfacet
  facet normal -0.645281 0.409089 0.645181
    outer loop
      vertex 99.3646 93.1 8.64078
      vertex 98.1698 91.1 8.71393
      vertex 98.5558 91.1 9.09999
    endloop
  endfacet
  facet normal 0.909059 0.409077 0.0791663
    outer loop
      vertex 106.1 93.1 5.5
      vertex 106.038 93.1 6.21194
      vertex 107 91.1 5.5
    endloop
  endfacet
  facet normal 0.827088 0.408919 0.38563
    outer loop
      vertex 105.853 93.1 6.90227
      vertex 105.551 93.1 7.54999
      vertex 106.33 91.1 8
    endloop
  endfacet
  facet normal -0.747485 0.409053 0.523395
    outer loop
      vertex 98.8592 93.1 8.13542
      vertex 97.6699 91.1 8
      vertex 98.1698 91.1 8.71393
    endloop
  endfacet
  facet normal 0.909059 0.409077 -0.0791663
    outer loop
      vertex 107 91.1 5.5
      vertex 106.038 93.1 4.78806
      vertex 106.1 93.1 5.5
    endloop
  endfacet
  facet normal 0.827242 0.408828 -0.385397
    outer loop
      vertex 106.33 91.1 3
      vertex 105.853 93.1 4.09773
      vertex 106.698 91.1 3.7899
    endloop
  endfacet
  facet normal -0.881408 0.409055 -0.236207
    outer loop
      vertex 98.1473 93.1 4.09773
      vertex 97.076 91.1 4.63176
      vertex 97.9623 93.1 4.78806
    endloop
  endfacet
  facet normal -0.827032 0.409057 0.385604
    outer loop
      vertex 98.1473 93.1 6.90227
      vertex 97.6699 91.1 8
      vertex 98.4493 93.1 7.54999
    endloop
  endfacet
  facet normal -0.881421 0.409092 -0.236097
    outer loop
      vertex 97.3015 91.1 3.7899
      vertex 97.076 91.1 4.63176
      vertex 98.1473 93.1 4.09773
    endloop
  endfacet
  facet normal -0.747496 0.409061 0.523373
    outer loop
      vertex 98.4493 93.1 7.54999
      vertex 97.6699 91.1 8
      vertex 98.8592 93.1 8.13542
    endloop
  endfacet
  facet normal -0.909032 0.409064 0.079547
    outer loop
      vertex 97.9 93.1 5.5
      vertex 97 91.1 5.5
      vertex 97.9623 93.1 6.21194
    endloop
  endfacet
  facet normal -0.909033 0.409056 -0.0795708
    outer loop
      vertex 97.076 91.1 4.63176
      vertex 97 91.1 5.5
      vertex 97.9623 93.1 4.78806
    endloop
  endfacet
  facet normal -0.881408 0.409055 0.236207
    outer loop
      vertex 97.9623 93.1 6.21194
      vertex 97.076 91.1 6.36824
      vertex 98.1473 93.1 6.90227
    endloop
  endfacet
  facet normal -0.909033 0.409056 0.0795708
    outer loop
      vertex 97.9623 93.1 6.21194
      vertex 97 91.1 5.5
      vertex 97.076 91.1 6.36824
    endloop
  endfacet
  facet normal -0.881421 0.409092 0.236097
    outer loop
      vertex 98.1473 93.1 6.90227
      vertex 97.076 91.1 6.36824
      vertex 97.3015 91.1 7.2101
    endloop
  endfacet
  facet normal 0.645264 0.409142 0.645164
    outer loop
      vertex 105.83 91.1 8.71393
      vertex 104.635 93.1 8.64078
      vertex 105.444 91.1 9.09999
    endloop
  endfacet
  facet normal 0.644874 0.408928 0.64569
    outer loop
      vertex 104.635 93.1 8.64078
      vertex 105.83 91.1 8.71393
      vertex 105.141 93.1 8.13542
    endloop
  endfacet
  facet normal -1 0 0
    outer loop
      vertex 103.3 79.7 0.691661
      vertex 103.3 84.7 9.09999
      vertex 103.3 84.7 0.691661
    endloop
  endfacet
  facet normal -1 -0 0
    outer loop
      vertex 103.3 84.7 9.09999
      vertex 103.3 79.7 0.691661
      vertex 103.3 79.7 9.09999
    endloop
  endfacet
  facet normal 0 -1 0
    outer loop
      vertex 100.7 84.7 0.691661
      vertex 103.3 84.7 9.09999
      vertex 100.7 84.7 9.09999
    endloop
  endfacet
  facet normal 0 -1 0
    outer loop
      vertex 100.7 84.7 0.691661
      vertex 103.3 84.7 0.691661
      vertex 103.3 84.7 9.09999
    endloop
  endfacet
  facet normal 0 -1 0
    outer loop
      vertex 102 84.7 0.5
      vertex 100.7 84.7 0.691661
      vertex 101.132 84.7 0.575974
    endloop
  endfacet
  facet normal 0 -1 0
    outer loop
      vertex 100.7 84.7 0.691661
      vertex 102 84.7 0.5
      vertex 103.3 84.7 0.691661
    endloop
  endfacet
  facet normal 0 -1 0
    outer loop
      vertex 103.3 84.7 0.691661
      vertex 102 84.7 0.5
      vertex 102.868 84.7 0.575974
    endloop
  endfacet
  facet normal 0 1 -0
    outer loop
      vertex 103.3 79.7 0.691661
      vertex 100.7 79.7 9.09999
      vertex 103.3 79.7 9.09999
    endloop
  endfacet
  facet normal 0 1 0
    outer loop
      vertex 103.3 79.7 0.691661
      vertex 100.7 79.7 0.691661
      vertex 100.7 79.7 9.09999
    endloop
  endfacet
  facet normal 0 1 0
    outer loop
      vertex 102 79.7 0.5
      vertex 103.3 79.7 0.691661
      vertex 102.868 79.7 0.575974
    endloop
  endfacet
  facet normal 0 1 0
    outer loop
      vertex 103.3 79.7 0.691661
      vertex 102 79.7 0.5
      vertex 100.7 79.7 0.691661
    endloop
  endfacet
  facet normal 0 1 0
    outer loop
      vertex 100.7 79.7 0.691661
      vertex 102 79.7 0.5
      vertex 101.132 79.7 0.575974
    endloop
  endfacet
  facet normal 1 -0 0
    outer loop
      vertex 100.7 79.7 9.09999
      vertex 100.7 84.7 0.691661
      vertex 100.7 84.7 9.09999
    endloop
  endfacet
  facet normal 1 0 0
    outer loop
      vertex 100.7 84.7 0.691661
      vertex 100.7 79.7 9.09999
      vertex 100.7 79.7 0.691661
    endloop
  endfacet
  facet normal -1 0 0
    outer loop
      vertex 103.3 85.7 0.691661
      vertex 103.3 90.7 9.09999
      vertex 103.3 90.7 0.691661
    endloop
  endfacet
  facet normal -1 -0 0
    outer loop
      vertex 103.3 90.7 9.09999
      vertex 103.3 85.7 0.691661
      vertex 103.3 85.7 9.09999
    endloop
  endfacet
  facet normal 0 -1 0
    outer loop
      vertex 100.7 90.7 0.691661
      vertex 103.3 90.7 9.09999
      vertex 100.7 90.7 9.09999
    endloop
  endfacet
  facet normal 0 -1 0
    outer loop
      vertex 100.7 90.7 0.691661
      vertex 103.3 90.7 0.691661
      vertex 103.3 90.7 9.09999
    endloop
  endfacet
  facet normal 0 -1 0
    outer loop
      vertex 102 90.7 0.5
      vertex 100.7 90.7 0.691661
      vertex 101.132 90.7 0.575974
    endloop
  endfacet
  facet normal 0 -1 0
    outer loop
      vertex 100.7 90.7 0.691661
      vertex 102 90.7 0.5
      vertex 103.3 90.7 0.691661
    endloop
  endfacet
  facet normal 0 -1 0
    outer loop
      vertex 103.3 90.7 0.691661
      vertex 102 90.7 0.5
      vertex 102.868 90.7 0.575974
    endloop
  endfacet
  facet normal 0 1 -0
    outer loop
      vertex 103.3 85.7 0.691661
      vertex 100.7 85.7 9.09999
      vertex 103.3 85.7 9.09999
    endloop
  endfacet
  facet normal 0 1 0
    outer loop
      vertex 103.3 85.7 0.691661
      vertex 100.7 85.7 0.691661
      vertex 100.7 85.7 9.09999
    endloop
  endfacet
  facet normal 0 1 0
    outer loop
      vertex 102 85.7 0.5
      vertex 103.3 85.7 0.691661
      vertex 102.868 85.7 0.575974
    endloop
  endfacet
  facet normal 0 1 0
    outer loop
      vertex 103.3 85.7 0.691661
      vertex 102 85.7 0.5
      vertex 100.7 85.7 0.691661
    endloop
  endfacet
  facet normal 0 1 0
    outer loop
      vertex 100.7 85.7 0.691661
      vertex 102 85.7 0.5
      vertex 101.132 85.7 0.575974
    endloop
  endfacet
  facet normal 1 -0 0
    outer loop
      vertex 100.7 85.7 9.09999
      vertex 100.7 90.7 0.691661
      vertex 100.7 90.7 9.09999
    endloop
  endfacet
  facet normal 1 0 0
    outer loop
      vertex 100.7 90.7 0.691661
      vertex 100.7 85.7 9.09999
      vertex 100.7 85.7 0.691661
    endloop
  endfacet
  facet normal 0 -1 0
    outer loop
      vertex 105.239 -91 9.30491
      vertex 105.903 -91 8.83754
      vertex 105.338 -91 9.40323
    endloop
  endfacet
  facet normal -0 -1 0
    outer loop
      vertex 105.903 -91 8.83754
      vertex 105.239 -91 9.30491
      vertex 105.805 -91 8.73923
    endloop
  endfacet
  facet normal 0 -1 0
    outer loop
      vertex 98.0968 -91 2.16246
      vertex 98.5558 -91 1.90001
      vertex 98.1951 -91 2.26077
    endloop
  endfacet
  facet normal 0 -1 0
    outer loop
      vertex 98.6625 -91 1.59677
      vertex 98.6703 -91 1.90001
      vertex 98.5558 -91 1.90001
    endloop
  endfacet
  facet normal 0 -1 -0
    outer loop
      vertex 98.6703 -91 1.90001
      vertex 98.6625 -91 1.59677
      vertex 98.818 -91 1.75233
    endloop
  endfacet
  facet normal 0 -1 0
    outer loop
      vertex 98.6625 -91 1.59677
      vertex 98.5558 -91 1.90001
      vertex 98.0968 -91 2.16246
    endloop
  endfacet
  facet normal 0 -1 0
    outer loop
      vertex 98.0968 -91 8.83754
      vertex 98.7608 -91 9.30491
      vertex 98.6625 -91 9.40323
    endloop
  endfacet
  facet normal 0 -1 0
    outer loop
      vertex 98.7608 -91 9.30491
      vertex 98.0968 -91 8.83754
      vertex 98.1951 -91 8.73923
    endloop
  endfacet
  facet normal 0 -1 0
    outer loop
      vertex 105.338 -91 1.59677
      vertex 105.33 -91 1.90001
      vertex 105.182 -91 1.75233
    endloop
  endfacet
  facet normal 0 -1 0
    outer loop
      vertex 105.444 -91 1.90001
      vertex 105.903 -91 2.16246
      vertex 105.805 -91 2.26077
    endloop
  endfacet
  facet normal 0 -1 -0
    outer loop
      vertex 105.444 -91 1.90001
      vertex 105.338 -91 1.59677
      vertex 105.903 -91 2.16246
    endloop
  endfacet
  facet normal 0 -1 0
    outer loop
      vertex 105.33 -91 1.90001
      vertex 105.338 -91 1.59677
      vertex 105.444 -91 1.90001
    endloop
  endfacet
  facet normal 0.707538 0 0.706675
    outer loop
      vertex 105.338 -75 9.40323
      vertex 105.903 -91 8.83754
      vertex 105.903 -75 8.83754
    endloop
  endfacet
  facet normal 0.707538 0 0.706675
    outer loop
      vertex 105.903 -91 8.83754
      vertex 105.338 -75 9.40323
      vertex 105.338 -91 9.40323
    endloop
  endfacet
  facet normal -0.704666 0 0.709539
    outer loop
      vertex 105.239 -91 9.30491
      vertex 105.338 -75 9.40323
      vertex 105.239 -75 9.30491
    endloop
  endfacet
  facet normal -0.704666 0 0.709539
    outer loop
      vertex 105.338 -75 9.40323
      vertex 105.239 -91 9.30491
      vertex 105.338 -91 9.40323
    endloop
  endfacet
  facet normal 0 -1 0
    outer loop
      vertex 105.214 -75 9.33022
      vertex 105.338 -75 9.40323
      vertex 104.5 -75 9.83012
    endloop
  endfacet
  facet normal 0 -1 0
    outer loop
      vertex 105.338 -75 9.40323
      vertex 105.214 -75 9.33022
      vertex 105.239 -75 9.30491
    endloop
  endfacet
  facet normal 0 -1 0
    outer loop
      vertex 98.6625 -75 9.40323
      vertex 96.927 -75 11
      vertex 96.6967 -75 10.8033
    endloop
  endfacet
  facet normal 0 -1 0
    outer loop
      vertex 96.927 -75 11
      vertex 102 -75 10.5
      vertex 107.073 -75 11
    endloop
  endfacet
  facet normal 0 -1 0
    outer loop
      vertex 102.868 -75 10.424
      vertex 107.073 -75 11
      vertex 102 -75 10.5
    endloop
  endfacet
  facet normal 0 -1 0
    outer loop
      vertex 96.927 -75 11
      vertex 101.132 -75 10.424
      vertex 102 -75 10.5
    endloop
  endfacet
  facet normal 0 -1 0
    outer loop
      vertex 96.927 -75 11
      vertex 100.29 -75 10.1985
      vertex 101.132 -75 10.424
    endloop
  endfacet
  facet normal 0 -1 0
    outer loop
      vertex 98.0968 -75 8.83754
      vertex 96.6967 -75 10.8033
      vertex 95.9324 -75 9.90839
    endloop
  endfacet
  facet normal 0 -1 0
    outer loop
      vertex 96.927 -75 11
      vertex 99.5 -75 9.83012
      vertex 100.29 -75 10.1985
    endloop
  endfacet
  facet normal 0 -1 0
    outer loop
      vertex 96.927 -75 11
      vertex 98.6625 -75 9.40323
      vertex 99.5 -75 9.83012
    endloop
  endfacet
  facet normal 0 -1 0
    outer loop
      vertex 97.6699 -75 8
      vertex 95.9324 -75 9.90839
      vertex 95.3175 -75 8.90492
    endloop
  endfacet
  facet normal 0 -1 0
    outer loop
      vertex 96.6967 -75 10.8033
      vertex 98.0968 -75 8.83754
      vertex 98.6625 -75 9.40323
    endloop
  endfacet
  facet normal 0 -1 0
    outer loop
      vertex 95.9324 -75 9.90839
      vertex 97.6699 -75 8
      vertex 98.0968 -75 8.83754
    endloop
  endfacet
  facet normal 0 -1 0
    outer loop
      vertex 98.0968 -75 8.83754
      vertex 98.1698 -75 8.71393
      vertex 98.1951 -75 8.73923
    endloop
  endfacet
  facet normal 0 -1 -0
    outer loop
      vertex 98.0968 -75 8.83754
      vertex 97.6699 -75 8
      vertex 98.1698 -75 8.71393
    endloop
  endfacet
  facet normal 0 -1 0
    outer loop
      vertex 97.3015 -75 7.2101
      vertex 95.3175 -75 8.90492
      vertex 94.8671 -75 7.81763
    endloop
  endfacet
  facet normal 0 -1 0
    outer loop
      vertex 95.3175 -75 8.90492
      vertex 97.3015 -75 7.2101
      vertex 97.6699 -75 8
    endloop
  endfacet
  facet normal 0 -1 0
    outer loop
      vertex 97.076 -75 6.36824
      vertex 94.8671 -75 7.81763
      vertex 94.5923 -75 6.67325
    endloop
  endfacet
  facet normal 0 -1 0
    outer loop
      vertex 94.8671 -75 7.81763
      vertex 97.076 -75 6.36824
      vertex 97.3015 -75 7.2101
    endloop
  endfacet
  facet normal 0 -1 0
    outer loop
      vertex 97 -75 5.5
      vertex 94.5923 -75 6.67325
      vertex 94.5 -75 5.5
    endloop
  endfacet
  facet normal 0 -1 0
    outer loop
      vertex 94.5923 -75 6.67325
      vertex 97 -75 5.5
      vertex 97.076 -75 6.36824
    endloop
  endfacet
  facet normal 0 -1 0
    outer loop
      vertex 94.5923 -75 4.32675
      vertex 97 -75 5.5
      vertex 94.5 -75 5.5
    endloop
  endfacet
  facet normal 0 -1 -0
    outer loop
      vertex 97 -75 5.5
      vertex 94.5923 -75 4.32675
      vertex 97.076 -75 4.63176
    endloop
  endfacet
  facet normal 0 -1 0
    outer loop
      vertex 94.8671 -75 3.18237
      vertex 97.076 -75 4.63176
      vertex 94.5923 -75 4.32675
    endloop
  endfacet
  facet normal 0 -1 -0
    outer loop
      vertex 97.076 -75 4.63176
      vertex 94.8671 -75 3.18237
      vertex 97.3015 -75 3.7899
    endloop
  endfacet
  facet normal 0 -1 0
    outer loop
      vertex 95.3175 -75 2.09508
      vertex 97.3015 -75 3.7899
      vertex 94.8671 -75 3.18237
    endloop
  endfacet
  facet normal 0 -1 -0
    outer loop
      vertex 97.3015 -75 3.7899
      vertex 95.3175 -75 2.09508
      vertex 97.6699 -75 3
    endloop
  endfacet
  facet normal 0 -1 0
    outer loop
      vertex 95.9324 -75 1.09161
      vertex 97.6699 -75 3
      vertex 95.3175 -75 2.09508
    endloop
  endfacet
  facet normal 0 -1 -0
    outer loop
      vertex 98.1698 -75 2.28607
      vertex 98.0968 -75 2.16246
      vertex 98.1951 -75 2.26077
    endloop
  endfacet
  facet normal 0 -1 0
    outer loop
      vertex 97.6699 -75 3
      vertex 98.0968 -75 2.16246
      vertex 98.1698 -75 2.28607
    endloop
  endfacet
  facet normal 0 -1 -0
    outer loop
      vertex 97.6699 -75 3
      vertex 95.9324 -75 1.09161
      vertex 98.0968 -75 2.16246
    endloop
  endfacet
  facet normal 0 -1 -0
    outer loop
      vertex 98.0968 -75 2.16246
      vertex 96.6967 -75 0.196701
      vertex 98.6625 -75 1.59677
    endloop
  endfacet
  facet normal 0 -1 0
    outer loop
      vertex 96.6967 -75 0.196701
      vertex 98.0968 -75 2.16246
      vertex 95.9324 -75 1.09161
    endloop
  endfacet
  facet normal 0 -1 0
    outer loop
      vertex 103.71 -75 10.1985
      vertex 107.073 -75 11
      vertex 102.868 -75 10.424
    endloop
  endfacet
  facet normal 0 -1 0
    outer loop
      vertex 104.5 -75 9.83012
      vertex 107.073 -75 11
      vertex 103.71 -75 10.1985
    endloop
  endfacet
  facet normal 0 -1 0
    outer loop
      vertex 105.338 -75 9.40323
      vertex 107.073 -75 11
      vertex 104.5 -75 9.83012
    endloop
  endfacet
  facet normal 0 -1 -0
    outer loop
      vertex 107.073 -75 11
      vertex 105.338 -75 9.40323
      vertex 107.303 -75 10.8033
    endloop
  endfacet
  facet normal 0 -1 0
    outer loop
      vertex 105.903 -75 8.83754
      vertex 107.303 -75 10.8033
      vertex 105.338 -75 9.40323
    endloop
  endfacet
  facet normal 0 -1 -0
    outer loop
      vertex 107.303 -75 10.8033
      vertex 105.903 -75 8.83754
      vertex 108.068 -75 9.90839
    endloop
  endfacet
  facet normal 0 -1 0
    outer loop
      vertex 106.33 -75 8
      vertex 108.068 -75 9.90839
      vertex 105.903 -75 8.83754
    endloop
  endfacet
  facet normal 0 -1 0
    outer loop
      vertex 105.83 -75 8.71393
      vertex 105.903 -75 8.83754
      vertex 105.805 -75 8.73923
    endloop
  endfacet
  facet normal 0 -1 0
    outer loop
      vertex 106.33 -75 8
      vertex 105.903 -75 8.83754
      vertex 105.83 -75 8.71393
    endloop
  endfacet
  facet normal 0 -1 -0
    outer loop
      vertex 108.068 -75 9.90839
      vertex 106.33 -75 8
      vertex 108.683 -75 8.90492
    endloop
  endfacet
  facet normal 0 -1 0
    outer loop
      vertex 106.698 -75 7.2101
      vertex 108.683 -75 8.90492
      vertex 106.33 -75 8
    endloop
  endfacet
  facet normal 0 -1 -0
    outer loop
      vertex 108.683 -75 8.90492
      vertex 106.698 -75 7.2101
      vertex 109.133 -75 7.81763
    endloop
  endfacet
  facet normal 0 -1 0
    outer loop
      vertex 106.924 -75 6.36824
      vertex 109.133 -75 7.81763
      vertex 106.698 -75 7.2101
    endloop
  endfacet
  facet normal 0 -1 -0
    outer loop
      vertex 109.133 -75 7.81763
      vertex 106.924 -75 6.36824
      vertex 109.408 -75 6.67325
    endloop
  endfacet
  facet normal 0 -1 0
    outer loop
      vertex 107 -75 5.5
      vertex 109.408 -75 6.67325
      vertex 106.924 -75 6.36824
    endloop
  endfacet
  facet normal 0 -1 0
    outer loop
      vertex 107 -75 5.5
      vertex 109.5 -75 5.5
      vertex 109.408 -75 6.67325
    endloop
  endfacet
  facet normal 0 -1 0
    outer loop
      vertex 109.408 -75 4.32675
      vertex 107 -75 5.5
      vertex 106.924 -75 4.63176
    endloop
  endfacet
  facet normal 0 -1 0
    outer loop
      vertex 107 -75 5.5
      vertex 109.408 -75 4.32675
      vertex 109.5 -75 5.5
    endloop
  endfacet
  facet normal 0 -1 0
    outer loop
      vertex 109.133 -75 3.18237
      vertex 106.924 -75 4.63176
      vertex 106.698 -75 3.7899
    endloop
  endfacet
  facet normal 0 -1 0
    outer loop
      vertex 106.924 -75 4.63176
      vertex 109.133 -75 3.18237
      vertex 109.408 -75 4.32675
    endloop
  endfacet
  facet normal 0 -1 0
    outer loop
      vertex 108.683 -75 2.09508
      vertex 106.698 -75 3.7899
      vertex 106.33 -75 3
    endloop
  endfacet
  facet normal 0 -1 0
    outer loop
      vertex 105.903 -75 2.16246
      vertex 106.33 -75 3
      vertex 105.83 -75 2.28607
    endloop
  endfacet
  facet normal 0 -1 0
    outer loop
      vertex 105.903 -75 2.16246
      vertex 105.83 -75 2.28607
      vertex 105.805 -75 2.26077
    endloop
  endfacet
  facet normal 0 -1 0
    outer loop
      vertex 108.068 -75 1.09161
      vertex 106.33 -75 3
      vertex 105.903 -75 2.16246
    endloop
  endfacet
  facet normal 0 -1 0
    outer loop
      vertex 106.698 -75 3.7899
      vertex 108.683 -75 2.09508
      vertex 109.133 -75 3.18237
    endloop
  endfacet
  facet normal 0 -1 0
    outer loop
      vertex 107.303 -75 0.196701
      vertex 105.903 -75 2.16246
      vertex 105.338 -75 1.59677
    endloop
  endfacet
  facet normal 0 -1 0
    outer loop
      vertex 106.33 -75 3
      vertex 108.068 -75 1.09161
      vertex 108.683 -75 2.09508
    endloop
  endfacet
  facet normal 0 -1 0
    outer loop
      vertex 97.5916 -75 -0.567627
      vertex 98.6625 -75 1.59677
      vertex 96.6967 -75 0.196701
    endloop
  endfacet
  facet normal 0 -1 0
    outer loop
      vertex 98.5951 -75 -1.18254
      vertex 98.6625 -75 1.59677
      vertex 97.5916 -75 -0.567627
    endloop
  endfacet
  facet normal 0 -1 0
    outer loop
      vertex 105.903 -75 2.16246
      vertex 107.303 -75 0.196701
      vertex 108.068 -75 1.09161
    endloop
  endfacet
  facet normal 0 -1 0
    outer loop
      vertex 99.6824 -75 -1.63292
      vertex 98.6625 -75 1.59677
      vertex 98.5951 -75 -1.18254
    endloop
  endfacet
  facet normal 0 -1 0
    outer loop
      vertex 105.338 -75 1.59677
      vertex 106.408 -75 -0.567627
      vertex 107.303 -75 0.196701
    endloop
  endfacet
  facet normal 0 -1 0
    outer loop
      vertex 100.827 -75 -1.90765
      vertex 98.6625 -75 1.59677
      vertex 99.6824 -75 -1.63292
    endloop
  endfacet
  facet normal 0 -1 0
    outer loop
      vertex 105.338 -75 1.59677
      vertex 105.405 -75 -1.18254
      vertex 106.408 -75 -0.567627
    endloop
  endfacet
  facet normal 0 -1 0
    outer loop
      vertex 102 -75 -2
      vertex 98.6625 -75 1.59677
      vertex 100.827 -75 -1.90765
    endloop
  endfacet
  facet normal 0 -1 -0
    outer loop
      vertex 105.338 -75 1.59677
      vertex 104.318 -75 -1.63292
      vertex 105.405 -75 -1.18254
    endloop
  endfacet
  facet normal 0 -1 0
    outer loop
      vertex 98.6625 -75 1.59677
      vertex 102 -75 -2
      vertex 105.338 -75 1.59677
    endloop
  endfacet
  facet normal 0 -1 0
    outer loop
      vertex 105.338 -75 1.59677
      vertex 103.173 -75 -1.90765
      vertex 104.318 -75 -1.63292
    endloop
  endfacet
  facet normal 0 -1 0
    outer loop
      vertex 105.338 -75 1.59677
      vertex 102 -75 -2
      vertex 103.173 -75 -1.90765
    endloop
  endfacet
  facet normal 0 -1 0
    outer loop
      vertex 98.6625 -75 9.40323
      vertex 98.7861 -75 9.33022
      vertex 99.5 -75 9.83012
    endloop
  endfacet
  facet normal -0 -1 0
    outer loop
      vertex 98.7861 -75 9.33022
      vertex 98.6625 -75 9.40323
      vertex 98.7608 -75 9.30491
    endloop
  endfacet
  facet normal 0 -1 0
    outer loop
      vertex 98.818 -75 1.75233
      vertex 105.33 -75 1.90001
      vertex 98.6703 -75 1.90001
    endloop
  endfacet
  facet normal 0 -1 0
    outer loop
      vertex 98.818 -75 1.75233
      vertex 105.182 -75 1.75233
      vertex 105.33 -75 1.90001
    endloop
  endfacet
  facet normal 0 -1 0
    outer loop
      vertex 98.6625 -75 1.59677
      vertex 105.182 -75 1.75233
      vertex 98.818 -75 1.75233
    endloop
  endfacet
  facet normal 0 -1 -0
    outer loop
      vertex 105.182 -75 1.75233
      vertex 98.6625 -75 1.59677
      vertex 105.338 -75 1.59677
    endloop
  endfacet
  facet normal 0.708223 0 -0.705989
    outer loop
      vertex 105.903 -91 8.83754
      vertex 105.805 -75 8.73923
      vertex 105.903 -75 8.83754
    endloop
  endfacet
  facet normal 0.708223 0 -0.705989
    outer loop
      vertex 105.805 -75 8.73923
      vertex 105.903 -91 8.83754
      vertex 105.805 -91 8.73923
    endloop
  endfacet
  facet normal -0.707143 0 -0.707071
    outer loop
      vertex 98.1951 -91 8.73923
      vertex 98.0968 -75 8.83754
      vertex 98.1951 -75 8.73923
    endloop
  endfacet
  facet normal -0.707143 -0 -0.707071
    outer loop
      vertex 98.0968 -75 8.83754
      vertex 98.1951 -91 8.73923
      vertex 98.0968 -91 8.83754
    endloop
  endfacet
  facet normal 0.707179 -0 0.707035
    outer loop
      vertex 98.6625 -91 9.40323
      vertex 98.7608 -75 9.30491
      vertex 98.6625 -75 9.40323
    endloop
  endfacet
  facet normal 0.707179 0 0.707035
    outer loop
      vertex 98.7608 -75 9.30491
      vertex 98.6625 -91 9.40323
      vertex 98.7608 -91 9.30491
    endloop
  endfacet
  facet normal -0.707101 0 0.707113
    outer loop
      vertex 98.0968 -75 8.83754
      vertex 98.6625 -91 9.40323
      vertex 98.6625 -75 9.40323
    endloop
  endfacet
  facet normal -0.707101 0 0.707113
    outer loop
      vertex 98.6625 -91 9.40323
      vertex 98.0968 -75 8.83754
      vertex 98.0968 -91 8.83754
    endloop
  endfacet
  facet normal -0.707101 0 -0.707113
    outer loop
      vertex 98.0968 -91 2.16246
      vertex 98.6625 -75 1.59677
      vertex 98.6625 -91 1.59677
    endloop
  endfacet
  facet normal -0.707101 0 -0.707113
    outer loop
      vertex 98.6625 -75 1.59677
      vertex 98.0968 -91 2.16246
      vertex 98.0968 -75 2.16246
    endloop
  endfacet
  facet normal 0.707059 -0 0.707155
    outer loop
      vertex 98.6703 -91 1.90001
      vertex 98.818 -75 1.75233
      vertex 98.6703 -75 1.90001
    endloop
  endfacet
  facet normal 0.707059 0 0.707155
    outer loop
      vertex 98.818 -75 1.75233
      vertex 98.6703 -91 1.90001
      vertex 98.818 -91 1.75233
    endloop
  endfacet
  facet normal 0.707243 0 -0.70697
    outer loop
      vertex 98.818 -91 1.75233
      vertex 98.6625 -75 1.59677
      vertex 98.818 -75 1.75233
    endloop
  endfacet
  facet normal 0.707243 0 -0.70697
    outer loop
      vertex 98.6625 -75 1.59677
      vertex 98.818 -91 1.75233
      vertex 98.6625 -91 1.59677
    endloop
  endfacet
  facet normal -0.707143 0 0.707071
    outer loop
      vertex 98.0968 -91 2.16246
      vertex 98.1951 -75 2.26077
      vertex 98.0968 -75 2.16246
    endloop
  endfacet
  facet normal -0.707143 0 0.707071
    outer loop
      vertex 98.1951 -75 2.26077
      vertex 98.0968 -91 2.16246
      vertex 98.1951 -91 2.26077
    endloop
  endfacet
  facet normal 0.707538 0 -0.706675
    outer loop
      vertex 105.338 -91 1.59677
      vertex 105.903 -75 2.16246
      vertex 105.903 -91 2.16246
    endloop
  endfacet
  facet normal 0.707538 0 -0.706675
    outer loop
      vertex 105.903 -75 2.16246
      vertex 105.338 -91 1.59677
      vertex 105.338 -75 1.59677
    endloop
  endfacet
  facet normal -0.706341 0 0.707872
    outer loop
      vertex 105.182 -91 1.75233
      vertex 105.33 -75 1.90001
      vertex 105.182 -75 1.75233
    endloop
  endfacet
  facet normal -0.706341 0 0.707872
    outer loop
      vertex 105.33 -75 1.90001
      vertex 105.182 -91 1.75233
      vertex 105.33 -91 1.90001
    endloop
  endfacet
  facet normal 0.708223 -0 0.705989
    outer loop
      vertex 105.805 -91 2.26077
      vertex 105.903 -75 2.16246
      vertex 105.805 -75 2.26077
    endloop
  endfacet
  facet normal 0.708223 0 0.705989
    outer loop
      vertex 105.903 -75 2.16246
      vertex 105.805 -91 2.26077
      vertex 105.903 -91 2.16246
    endloop
  endfacet
  facet normal -0.706107 0 -0.708105
    outer loop
      vertex 105.338 -91 1.59677
      vertex 105.182 -75 1.75233
      vertex 105.338 -75 1.59677
    endloop
  endfacet
  facet normal -0.706107 -0 -0.708105
    outer loop
      vertex 105.182 -75 1.75233
      vertex 105.338 -91 1.59677
      vertex 105.182 -91 1.75233
    endloop
  endfacet
  facet normal 0.711311 0 -0.702877
    outer loop
      vertex 105.83 -75 2.28607
      vertex 105.805 -91 2.26077
      vertex 105.805 -75 2.26077
    endloop
  endfacet
  facet normal 0.711311 0 -0.702877
    outer loop
      vertex 105.83 -91.1 2.28607
      vertex 105.805 -91 2.26077
      vertex 105.83 -75 2.28607
    endloop
  endfacet
  facet normal 0.70716 -0.00209367 -0.70705
    outer loop
      vertex 105.444 -91.1 1.90001
      vertex 105.805 -91 2.26077
      vertex 105.83 -91.1 2.28607
    endloop
  endfacet
  facet normal 0.706872 0 -0.707342
    outer loop
      vertex 105.805 -91 2.26077
      vertex 105.444 -91.1 1.90001
      vertex 105.444 -91 1.90001
    endloop
  endfacet
  facet normal 0.819098 0 -0.573654
    outer loop
      vertex 106.33 -91.1 3
      vertex 105.83 -75 2.28607
      vertex 106.33 -75 3
    endloop
  endfacet
  facet normal 0.819098 0 -0.573654
    outer loop
      vertex 105.83 -75 2.28607
      vertex 106.33 -91.1 3
      vertex 105.83 -91.1 2.28607
    endloop
  endfacet
  facet normal -0.819152 0 0.573577
    outer loop
      vertex 97.6699 -91.1 8
      vertex 98.1698 -75 8.71393
      vertex 97.6699 -75 8
    endloop
  endfacet
  facet normal -0.819152 0 0.573577
    outer loop
      vertex 98.1698 -75 8.71393
      vertex 97.6699 -91.1 8
      vertex 98.1698 -91.1 8.71393
    endloop
  endfacet
  facet normal -0.996191 0 -0.0872
    outer loop
      vertex 97.076 -91.1 4.63176
      vertex 97 -75 5.5
      vertex 97.076 -75 4.63176
    endloop
  endfacet
  facet normal -0.996191 -0 -0.0872
    outer loop
      vertex 97 -75 5.5
      vertex 97.076 -91.1 4.63176
      vertex 97 -91.1 5.5
    endloop
  endfacet
  facet normal -0.707107 0 0.707107
    outer loop
      vertex 98.1698 -75 8.71393
      vertex 98.1951 -91 8.73923
      vertex 98.1951 -75 8.73923
    endloop
  endfacet
  facet normal -0.707094 -6.32495e-06 0.707119
    outer loop
      vertex 98.1951 -91 8.73923
      vertex 98.1698 -91.1 8.71393
      vertex 98.7608 -91 9.30491
    endloop
  endfacet
  facet normal -0.707107 0 0.707107
    outer loop
      vertex 98.1698 -91.1 8.71393
      vertex 98.1951 -91 8.73923
      vertex 98.1698 -75 8.71393
    endloop
  endfacet
  facet normal -0.707246 0 0.706967
    outer loop
      vertex 98.7608 -91 9.30491
      vertex 98.7861 -75 9.33022
      vertex 98.7608 -75 9.30491
    endloop
  endfacet
  facet normal -0.707246 0 0.706967
    outer loop
      vertex 98.7608 -91 9.30491
      vertex 98.7861 -91.1 9.33022
      vertex 98.7861 -75 9.33022
    endloop
  endfacet
  facet normal -0.707101 7.36141e-05 0.707113
    outer loop
      vertex 98.7861 -91.1 9.33022
      vertex 98.7608 -91 9.30491
      vertex 98.1698 -91.1 8.71393
    endloop
  endfacet
  facet normal 0.0872239 0 0.996189
    outer loop
      vertex 102 -75 10.5
      vertex 102.868 -79.7 10.424
      vertex 102.868 -75 10.424
    endloop
  endfacet
  facet normal 0.0872239 0 0.996189
    outer loop
      vertex 102.868 -79.7 10.424
      vertex 102 -75 10.5
      vertex 102 -79.7 10.5
    endloop
  endfacet
  facet normal 0.0872239 0 0.996189
    outer loop
      vertex 102 -90.7 10.5
      vertex 102.868 -91.1 10.424
      vertex 102.868 -90.7 10.424
    endloop
  endfacet
  facet normal 0.0872239 0 0.996189
    outer loop
      vertex 102.868 -91.1 10.424
      vertex 102 -90.7 10.5
      vertex 102 -91.1 10.5
    endloop
  endfacet
  facet normal 0.0872239 0 0.996189
    outer loop
      vertex 102 -84.7 10.5
      vertex 102.868 -85.7 10.424
      vertex 102.868 -84.7 10.424
    endloop
  endfacet
  facet normal 0.0872239 0 0.996189
    outer loop
      vertex 102.868 -85.7 10.424
      vertex 102 -84.7 10.5
      vertex 102 -85.7 10.5
    endloop
  endfacet
  facet normal 0 0 -1
    outer loop
      vertex 98.5558 -91.1 1.90001
      vertex 98.6703 -91 1.90001
      vertex 100.056 -93.1 1.90001
    endloop
  endfacet
  facet normal -0 0 -1
    outer loop
      vertex 98.6703 -91 1.90001
      vertex 98.5558 -91.1 1.90001
      vertex 98.5558 -91 1.90001
    endloop
  endfacet
  facet normal 0 0 -1
    outer loop
      vertex 100.7 -85.7 1.90001
      vertex 103.3 -84.7 1.90001
      vertex 103.3 -85.7 1.90001
    endloop
  endfacet
  facet normal -0 0 -1
    outer loop
      vertex 103.3 -84.7 1.90001
      vertex 100.7 -85.7 1.90001
      vertex 100.7 -84.7 1.90001
    endloop
  endfacet
  facet normal 0 0 -1
    outer loop
      vertex 103.944 -93.1 1.90001
      vertex 100.7 -90.7 1.90001
      vertex 103.3 -90.7 1.90001
    endloop
  endfacet
  facet normal 0 0 -1
    outer loop
      vertex 98.6703 -91 1.90001
      vertex 100.7 -85.7 1.90001
      vertex 100.7 -90.7 1.90001
    endloop
  endfacet
  facet normal -0 0 -1
    outer loop
      vertex 100.7 -85.7 1.90001
      vertex 98.6703 -91 1.90001
      vertex 100.7 -84.7 1.90001
    endloop
  endfacet
  facet normal 0 0 -1
    outer loop
      vertex 98.6703 -91 1.90001
      vertex 100.7 -90.7 1.90001
      vertex 100.056 -93.1 1.90001
    endloop
  endfacet
  facet normal 0 0 -1
    outer loop
      vertex 100.056 -93.1 1.90001
      vertex 100.7 -90.7 1.90001
      vertex 103.944 -93.1 1.90001
    endloop
  endfacet
  facet normal 0 0 -1
    outer loop
      vertex 105.444 -91.1 1.90001
      vertex 105.33 -91 1.90001
      vertex 105.444 -91 1.90001
    endloop
  endfacet
  facet normal 0 0 -1
    outer loop
      vertex 103.944 -93.1 1.90001
      vertex 105.33 -91 1.90001
      vertex 105.444 -91.1 1.90001
    endloop
  endfacet
  facet normal 0 0 -1
    outer loop
      vertex 103.3 -90.7 1.90001
      vertex 105.33 -91 1.90001
      vertex 103.944 -93.1 1.90001
    endloop
  endfacet
  facet normal 0 0 -1
    outer loop
      vertex 105.33 -91 1.90001
      vertex 103.3 -90.7 1.90001
      vertex 103.3 -85.7 1.90001
    endloop
  endfacet
  facet normal 0 0 -1
    outer loop
      vertex 103.3 -84.7 1.90001
      vertex 105.33 -91 1.90001
      vertex 103.3 -85.7 1.90001
    endloop
  endfacet
  facet normal 0 0 -1
    outer loop
      vertex 105.33 -91 1.90001
      vertex 103.3 -84.7 1.90001
      vertex 105.33 -75 1.90001
    endloop
  endfacet
  facet normal 0 0 -1
    outer loop
      vertex 103.3 -79.7 1.90001
      vertex 105.33 -75 1.90001
      vertex 103.3 -84.7 1.90001
    endloop
  endfacet
  facet normal 0 0 -1
    outer loop
      vertex 100.7 -79.7 1.90001
      vertex 105.33 -75 1.90001
      vertex 103.3 -79.7 1.90001
    endloop
  endfacet
  facet normal 0 0 -1
    outer loop
      vertex 98.6703 -75 1.90001
      vertex 100.7 -84.7 1.90001
      vertex 98.6703 -91 1.90001
    endloop
  endfacet
  facet normal 0 0 -1
    outer loop
      vertex 100.7 -79.7 1.90001
      vertex 98.6703 -75 1.90001
      vertex 105.33 -75 1.90001
    endloop
  endfacet
  facet normal 0 0 -1
    outer loop
      vertex 100.7 -84.7 1.90001
      vertex 98.6703 -75 1.90001
      vertex 100.7 -79.7 1.90001
    endloop
  endfacet
  facet normal -0.258706 0 0.965956
    outer loop
      vertex 101.132 -75 10.424
      vertex 100.7 -79.7 10.3083
      vertex 101.132 -79.7 10.424
    endloop
  endfacet
  facet normal -0.258689 0 0.965961
    outer loop
      vertex 100.29 -75 10.1985
      vertex 100.7 -84.7 10.3083
      vertex 100.7 -79.7 10.3083
    endloop
  endfacet
  facet normal -0.258689 0 0.965961
    outer loop
      vertex 100.29 -91.1 10.1985
      vertex 100.7 -84.7 10.3083
      vertex 100.29 -75 10.1985
    endloop
  endfacet
  facet normal -0.258689 0 0.965961
    outer loop
      vertex 100.7 -84.7 10.3083
      vertex 100.29 -91.1 10.1985
      vertex 100.7 -85.7 10.3083
    endloop
  endfacet
  facet normal -0.258698 -8.29903e-07 0.965958
    outer loop
      vertex 100.29 -75 10.1985
      vertex 100.7 -79.7 10.3083
      vertex 101.132 -75 10.424
    endloop
  endfacet
  facet normal -0.258706 0 0.965956
    outer loop
      vertex 100.7 -84.7 10.3083
      vertex 101.132 -85.7 10.424
      vertex 101.132 -84.7 10.424
    endloop
  endfacet
  facet normal -0.258706 0 0.965956
    outer loop
      vertex 101.132 -85.7 10.424
      vertex 100.7 -84.7 10.3083
      vertex 100.7 -85.7 10.3083
    endloop
  endfacet
  facet normal -0.258706 0 0.965956
    outer loop
      vertex 100.7 -90.7 10.3083
      vertex 101.132 -91.1 10.424
      vertex 101.132 -90.7 10.424
    endloop
  endfacet
  facet normal -0.258698 9.75136e-06 0.965958
    outer loop
      vertex 100.7 -90.7 10.3083
      vertex 100.29 -91.1 10.1985
      vertex 101.132 -91.1 10.424
    endloop
  endfacet
  facet normal -0.258689 0 0.965961
    outer loop
      vertex 100.7 -85.7 10.3083
      vertex 100.29 -91.1 10.1985
      vertex 100.7 -90.7 10.3083
    endloop
  endfacet
  facet normal 0.422615 0 0.906309
    outer loop
      vertex 103.71 -75 10.1985
      vertex 104.5 -91.1 9.83012
      vertex 104.5 -75 9.83012
    endloop
  endfacet
  facet normal 0.422615 0 0.906309
    outer loop
      vertex 104.5 -91.1 9.83012
      vertex 103.71 -75 10.1985
      vertex 103.71 -91.1 10.1985
    endloop
  endfacet
  facet normal 0.819098 -0 0.573654
    outer loop
      vertex 105.83 -91.1 8.71393
      vertex 106.33 -75 8
      vertex 105.83 -75 8.71393
    endloop
  endfacet
  facet normal 0.819098 0 0.573654
    outer loop
      vertex 106.33 -75 8
      vertex 105.83 -91.1 8.71393
      vertex 106.33 -91.1 8
    endloop
  endfacet
  facet normal 0.965804 -0 0.259273
    outer loop
      vertex 106.698 -91.1 7.2101
      vertex 106.924 -75 6.36824
      vertex 106.698 -75 7.2101
    endloop
  endfacet
  facet normal 0.965804 0 0.259273
    outer loop
      vertex 106.924 -75 6.36824
      vertex 106.698 -91.1 7.2101
      vertex 106.924 -91.1 6.36824
    endloop
  endfacet
  facet normal 0.258706 0 0.965956
    outer loop
      vertex 102.868 -84.7 10.424
      vertex 103.3 -85.7 10.3083
      vertex 103.3 -84.7 10.3083
    endloop
  endfacet
  facet normal 0.258706 0 0.965956
    outer loop
      vertex 103.3 -85.7 10.3083
      vertex 102.868 -84.7 10.424
      vertex 102.868 -85.7 10.424
    endloop
  endfacet
  facet normal 0.258689 -0 0.965961
    outer loop
      vertex 103.3 -84.7 10.3083
      vertex 103.71 -75 10.1985
      vertex 103.3 -79.7 10.3083
    endloop
  endfacet
  facet normal 0.258698 -8.29903e-07 0.965958
    outer loop
      vertex 102.868 -75 10.424
      vertex 103.3 -79.7 10.3083
      vertex 103.71 -75 10.1985
    endloop
  endfacet
  facet normal 0.258706 0 0.965956
    outer loop
      vertex 103.3 -79.7 10.3083
      vertex 102.868 -75 10.424
      vertex 102.868 -79.7 10.424
    endloop
  endfacet
  facet normal 0.258689 0 0.965961
    outer loop
      vertex 103.71 -75 10.1985
      vertex 103.3 -84.7 10.3083
      vertex 103.71 -91.1 10.1985
    endloop
  endfacet
  facet normal 0.258689 -0 0.965961
    outer loop
      vertex 103.3 -85.7 10.3083
      vertex 103.71 -91.1 10.1985
      vertex 103.3 -84.7 10.3083
    endloop
  endfacet
  facet normal 0.258689 -0 0.965961
    outer loop
      vertex 103.3 -90.7 10.3083
      vertex 103.71 -91.1 10.1985
      vertex 103.3 -85.7 10.3083
    endloop
  endfacet
  facet normal 0.258706 -0 0.965956
    outer loop
      vertex 102.868 -91.1 10.424
      vertex 103.3 -90.7 10.3083
      vertex 102.868 -90.7 10.424
    endloop
  endfacet
  facet normal 0.258698 9.75136e-06 0.965958
    outer loop
      vertex 103.3 -90.7 10.3083
      vertex 102.868 -91.1 10.424
      vertex 103.71 -91.1 10.1985
    endloop
  endfacet
  facet normal 0.996191 0 -0.0872
    outer loop
      vertex 107 -91.1 5.5
      vertex 106.924 -75 4.63176
      vertex 107 -75 5.5
    endloop
  endfacet
  facet normal 0.996191 0 -0.0872
    outer loop
      vertex 106.924 -75 4.63176
      vertex 107 -91.1 5.5
      vertex 106.924 -91.1 4.63176
    endloop
  endfacet
  facet normal -0.90628 0 0.422678
    outer loop
      vertex 97.3015 -91.1 7.2101
      vertex 97.6699 -75 8
      vertex 97.3015 -75 7.2101
    endloop
  endfacet
  facet normal -0.90628 0 0.422678
    outer loop
      vertex 97.6699 -75 8
      vertex 97.3015 -91.1 7.2101
      vertex 97.6699 -91.1 8
    endloop
  endfacet
  facet normal -0.422615 0 0.906309
    outer loop
      vertex 99.5 -75 9.83012
      vertex 100.29 -91.1 10.1985
      vertex 100.29 -75 10.1985
    endloop
  endfacet
  facet normal -0.422615 0 0.906309
    outer loop
      vertex 100.29 -91.1 10.1985
      vertex 99.5 -75 9.83012
      vertex 99.5 -91.1 9.83012
    endloop
  endfacet
  facet normal -0.573593 0 0.81914
    outer loop
      vertex 98.7861 -75 9.33022
      vertex 99.5 -91.1 9.83012
      vertex 99.5 -75 9.83012
    endloop
  endfacet
  facet normal -0.573593 0 0.81914
    outer loop
      vertex 99.5 -91.1 9.83012
      vertex 98.7861 -75 9.33022
      vertex 98.7861 -91.1 9.33022
    endloop
  endfacet
  facet normal -0.996191 0 0.0872
    outer loop
      vertex 97 -91.1 5.5
      vertex 97.076 -75 6.36824
      vertex 97 -75 5.5
    endloop
  endfacet
  facet normal -0.996191 0 0.0872
    outer loop
      vertex 97.076 -75 6.36824
      vertex 97 -91.1 5.5
      vertex 97.076 -91.1 6.36824
    endloop
  endfacet
  facet normal -0.965948 0 0.258738
    outer loop
      vertex 97.076 -91.1 6.36824
      vertex 97.3015 -75 7.2101
      vertex 97.076 -75 6.36824
    endloop
  endfacet
  facet normal -0.965948 0 0.258738
    outer loop
      vertex 97.3015 -75 7.2101
      vertex 97.076 -91.1 6.36824
      vertex 97.3015 -91.1 7.2101
    endloop
  endfacet
  facet normal 0.906456 0 -0.422301
    outer loop
      vertex 106.698 -91.1 3.7899
      vertex 106.33 -75 3
      vertex 106.698 -75 3.7899
    endloop
  endfacet
  facet normal 0.906456 0 -0.422301
    outer loop
      vertex 106.33 -75 3
      vertex 106.698 -91.1 3.7899
      vertex 106.33 -91.1 3
    endloop
  endfacet
  facet normal 0.965804 0 -0.259273
    outer loop
      vertex 106.924 -91.1 4.63176
      vertex 106.698 -75 3.7899
      vertex 106.924 -75 4.63176
    endloop
  endfacet
  facet normal 0.965804 0 -0.259273
    outer loop
      vertex 106.698 -75 3.7899
      vertex 106.924 -91.1 4.63176
      vertex 106.698 -91.1 3.7899
    endloop
  endfacet
  facet normal -0.90628 0 -0.422678
    outer loop
      vertex 97.6699 -91.1 3
      vertex 97.3015 -75 3.7899
      vertex 97.6699 -75 3
    endloop
  endfacet
  facet normal -0.90628 -0 -0.422678
    outer loop
      vertex 97.3015 -75 3.7899
      vertex 97.6699 -91.1 3
      vertex 97.3015 -91.1 3.7899
    endloop
  endfacet
  facet normal -0.0872239 0 0.996189
    outer loop
      vertex 101.132 -75 10.424
      vertex 102 -79.7 10.5
      vertex 102 -75 10.5
    endloop
  endfacet
  facet normal -0.0872239 0 0.996189
    outer loop
      vertex 102 -79.7 10.5
      vertex 101.132 -75 10.424
      vertex 101.132 -79.7 10.424
    endloop
  endfacet
  facet normal -0.0872239 0 0.996189
    outer loop
      vertex 101.132 -90.7 10.424
      vertex 102 -91.1 10.5
      vertex 102 -90.7 10.5
    endloop
  endfacet
  facet normal -0.0872239 0 0.996189
    outer loop
      vertex 102 -91.1 10.5
      vertex 101.132 -90.7 10.424
      vertex 101.132 -91.1 10.424
    endloop
  endfacet
  facet normal -0.0872239 0 0.996189
    outer loop
      vertex 101.132 -84.7 10.424
      vertex 102 -85.7 10.5
      vertex 102 -84.7 10.5
    endloop
  endfacet
  facet normal -0.0872239 0 0.996189
    outer loop
      vertex 102 -85.7 10.5
      vertex 101.132 -84.7 10.424
      vertex 101.132 -85.7 10.424
    endloop
  endfacet
  facet normal -0.965948 0 -0.258738
    outer loop
      vertex 97.3015 -91.1 3.7899
      vertex 97.076 -75 4.63176
      vertex 97.3015 -75 3.7899
    endloop
  endfacet
  facet normal -0.965948 -0 -0.258738
    outer loop
      vertex 97.076 -75 4.63176
      vertex 97.3015 -91.1 3.7899
      vertex 97.076 -91.1 4.63176
    endloop
  endfacet
  facet normal -0.819152 0 -0.573577
    outer loop
      vertex 98.1698 -91.1 2.28607
      vertex 97.6699 -75 3
      vertex 98.1698 -75 2.28607
    endloop
  endfacet
  facet normal -0.819152 -0 -0.573577
    outer loop
      vertex 97.6699 -75 3
      vertex 98.1698 -91.1 2.28607
      vertex 97.6699 -91.1 3
    endloop
  endfacet
  facet normal 0.906456 -0 0.422301
    outer loop
      vertex 106.33 -91.1 8
      vertex 106.698 -75 7.2101
      vertex 106.33 -75 8
    endloop
  endfacet
  facet normal 0.906456 0 0.422301
    outer loop
      vertex 106.698 -75 7.2101
      vertex 106.33 -91.1 8
      vertex 106.698 -91.1 7.2101
    endloop
  endfacet
  facet normal 0.71145 0 0.702736
    outer loop
      vertex 105.214 -75 9.33022
      vertex 105.239 -91 9.30491
      vertex 105.239 -75 9.30491
    endloop
  endfacet
  facet normal 0.706905 0.00229262 0.707305
    outer loop
      vertex 105.239 -91 9.30491
      vertex 105.214 -91.1 9.33022
      vertex 105.805 -91 8.73923
    endloop
  endfacet
  facet normal 0.71145 -0 0.702736
    outer loop
      vertex 105.214 -91.1 9.33022
      vertex 105.239 -91 9.30491
      vertex 105.214 -75 9.33022
    endloop
  endfacet
  facet normal 0.711311 -0 0.702877
    outer loop
      vertex 105.805 -91 8.73923
      vertex 105.83 -75 8.71393
      vertex 105.805 -75 8.73923
    endloop
  endfacet
  facet normal 0.711311 0 0.702877
    outer loop
      vertex 105.805 -91 8.73923
      vertex 105.83 -91.1 8.71393
      vertex 105.83 -75 8.71393
    endloop
  endfacet
  facet normal 0.707272 -0.00203761 0.706939
    outer loop
      vertex 105.83 -91.1 8.71393
      vertex 105.805 -91 8.73923
      vertex 105.214 -91.1 9.33022
    endloop
  endfacet
  facet normal 0.573539 0 0.819178
    outer loop
      vertex 104.5 -75 9.83012
      vertex 105.214 -91.1 9.33022
      vertex 105.214 -75 9.33022
    endloop
  endfacet
  facet normal 0.573539 0 0.819178
    outer loop
      vertex 105.214 -91.1 9.33022
      vertex 104.5 -75 9.83012
      vertex 104.5 -91.1 9.83012
    endloop
  endfacet
  facet normal 0.996191 -0 0.0872
    outer loop
      vertex 106.924 -91.1 6.36824
      vertex 107 -75 5.5
      vertex 106.924 -75 6.36824
    endloop
  endfacet
  facet normal 0.996191 0 0.0872
    outer loop
      vertex 107 -75 5.5
      vertex 106.924 -91.1 6.36824
      vertex 107 -91.1 5.5
    endloop
  endfacet
  facet normal -0.707166 -0 -0.707048
    outer loop
      vertex 98.5558 -91 1.90001
      vertex 98.5558 -91.1 1.90001
      vertex 98.1951 -91 2.26077
    endloop
  endfacet
  facet normal -0.707107 0 -0.707107
    outer loop
      vertex 98.1951 -91 2.26077
      vertex 98.1698 -75 2.28607
      vertex 98.1951 -75 2.26077
    endloop
  endfacet
  facet normal -0.707107 0 -0.707107
    outer loop
      vertex 98.1951 -91 2.26077
      vertex 98.1698 -91.1 2.28607
      vertex 98.1698 -75 2.28607
    endloop
  endfacet
  facet normal -0.707162 2.78058e-05 -0.707052
    outer loop
      vertex 98.1698 -91.1 2.28607
      vertex 98.1951 -91 2.26077
      vertex 98.5558 -91.1 1.90001
    endloop
  endfacet
  facet normal 0.079593 -0.409047 0.909035
    outer loop
      vertex 102.868 -91.1 10.424
      vertex 102 -91.1 10.5
      vertex 102.712 -93.1 9.5377
    endloop
  endfacet
  facet normal 0.523331 -0.40917 0.747465
    outer loop
      vertex 105.214 -91.1 9.33022
      vertex 104.5 -91.1 9.83012
      vertex 104.635 -93.1 8.64078
    endloop
  endfacet
  facet normal 0.747483 -0.408933 0.523492
    outer loop
      vertex 106.33 -91.1 8
      vertex 105.141 -93.1 8.13542
      vertex 105.551 -93.1 7.54999
    endloop
  endfacet
  facet normal -0.236268 -0.409024 0.881406
    outer loop
      vertex 101.132 -91.1 10.424
      vertex 100.598 -93.1 9.35274
      vertex 101.288 -93.1 9.5377
    endloop
  endfacet
  facet normal 0.909084 -0.408943 0.0795752
    outer loop
      vertex 106.924 -91.1 6.36824
      vertex 106.038 -93.1 6.21194
      vertex 107 -91.1 5.5
    endloop
  endfacet
  facet normal -0.385519 -0.409063 0.827069
    outer loop
      vertex 100.598 -93.1 9.35274
      vertex 99.5 -91.1 9.83012
      vertex 99.95 -93.1 9.05069
    endloop
  endfacet
  facet normal 0.827242 -0.408828 -0.385397
    outer loop
      vertex 106.698 -91.1 3.7899
      vertex 105.853 -93.1 4.09773
      vertex 106.33 -91.1 3
    endloop
  endfacet
  facet normal 0.402082 -0.301562 -0.864517
    outer loop
      vertex 104.05 -93.1 1.94931
      vertex 103.944 -93.1 1.90001
      vertex 105.444 -91.1 1.90001
    endloop
  endfacet
  facet normal 0.827088 -0.408919 0.38563
    outer loop
      vertex 106.33 -91.1 8
      vertex 105.551 -93.1 7.54999
      vertex 105.853 -93.1 6.90227
    endloop
  endfacet
  facet normal -0.528827 -0.387262 -0.755228
    outer loop
      vertex 99.3646 -93.1 2.35922
      vertex 98.5558 -91.1 1.90001
      vertex 99.95 -93.1 1.94931
    endloop
  endfacet
  facet normal -0.747485 -0.409053 0.523395
    outer loop
      vertex 98.1698 -91.1 8.71393
      vertex 97.6699 -91.1 8
      vertex 98.8592 -93.1 8.13542
    endloop
  endfacet
  facet normal -0.079593 -0.409047 0.909035
    outer loop
      vertex 102 -91.1 10.5
      vertex 101.132 -91.1 10.424
      vertex 101.288 -93.1 9.5377
    endloop
  endfacet
  facet normal 0.88141 -0.408815 0.236617
    outer loop
      vertex 106.698 -91.1 7.2101
      vertex 105.853 -93.1 6.90227
      vertex 106.924 -91.1 6.36824
    endloop
  endfacet
  facet normal -0.645217 -0.409053 0.645268
    outer loop
      vertex 99.3646 -93.1 8.64078
      vertex 98.1698 -91.1 8.71393
      vertex 98.8592 -93.1 8.13542
    endloop
  endfacet
  facet normal -0.645234 -0.409063 0.645245
    outer loop
      vertex 98.1698 -91.1 8.71393
      vertex 99.3646 -93.1 8.64078
      vertex 98.7861 -91.1 9.33022
    endloop
  endfacet
  facet normal -0.827032 -0.409057 0.385604
    outer loop
      vertex 98.4493 -93.1 7.54999
      vertex 97.6699 -91.1 8
      vertex 98.1473 -93.1 6.90227
    endloop
  endfacet
  facet normal -0.747496 -0.409061 0.523373
    outer loop
      vertex 98.8592 -93.1 8.13542
      vertex 97.6699 -91.1 8
      vertex 98.4493 -93.1 7.54999
    endloop
  endfacet
  facet normal -0.826974 -0.409091 0.385691
    outer loop
      vertex 97.6699 -91.1 8
      vertex 97.3015 -91.1 7.2101
      vertex 98.1473 -93.1 6.90227
    endloop
  endfacet
  facet normal -0.523398 -0.409067 0.747475
    outer loop
      vertex 99.5 -91.1 9.83012
      vertex 99.3646 -93.1 8.64078
      vertex 99.95 -93.1 9.05069
    endloop
  endfacet
  facet normal 0.523641 -0.409057 0.74731
    outer loop
      vertex 104.5 -91.1 9.83012
      vertex 104.05 -93.1 9.05069
      vertex 104.635 -93.1 8.64078
    endloop
  endfacet
  facet normal -0.385631 -0.409107 0.826995
    outer loop
      vertex 100.29 -91.1 10.1985
      vertex 99.5 -91.1 9.83012
      vertex 100.598 -93.1 9.35274
    endloop
  endfacet
  facet normal -0.523407 -0.409064 0.74747
    outer loop
      vertex 99.5 -91.1 9.83012
      vertex 98.7861 -91.1 9.33022
      vertex 99.3646 -93.1 8.64078
    endloop
  endfacet
  facet normal 0.88141 -0.408815 -0.236617
    outer loop
      vertex 106.924 -91.1 4.63176
      vertex 105.853 -93.1 4.09773
      vertex 106.698 -91.1 3.7899
    endloop
  endfacet
  facet normal 0.385631 -0.409107 0.826995
    outer loop
      vertex 103.71 -91.1 10.1985
      vertex 103.402 -93.1 9.35274
      vertex 104.5 -91.1 9.83012
    endloop
  endfacet
  facet normal 0.645351 -0.40919 0.645047
    outer loop
      vertex 104.635 -93.1 8.64078
      vertex 105.83 -91.1 8.71393
      vertex 105.214 -91.1 9.33022
    endloop
  endfacet
  facet normal 0.644874 -0.408928 0.64569
    outer loop
      vertex 105.83 -91.1 8.71393
      vertex 104.635 -93.1 8.64078
      vertex 105.141 -93.1 8.13542
    endloop
  endfacet
  facet normal 0.74748 -0.408931 0.523497
    outer loop
      vertex 105.83 -91.1 8.71393
      vertex 105.141 -93.1 8.13542
      vertex 106.33 -91.1 8
    endloop
  endfacet
  facet normal 0.529047 -0.387357 -0.755026
    outer loop
      vertex 104.635 -93.1 2.35922
      vertex 104.05 -93.1 1.94931
      vertex 105.444 -91.1 1.90001
    endloop
  endfacet
  facet normal 0.385519 -0.409063 0.827069
    outer loop
      vertex 104.5 -91.1 9.83012
      vertex 103.402 -93.1 9.35274
      vertex 104.05 -93.1 9.05069
    endloop
  endfacet
  facet normal 0.881456 -0.408945 -0.236219
    outer loop
      vertex 106.038 -93.1 4.78806
      vertex 105.853 -93.1 4.09773
      vertex 106.924 -91.1 4.63176
    endloop
  endfacet
  facet normal 0 -1 0
    outer loop
      vertex 101.288 -93.1 9.5377
      vertex 102.712 -93.1 9.5377
      vertex 102 -93.1 9.59999
    endloop
  endfacet
  facet normal 0 -1 0
    outer loop
      vertex 100.598 -93.1 9.35274
      vertex 102.712 -93.1 9.5377
      vertex 101.288 -93.1 9.5377
    endloop
  endfacet
  facet normal 0 -1 0
    outer loop
      vertex 100.598 -93.1 9.35274
      vertex 103.402 -93.1 9.35274
      vertex 102.712 -93.1 9.5377
    endloop
  endfacet
  facet normal 0 -1 0
    outer loop
      vertex 99.95 -93.1 9.05069
      vertex 103.402 -93.1 9.35274
      vertex 100.598 -93.1 9.35274
    endloop
  endfacet
  facet normal 0 -1 0
    outer loop
      vertex 99.95 -93.1 9.05069
      vertex 104.05 -93.1 9.05069
      vertex 103.402 -93.1 9.35274
    endloop
  endfacet
  facet normal 0 -1 0
    outer loop
      vertex 99.3646 -93.1 8.64078
      vertex 104.05 -93.1 9.05069
      vertex 99.95 -93.1 9.05069
    endloop
  endfacet
  facet normal 0 -1 0
    outer loop
      vertex 99.3646 -93.1 8.64078
      vertex 104.635 -93.1 8.64078
      vertex 104.05 -93.1 9.05069
    endloop
  endfacet
  facet normal 0 -1 0
    outer loop
      vertex 98.8592 -93.1 8.13542
      vertex 104.635 -93.1 8.64078
      vertex 99.3646 -93.1 8.64078
    endloop
  endfacet
  facet normal 0 -1 0
    outer loop
      vertex 98.8592 -93.1 8.13542
      vertex 105.141 -93.1 8.13542
      vertex 104.635 -93.1 8.64078
    endloop
  endfacet
  facet normal 0 -1 0
    outer loop
      vertex 98.4493 -93.1 7.54999
      vertex 105.141 -93.1 8.13542
      vertex 98.8592 -93.1 8.13542
    endloop
  endfacet
  facet normal 0 -1 0
    outer loop
      vertex 98.4493 -93.1 7.54999
      vertex 105.551 -93.1 7.54999
      vertex 105.141 -93.1 8.13542
    endloop
  endfacet
  facet normal 0 -1 0
    outer loop
      vertex 98.1473 -93.1 6.90227
      vertex 105.551 -93.1 7.54999
      vertex 98.4493 -93.1 7.54999
    endloop
  endfacet
  facet normal 0 -1 0
    outer loop
      vertex 98.1473 -93.1 6.90227
      vertex 105.853 -93.1 6.90227
      vertex 105.551 -93.1 7.54999
    endloop
  endfacet
  facet normal 0 -1 0
    outer loop
      vertex 97.9623 -93.1 6.21194
      vertex 105.853 -93.1 6.90227
      vertex 98.1473 -93.1 6.90227
    endloop
  endfacet
  facet normal 0 -1 0
    outer loop
      vertex 97.9623 -93.1 6.21194
      vertex 106.038 -93.1 6.21194
      vertex 105.853 -93.1 6.90227
    endloop
  endfacet
  facet normal 0 -1 0
    outer loop
      vertex 97.9 -93.1 5.5
      vertex 106.038 -93.1 6.21194
      vertex 97.9623 -93.1 6.21194
    endloop
  endfacet
  facet normal 0 -1 0
    outer loop
      vertex 97.9 -93.1 5.5
      vertex 106.1 -93.1 5.5
      vertex 106.038 -93.1 6.21194
    endloop
  endfacet
  facet normal 0 -1 0
    outer loop
      vertex 97.9623 -93.1 4.78806
      vertex 106.1 -93.1 5.5
      vertex 97.9 -93.1 5.5
    endloop
  endfacet
  facet normal 0 -1 0
    outer loop
      vertex 97.9623 -93.1 4.78806
      vertex 106.038 -93.1 4.78806
      vertex 106.1 -93.1 5.5
    endloop
  endfacet
  facet normal 0 -1 0
    outer loop
      vertex 98.1473 -93.1 4.09773
      vertex 106.038 -93.1 4.78806
      vertex 97.9623 -93.1 4.78806
    endloop
  endfacet
  facet normal 0 -1 0
    outer loop
      vertex 98.1473 -93.1 4.09773
      vertex 105.853 -93.1 4.09773
      vertex 106.038 -93.1 4.78806
    endloop
  endfacet
  facet normal 0 -1 0
    outer loop
      vertex 98.4493 -93.1 3.45001
      vertex 105.853 -93.1 4.09773
      vertex 98.1473 -93.1 4.09773
    endloop
  endfacet
  facet normal 0 -1 0
    outer loop
      vertex 98.4493 -93.1 3.45001
      vertex 105.551 -93.1 3.45001
      vertex 105.853 -93.1 4.09773
    endloop
  endfacet
  facet normal 0 -1 0
    outer loop
      vertex 98.8592 -93.1 2.86458
      vertex 105.551 -93.1 3.45001
      vertex 98.4493 -93.1 3.45001
    endloop
  endfacet
  facet normal 0 -1 0
    outer loop
      vertex 98.8592 -93.1 2.86458
      vertex 105.141 -93.1 2.86458
      vertex 105.551 -93.1 3.45001
    endloop
  endfacet
  facet normal 0 -1 0
    outer loop
      vertex 100.056 -93.1 1.90001
      vertex 98.8592 -93.1 2.86458
      vertex 99.3646 -93.1 2.35922
    endloop
  endfacet
  facet normal 0 -1 0
    outer loop
      vertex 98.8592 -93.1 2.86458
      vertex 100.056 -93.1 1.90001
      vertex 105.141 -93.1 2.86458
    endloop
  endfacet
  facet normal 0 -1 0
    outer loop
      vertex 100.056 -93.1 1.90001
      vertex 99.3646 -93.1 2.35922
      vertex 99.95 -93.1 1.94931
    endloop
  endfacet
  facet normal 0 -1 0
    outer loop
      vertex 103.944 -93.1 1.90001
      vertex 105.141 -93.1 2.86458
      vertex 100.056 -93.1 1.90001
    endloop
  endfacet
  facet normal 0 -1 0
    outer loop
      vertex 105.141 -93.1 2.86458
      vertex 103.944 -93.1 1.90001
      vertex 104.635 -93.1 2.35922
    endloop
  endfacet
  facet normal 0 -1 0
    outer loop
      vertex 104.635 -93.1 2.35922
      vertex 103.944 -93.1 1.90001
      vertex 104.05 -93.1 1.94931
    endloop
  endfacet
  facet normal 0.881456 -0.408945 0.236219
    outer loop
      vertex 106.924 -91.1 6.36824
      vertex 105.853 -93.1 6.90227
      vertex 106.038 -93.1 6.21194
    endloop
  endfacet
  facet normal -0.23606 -0.409092 0.88143
    outer loop
      vertex 101.132 -91.1 10.424
      vertex 100.29 -91.1 10.1985
      vertex 100.598 -93.1 9.35274
    endloop
  endfacet
  facet normal 0.74748 -0.408931 -0.523497
    outer loop
      vertex 106.33 -91.1 3
      vertex 105.141 -93.1 2.86458
      vertex 105.83 -91.1 2.28607
    endloop
  endfacet
  facet normal 0.236268 -0.409024 0.881406
    outer loop
      vertex 102.868 -91.1 10.424
      vertex 102.712 -93.1 9.5377
      vertex 103.402 -93.1 9.35274
    endloop
  endfacet
  facet normal 0.23606 -0.409092 0.88143
    outer loop
      vertex 103.71 -91.1 10.1985
      vertex 102.868 -91.1 10.424
      vertex 103.402 -93.1 9.35274
    endloop
  endfacet
  facet normal 0.0795275 -0.409069 0.909031
    outer loop
      vertex 102 -91.1 10.5
      vertex 102 -93.1 9.59999
      vertex 102.712 -93.1 9.5377
    endloop
  endfacet
  facet normal -0.0795275 -0.409069 0.909031
    outer loop
      vertex 102 -91.1 10.5
      vertex 101.288 -93.1 9.5377
      vertex 102 -93.1 9.59999
    endloop
  endfacet
  facet normal -0.909032 -0.409064 0.079547
    outer loop
      vertex 97.9623 -93.1 6.21194
      vertex 97 -91.1 5.5
      vertex 97.9 -93.1 5.5
    endloop
  endfacet
  facet normal -0.402077 -0.301598 -0.864507
    outer loop
      vertex 99.95 -93.1 1.94931
      vertex 98.5558 -91.1 1.90001
      vertex 100.056 -93.1 1.90001
    endloop
  endfacet
  facet normal -0.826974 -0.409091 -0.385691
    outer loop
      vertex 98.1473 -93.1 4.09773
      vertex 97.3015 -91.1 3.7899
      vertex 97.6699 -91.1 3
    endloop
  endfacet
  facet normal 0.747483 -0.408933 -0.523492
    outer loop
      vertex 105.551 -93.1 3.45001
      vertex 105.141 -93.1 2.86458
      vertex 106.33 -91.1 3
    endloop
  endfacet
  facet normal 0.909084 -0.408943 -0.0795752
    outer loop
      vertex 107 -91.1 5.5
      vertex 106.038 -93.1 4.78806
      vertex 106.924 -91.1 4.63176
    endloop
  endfacet
  facet normal -0.645281 -0.409089 -0.645181
    outer loop
      vertex 99.3646 -93.1 2.35922
      vertex 98.1698 -91.1 2.28607
      vertex 98.5558 -91.1 1.90001
    endloop
  endfacet
  facet normal -0.645217 -0.409053 -0.645268
    outer loop
      vertex 98.1698 -91.1 2.28607
      vertex 99.3646 -93.1 2.35922
      vertex 98.8592 -93.1 2.86458
    endloop
  endfacet
  facet normal 0.909059 -0.409077 -0.0791663
    outer loop
      vertex 106.1 -93.1 5.5
      vertex 106.038 -93.1 4.78806
      vertex 107 -91.1 5.5
    endloop
  endfacet
  facet normal 0.827088 -0.408919 -0.38563
    outer loop
      vertex 105.853 -93.1 4.09773
      vertex 105.551 -93.1 3.45001
      vertex 106.33 -91.1 3
    endloop
  endfacet
  facet normal -0.747485 -0.409053 -0.523395
    outer loop
      vertex 98.8592 -93.1 2.86458
      vertex 97.6699 -91.1 3
      vertex 98.1698 -91.1 2.28607
    endloop
  endfacet
  facet normal 0.909059 -0.409077 0.0791663
    outer loop
      vertex 107 -91.1 5.5
      vertex 106.038 -93.1 6.21194
      vertex 106.1 -93.1 5.5
    endloop
  endfacet
  facet normal 0.827242 -0.408828 0.385397
    outer loop
      vertex 106.33 -91.1 8
      vertex 105.853 -93.1 6.90227
      vertex 106.698 -91.1 7.2101
    endloop
  endfacet
  facet normal -0.881408 -0.409055 0.236207
    outer loop
      vertex 98.1473 -93.1 6.90227
      vertex 97.076 -91.1 6.36824
      vertex 97.9623 -93.1 6.21194
    endloop
  endfacet
  facet normal -0.827032 -0.409057 -0.385604
    outer loop
      vertex 98.1473 -93.1 4.09773
      vertex 97.6699 -91.1 3
      vertex 98.4493 -93.1 3.45001
    endloop
  endfacet
  facet normal -0.881421 -0.409092 0.236097
    outer loop
      vertex 97.3015 -91.1 7.2101
      vertex 97.076 -91.1 6.36824
      vertex 98.1473 -93.1 6.90227
    endloop
  endfacet
  facet normal -0.747496 -0.409061 -0.523373
    outer loop
      vertex 98.4493 -93.1 3.45001
      vertex 97.6699 -91.1 3
      vertex 98.8592 -93.1 2.86458
    endloop
  endfacet
  facet normal -0.909032 -0.409064 -0.079547
    outer loop
      vertex 97.9 -93.1 5.5
      vertex 97 -91.1 5.5
      vertex 97.9623 -93.1 4.78806
    endloop
  endfacet
  facet normal -0.909033 -0.409056 0.0795708
    outer loop
      vertex 97.076 -91.1 6.36824
      vertex 97 -91.1 5.5
      vertex 97.9623 -93.1 6.21194
    endloop
  endfacet
  facet normal -0.881408 -0.409055 -0.236207
    outer loop
      vertex 97.9623 -93.1 4.78806
      vertex 97.076 -91.1 4.63176
      vertex 98.1473 -93.1 4.09773
    endloop
  endfacet
  facet normal -0.909033 -0.409056 -0.0795708
    outer loop
      vertex 97.9623 -93.1 4.78806
      vertex 97 -91.1 5.5
      vertex 97.076 -91.1 4.63176
    endloop
  endfacet
  facet normal -0.881421 -0.409092 -0.236097
    outer loop
      vertex 98.1473 -93.1 4.09773
      vertex 97.076 -91.1 4.63176
      vertex 97.3015 -91.1 3.7899
    endloop
  endfacet
  facet normal 0.644874 -0.408928 -0.64569
    outer loop
      vertex 104.635 -93.1 2.35922
      vertex 105.83 -91.1 2.28607
      vertex 105.141 -93.1 2.86458
    endloop
  endfacet
  facet normal 0.645264 -0.409142 -0.645164
    outer loop
      vertex 105.83 -91.1 2.28607
      vertex 104.635 -93.1 2.35922
      vertex 105.444 -91.1 1.90001
    endloop
  endfacet
  facet normal -1 0 0
    outer loop
      vertex 103.3 -84.7 1.90001
      vertex 103.3 -79.7 10.3083
      vertex 103.3 -79.7 1.90001
    endloop
  endfacet
  facet normal -1 -0 0
    outer loop
      vertex 103.3 -79.7 10.3083
      vertex 103.3 -84.7 1.90001
      vertex 103.3 -84.7 10.3083
    endloop
  endfacet
  facet normal 0 1 0
    outer loop
      vertex 103.3 -84.7 10.3083
      vertex 102 -84.7 10.5
      vertex 102.868 -84.7 10.424
    endloop
  endfacet
  facet normal 0 1 0
    outer loop
      vertex 100.7 -84.7 10.3083
      vertex 102 -84.7 10.5
      vertex 103.3 -84.7 10.3083
    endloop
  endfacet
  facet normal 0 1 0
    outer loop
      vertex 102 -84.7 10.5
      vertex 100.7 -84.7 10.3083
      vertex 101.132 -84.7 10.424
    endloop
  endfacet
  facet normal 0 1 -0
    outer loop
      vertex 103.3 -84.7 1.90001
      vertex 100.7 -84.7 10.3083
      vertex 103.3 -84.7 10.3083
    endloop
  endfacet
  facet normal 0 1 0
    outer loop
      vertex 100.7 -84.7 10.3083
      vertex 103.3 -84.7 1.90001
      vertex 100.7 -84.7 1.90001
    endloop
  endfacet
  facet normal 0 -1 0
    outer loop
      vertex 100.7 -79.7 10.3083
      vertex 102 -79.7 10.5
      vertex 101.132 -79.7 10.424
    endloop
  endfacet
  facet normal 0 -1 0
    outer loop
      vertex 103.3 -79.7 10.3083
      vertex 102 -79.7 10.5
      vertex 100.7 -79.7 10.3083
    endloop
  endfacet
  facet normal 0 -1 0
    outer loop
      vertex 102 -79.7 10.5
      vertex 103.3 -79.7 10.3083
      vertex 102.868 -79.7 10.424
    endloop
  endfacet
  facet normal 0 -1 0
    outer loop
      vertex 100.7 -79.7 1.90001
      vertex 103.3 -79.7 10.3083
      vertex 100.7 -79.7 10.3083
    endloop
  endfacet
  facet normal 0 -1 -0
    outer loop
      vertex 103.3 -79.7 10.3083
      vertex 100.7 -79.7 1.90001
      vertex 103.3 -79.7 1.90001
    endloop
  endfacet
  facet normal 1 -0 0
    outer loop
      vertex 100.7 -84.7 10.3083
      vertex 100.7 -79.7 1.90001
      vertex 100.7 -79.7 10.3083
    endloop
  endfacet
  facet normal 1 0 0
    outer loop
      vertex 100.7 -79.7 1.90001
      vertex 100.7 -84.7 10.3083
      vertex 100.7 -84.7 1.90001
    endloop
  endfacet
  facet normal -1 0 0
    outer loop
      vertex 103.3 -90.7 1.90001
      vertex 103.3 -85.7 10.3083
      vertex 103.3 -85.7 1.90001
    endloop
  endfacet
  facet normal -1 -0 0
    outer loop
      vertex 103.3 -85.7 10.3083
      vertex 103.3 -90.7 1.90001
      vertex 103.3 -90.7 10.3083
    endloop
  endfacet
  facet normal 0 1 0
    outer loop
      vertex 103.3 -90.7 10.3083
      vertex 102 -90.7 10.5
      vertex 102.868 -90.7 10.424
    endloop
  endfacet
  facet normal 0 1 0
    outer loop
      vertex 100.7 -90.7 10.3083
      vertex 102 -90.7 10.5
      vertex 103.3 -90.7 10.3083
    endloop
  endfacet
  facet normal 0 1 0
    outer loop
      vertex 102 -90.7 10.5
      vertex 100.7 -90.7 10.3083
      vertex 101.132 -90.7 10.424
    endloop
  endfacet
  facet normal 0 1 -0
    outer loop
      vertex 103.3 -90.7 1.90001
      vertex 100.7 -90.7 10.3083
      vertex 103.3 -90.7 10.3083
    endloop
  endfacet
  facet normal 0 1 0
    outer loop
      vertex 100.7 -90.7 10.3083
      vertex 103.3 -90.7 1.90001
      vertex 100.7 -90.7 1.90001
    endloop
  endfacet
  facet normal 0 -1 0
    outer loop
      vertex 100.7 -85.7 10.3083
      vertex 102 -85.7 10.5
      vertex 101.132 -85.7 10.424
    endloop
  endfacet
  facet normal 0 -1 0
    outer loop
      vertex 103.3 -85.7 10.3083
      vertex 102 -85.7 10.5
      vertex 100.7 -85.7 10.3083
    endloop
  endfacet
  facet normal 0 -1 0
    outer loop
      vertex 102 -85.7 10.5
      vertex 103.3 -85.7 10.3083
      vertex 102.868 -85.7 10.424
    endloop
  endfacet
  facet normal 0 -1 0
    outer loop
      vertex 100.7 -85.7 1.90001
      vertex 103.3 -85.7 10.3083
      vertex 100.7 -85.7 10.3083
    endloop
  endfacet
  facet normal 0 -1 -0
    outer loop
      vertex 103.3 -85.7 10.3083
      vertex 100.7 -85.7 1.90001
      vertex 103.3 -85.7 1.90001
    endloop
  endfacet
  facet normal 1 -0 0
    outer loop
      vertex 100.7 -90.7 10.3083
      vertex 100.7 -85.7 1.90001
      vertex 100.7 -85.7 10.3083
    endloop
  endfacet
  facet normal 1 0 0
    outer loop
      vertex 100.7 -85.7 1.90001
      vertex 100.7 -90.7 10.3083
      vertex 100.7 -90.7 1.90001
    endloop
  endfacet
  facet normal 0.649947 0 0.759979
    outer loop
      vertex 107.073 75 11
      vertex 107.303 -75 10.8033
      vertex 107.303 75 10.8033
    endloop
  endfacet
  facet normal 0.649947 0 0.759979
    outer loop
      vertex 107.303 -75 10.8033
      vertex 107.073 75 11
      vertex 107.073 -75 11
    endloop
  endfacet
  facet normal -0.649458 0 0.760397
    outer loop
      vertex 96.6967 75 10.8033
      vertex 96.927 -75 11
      vertex 96.927 75 11
    endloop
  endfacet
  facet normal -0.649458 0 0.760397
    outer loop
      vertex 96.927 -75 11
      vertex 96.6967 75 10.8033
      vertex 96.6967 -75 10.8033
    endloop
  endfacet
  facet normal 0.923991 -0 0.382415
    outer loop
      vertex 108.683 -75 8.90492
      vertex 109.133 75 7.81763
      vertex 108.683 75 8.90492
    endloop
  endfacet
  facet normal 0.923991 0 0.382415
    outer loop
      vertex 109.133 75 7.81763
      vertex 108.683 -75 8.90492
      vertex 109.133 -75 7.81763
    endloop
  endfacet
  facet normal 0.99694 -0 0.0781747
    outer loop
      vertex 109.408 -75 6.67325
      vertex 109.5 75 5.5
      vertex 109.408 75 6.67325
    endloop
  endfacet
  facet normal 0.99694 0 0.0781747
    outer loop
      vertex 109.5 75 5.5
      vertex 109.408 -75 6.67325
      vertex 109.5 -75 5.5
    endloop
  endfacet
  facet normal -0.233394 0 -0.972382
    outer loop
      vertex 99.6824 -75 -1.63292
      vertex 100.827 75 -1.90765
      vertex 100.827 -75 -1.90765
    endloop
  endfacet
  facet normal -0.233394 0 -0.972382
    outer loop
      vertex 100.827 75 -1.90765
      vertex 99.6824 -75 -1.63292
      vertex 99.6824 75 -1.63292
    endloop
  endfacet
  facet normal 0.522668 0 -0.852536
    outer loop
      vertex 105.405 -75 -1.18254
      vertex 106.408 75 -0.567627
      vertex 106.408 -75 -0.567627
    endloop
  endfacet
  facet normal 0.522668 0 -0.852536
    outer loop
      vertex 106.408 75 -0.567627
      vertex 105.405 -75 -1.18254
      vertex 105.405 75 -1.18254
    endloop
  endfacet
  facet normal -0.649454 0 -0.760401
    outer loop
      vertex 96.6967 -75 0.196701
      vertex 97.5916 75 -0.567627
      vertex 97.5916 -75 -0.567627
    endloop
  endfacet
  facet normal -0.649454 0 -0.760401
    outer loop
      vertex 97.5916 75 -0.567627
      vertex 96.6967 -75 0.196701
      vertex 96.6967 75 0.196701
    endloop
  endfacet
  facet normal -0 0 1
    outer loop
      vertex 96.927 75 11
      vertex 107.073 -75 11
      vertex 107.073 75 11
    endloop
  endfacet
  facet normal 0 0 1
    outer loop
      vertex 107.073 -75 11
      vertex 96.927 75 11
      vertex 96.927 -75 11
    endloop
  endfacet
  facet normal 0.99694 0 -0.0781747
    outer loop
      vertex 109.5 -75 5.5
      vertex 109.408 75 4.32675
      vertex 109.5 75 5.5
    endloop
  endfacet
  facet normal 0.99694 0 -0.0781747
    outer loop
      vertex 109.408 75 4.32675
      vertex 109.5 -75 5.5
      vertex 109.408 -75 4.32675
    endloop
  endfacet
  facet normal -0.972359 0 0.233492
    outer loop
      vertex 94.5923 -75 6.67325
      vertex 94.8671 75 7.81763
      vertex 94.5923 75 6.67325
    endloop
  endfacet
  facet normal -0.972359 0 0.233492
    outer loop
      vertex 94.8671 75 7.81763
      vertex 94.5923 -75 6.67325
      vertex 94.8671 -75 7.81763
    endloop
  endfacet
  facet normal -0.99692 0 -0.078428
    outer loop
      vertex 94.5923 -75 4.32675
      vertex 94.5 75 5.5
      vertex 94.5923 75 4.32675
    endloop
  endfacet
  facet normal -0.99692 -0 -0.078428
    outer loop
      vertex 94.5 75 5.5
      vertex 94.5923 -75 4.32675
      vertex 94.5 -75 5.5
    endloop
  endfacet
  facet normal -0.522478 0 -0.852653
    outer loop
      vertex 97.5916 -75 -0.567627
      vertex 98.5951 75 -1.18254
      vertex 98.5951 -75 -1.18254
    endloop
  endfacet
  facet normal -0.522478 0 -0.852653
    outer loop
      vertex 98.5951 75 -1.18254
      vertex 97.5916 -75 -0.567627
      vertex 97.5916 75 -0.567627
    endloop
  endfacet
  facet normal -0.760416 0 -0.649436
    outer loop
      vertex 96.6967 -75 0.196701
      vertex 95.9324 75 1.09161
      vertex 96.6967 75 0.196701
    endloop
  endfacet
  facet normal -0.760416 -0 -0.649436
    outer loop
      vertex 95.9324 75 1.09161
      vertex 96.6967 -75 0.196701
      vertex 95.9324 -75 1.09161
    endloop
  endfacet
  facet normal -0.923871 0 0.382705
    outer loop
      vertex 94.8671 -75 7.81763
      vertex 95.3175 75 8.90492
      vertex 94.8671 75 7.81763
    endloop
  endfacet
  facet normal -0.923871 0 0.382705
    outer loop
      vertex 95.3175 75 8.90492
      vertex 94.8671 -75 7.81763
      vertex 95.3175 -75 8.90492
    endloop
  endfacet
  facet normal -0.0784869 0 -0.996915
    outer loop
      vertex 100.827 -75 -1.90765
      vertex 102 75 -2
      vertex 102 -75 -2
    endloop
  endfacet
  facet normal -0.0784869 0 -0.996915
    outer loop
      vertex 102 75 -2
      vertex 100.827 -75 -1.90765
      vertex 100.827 75 -1.90765
    endloop
  endfacet
  facet normal 0.760123 -0 0.649779
    outer loop
      vertex 107.303 -75 10.8033
      vertex 108.068 75 9.90839
      vertex 107.303 75 10.8033
    endloop
  endfacet
  facet normal 0.760123 0 0.649779
    outer loop
      vertex 108.068 75 9.90839
      vertex 107.303 -75 10.8033
      vertex 108.068 -75 9.90839
    endloop
  endfacet
  facet normal 0.649412 0 -0.760437
    outer loop
      vertex 106.408 -75 -0.567627
      vertex 107.303 75 0.196701
      vertex 107.303 -75 0.196701
    endloop
  endfacet
  facet normal 0.649412 0 -0.760437
    outer loop
      vertex 107.303 75 0.196701
      vertex 106.408 -75 -0.567627
      vertex 106.408 75 -0.567627
    endloop
  endfacet
  facet normal -0.382687 0 -0.923878
    outer loop
      vertex 98.5951 -75 -1.18254
      vertex 99.6824 75 -1.63292
      vertex 99.6824 -75 -1.63292
    endloop
  endfacet
  facet normal -0.382687 0 -0.923878
    outer loop
      vertex 99.6824 75 -1.63292
      vertex 98.5951 -75 -1.18254
      vertex 98.5951 75 -1.18254
    endloop
  endfacet
  facet normal 0.97232 -0 0.233653
    outer loop
      vertex 109.133 -75 7.81763
      vertex 109.408 75 6.67325
      vertex 109.133 75 7.81763
    endloop
  endfacet
  facet normal 0.97232 0 0.233653
    outer loop
      vertex 109.408 75 6.67325
      vertex 109.133 -75 7.81763
      vertex 109.408 -75 6.67325
    endloop
  endfacet
  facet normal -0.972359 0 -0.233492
    outer loop
      vertex 94.8671 -75 3.18237
      vertex 94.5923 75 4.32675
      vertex 94.8671 75 3.18237
    endloop
  endfacet
  facet normal -0.972359 -0 -0.233492
    outer loop
      vertex 94.5923 75 4.32675
      vertex 94.8671 -75 3.18237
      vertex 94.5923 -75 4.32675
    endloop
  endfacet
  facet normal -0.85265 0 -0.522482
    outer loop
      vertex 95.9324 -75 1.09161
      vertex 95.3175 75 2.09508
      vertex 95.9324 75 1.09161
    endloop
  endfacet
  facet normal -0.85265 -0 -0.522482
    outer loop
      vertex 95.3175 75 2.09508
      vertex 95.9324 -75 1.09161
      vertex 95.3175 -75 2.09508
    endloop
  endfacet
  facet normal -0.99692 0 0.078428
    outer loop
      vertex 94.5 -75 5.5
      vertex 94.5923 75 6.67325
      vertex 94.5 75 5.5
    endloop
  endfacet
  facet normal -0.99692 0 0.078428
    outer loop
      vertex 94.5923 75 6.67325
      vertex 94.5 -75 5.5
      vertex 94.5923 -75 6.67325
    endloop
  endfacet
  facet normal 0.97232 0 -0.233653
    outer loop
      vertex 109.408 -75 4.32675
      vertex 109.133 75 3.18237
      vertex 109.408 75 4.32675
    endloop
  endfacet
  facet normal 0.97232 0 -0.233653
    outer loop
      vertex 109.133 75 3.18237
      vertex 109.408 -75 4.32675
      vertex 109.133 -75 3.18237
    endloop
  endfacet
  facet normal -0.923871 0 -0.382705
    outer loop
      vertex 95.3175 -75 2.09508
      vertex 94.8671 75 3.18237
      vertex 95.3175 75 2.09508
    endloop
  endfacet
  facet normal -0.923871 -0 -0.382705
    outer loop
      vertex 94.8671 75 3.18237
      vertex 95.3175 -75 2.09508
      vertex 94.8671 -75 3.18237
    endloop
  endfacet
  facet normal -0.85265 0 0.522482
    outer loop
      vertex 95.3175 -75 8.90492
      vertex 95.9324 75 9.90839
      vertex 95.3175 75 8.90492
    endloop
  endfacet
  facet normal -0.85265 0 0.522482
    outer loop
      vertex 95.9324 75 9.90839
      vertex 95.3175 -75 8.90492
      vertex 95.9324 -75 9.90839
    endloop
  endfacet
  facet normal 0.852613 0 -0.522544
    outer loop
      vertex 108.683 -75 2.09508
      vertex 108.068 75 1.09161
      vertex 108.683 75 2.09508
    endloop
  endfacet
  facet normal 0.852613 0 -0.522544
    outer loop
      vertex 108.068 75 1.09161
      vertex 108.683 -75 2.09508
      vertex 108.068 -75 1.09161
    endloop
  endfacet
  facet normal 0.760123 0 -0.64978
    outer loop
      vertex 108.068 -75 1.09161
      vertex 107.303 75 0.196701
      vertex 108.068 75 1.09161
    endloop
  endfacet
  facet normal 0.760123 0 -0.64978
    outer loop
      vertex 107.303 75 0.196701
      vertex 108.068 -75 1.09161
      vertex 107.303 -75 0.196701
    endloop
  endfacet
  facet normal -0.760417 0 0.649436
    outer loop
      vertex 95.9324 -75 9.90839
      vertex 96.6967 75 10.8033
      vertex 95.9324 75 9.90839
    endloop
  endfacet
  facet normal -0.760417 0 0.649436
    outer loop
      vertex 96.6967 75 10.8033
      vertex 95.9324 -75 9.90839
      vertex 96.6967 -75 10.8033
    endloop
  endfacet
  facet normal 0.233317 0 -0.972401
    outer loop
      vertex 103.173 -75 -1.90765
      vertex 104.318 75 -1.63292
      vertex 104.318 -75 -1.63292
    endloop
  endfacet
  facet normal 0.233317 0 -0.972401
    outer loop
      vertex 104.318 75 -1.63292
      vertex 103.173 -75 -1.90765
      vertex 103.173 75 -1.90765
    endloop
  endfacet
  facet normal 0.382778 0 -0.923841
    outer loop
      vertex 104.318 -75 -1.63292
      vertex 105.405 75 -1.18254
      vertex 105.405 -75 -1.18254
    endloop
  endfacet
  facet normal 0.382778 0 -0.923841
    outer loop
      vertex 105.405 75 -1.18254
      vertex 104.318 -75 -1.63292
      vertex 104.318 75 -1.63292
    endloop
  endfacet
  facet normal 0.852613 -0 0.522544
    outer loop
      vertex 108.068 -75 9.90839
      vertex 108.683 75 8.90492
      vertex 108.068 75 9.90839
    endloop
  endfacet
  facet normal 0.852613 0 0.522544
    outer loop
      vertex 108.683 75 8.90492
      vertex 108.068 -75 9.90839
      vertex 108.683 -75 8.90492
    endloop
  endfacet
  facet normal 0.0784869 0 -0.996915
    outer loop
      vertex 102 -75 -2
      vertex 103.173 75 -1.90765
      vertex 103.173 -75 -1.90765
    endloop
  endfacet
  facet normal 0.0784869 0 -0.996915
    outer loop
      vertex 103.173 75 -1.90765
      vertex 102 -75 -2
      vertex 102 75 -2
    endloop
  endfacet
  facet normal 0.923991 0 -0.382415
    outer loop
      vertex 109.133 -75 3.18237
      vertex 108.683 75 2.09508
      vertex 109.133 75 3.18237
    endloop
  endfacet
  facet normal 0.923991 0 -0.382415
    outer loop
      vertex 108.683 75 2.09508
      vertex 109.133 -75 3.18237
      vertex 108.683 -75 2.09508
    endloop
  endfacet
  facet normal -0.707107 -0.707107 0
    outer loop
      vertex -58.2053 16.0292 0
      vertex -58.4708 16.2947 2.4
      vertex -58.4708 16.2947 0
    endloop
  endfacet
  facet normal -0.707107 -0.707107 0
    outer loop
      vertex -58.4708 16.2947 2.4
      vertex -58.2053 16.0292 0
      vertex -58.2053 16.0292 2.4
    endloop
  endfacet
  facet normal 0.608737 0.793372 -0
    outer loop
      vertex -55.0251 37.4749 0
      vertex -55.75 38.0311 2.4
      vertex -55.0251 37.4749 2.4
    endloop
  endfacet
  facet normal 0.608737 0.793372 0
    outer loop
      vertex -55.75 38.0311 2.4
      vertex -55.0251 37.4749 0
      vertex -55.75 38.0311 0
    endloop
  endfacet
  facet normal 0.9877 -0.156359 0
    outer loop
      vertex -56.3587 16.6292 2.4
      vertex -56.3 17 0
      vertex -56.3 17 2.4
    endloop
  endfacet
  facet normal 0.9877 -0.156359 0
    outer loop
      vertex -56.3 17 0
      vertex -56.3587 16.6292 2.4
      vertex -56.3587 16.6292 0
    endloop
  endfacet
  facet normal -0.991935 -0.126747 0
    outer loop
      vertex -58.7 17 0
      vertex -61 35 2.4
      vertex -61 35 0
    endloop
  endfacet
  facet normal -0.991935 -0.126747 0
    outer loop
      vertex -61 35 2.4
      vertex -58.7 17 0
      vertex -58.7 17 2.4
    endloop
  endfacet
  facet normal 0 0 -1
    outer loop
      vertex -54 35 0
      vertex -54.4689 36.75 0
      vertex -54.1193 35.9059 0
    endloop
  endfacet
  facet normal 0 0 -1
    outer loop
      vertex -54 35 0
      vertex -55.0251 37.4749 0
      vertex -54.4689 36.75 0
    endloop
  endfacet
  facet normal 0 0 -1
    outer loop
      vertex -54 35 0
      vertex -55.75 38.0311 0
      vertex -55.0251 37.4749 0
    endloop
  endfacet
  facet normal 0 0 -1
    outer loop
      vertex -61 35 0
      vertex -54 35 0
      vertex -56.3 17 0
    endloop
  endfacet
  facet normal 0 0 -1
    outer loop
      vertex -58.7 17 0
      vertex -56.3 17 0
      vertex -56.3587 16.6292 0
    endloop
  endfacet
  facet normal 0 0 -1
    outer loop
      vertex -58.7 17 0
      vertex -56.3587 16.6292 0
      vertex -56.5292 16.2947 0
    endloop
  endfacet
  facet normal 0 0 -1
    outer loop
      vertex -54 35 0
      vertex -61 35 0
      vertex -55.75 38.0311 0
    endloop
  endfacet
  facet normal 0 0 -1
    outer loop
      vertex -58.7 17 0
      vertex -56.5292 16.2947 0
      vertex -56.7947 16.0292 0
    endloop
  endfacet
  facet normal 0 0 -1
    outer loop
      vertex -58.7 17 0
      vertex -56.7947 16.0292 0
      vertex -57.1292 15.8587 0
    endloop
  endfacet
  facet normal 0 0 -1
    outer loop
      vertex -58.7 17 0
      vertex -57.1292 15.8587 0
      vertex -57.5 15.8 0
    endloop
  endfacet
  facet normal 0 0 -1
    outer loop
      vertex -56.3 17 0
      vertex -58.7 17 0
      vertex -61 35 0
    endloop
  endfacet
  facet normal 0 0 -1
    outer loop
      vertex -58.7 17 0
      vertex -57.5 15.8 0
      vertex -57.8708 15.8587 0
    endloop
  endfacet
  facet normal 0 0 -1
    outer loop
      vertex -58.7 17 0
      vertex -57.8708 15.8587 0
      vertex -58.2053 16.0292 0
    endloop
  endfacet
  facet normal -0 0 -1
    outer loop
      vertex -55.75 38.0311 0
      vertex -61 35 0
      vertex -56.5941 38.3807 0
    endloop
  endfacet
  facet normal 0 0 -1
    outer loop
      vertex -58.7 17 0
      vertex -58.2053 16.0292 0
      vertex -58.4708 16.2947 0
    endloop
  endfacet
  facet normal 0 0 -1
    outer loop
      vertex -58.7 17 0
      vertex -58.4708 16.2947 0
      vertex -58.6413 16.6292 0
    endloop
  endfacet
  facet normal -0 0 -1
    outer loop
      vertex -56.5941 38.3807 0
      vertex -61 35 0
      vertex -57.5 38.5 0
    endloop
  endfacet
  facet normal 0 0 -1
    outer loop
      vertex -57.5 38.5 0
      vertex -61 35 0
      vertex -58.4059 38.3807 0
    endloop
  endfacet
  facet normal 0 0 -1
    outer loop
      vertex -58.4059 38.3807 0
      vertex -61 35 0
      vertex -59.25 38.0311 0
    endloop
  endfacet
  facet normal 0 0 -1
    outer loop
      vertex -59.25 38.0311 0
      vertex -61 35 0
      vertex -59.9749 37.4749 0
    endloop
  endfacet
  facet normal 0 0 -1
    outer loop
      vertex -59.9749 37.4749 0
      vertex -61 35 0
      vertex -60.5311 36.75 0
    endloop
  endfacet
  facet normal 0 0 -1
    outer loop
      vertex -60.5311 36.75 0
      vertex -61 35 0
      vertex -60.8807 35.9059 0
    endloop
  endfacet
  facet normal 0.707107 -0.707107 0
    outer loop
      vertex -56.7947 16.0292 2.4
      vertex -56.5292 16.2947 0
      vertex -56.5292 16.2947 2.4
    endloop
  endfacet
  facet normal 0.707107 -0.707107 0
    outer loop
      vertex -56.5292 16.2947 0
      vertex -56.7947 16.0292 2.4
      vertex -56.7947 16.0292 0
    endloop
  endfacet
  facet normal 0.923894 0.382648 0
    outer loop
      vertex -54.1193 35.9059 2.4
      vertex -54.4689 36.75 0
      vertex -54.4689 36.75 2.4
    endloop
  endfacet
  facet normal 0.923894 0.382648 0
    outer loop
      vertex -54.4689 36.75 0
      vertex -54.1193 35.9059 2.4
      vertex -54.1193 35.9059 0
    endloop
  endfacet
  facet normal -0.99144 0.130565 0
    outer loop
      vertex -61 35 0
      vertex -60.8807 35.9059 2.4
      vertex -60.8807 35.9059 0
    endloop
  endfacet
  facet normal -0.99144 0.130565 0
    outer loop
      vertex -60.8807 35.9059 2.4
      vertex -61 35 0
      vertex -61 35 2.4
    endloop
  endfacet
  facet normal -0.382648 0.923894 0
    outer loop
      vertex -58.4059 38.3807 0
      vertex -59.25 38.0311 2.4
      vertex -58.4059 38.3807 2.4
    endloop
  endfacet
  facet normal -0.382648 0.923894 0
    outer loop
      vertex -59.25 38.0311 2.4
      vertex -58.4059 38.3807 0
      vertex -59.25 38.0311 0
    endloop
  endfacet
  facet normal 0.99144 0.130565 0
    outer loop
      vertex -54 35 2.4
      vertex -54.1193 35.9059 0
      vertex -54.1193 35.9059 2.4
    endloop
  endfacet
  facet normal 0.99144 0.130565 0
    outer loop
      vertex -54.1193 35.9059 0
      vertex -54 35 2.4
      vertex -54 35 0
    endloop
  endfacet
  facet normal 0.454125 -0.890938 0
    outer loop
      vertex -57.1292 15.8587 0
      vertex -56.7947 16.0292 2.4
      vertex -57.1292 15.8587 2.4
    endloop
  endfacet
  facet normal 0.454125 -0.890938 0
    outer loop
      vertex -56.7947 16.0292 2.4
      vertex -57.1292 15.8587 0
      vertex -56.7947 16.0292 0
    endloop
  endfacet
  facet normal -0.890938 -0.454125 0
    outer loop
      vertex -58.4708 16.2947 0
      vertex -58.6413 16.6292 2.4
      vertex -58.6413 16.6292 0
    endloop
  endfacet
  facet normal -0.890938 -0.454125 0
    outer loop
      vertex -58.6413 16.6292 2.4
      vertex -58.4708 16.2947 0
      vertex -58.4708 16.2947 2.4
    endloop
  endfacet
  facet normal 0.991935 -0.126747 0
    outer loop
      vertex -56.3 17 2.4
      vertex -54 35 0
      vertex -54 35 2.4
    endloop
  endfacet
  facet normal 0.991935 -0.126747 0
    outer loop
      vertex -54 35 0
      vertex -56.3 17 2.4
      vertex -56.3 17 0
    endloop
  endfacet
  facet normal -0.9877 -0.156359 0
    outer loop
      vertex -58.6413 16.6292 0
      vertex -58.7 17 2.4
      vertex -58.7 17 0
    endloop
  endfacet
  facet normal -0.9877 -0.156359 0
    outer loop
      vertex -58.7 17 2.4
      vertex -58.6413 16.6292 0
      vertex -58.6413 16.6292 2.4
    endloop
  endfacet
  facet normal -0.454125 -0.890938 0
    outer loop
      vertex -58.2053 16.0292 0
      vertex -57.8708 15.8587 2.4
      vertex -58.2053 16.0292 2.4
    endloop
  endfacet
  facet normal -0.454125 -0.890938 -0
    outer loop
      vertex -57.8708 15.8587 2.4
      vertex -58.2053 16.0292 0
      vertex -57.8708 15.8587 0
    endloop
  endfacet
  facet normal -0.130565 0.99144 0
    outer loop
      vertex -57.5 38.5 0
      vertex -58.4059 38.3807 2.4
      vertex -57.5 38.5 2.4
    endloop
  endfacet
  facet normal -0.130565 0.99144 0
    outer loop
      vertex -58.4059 38.3807 2.4
      vertex -57.5 38.5 0
      vertex -58.4059 38.3807 0
    endloop
  endfacet
  facet normal 0.130565 0.99144 -0
    outer loop
      vertex -56.5941 38.3807 0
      vertex -57.5 38.5 2.4
      vertex -56.5941 38.3807 2.4
    endloop
  endfacet
  facet normal 0.130565 0.99144 0
    outer loop
      vertex -57.5 38.5 2.4
      vertex -56.5941 38.3807 0
      vertex -57.5 38.5 0
    endloop
  endfacet
  facet normal 0.890938 -0.454125 0
    outer loop
      vertex -56.5292 16.2947 2.4
      vertex -56.3587 16.6292 0
      vertex -56.3587 16.6292 2.4
    endloop
  endfacet
  facet normal 0.890938 -0.454125 0
    outer loop
      vertex -56.3587 16.6292 0
      vertex -56.5292 16.2947 2.4
      vertex -56.5292 16.2947 0
    endloop
  endfacet
  facet normal -0.608737 0.793372 0
    outer loop
      vertex -59.25 38.0311 0
      vertex -59.9749 37.4749 2.4
      vertex -59.25 38.0311 2.4
    endloop
  endfacet
  facet normal -0.608737 0.793372 0
    outer loop
      vertex -59.9749 37.4749 2.4
      vertex -59.25 38.0311 0
      vertex -59.9749 37.4749 0
    endloop
  endfacet
  facet normal 0.382648 0.923894 -0
    outer loop
      vertex -55.75 38.0311 0
      vertex -56.5941 38.3807 2.4
      vertex -55.75 38.0311 2.4
    endloop
  endfacet
  facet normal 0.382648 0.923894 0
    outer loop
      vertex -56.5941 38.3807 2.4
      vertex -55.75 38.0311 0
      vertex -56.5941 38.3807 0
    endloop
  endfacet
  facet normal 0.156359 -0.9877 0
    outer loop
      vertex -57.5 15.8 0
      vertex -57.1292 15.8587 2.4
      vertex -57.5 15.8 2.4
    endloop
  endfacet
  facet normal 0.156359 -0.9877 0
    outer loop
      vertex -57.1292 15.8587 2.4
      vertex -57.5 15.8 0
      vertex -57.1292 15.8587 0
    endloop
  endfacet
  facet normal -0.923894 0.382648 0
    outer loop
      vertex -60.8807 35.9059 0
      vertex -60.5311 36.75 2.4
      vertex -60.5311 36.75 0
    endloop
  endfacet
  facet normal -0.923894 0.382648 0
    outer loop
      vertex -60.5311 36.75 2.4
      vertex -60.8807 35.9059 0
      vertex -60.8807 35.9059 2.4
    endloop
  endfacet
  facet normal -0.156359 -0.9877 0
    outer loop
      vertex -57.8708 15.8587 0
      vertex -57.5 15.8 2.4
      vertex -57.8708 15.8587 2.4
    endloop
  endfacet
  facet normal -0.156359 -0.9877 -0
    outer loop
      vertex -57.5 15.8 2.4
      vertex -57.8708 15.8587 0
      vertex -57.5 15.8 0
    endloop
  endfacet
  facet normal 0 0 1
    outer loop
      vertex -54.4689 36.75 2.4
      vertex -54 35 2.4
      vertex -54.1193 35.9059 2.4
    endloop
  endfacet
  facet normal 0 0 1
    outer loop
      vertex -55.0251 37.4749 2.4
      vertex -54 35 2.4
      vertex -54.4689 36.75 2.4
    endloop
  endfacet
  facet normal 0 0 1
    outer loop
      vertex -55.75 38.0311 2.4
      vertex -54 35 2.4
      vertex -55.0251 37.4749 2.4
    endloop
  endfacet
  facet normal 0 0 1
    outer loop
      vertex -61 35 2.4
      vertex -54 35 2.4
      vertex -55.75 38.0311 2.4
    endloop
  endfacet
  facet normal 0 0 1
    outer loop
      vertex -54 35 2.4
      vertex -61 35 2.4
      vertex -56.3 17 2.4
    endloop
  endfacet
  facet normal 0 -0 1
    outer loop
      vertex -58.7 17 2.4
      vertex -56.3 17 2.4
      vertex -61 35 2.4
    endloop
  endfacet
  facet normal 0 0 1
    outer loop
      vertex -61 35 2.4
      vertex -55.75 38.0311 2.4
      vertex -56.5941 38.3807 2.4
    endloop
  endfacet
  facet normal 0 0 1
    outer loop
      vertex -56.3 17 2.4
      vertex -58.7 17 2.4
      vertex -56.3587 16.6292 2.4
    endloop
  endfacet
  facet normal 0 0 1
    outer loop
      vertex -56.3587 16.6292 2.4
      vertex -58.7 17 2.4
      vertex -56.5292 16.2947 2.4
    endloop
  endfacet
  facet normal 0 0 1
    outer loop
      vertex -61 35 2.4
      vertex -56.5941 38.3807 2.4
      vertex -57.5 38.5 2.4
    endloop
  endfacet
  facet normal 0 0 1
    outer loop
      vertex -56.5292 16.2947 2.4
      vertex -58.7 17 2.4
      vertex -56.7947 16.0292 2.4
    endloop
  endfacet
  facet normal 0 0 1
    outer loop
      vertex -57.1292 15.8587 2.4
      vertex -58.7 17 2.4
      vertex -57.5 15.8 2.4
    endloop
  endfacet
  facet normal 0 0 1
    outer loop
      vertex -57.5 15.8 2.4
      vertex -58.7 17 2.4
      vertex -57.8708 15.8587 2.4
    endloop
  endfacet
  facet normal 0 0 1
    outer loop
      vertex -61 35 2.4
      vertex -57.5 38.5 2.4
      vertex -58.4059 38.3807 2.4
    endloop
  endfacet
  facet normal 0 0 1
    outer loop
      vertex -57.8708 15.8587 2.4
      vertex -58.7 17 2.4
      vertex -58.2053 16.0292 2.4
    endloop
  endfacet
  facet normal 0 0 1
    outer loop
      vertex -58.2053 16.0292 2.4
      vertex -58.7 17 2.4
      vertex -58.4708 16.2947 2.4
    endloop
  endfacet
  facet normal 0 0 1
    outer loop
      vertex -58.4708 16.2947 2.4
      vertex -58.7 17 2.4
      vertex -58.6413 16.6292 2.4
    endloop
  endfacet
  facet normal 0 0 1
    outer loop
      vertex -61 35 2.4
      vertex -58.4059 38.3807 2.4
      vertex -59.25 38.0311 2.4
    endloop
  endfacet
  facet normal 0 0 1
    outer loop
      vertex -61 35 2.4
      vertex -59.25 38.0311 2.4
      vertex -59.9749 37.4749 2.4
    endloop
  endfacet
  facet normal 0 0 1
    outer loop
      vertex -61 35 2.4
      vertex -59.9749 37.4749 2.4
      vertex -60.5311 36.75 2.4
    endloop
  endfacet
  facet normal 0 0 1
    outer loop
      vertex -61 35 2.4
      vertex -60.5311 36.75 2.4
      vertex -60.8807 35.9059 2.4
    endloop
  endfacet
  facet normal 0 0 1
    outer loop
      vertex -56.7947 16.0292 2.4
      vertex -58.7 17 2.4
      vertex -57.1292 15.8587 2.4
    endloop
  endfacet
  facet normal -0.793372 0.608737 0
    outer loop
      vertex -60.5311 36.75 0
      vertex -59.9749 37.4749 2.4
      vertex -59.9749 37.4749 0
    endloop
  endfacet
  facet normal -0.793372 0.608737 0
    outer loop
      vertex -59.9749 37.4749 2.4
      vertex -60.5311 36.75 0
      vertex -60.5311 36.75 2.4
    endloop
  endfacet
  facet normal 0.793372 0.608737 0
    outer loop
      vertex -54.4689 36.75 2.4
      vertex -55.0251 37.4749 0
      vertex -55.0251 37.4749 2.4
    endloop
  endfacet
  facet normal 0.793372 0.608737 0
    outer loop
      vertex -55.0251 37.4749 0
      vertex -54.4689 36.75 2.4
      vertex -54.4689 36.75 0
    endloop
  endfacet
  facet normal -0.707107 -0.707107 0
    outer loop
      vertex -58.2053 -33.9708 0
      vertex -58.4708 -33.7053 2.4
      vertex -58.4708 -33.7053 0
    endloop
  endfacet
  facet normal -0.707107 -0.707107 0
    outer loop
      vertex -58.4708 -33.7053 2.4
      vertex -58.2053 -33.9708 0
      vertex -58.2053 -33.9708 2.4
    endloop
  endfacet
  facet normal 0 0 -1
    outer loop
      vertex -54 -15 0
      vertex -54.4689 -13.25 0
      vertex -54.1193 -14.0941 0
    endloop
  endfacet
  facet normal 0 0 -1
    outer loop
      vertex -54 -15 0
      vertex -55.0251 -12.5251 0
      vertex -54.4689 -13.25 0
    endloop
  endfacet
  facet normal 0 0 -1
    outer loop
      vertex -54 -15 0
      vertex -55.75 -11.9689 0
      vertex -55.0251 -12.5251 0
    endloop
  endfacet
  facet normal 0 0 -1
    outer loop
      vertex -61 -15 0
      vertex -54 -15 0
      vertex -56.3 -33 0
    endloop
  endfacet
  facet normal 0 0 -1
    outer loop
      vertex -58.7 -33 0
      vertex -56.3 -33 0
      vertex -56.3587 -33.3708 0
    endloop
  endfacet
  facet normal 0 0 -1
    outer loop
      vertex -58.7 -33 0
      vertex -56.3587 -33.3708 0
      vertex -56.5292 -33.7053 0
    endloop
  endfacet
  facet normal 0 0 -1
    outer loop
      vertex -54 -15 0
      vertex -61 -15 0
      vertex -55.75 -11.9689 0
    endloop
  endfacet
  facet normal 0 0 -1
    outer loop
      vertex -58.7 -33 0
      vertex -56.5292 -33.7053 0
      vertex -56.7947 -33.9708 0
    endloop
  endfacet
  facet normal 0 0 -1
    outer loop
      vertex -58.7 -33 0
      vertex -56.7947 -33.9708 0
      vertex -57.1292 -34.1413 0
    endloop
  endfacet
  facet normal 0 0 -1
    outer loop
      vertex -58.7 -33 0
      vertex -57.1292 -34.1413 0
      vertex -57.5 -34.2 0
    endloop
  endfacet
  facet normal 0 0 -1
    outer loop
      vertex -56.3 -33 0
      vertex -58.7 -33 0
      vertex -61 -15 0
    endloop
  endfacet
  facet normal 0 0 -1
    outer loop
      vertex -58.7 -33 0
      vertex -57.5 -34.2 0
      vertex -57.8708 -34.1413 0
    endloop
  endfacet
  facet normal 0 0 -1
    outer loop
      vertex -58.7 -33 0
      vertex -57.8708 -34.1413 0
      vertex -58.2053 -33.9708 0
    endloop
  endfacet
  facet normal -0 0 -1
    outer loop
      vertex -55.75 -11.9689 0
      vertex -61 -15 0
      vertex -56.5941 -11.6193 0
    endloop
  endfacet
  facet normal 0 0 -1
    outer loop
      vertex -58.7 -33 0
      vertex -58.2053 -33.9708 0
      vertex -58.4708 -33.7053 0
    endloop
  endfacet
  facet normal 0 0 -1
    outer loop
      vertex -58.7 -33 0
      vertex -58.4708 -33.7053 0
      vertex -58.6413 -33.3708 0
    endloop
  endfacet
  facet normal -0 0 -1
    outer loop
      vertex -56.5941 -11.6193 0
      vertex -61 -15 0
      vertex -57.5 -11.5 0
    endloop
  endfacet
  facet normal 0 0 -1
    outer loop
      vertex -57.5 -11.5 0
      vertex -61 -15 0
      vertex -58.4059 -11.6193 0
    endloop
  endfacet
  facet normal 0 0 -1
    outer loop
      vertex -58.4059 -11.6193 0
      vertex -61 -15 0
      vertex -59.25 -11.9689 0
    endloop
  endfacet
  facet normal 0 0 -1
    outer loop
      vertex -59.25 -11.9689 0
      vertex -61 -15 0
      vertex -59.9749 -12.5251 0
    endloop
  endfacet
  facet normal 0 0 -1
    outer loop
      vertex -59.9749 -12.5251 0
      vertex -61 -15 0
      vertex -60.5311 -13.25 0
    endloop
  endfacet
  facet normal 0 0 -1
    outer loop
      vertex -60.5311 -13.25 0
      vertex -61 -15 0
      vertex -60.8807 -14.0941 0
    endloop
  endfacet
  facet normal 0.9877 -0.156359 0
    outer loop
      vertex -56.3587 -33.3708 2.4
      vertex -56.3 -33 0
      vertex -56.3 -33 2.4
    endloop
  endfacet
  facet normal 0.9877 -0.156359 0
    outer loop
      vertex -56.3 -33 0
      vertex -56.3587 -33.3708 2.4
      vertex -56.3587 -33.3708 0
    endloop
  endfacet
  facet normal -0.991935 -0.126747 0
    outer loop
      vertex -58.7 -33 0
      vertex -61 -15 2.4
      vertex -61 -15 0
    endloop
  endfacet
  facet normal -0.991935 -0.126747 0
    outer loop
      vertex -61 -15 2.4
      vertex -58.7 -33 0
      vertex -58.7 -33 2.4
    endloop
  endfacet
  facet normal -0.923894 0.382648 0
    outer loop
      vertex -60.8807 -14.0941 0
      vertex -60.5311 -13.25 2.4
      vertex -60.5311 -13.25 0
    endloop
  endfacet
  facet normal -0.923894 0.382648 0
    outer loop
      vertex -60.5311 -13.25 2.4
      vertex -60.8807 -14.0941 0
      vertex -60.8807 -14.0941 2.4
    endloop
  endfacet
  facet normal 0.707107 -0.707107 0
    outer loop
      vertex -56.7947 -33.9708 2.4
      vertex -56.5292 -33.7053 0
      vertex -56.5292 -33.7053 2.4
    endloop
  endfacet
  facet normal 0.707107 -0.707107 0
    outer loop
      vertex -56.5292 -33.7053 0
      vertex -56.7947 -33.9708 2.4
      vertex -56.7947 -33.9708 0
    endloop
  endfacet
  facet normal 0.923894 0.382648 0
    outer loop
      vertex -54.1193 -14.0941 2.4
      vertex -54.4689 -13.25 0
      vertex -54.4689 -13.25 2.4
    endloop
  endfacet
  facet normal 0.923894 0.382648 0
    outer loop
      vertex -54.4689 -13.25 0
      vertex -54.1193 -14.0941 2.4
      vertex -54.1193 -14.0941 0
    endloop
  endfacet
  facet normal -0.99144 0.130565 0
    outer loop
      vertex -61 -15 0
      vertex -60.8807 -14.0941 2.4
      vertex -60.8807 -14.0941 0
    endloop
  endfacet
  facet normal -0.99144 0.130565 0
    outer loop
      vertex -60.8807 -14.0941 2.4
      vertex -61 -15 0
      vertex -61 -15 2.4
    endloop
  endfacet
  facet normal 0.793372 0.608737 0
    outer loop
      vertex -54.4689 -13.25 2.4
      vertex -55.0251 -12.5251 0
      vertex -55.0251 -12.5251 2.4
    endloop
  endfacet
  facet normal 0.793372 0.608737 0
    outer loop
      vertex -55.0251 -12.5251 0
      vertex -54.4689 -13.25 2.4
      vertex -54.4689 -13.25 0
    endloop
  endfacet
  facet normal -0.608737 0.793372 0
    outer loop
      vertex -59.25 -11.9689 0
      vertex -59.9749 -12.5251 2.4
      vertex -59.25 -11.9689 2.4
    endloop
  endfacet
  facet normal -0.608737 0.793372 0
    outer loop
      vertex -59.9749 -12.5251 2.4
      vertex -59.25 -11.9689 0
      vertex -59.9749 -12.5251 0
    endloop
  endfacet
  facet normal 0.99144 0.130565 0
    outer loop
      vertex -54 -15 2.4
      vertex -54.1193 -14.0941 0
      vertex -54.1193 -14.0941 2.4
    endloop
  endfacet
  facet normal 0.99144 0.130565 0
    outer loop
      vertex -54.1193 -14.0941 0
      vertex -54 -15 2.4
      vertex -54 -15 0
    endloop
  endfacet
  facet normal 0.454125 -0.890938 0
    outer loop
      vertex -57.1292 -34.1413 0
      vertex -56.7947 -33.9708 2.4
      vertex -57.1292 -34.1413 2.4
    endloop
  endfacet
  facet normal 0.454125 -0.890938 0
    outer loop
      vertex -56.7947 -33.9708 2.4
      vertex -57.1292 -34.1413 0
      vertex -56.7947 -33.9708 0
    endloop
  endfacet
  facet normal -0.890938 -0.454125 0
    outer loop
      vertex -58.4708 -33.7053 0
      vertex -58.6413 -33.3708 2.4
      vertex -58.6413 -33.3708 0
    endloop
  endfacet
  facet normal -0.890938 -0.454125 0
    outer loop
      vertex -58.6413 -33.3708 2.4
      vertex -58.4708 -33.7053 0
      vertex -58.4708 -33.7053 2.4
    endloop
  endfacet
  facet normal 0.991935 -0.126747 0
    outer loop
      vertex -56.3 -33 2.4
      vertex -54 -15 0
      vertex -54 -15 2.4
    endloop
  endfacet
  facet normal 0.991935 -0.126747 0
    outer loop
      vertex -54 -15 0
      vertex -56.3 -33 2.4
      vertex -56.3 -33 0
    endloop
  endfacet
  facet normal -0.9877 -0.156359 0
    outer loop
      vertex -58.6413 -33.3708 0
      vertex -58.7 -33 2.4
      vertex -58.7 -33 0
    endloop
  endfacet
  facet normal -0.9877 -0.156359 0
    outer loop
      vertex -58.7 -33 2.4
      vertex -58.6413 -33.3708 0
      vertex -58.6413 -33.3708 2.4
    endloop
  endfacet
  facet normal -0.454125 -0.890938 0
    outer loop
      vertex -58.2053 -33.9708 0
      vertex -57.8708 -34.1413 2.4
      vertex -58.2053 -33.9708 2.4
    endloop
  endfacet
  facet normal -0.454125 -0.890938 -0
    outer loop
      vertex -57.8708 -34.1413 2.4
      vertex -58.2053 -33.9708 0
      vertex -57.8708 -34.1413 0
    endloop
  endfacet
  facet normal -0.382648 0.923894 0
    outer loop
      vertex -58.4059 -11.6193 0
      vertex -59.25 -11.9689 2.4
      vertex -58.4059 -11.6193 2.4
    endloop
  endfacet
  facet normal -0.382648 0.923894 0
    outer loop
      vertex -59.25 -11.9689 2.4
      vertex -58.4059 -11.6193 0
      vertex -59.25 -11.9689 0
    endloop
  endfacet
  facet normal 0.130565 0.99144 -0
    outer loop
      vertex -56.5941 -11.6193 0
      vertex -57.5 -11.5 2.4
      vertex -56.5941 -11.6193 2.4
    endloop
  endfacet
  facet normal 0.130565 0.99144 0
    outer loop
      vertex -57.5 -11.5 2.4
      vertex -56.5941 -11.6193 0
      vertex -57.5 -11.5 0
    endloop
  endfacet
  facet normal 0.156359 -0.9877 0
    outer loop
      vertex -57.5 -34.2 0
      vertex -57.1292 -34.1413 2.4
      vertex -57.5 -34.2 2.4
    endloop
  endfacet
  facet normal 0.156359 -0.9877 0
    outer loop
      vertex -57.1292 -34.1413 2.4
      vertex -57.5 -34.2 0
      vertex -57.1292 -34.1413 0
    endloop
  endfacet
  facet normal -0.130565 0.99144 0
    outer loop
      vertex -57.5 -11.5 0
      vertex -58.4059 -11.6193 2.4
      vertex -57.5 -11.5 2.4
    endloop
  endfacet
  facet normal -0.130565 0.99144 0
    outer loop
      vertex -58.4059 -11.6193 2.4
      vertex -57.5 -11.5 0
      vertex -58.4059 -11.6193 0
    endloop
  endfacet
  facet normal 0.890938 -0.454125 0
    outer loop
      vertex -56.5292 -33.7053 2.4
      vertex -56.3587 -33.3708 0
      vertex -56.3587 -33.3708 2.4
    endloop
  endfacet
  facet normal 0.890938 -0.454125 0
    outer loop
      vertex -56.3587 -33.3708 0
      vertex -56.5292 -33.7053 2.4
      vertex -56.5292 -33.7053 0
    endloop
  endfacet
  facet normal 0.382648 0.923894 -0
    outer loop
      vertex -55.75 -11.9689 0
      vertex -56.5941 -11.6193 2.4
      vertex -55.75 -11.9689 2.4
    endloop
  endfacet
  facet normal 0.382648 0.923894 0
    outer loop
      vertex -56.5941 -11.6193 2.4
      vertex -55.75 -11.9689 0
      vertex -56.5941 -11.6193 0
    endloop
  endfacet
  facet normal -0.156359 -0.9877 0
    outer loop
      vertex -57.8708 -34.1413 0
      vertex -57.5 -34.2 2.4
      vertex -57.8708 -34.1413 2.4
    endloop
  endfacet
  facet normal -0.156359 -0.9877 -0
    outer loop
      vertex -57.5 -34.2 2.4
      vertex -57.8708 -34.1413 0
      vertex -57.5 -34.2 0
    endloop
  endfacet
  facet normal -0.793372 0.608737 0
    outer loop
      vertex -60.5311 -13.25 0
      vertex -59.9749 -12.5251 2.4
      vertex -59.9749 -12.5251 0
    endloop
  endfacet
  facet normal -0.793372 0.608737 0
    outer loop
      vertex -59.9749 -12.5251 2.4
      vertex -60.5311 -13.25 0
      vertex -60.5311 -13.25 2.4
    endloop
  endfacet
  facet normal 0 0 1
    outer loop
      vertex -54.4689 -13.25 2.4
      vertex -54 -15 2.4
      vertex -54.1193 -14.0941 2.4
    endloop
  endfacet
  facet normal 0 0 1
    outer loop
      vertex -55.0251 -12.5251 2.4
      vertex -54 -15 2.4
      vertex -54.4689 -13.25 2.4
    endloop
  endfacet
  facet normal 0 0 1
    outer loop
      vertex -55.75 -11.9689 2.4
      vertex -54 -15 2.4
      vertex -55.0251 -12.5251 2.4
    endloop
  endfacet
  facet normal 0 0 1
    outer loop
      vertex -61 -15 2.4
      vertex -54 -15 2.4
      vertex -55.75 -11.9689 2.4
    endloop
  endfacet
  facet normal 0 0 1
    outer loop
      vertex -54 -15 2.4
      vertex -61 -15 2.4
      vertex -56.3 -33 2.4
    endloop
  endfacet
  facet normal 0 -0 1
    outer loop
      vertex -58.7 -33 2.4
      vertex -56.3 -33 2.4
      vertex -61 -15 2.4
    endloop
  endfacet
  facet normal 0 0 1
    outer loop
      vertex -61 -15 2.4
      vertex -55.75 -11.9689 2.4
      vertex -56.5941 -11.6193 2.4
    endloop
  endfacet
  facet normal 0 0 1
    outer loop
      vertex -56.3 -33 2.4
      vertex -58.7 -33 2.4
      vertex -56.3587 -33.3708 2.4
    endloop
  endfacet
  facet normal 0 0 1
    outer loop
      vertex -56.3587 -33.3708 2.4
      vertex -58.7 -33 2.4
      vertex -56.5292 -33.7053 2.4
    endloop
  endfacet
  facet normal 0 0 1
    outer loop
      vertex -61 -15 2.4
      vertex -56.5941 -11.6193 2.4
      vertex -57.5 -11.5 2.4
    endloop
  endfacet
  facet normal 0 0 1
    outer loop
      vertex -56.5292 -33.7053 2.4
      vertex -58.7 -33 2.4
      vertex -56.7947 -33.9708 2.4
    endloop
  endfacet
  facet normal 0 0 1
    outer loop
      vertex -57.1292 -34.1413 2.4
      vertex -58.7 -33 2.4
      vertex -57.5 -34.2 2.4
    endloop
  endfacet
  facet normal 0 0 1
    outer loop
      vertex -57.5 -34.2 2.4
      vertex -58.7 -33 2.4
      vertex -57.8708 -34.1413 2.4
    endloop
  endfacet
  facet normal 0 0 1
    outer loop
      vertex -61 -15 2.4
      vertex -57.5 -11.5 2.4
      vertex -58.4059 -11.6193 2.4
    endloop
  endfacet
  facet normal 0 0 1
    outer loop
      vertex -57.8708 -34.1413 2.4
      vertex -58.7 -33 2.4
      vertex -58.2053 -33.9708 2.4
    endloop
  endfacet
  facet normal 0 0 1
    outer loop
      vertex -58.2053 -33.9708 2.4
      vertex -58.7 -33 2.4
      vertex -58.4708 -33.7053 2.4
    endloop
  endfacet
  facet normal 0 0 1
    outer loop
      vertex -58.4708 -33.7053 2.4
      vertex -58.7 -33 2.4
      vertex -58.6413 -33.3708 2.4
    endloop
  endfacet
  facet normal 0 0 1
    outer loop
      vertex -61 -15 2.4
      vertex -58.4059 -11.6193 2.4
      vertex -59.25 -11.9689 2.4
    endloop
  endfacet
  facet normal 0 0 1
    outer loop
      vertex -61 -15 2.4
      vertex -59.25 -11.9689 2.4
      vertex -59.9749 -12.5251 2.4
    endloop
  endfacet
  facet normal 0 0 1
    outer loop
      vertex -61 -15 2.4
      vertex -59.9749 -12.5251 2.4
      vertex -60.5311 -13.25 2.4
    endloop
  endfacet
  facet normal 0 0 1
    outer loop
      vertex -61 -15 2.4
      vertex -60.5311 -13.25 2.4
      vertex -60.8807 -14.0941 2.4
    endloop
  endfacet
  facet normal 0 0 1
    outer loop
      vertex -56.7947 -33.9708 2.4
      vertex -58.7 -33 2.4
      vertex -57.1292 -34.1413 2.4
    endloop
  endfacet
  facet normal 0.608737 0.793372 -0
    outer loop
      vertex -55.0251 -12.5251 0
      vertex -55.75 -11.9689 2.4
      vertex -55.0251 -12.5251 2.4
    endloop
  endfacet
  facet normal 0.608737 0.793372 0
    outer loop
      vertex -55.75 -11.9689 2.4
      vertex -55.0251 -12.5251 0
      vertex -55.75 -11.9689 0
    endloop
  endfacet
  facet normal -0.707107 -0.707107 0
    outer loop
      vertex -23.2053 16.0292 0
      vertex -23.4708 16.2947 2.4
      vertex -23.4708 16.2947 0
    endloop
  endfacet
  facet normal -0.707107 -0.707107 0
    outer loop
      vertex -23.4708 16.2947 2.4
      vertex -23.2053 16.0292 0
      vertex -23.2053 16.0292 2.4
    endloop
  endfacet
  facet normal 0.608737 0.793372 -0
    outer loop
      vertex -20.0251 37.4749 0
      vertex -20.75 38.0311 2.4
      vertex -20.0251 37.4749 2.4
    endloop
  endfacet
  facet normal 0.608737 0.793372 0
    outer loop
      vertex -20.75 38.0311 2.4
      vertex -20.0251 37.4749 0
      vertex -20.75 38.0311 0
    endloop
  endfacet
  facet normal 0.9877 -0.156359 0
    outer loop
      vertex -21.3587 16.6292 2.4
      vertex -21.3 17 0
      vertex -21.3 17 2.4
    endloop
  endfacet
  facet normal 0.9877 -0.156359 0
    outer loop
      vertex -21.3 17 0
      vertex -21.3587 16.6292 2.4
      vertex -21.3587 16.6292 0
    endloop
  endfacet
  facet normal -0.991935 -0.126747 0
    outer loop
      vertex -23.7 17 0
      vertex -26 35 2.4
      vertex -26 35 0
    endloop
  endfacet
  facet normal -0.991935 -0.126747 0
    outer loop
      vertex -26 35 2.4
      vertex -23.7 17 0
      vertex -23.7 17 2.4
    endloop
  endfacet
  facet normal 0 0 -1
    outer loop
      vertex -19 35 0
      vertex -19.4689 36.75 0
      vertex -19.1193 35.9059 0
    endloop
  endfacet
  facet normal 0 0 -1
    outer loop
      vertex -19 35 0
      vertex -20.0251 37.4749 0
      vertex -19.4689 36.75 0
    endloop
  endfacet
  facet normal 0 0 -1
    outer loop
      vertex -19 35 0
      vertex -20.75 38.0311 0
      vertex -20.0251 37.4749 0
    endloop
  endfacet
  facet normal 0 0 -1
    outer loop
      vertex -26 35 0
      vertex -19 35 0
      vertex -21.3 17 0
    endloop
  endfacet
  facet normal 0 0 -1
    outer loop
      vertex -23.7 17 0
      vertex -21.3 17 0
      vertex -21.3587 16.6292 0
    endloop
  endfacet
  facet normal 0 0 -1
    outer loop
      vertex -23.7 17 0
      vertex -21.3587 16.6292 0
      vertex -21.5292 16.2947 0
    endloop
  endfacet
  facet normal 0 0 -1
    outer loop
      vertex -19 35 0
      vertex -26 35 0
      vertex -20.75 38.0311 0
    endloop
  endfacet
  facet normal 0 0 -1
    outer loop
      vertex -23.7 17 0
      vertex -21.5292 16.2947 0
      vertex -21.7947 16.0292 0
    endloop
  endfacet
  facet normal 0 0 -1
    outer loop
      vertex -23.7 17 0
      vertex -21.7947 16.0292 0
      vertex -22.1292 15.8587 0
    endloop
  endfacet
  facet normal 0 0 -1
    outer loop
      vertex -23.7 17 0
      vertex -22.1292 15.8587 0
      vertex -22.5 15.8 0
    endloop
  endfacet
  facet normal 0 0 -1
    outer loop
      vertex -21.3 17 0
      vertex -23.7 17 0
      vertex -26 35 0
    endloop
  endfacet
  facet normal 0 0 -1
    outer loop
      vertex -23.7 17 0
      vertex -22.5 15.8 0
      vertex -22.8708 15.8587 0
    endloop
  endfacet
  facet normal 0 0 -1
    outer loop
      vertex -23.7 17 0
      vertex -22.8708 15.8587 0
      vertex -23.2053 16.0292 0
    endloop
  endfacet
  facet normal -0 0 -1
    outer loop
      vertex -20.75 38.0311 0
      vertex -26 35 0
      vertex -21.5941 38.3807 0
    endloop
  endfacet
  facet normal 0 0 -1
    outer loop
      vertex -23.7 17 0
      vertex -23.2053 16.0292 0
      vertex -23.4708 16.2947 0
    endloop
  endfacet
  facet normal 0 0 -1
    outer loop
      vertex -23.7 17 0
      vertex -23.4708 16.2947 0
      vertex -23.6413 16.6292 0
    endloop
  endfacet
  facet normal -0 0 -1
    outer loop
      vertex -21.5941 38.3807 0
      vertex -26 35 0
      vertex -22.5 38.5 0
    endloop
  endfacet
  facet normal 0 0 -1
    outer loop
      vertex -22.5 38.5 0
      vertex -26 35 0
      vertex -23.4059 38.3807 0
    endloop
  endfacet
  facet normal 0 0 -1
    outer loop
      vertex -23.4059 38.3807 0
      vertex -26 35 0
      vertex -24.25 38.0311 0
    endloop
  endfacet
  facet normal 0 0 -1
    outer loop
      vertex -24.25 38.0311 0
      vertex -26 35 0
      vertex -24.9749 37.4749 0
    endloop
  endfacet
  facet normal 0 0 -1
    outer loop
      vertex -24.9749 37.4749 0
      vertex -26 35 0
      vertex -25.5311 36.75 0
    endloop
  endfacet
  facet normal 0 0 -1
    outer loop
      vertex -25.5311 36.75 0
      vertex -26 35 0
      vertex -25.8807 35.9059 0
    endloop
  endfacet
  facet normal 0.707107 -0.707107 0
    outer loop
      vertex -21.7947 16.0292 2.4
      vertex -21.5292 16.2947 0
      vertex -21.5292 16.2947 2.4
    endloop
  endfacet
  facet normal 0.707107 -0.707107 0
    outer loop
      vertex -21.5292 16.2947 0
      vertex -21.7947 16.0292 2.4
      vertex -21.7947 16.0292 0
    endloop
  endfacet
  facet normal 0.923894 0.382648 0
    outer loop
      vertex -19.1193 35.9059 2.4
      vertex -19.4689 36.75 0
      vertex -19.4689 36.75 2.4
    endloop
  endfacet
  facet normal 0.923894 0.382648 0
    outer loop
      vertex -19.4689 36.75 0
      vertex -19.1193 35.9059 2.4
      vertex -19.1193 35.9059 0
    endloop
  endfacet
  facet normal -0.99144 0.130565 0
    outer loop
      vertex -26 35 0
      vertex -25.8807 35.9059 2.4
      vertex -25.8807 35.9059 0
    endloop
  endfacet
  facet normal -0.99144 0.130565 0
    outer loop
      vertex -25.8807 35.9059 2.4
      vertex -26 35 0
      vertex -26 35 2.4
    endloop
  endfacet
  facet normal 0 0 1
    outer loop
      vertex -19.4689 36.75 2.4
      vertex -19 35 2.4
      vertex -19.1193 35.9059 2.4
    endloop
  endfacet
  facet normal 0 0 1
    outer loop
      vertex -20.0251 37.4749 2.4
      vertex -19 35 2.4
      vertex -19.4689 36.75 2.4
    endloop
  endfacet
  facet normal 0 0 1
    outer loop
      vertex -20.75 38.0311 2.4
      vertex -19 35 2.4
      vertex -20.0251 37.4749 2.4
    endloop
  endfacet
  facet normal 0 0 1
    outer loop
      vertex -26 35 2.4
      vertex -19 35 2.4
      vertex -20.75 38.0311 2.4
    endloop
  endfacet
  facet normal 0 0 1
    outer loop
      vertex -19 35 2.4
      vertex -26 35 2.4
      vertex -21.3 17 2.4
    endloop
  endfacet
  facet normal 0 -0 1
    outer loop
      vertex -23.7 17 2.4
      vertex -21.3 17 2.4
      vertex -26 35 2.4
    endloop
  endfacet
  facet normal 0 0 1
    outer loop
      vertex -26 35 2.4
      vertex -20.75 38.0311 2.4
      vertex -21.5941 38.3807 2.4
    endloop
  endfacet
  facet normal 0 0 1
    outer loop
      vertex -21.3 17 2.4
      vertex -23.7 17 2.4
      vertex -21.3587 16.6292 2.4
    endloop
  endfacet
  facet normal 0 0 1
    outer loop
      vertex -21.3587 16.6292 2.4
      vertex -23.7 17 2.4
      vertex -21.5292 16.2947 2.4
    endloop
  endfacet
  facet normal 0 0 1
    outer loop
      vertex -26 35 2.4
      vertex -21.5941 38.3807 2.4
      vertex -22.5 38.5 2.4
    endloop
  endfacet
  facet normal 0 0 1
    outer loop
      vertex -21.5292 16.2947 2.4
      vertex -23.7 17 2.4
      vertex -21.7947 16.0292 2.4
    endloop
  endfacet
  facet normal 0 0 1
    outer loop
      vertex -22.1292 15.8587 2.4
      vertex -23.7 17 2.4
      vertex -22.5 15.8 2.4
    endloop
  endfacet
  facet normal 0 0 1
    outer loop
      vertex -22.5 15.8 2.4
      vertex -23.7 17 2.4
      vertex -22.8708 15.8587 2.4
    endloop
  endfacet
  facet normal 0 0 1
    outer loop
      vertex -26 35 2.4
      vertex -22.5 38.5 2.4
      vertex -23.4059 38.3807 2.4
    endloop
  endfacet
  facet normal 0 0 1
    outer loop
      vertex -22.8708 15.8587 2.4
      vertex -23.7 17 2.4
      vertex -23.2053 16.0292 2.4
    endloop
  endfacet
  facet normal 0 0 1
    outer loop
      vertex -23.2053 16.0292 2.4
      vertex -23.7 17 2.4
      vertex -23.4708 16.2947 2.4
    endloop
  endfacet
  facet normal 0 0 1
    outer loop
      vertex -23.4708 16.2947 2.4
      vertex -23.7 17 2.4
      vertex -23.6413 16.6292 2.4
    endloop
  endfacet
  facet normal 0 0 1
    outer loop
      vertex -26 35 2.4
      vertex -23.4059 38.3807 2.4
      vertex -24.25 38.0311 2.4
    endloop
  endfacet
  facet normal 0 0 1
    outer loop
      vertex -26 35 2.4
      vertex -24.25 38.0311 2.4
      vertex -24.9749 37.4749 2.4
    endloop
  endfacet
  facet normal 0 0 1
    outer loop
      vertex -26 35 2.4
      vertex -24.9749 37.4749 2.4
      vertex -25.5311 36.75 2.4
    endloop
  endfacet
  facet normal 0 0 1
    outer loop
      vertex -26 35 2.4
      vertex -25.5311 36.75 2.4
      vertex -25.8807 35.9059 2.4
    endloop
  endfacet
  facet normal 0 0 1
    outer loop
      vertex -21.7947 16.0292 2.4
      vertex -23.7 17 2.4
      vertex -22.1292 15.8587 2.4
    endloop
  endfacet
  facet normal -0.382648 0.923894 0
    outer loop
      vertex -23.4059 38.3807 0
      vertex -24.25 38.0311 2.4
      vertex -23.4059 38.3807 2.4
    endloop
  endfacet
  facet normal -0.382648 0.923894 0
    outer loop
      vertex -24.25 38.0311 2.4
      vertex -23.4059 38.3807 0
      vertex -24.25 38.0311 0
    endloop
  endfacet
  facet normal 0.99144 0.130565 0
    outer loop
      vertex -19 35 2.4
      vertex -19.1193 35.9059 0
      vertex -19.1193 35.9059 2.4
    endloop
  endfacet
  facet normal 0.99144 0.130565 0
    outer loop
      vertex -19.1193 35.9059 0
      vertex -19 35 2.4
      vertex -19 35 0
    endloop
  endfacet
  facet normal 0.454125 -0.890938 0
    outer loop
      vertex -22.1292 15.8587 0
      vertex -21.7947 16.0292 2.4
      vertex -22.1292 15.8587 2.4
    endloop
  endfacet
  facet normal 0.454125 -0.890938 0
    outer loop
      vertex -21.7947 16.0292 2.4
      vertex -22.1292 15.8587 0
      vertex -21.7947 16.0292 0
    endloop
  endfacet
  facet normal -0.890938 -0.454125 0
    outer loop
      vertex -23.4708 16.2947 0
      vertex -23.6413 16.6292 2.4
      vertex -23.6413 16.6292 0
    endloop
  endfacet
  facet normal -0.890938 -0.454125 0
    outer loop
      vertex -23.6413 16.6292 2.4
      vertex -23.4708 16.2947 0
      vertex -23.4708 16.2947 2.4
    endloop
  endfacet
  facet normal 0.991935 -0.126747 0
    outer loop
      vertex -21.3 17 2.4
      vertex -19 35 0
      vertex -19 35 2.4
    endloop
  endfacet
  facet normal 0.991935 -0.126747 0
    outer loop
      vertex -19 35 0
      vertex -21.3 17 2.4
      vertex -21.3 17 0
    endloop
  endfacet
  facet normal -0.9877 -0.156359 0
    outer loop
      vertex -23.6413 16.6292 0
      vertex -23.7 17 2.4
      vertex -23.7 17 0
    endloop
  endfacet
  facet normal -0.9877 -0.156359 0
    outer loop
      vertex -23.7 17 2.4
      vertex -23.6413 16.6292 0
      vertex -23.6413 16.6292 2.4
    endloop
  endfacet
  facet normal -0.454125 -0.890938 0
    outer loop
      vertex -23.2053 16.0292 0
      vertex -22.8708 15.8587 2.4
      vertex -23.2053 16.0292 2.4
    endloop
  endfacet
  facet normal -0.454125 -0.890938 -0
    outer loop
      vertex -22.8708 15.8587 2.4
      vertex -23.2053 16.0292 0
      vertex -22.8708 15.8587 0
    endloop
  endfacet
  facet normal -0.793372 0.608737 0
    outer loop
      vertex -25.5311 36.75 0
      vertex -24.9749 37.4749 2.4
      vertex -24.9749 37.4749 0
    endloop
  endfacet
  facet normal -0.793372 0.608737 0
    outer loop
      vertex -24.9749 37.4749 2.4
      vertex -25.5311 36.75 0
      vertex -25.5311 36.75 2.4
    endloop
  endfacet
  facet normal -0.130565 0.99144 0
    outer loop
      vertex -22.5 38.5 0
      vertex -23.4059 38.3807 2.4
      vertex -22.5 38.5 2.4
    endloop
  endfacet
  facet normal -0.130565 0.99144 0
    outer loop
      vertex -23.4059 38.3807 2.4
      vertex -22.5 38.5 0
      vertex -23.4059 38.3807 0
    endloop
  endfacet
  facet normal 0.130565 0.99144 -0
    outer loop
      vertex -21.5941 38.3807 0
      vertex -22.5 38.5 2.4
      vertex -21.5941 38.3807 2.4
    endloop
  endfacet
  facet normal 0.130565 0.99144 0
    outer loop
      vertex -22.5 38.5 2.4
      vertex -21.5941 38.3807 0
      vertex -22.5 38.5 0
    endloop
  endfacet
  facet normal -0.608737 0.793372 0
    outer loop
      vertex -24.25 38.0311 0
      vertex -24.9749 37.4749 2.4
      vertex -24.25 38.0311 2.4
    endloop
  endfacet
  facet normal -0.608737 0.793372 0
    outer loop
      vertex -24.9749 37.4749 2.4
      vertex -24.25 38.0311 0
      vertex -24.9749 37.4749 0
    endloop
  endfacet
  facet normal 0.382648 0.923894 -0
    outer loop
      vertex -20.75 38.0311 0
      vertex -21.5941 38.3807 2.4
      vertex -20.75 38.0311 2.4
    endloop
  endfacet
  facet normal 0.382648 0.923894 0
    outer loop
      vertex -21.5941 38.3807 2.4
      vertex -20.75 38.0311 0
      vertex -21.5941 38.3807 0
    endloop
  endfacet
  facet normal 0.156359 -0.9877 0
    outer loop
      vertex -22.5 15.8 0
      vertex -22.1292 15.8587 2.4
      vertex -22.5 15.8 2.4
    endloop
  endfacet
  facet normal 0.156359 -0.9877 0
    outer loop
      vertex -22.1292 15.8587 2.4
      vertex -22.5 15.8 0
      vertex -22.1292 15.8587 0
    endloop
  endfacet
  facet normal 0.890938 -0.454125 0
    outer loop
      vertex -21.5292 16.2947 2.4
      vertex -21.3587 16.6292 0
      vertex -21.3587 16.6292 2.4
    endloop
  endfacet
  facet normal 0.890938 -0.454125 0
    outer loop
      vertex -21.3587 16.6292 0
      vertex -21.5292 16.2947 2.4
      vertex -21.5292 16.2947 0
    endloop
  endfacet
  facet normal -0.923894 0.382648 0
    outer loop
      vertex -25.8807 35.9059 0
      vertex -25.5311 36.75 2.4
      vertex -25.5311 36.75 0
    endloop
  endfacet
  facet normal -0.923894 0.382648 0
    outer loop
      vertex -25.5311 36.75 2.4
      vertex -25.8807 35.9059 0
      vertex -25.8807 35.9059 2.4
    endloop
  endfacet
  facet normal -0.156359 -0.9877 0
    outer loop
      vertex -22.8708 15.8587 0
      vertex -22.5 15.8 2.4
      vertex -22.8708 15.8587 2.4
    endloop
  endfacet
  facet normal -0.156359 -0.9877 -0
    outer loop
      vertex -22.5 15.8 2.4
      vertex -22.8708 15.8587 0
      vertex -22.5 15.8 0
    endloop
  endfacet
  facet normal 0.793372 0.608737 0
    outer loop
      vertex -19.4689 36.75 2.4
      vertex -20.0251 37.4749 0
      vertex -20.0251 37.4749 2.4
    endloop
  endfacet
  facet normal 0.793372 0.608737 0
    outer loop
      vertex -20.0251 37.4749 0
      vertex -19.4689 36.75 2.4
      vertex -19.4689 36.75 0
    endloop
  endfacet
  facet normal -0.707107 -0.707107 0
    outer loop
      vertex -23.4708 -33.7053 0
      vertex -23.2053 -33.9708 2.4
      vertex -23.4708 -33.7053 2.4
    endloop
  endfacet
  facet normal -0.707107 -0.707107 -0
    outer loop
      vertex -23.2053 -33.9708 2.4
      vertex -23.4708 -33.7053 0
      vertex -23.2053 -33.9708 0
    endloop
  endfacet
  facet normal 0 0 -1
    outer loop
      vertex -19 -15 0
      vertex -19.4689 -13.25 0
      vertex -19.1193 -14.0941 0
    endloop
  endfacet
  facet normal 0 0 -1
    outer loop
      vertex -19 -15 0
      vertex -20.0251 -12.5251 0
      vertex -19.4689 -13.25 0
    endloop
  endfacet
  facet normal 0 0 -1
    outer loop
      vertex -19 -15 0
      vertex -20.75 -11.9689 0
      vertex -20.0251 -12.5251 0
    endloop
  endfacet
  facet normal 0 0 -1
    outer loop
      vertex -26 -15 0
      vertex -19 -15 0
      vertex -21.3 -33 0
    endloop
  endfacet
  facet normal 0 0 -1
    outer loop
      vertex -23.7 -33 0
      vertex -21.3 -33 0
      vertex -21.3587 -33.3708 0
    endloop
  endfacet
  facet normal 0 0 -1
    outer loop
      vertex -23.7 -33 0
      vertex -21.3587 -33.3708 0
      vertex -21.5292 -33.7053 0
    endloop
  endfacet
  facet normal 0 0 -1
    outer loop
      vertex -19 -15 0
      vertex -26 -15 0
      vertex -20.75 -11.9689 0
    endloop
  endfacet
  facet normal 0 0 -1
    outer loop
      vertex -23.7 -33 0
      vertex -21.5292 -33.7053 0
      vertex -21.7947 -33.9708 0
    endloop
  endfacet
  facet normal 0 0 -1
    outer loop
      vertex -23.7 -33 0
      vertex -21.7947 -33.9708 0
      vertex -22.1292 -34.1413 0
    endloop
  endfacet
  facet normal 0 0 -1
    outer loop
      vertex -23.7 -33 0
      vertex -22.1292 -34.1413 0
      vertex -22.5 -34.2 0
    endloop
  endfacet
  facet normal 0 0 -1
    outer loop
      vertex -21.3 -33 0
      vertex -23.7 -33 0
      vertex -26 -15 0
    endloop
  endfacet
  facet normal 0 0 -1
    outer loop
      vertex -23.7 -33 0
      vertex -22.5 -34.2 0
      vertex -22.8708 -34.1413 0
    endloop
  endfacet
  facet normal 0 0 -1
    outer loop
      vertex -23.7 -33 0
      vertex -22.8708 -34.1413 0
      vertex -23.2053 -33.9708 0
    endloop
  endfacet
  facet normal -0 0 -1
    outer loop
      vertex -20.75 -11.9689 0
      vertex -26 -15 0
      vertex -21.5941 -11.6193 0
    endloop
  endfacet
  facet normal 0 0 -1
    outer loop
      vertex -23.7 -33 0
      vertex -23.2053 -33.9708 0
      vertex -23.4708 -33.7053 0
    endloop
  endfacet
  facet normal 0 0 -1
    outer loop
      vertex -23.7 -33 0
      vertex -23.4708 -33.7053 0
      vertex -23.6413 -33.3708 0
    endloop
  endfacet
  facet normal -0 0 -1
    outer loop
      vertex -21.5941 -11.6193 0
      vertex -26 -15 0
      vertex -22.5 -11.5 0
    endloop
  endfacet
  facet normal 0 0 -1
    outer loop
      vertex -22.5 -11.5 0
      vertex -26 -15 0
      vertex -23.4059 -11.6193 0
    endloop
  endfacet
  facet normal 0 0 -1
    outer loop
      vertex -23.4059 -11.6193 0
      vertex -26 -15 0
      vertex -24.25 -11.9689 0
    endloop
  endfacet
  facet normal 0 0 -1
    outer loop
      vertex -24.25 -11.9689 0
      vertex -26 -15 0
      vertex -24.9749 -12.5251 0
    endloop
  endfacet
  facet normal 0 0 -1
    outer loop
      vertex -24.9749 -12.5251 0
      vertex -26 -15 0
      vertex -25.5311 -13.25 0
    endloop
  endfacet
  facet normal 0 0 -1
    outer loop
      vertex -25.5311 -13.25 0
      vertex -26 -15 0
      vertex -25.8807 -14.0941 0
    endloop
  endfacet
  facet normal 0.9877 -0.156359 0
    outer loop
      vertex -21.3587 -33.3708 2.4
      vertex -21.3 -33 0
      vertex -21.3 -33 2.4
    endloop
  endfacet
  facet normal 0.9877 -0.156359 0
    outer loop
      vertex -21.3 -33 0
      vertex -21.3587 -33.3708 2.4
      vertex -21.3587 -33.3708 0
    endloop
  endfacet
  facet normal -0.991935 -0.126747 0
    outer loop
      vertex -23.7 -33 0
      vertex -26 -15 2.4
      vertex -26 -15 0
    endloop
  endfacet
  facet normal -0.991935 -0.126747 0
    outer loop
      vertex -26 -15 2.4
      vertex -23.7 -33 0
      vertex -23.7 -33 2.4
    endloop
  endfacet
  facet normal 0.707107 -0.707107 0
    outer loop
      vertex -21.7947 -33.9708 0
      vertex -21.5292 -33.7053 2.4
      vertex -21.7947 -33.9708 2.4
    endloop
  endfacet
  facet normal 0.707107 -0.707107 0
    outer loop
      vertex -21.5292 -33.7053 2.4
      vertex -21.7947 -33.9708 0
      vertex -21.5292 -33.7053 0
    endloop
  endfacet
  facet normal 0.923894 0.382648 0
    outer loop
      vertex -19.1193 -14.0941 2.4
      vertex -19.4689 -13.25 0
      vertex -19.4689 -13.25 2.4
    endloop
  endfacet
  facet normal 0.923894 0.382648 0
    outer loop
      vertex -19.4689 -13.25 0
      vertex -19.1193 -14.0941 2.4
      vertex -19.1193 -14.0941 0
    endloop
  endfacet
  facet normal -0.99144 0.130565 0
    outer loop
      vertex -26 -15 0
      vertex -25.8807 -14.0941 2.4
      vertex -25.8807 -14.0941 0
    endloop
  endfacet
  facet normal -0.99144 0.130565 0
    outer loop
      vertex -25.8807 -14.0941 2.4
      vertex -26 -15 0
      vertex -26 -15 2.4
    endloop
  endfacet
  facet normal 0.793372 0.608737 0
    outer loop
      vertex -19.4689 -13.25 2.4
      vertex -20.0251 -12.5251 0
      vertex -20.0251 -12.5251 2.4
    endloop
  endfacet
  facet normal 0.793372 0.608737 0
    outer loop
      vertex -20.0251 -12.5251 0
      vertex -19.4689 -13.25 2.4
      vertex -19.4689 -13.25 0
    endloop
  endfacet
  facet normal -0.608737 0.793372 0
    outer loop
      vertex -24.25 -11.9689 0
      vertex -24.9749 -12.5251 2.4
      vertex -24.25 -11.9689 2.4
    endloop
  endfacet
  facet normal -0.608737 0.793372 0
    outer loop
      vertex -24.9749 -12.5251 2.4
      vertex -24.25 -11.9689 0
      vertex -24.9749 -12.5251 0
    endloop
  endfacet
  facet normal 0.99144 0.130565 0
    outer loop
      vertex -19 -15 2.4
      vertex -19.1193 -14.0941 0
      vertex -19.1193 -14.0941 2.4
    endloop
  endfacet
  facet normal 0.99144 0.130565 0
    outer loop
      vertex -19.1193 -14.0941 0
      vertex -19 -15 2.4
      vertex -19 -15 0
    endloop
  endfacet
  facet normal 0.454125 -0.890938 0
    outer loop
      vertex -22.1292 -34.1413 0
      vertex -21.7947 -33.9708 2.4
      vertex -22.1292 -34.1413 2.4
    endloop
  endfacet
  facet normal 0.454125 -0.890938 0
    outer loop
      vertex -21.7947 -33.9708 2.4
      vertex -22.1292 -34.1413 0
      vertex -21.7947 -33.9708 0
    endloop
  endfacet
  facet normal -0.890938 -0.454125 0
    outer loop
      vertex -23.4708 -33.7053 0
      vertex -23.6413 -33.3708 2.4
      vertex -23.6413 -33.3708 0
    endloop
  endfacet
  facet normal -0.890938 -0.454125 0
    outer loop
      vertex -23.6413 -33.3708 2.4
      vertex -23.4708 -33.7053 0
      vertex -23.4708 -33.7053 2.4
    endloop
  endfacet
  facet normal 0.991935 -0.126747 0
    outer loop
      vertex -21.3 -33 2.4
      vertex -19 -15 0
      vertex -19 -15 2.4
    endloop
  endfacet
  facet normal 0.991935 -0.126747 0
    outer loop
      vertex -19 -15 0
      vertex -21.3 -33 2.4
      vertex -21.3 -33 0
    endloop
  endfacet
  facet normal -0.9877 -0.156359 0
    outer loop
      vertex -23.6413 -33.3708 0
      vertex -23.7 -33 2.4
      vertex -23.7 -33 0
    endloop
  endfacet
  facet normal -0.9877 -0.156359 0
    outer loop
      vertex -23.7 -33 2.4
      vertex -23.6413 -33.3708 0
      vertex -23.6413 -33.3708 2.4
    endloop
  endfacet
  facet normal -0.454125 -0.890938 0
    outer loop
      vertex -23.2053 -33.9708 0
      vertex -22.8708 -34.1413 2.4
      vertex -23.2053 -33.9708 2.4
    endloop
  endfacet
  facet normal -0.454125 -0.890938 -0
    outer loop
      vertex -22.8708 -34.1413 2.4
      vertex -23.2053 -33.9708 0
      vertex -22.8708 -34.1413 0
    endloop
  endfacet
  facet normal -0.382648 0.923894 0
    outer loop
      vertex -23.4059 -11.6193 0
      vertex -24.25 -11.9689 2.4
      vertex -23.4059 -11.6193 2.4
    endloop
  endfacet
  facet normal -0.382648 0.923894 0
    outer loop
      vertex -24.25 -11.9689 2.4
      vertex -23.4059 -11.6193 0
      vertex -24.25 -11.9689 0
    endloop
  endfacet
  facet normal 0.130565 0.99144 -0
    outer loop
      vertex -21.5941 -11.6193 0
      vertex -22.5 -11.5 2.4
      vertex -21.5941 -11.6193 2.4
    endloop
  endfacet
  facet normal 0.130565 0.99144 0
    outer loop
      vertex -22.5 -11.5 2.4
      vertex -21.5941 -11.6193 0
      vertex -22.5 -11.5 0
    endloop
  endfacet
  facet normal 0.156359 -0.9877 0
    outer loop
      vertex -22.5 -34.2 0
      vertex -22.1292 -34.1413 2.4
      vertex -22.5 -34.2 2.4
    endloop
  endfacet
  facet normal 0.156359 -0.9877 0
    outer loop
      vertex -22.1292 -34.1413 2.4
      vertex -22.5 -34.2 0
      vertex -22.1292 -34.1413 0
    endloop
  endfacet
  facet normal -0.130565 0.99144 0
    outer loop
      vertex -22.5 -11.5 0
      vertex -23.4059 -11.6193 2.4
      vertex -22.5 -11.5 2.4
    endloop
  endfacet
  facet normal -0.130565 0.99144 0
    outer loop
      vertex -23.4059 -11.6193 2.4
      vertex -22.5 -11.5 0
      vertex -23.4059 -11.6193 0
    endloop
  endfacet
  facet normal 0.890938 -0.454125 0
    outer loop
      vertex -21.5292 -33.7053 2.4
      vertex -21.3587 -33.3708 0
      vertex -21.3587 -33.3708 2.4
    endloop
  endfacet
  facet normal 0.890938 -0.454125 0
    outer loop
      vertex -21.3587 -33.3708 0
      vertex -21.5292 -33.7053 2.4
      vertex -21.5292 -33.7053 0
    endloop
  endfacet
  facet normal -0.923894 0.382648 0
    outer loop
      vertex -25.8807 -14.0941 0
      vertex -25.5311 -13.25 2.4
      vertex -25.5311 -13.25 0
    endloop
  endfacet
  facet normal -0.923894 0.382648 0
    outer loop
      vertex -25.5311 -13.25 2.4
      vertex -25.8807 -14.0941 0
      vertex -25.8807 -14.0941 2.4
    endloop
  endfacet
  facet normal 0.382648 0.923894 -0
    outer loop
      vertex -20.75 -11.9689 0
      vertex -21.5941 -11.6193 2.4
      vertex -20.75 -11.9689 2.4
    endloop
  endfacet
  facet normal 0.382648 0.923894 0
    outer loop
      vertex -21.5941 -11.6193 2.4
      vertex -20.75 -11.9689 0
      vertex -21.5941 -11.6193 0
    endloop
  endfacet
  facet normal -0.156359 -0.9877 0
    outer loop
      vertex -22.8708 -34.1413 0
      vertex -22.5 -34.2 2.4
      vertex -22.8708 -34.1413 2.4
    endloop
  endfacet
  facet normal -0.156359 -0.9877 -0
    outer loop
      vertex -22.5 -34.2 2.4
      vertex -22.8708 -34.1413 0
      vertex -22.5 -34.2 0
    endloop
  endfacet
  facet normal -0.793372 0.608737 0
    outer loop
      vertex -25.5311 -13.25 0
      vertex -24.9749 -12.5251 2.4
      vertex -24.9749 -12.5251 0
    endloop
  endfacet
  facet normal -0.793372 0.608737 0
    outer loop
      vertex -24.9749 -12.5251 2.4
      vertex -25.5311 -13.25 0
      vertex -25.5311 -13.25 2.4
    endloop
  endfacet
  facet normal 0 0 1
    outer loop
      vertex -19.4689 -13.25 2.4
      vertex -19 -15 2.4
      vertex -19.1193 -14.0941 2.4
    endloop
  endfacet
  facet normal 0 0 1
    outer loop
      vertex -20.0251 -12.5251 2.4
      vertex -19 -15 2.4
      vertex -19.4689 -13.25 2.4
    endloop
  endfacet
  facet normal 0 0 1
    outer loop
      vertex -20.75 -11.9689 2.4
      vertex -19 -15 2.4
      vertex -20.0251 -12.5251 2.4
    endloop
  endfacet
  facet normal 0 0 1
    outer loop
      vertex -26 -15 2.4
      vertex -19 -15 2.4
      vertex -20.75 -11.9689 2.4
    endloop
  endfacet
  facet normal 0 0 1
    outer loop
      vertex -19 -15 2.4
      vertex -26 -15 2.4
      vertex -21.3 -33 2.4
    endloop
  endfacet
  facet normal 0 -0 1
    outer loop
      vertex -23.7 -33 2.4
      vertex -21.3 -33 2.4
      vertex -26 -15 2.4
    endloop
  endfacet
  facet normal 0 0 1
    outer loop
      vertex -26 -15 2.4
      vertex -20.75 -11.9689 2.4
      vertex -21.5941 -11.6193 2.4
    endloop
  endfacet
  facet normal 0 0 1
    outer loop
      vertex -21.3 -33 2.4
      vertex -23.7 -33 2.4
      vertex -21.3587 -33.3708 2.4
    endloop
  endfacet
  facet normal 0 0 1
    outer loop
      vertex -21.3587 -33.3708 2.4
      vertex -23.7 -33 2.4
      vertex -21.5292 -33.7053 2.4
    endloop
  endfacet
  facet normal 0 0 1
    outer loop
      vertex -26 -15 2.4
      vertex -21.5941 -11.6193 2.4
      vertex -22.5 -11.5 2.4
    endloop
  endfacet
  facet normal 0 0 1
    outer loop
      vertex -21.5292 -33.7053 2.4
      vertex -23.7 -33 2.4
      vertex -21.7947 -33.9708 2.4
    endloop
  endfacet
  facet normal 0 0 1
    outer loop
      vertex -22.1292 -34.1413 2.4
      vertex -23.7 -33 2.4
      vertex -22.5 -34.2 2.4
    endloop
  endfacet
  facet normal 0 0 1
    outer loop
      vertex -22.5 -34.2 2.4
      vertex -23.7 -33 2.4
      vertex -22.8708 -34.1413 2.4
    endloop
  endfacet
  facet normal 0 0 1
    outer loop
      vertex -26 -15 2.4
      vertex -22.5 -11.5 2.4
      vertex -23.4059 -11.6193 2.4
    endloop
  endfacet
  facet normal 0 0 1
    outer loop
      vertex -22.8708 -34.1413 2.4
      vertex -23.7 -33 2.4
      vertex -23.2053 -33.9708 2.4
    endloop
  endfacet
  facet normal 0 0 1
    outer loop
      vertex -23.2053 -33.9708 2.4
      vertex -23.7 -33 2.4
      vertex -23.4708 -33.7053 2.4
    endloop
  endfacet
  facet normal 0 0 1
    outer loop
      vertex -23.4708 -33.7053 2.4
      vertex -23.7 -33 2.4
      vertex -23.6413 -33.3708 2.4
    endloop
  endfacet
  facet normal 0 0 1
    outer loop
      vertex -26 -15 2.4
      vertex -23.4059 -11.6193 2.4
      vertex -24.25 -11.9689 2.4
    endloop
  endfacet
  facet normal 0 0 1
    outer loop
      vertex -26 -15 2.4
      vertex -24.25 -11.9689 2.4
      vertex -24.9749 -12.5251 2.4
    endloop
  endfacet
  facet normal 0 0 1
    outer loop
      vertex -26 -15 2.4
      vertex -24.9749 -12.5251 2.4
      vertex -25.5311 -13.25 2.4
    endloop
  endfacet
  facet normal 0 0 1
    outer loop
      vertex -26 -15 2.4
      vertex -25.5311 -13.25 2.4
      vertex -25.8807 -14.0941 2.4
    endloop
  endfacet
  facet normal 0 0 1
    outer loop
      vertex -21.7947 -33.9708 2.4
      vertex -23.7 -33 2.4
      vertex -22.1292 -34.1413 2.4
    endloop
  endfacet
  facet normal 0.608737 0.793372 -0
    outer loop
      vertex -20.0251 -12.5251 0
      vertex -20.75 -11.9689 2.4
      vertex -20.0251 -12.5251 2.4
    endloop
  endfacet
  facet normal 0.608737 0.793372 0
    outer loop
      vertex -20.75 -11.9689 2.4
      vertex -20.0251 -12.5251 0
      vertex -20.75 -11.9689 0
    endloop
  endfacet
  facet normal -0.608737 0.793372 0
    outer loop
      vertex 10.75 38.0311 0
      vertex 10.0251 37.4749 2.4
      vertex 10.75 38.0311 2.4
    endloop
  endfacet
  facet normal -0.608737 0.793372 0
    outer loop
      vertex 10.0251 37.4749 2.4
      vertex 10.75 38.0311 0
      vertex 10.0251 37.4749 0
    endloop
  endfacet
  facet normal -0.707107 -0.707107 0
    outer loop
      vertex 11.7947 16.0292 0
      vertex 11.5292 16.2947 2.4
      vertex 11.5292 16.2947 0
    endloop
  endfacet
  facet normal -0.707107 -0.707107 0
    outer loop
      vertex 11.5292 16.2947 2.4
      vertex 11.7947 16.0292 0
      vertex 11.7947 16.0292 2.4
    endloop
  endfacet
  facet normal 0.608737 0.793372 -0
    outer loop
      vertex 14.9749 37.4749 0
      vertex 14.25 38.0311 2.4
      vertex 14.9749 37.4749 2.4
    endloop
  endfacet
  facet normal 0.608737 0.793372 0
    outer loop
      vertex 14.25 38.0311 2.4
      vertex 14.9749 37.4749 0
      vertex 14.25 38.0311 0
    endloop
  endfacet
  facet normal 0.9877 -0.156359 0
    outer loop
      vertex 13.6413 16.6292 2.4
      vertex 13.7 17 0
      vertex 13.7 17 2.4
    endloop
  endfacet
  facet normal 0.9877 -0.156359 0
    outer loop
      vertex 13.7 17 0
      vertex 13.6413 16.6292 2.4
      vertex 13.6413 16.6292 0
    endloop
  endfacet
  facet normal -0.991935 -0.126747 0
    outer loop
      vertex 11.3 17 0
      vertex 9 35 2.4
      vertex 9 35 0
    endloop
  endfacet
  facet normal -0.991935 -0.126747 0
    outer loop
      vertex 9 35 2.4
      vertex 11.3 17 0
      vertex 11.3 17 2.4
    endloop
  endfacet
  facet normal -0.923875 0.382695 0
    outer loop
      vertex 9.11926 35.9059 0
      vertex 9.46891 36.75 2.4
      vertex 9.46891 36.75 0
    endloop
  endfacet
  facet normal -0.923875 0.382695 0
    outer loop
      vertex 9.46891 36.75 2.4
      vertex 9.11926 35.9059 0
      vertex 9.11926 35.9059 2.4
    endloop
  endfacet
  facet normal 0.130565 0.99144 -0
    outer loop
      vertex 13.4059 38.3807 0
      vertex 12.5 38.5 2.4
      vertex 13.4059 38.3807 2.4
    endloop
  endfacet
  facet normal 0.130565 0.99144 0
    outer loop
      vertex 12.5 38.5 2.4
      vertex 13.4059 38.3807 0
      vertex 12.5 38.5 0
    endloop
  endfacet
  facet normal 0.707107 -0.707107 0
    outer loop
      vertex 13.2053 16.0292 2.4
      vertex 13.4708 16.2947 0
      vertex 13.4708 16.2947 2.4
    endloop
  endfacet
  facet normal 0.707107 -0.707107 0
    outer loop
      vertex 13.4708 16.2947 0
      vertex 13.2053 16.0292 2.4
      vertex 13.2053 16.0292 0
    endloop
  endfacet
  facet normal 0.923894 0.382648 0
    outer loop
      vertex 15.8807 35.9059 2.4
      vertex 15.5311 36.75 0
      vertex 15.5311 36.75 2.4
    endloop
  endfacet
  facet normal 0.923894 0.382648 0
    outer loop
      vertex 15.5311 36.75 0
      vertex 15.8807 35.9059 2.4
      vertex 15.8807 35.9059 0
    endloop
  endfacet
  facet normal -0.991445 0.130522 0
    outer loop
      vertex 9 35 0
      vertex 9.11926 35.9059 2.4
      vertex 9.11926 35.9059 0
    endloop
  endfacet
  facet normal -0.991445 0.130522 0
    outer loop
      vertex 9.11926 35.9059 2.4
      vertex 9 35 0
      vertex 9 35 2.4
    endloop
  endfacet
  facet normal 0.793372 0.608737 0
    outer loop
      vertex 15.5311 36.75 2.4
      vertex 14.9749 37.4749 0
      vertex 14.9749 37.4749 2.4
    endloop
  endfacet
  facet normal 0.793372 0.608737 0
    outer loop
      vertex 14.9749 37.4749 0
      vertex 15.5311 36.75 2.4
      vertex 15.5311 36.75 0
    endloop
  endfacet
  facet normal 0.99144 0.130565 0
    outer loop
      vertex 16 35 2.4
      vertex 15.8807 35.9059 0
      vertex 15.8807 35.9059 2.4
    endloop
  endfacet
  facet normal 0.99144 0.130565 0
    outer loop
      vertex 15.8807 35.9059 0
      vertex 16 35 2.4
      vertex 16 35 0
    endloop
  endfacet
  facet normal 0.454125 -0.890938 0
    outer loop
      vertex 12.8708 15.8587 0
      vertex 13.2053 16.0292 2.4
      vertex 12.8708 15.8587 2.4
    endloop
  endfacet
  facet normal 0.454125 -0.890938 0
    outer loop
      vertex 13.2053 16.0292 2.4
      vertex 12.8708 15.8587 0
      vertex 13.2053 16.0292 0
    endloop
  endfacet
  facet normal -0.890938 -0.454125 0
    outer loop
      vertex 11.5292 16.2947 0
      vertex 11.3587 16.6292 2.4
      vertex 11.3587 16.6292 0
    endloop
  endfacet
  facet normal -0.890938 -0.454125 0
    outer loop
      vertex 11.3587 16.6292 2.4
      vertex 11.5292 16.2947 0
      vertex 11.5292 16.2947 2.4
    endloop
  endfacet
  facet normal 0.991935 -0.126747 0
    outer loop
      vertex 13.7 17 2.4
      vertex 16 35 0
      vertex 16 35 2.4
    endloop
  endfacet
  facet normal 0.991935 -0.126747 0
    outer loop
      vertex 16 35 0
      vertex 13.7 17 2.4
      vertex 13.7 17 0
    endloop
  endfacet
  facet normal -0.9877 -0.156359 0
    outer loop
      vertex 11.3587 16.6292 0
      vertex 11.3 17 2.4
      vertex 11.3 17 0
    endloop
  endfacet
  facet normal -0.9877 -0.156359 0
    outer loop
      vertex 11.3 17 2.4
      vertex 11.3587 16.6292 0
      vertex 11.3587 16.6292 2.4
    endloop
  endfacet
  facet normal -0.454125 -0.890938 0
    outer loop
      vertex 11.7947 16.0292 0
      vertex 12.1292 15.8587 2.4
      vertex 11.7947 16.0292 2.4
    endloop
  endfacet
  facet normal -0.454125 -0.890938 -0
    outer loop
      vertex 12.1292 15.8587 2.4
      vertex 11.7947 16.0292 0
      vertex 12.1292 15.8587 0
    endloop
  endfacet
  facet normal -0.130565 0.99144 0
    outer loop
      vertex 12.5 38.5 0
      vertex 11.5941 38.3807 2.4
      vertex 12.5 38.5 2.4
    endloop
  endfacet
  facet normal -0.130565 0.99144 0
    outer loop
      vertex 11.5941 38.3807 2.4
      vertex 12.5 38.5 0
      vertex 11.5941 38.3807 0
    endloop
  endfacet
  facet normal 0 0 -1
    outer loop
      vertex 16 35 0
      vertex 15.5311 36.75 0
      vertex 15.8807 35.9059 0
    endloop
  endfacet
  facet normal 0 0 -1
    outer loop
      vertex 16 35 0
      vertex 14.9749 37.4749 0
      vertex 15.5311 36.75 0
    endloop
  endfacet
  facet normal 0 0 -1
    outer loop
      vertex 16 35 0
      vertex 14.25 38.0311 0
      vertex 14.9749 37.4749 0
    endloop
  endfacet
  facet normal 0 0 -1
    outer loop
      vertex 9 35 0
      vertex 16 35 0
      vertex 13.7 17 0
    endloop
  endfacet
  facet normal 0 0 -1
    outer loop
      vertex 11.3 17 0
      vertex 13.7 17 0
      vertex 13.6413 16.6292 0
    endloop
  endfacet
  facet normal 0 0 -1
    outer loop
      vertex 11.3 17 0
      vertex 13.6413 16.6292 0
      vertex 13.4708 16.2947 0
    endloop
  endfacet
  facet normal 0 0 -1
    outer loop
      vertex 16 35 0
      vertex 9 35 0
      vertex 14.25 38.0311 0
    endloop
  endfacet
  facet normal 0 0 -1
    outer loop
      vertex 11.3 17 0
      vertex 13.4708 16.2947 0
      vertex 13.2053 16.0292 0
    endloop
  endfacet
  facet normal 0 0 -1
    outer loop
      vertex 11.3 17 0
      vertex 13.2053 16.0292 0
      vertex 12.8708 15.8587 0
    endloop
  endfacet
  facet normal 0 0 -1
    outer loop
      vertex 11.3 17 0
      vertex 12.8708 15.8587 0
      vertex 12.5 15.8 0
    endloop
  endfacet
  facet normal 0 0 -1
    outer loop
      vertex 13.7 17 0
      vertex 11.3 17 0
      vertex 9 35 0
    endloop
  endfacet
  facet normal 0 0 -1
    outer loop
      vertex 11.3 17 0
      vertex 12.5 15.8 0
      vertex 12.1292 15.8587 0
    endloop
  endfacet
  facet normal 0 0 -1
    outer loop
      vertex 11.3 17 0
      vertex 12.1292 15.8587 0
      vertex 11.7947 16.0292 0
    endloop
  endfacet
  facet normal -0 0 -1
    outer loop
      vertex 14.25 38.0311 0
      vertex 9 35 0
      vertex 13.4059 38.3807 0
    endloop
  endfacet
  facet normal 0 0 -1
    outer loop
      vertex 11.3 17 0
      vertex 11.7947 16.0292 0
      vertex 11.5292 16.2947 0
    endloop
  endfacet
  facet normal 0 0 -1
    outer loop
      vertex 11.3 17 0
      vertex 11.5292 16.2947 0
      vertex 11.3587 16.6292 0
    endloop
  endfacet
  facet normal -0 0 -1
    outer loop
      vertex 13.4059 38.3807 0
      vertex 9 35 0
      vertex 12.5 38.5 0
    endloop
  endfacet
  facet normal 0 0 -1
    outer loop
      vertex 12.5 38.5 0
      vertex 9 35 0
      vertex 11.5941 38.3807 0
    endloop
  endfacet
  facet normal 0 0 -1
    outer loop
      vertex 11.5941 38.3807 0
      vertex 9 35 0
      vertex 10.75 38.0311 0
    endloop
  endfacet
  facet normal 0 0 -1
    outer loop
      vertex 10.75 38.0311 0
      vertex 9 35 0
      vertex 10.0251 37.4749 0
    endloop
  endfacet
  facet normal 0 0 -1
    outer loop
      vertex 10.0251 37.4749 0
      vertex 9 35 0
      vertex 9.46891 36.75 0
    endloop
  endfacet
  facet normal 0 0 -1
    outer loop
      vertex 9.46891 36.75 0
      vertex 9 35 0
      vertex 9.11926 35.9059 0
    endloop
  endfacet
  facet normal -0.382648 0.923894 0
    outer loop
      vertex 11.5941 38.3807 0
      vertex 10.75 38.0311 2.4
      vertex 11.5941 38.3807 2.4
    endloop
  endfacet
  facet normal -0.382648 0.923894 0
    outer loop
      vertex 10.75 38.0311 2.4
      vertex 11.5941 38.3807 0
      vertex 10.75 38.0311 0
    endloop
  endfacet
  facet normal 0.156359 -0.9877 0
    outer loop
      vertex 12.5 15.8 0
      vertex 12.8708 15.8587 2.4
      vertex 12.5 15.8 2.4
    endloop
  endfacet
  facet normal 0.156359 -0.9877 0
    outer loop
      vertex 12.8708 15.8587 2.4
      vertex 12.5 15.8 0
      vertex 12.8708 15.8587 0
    endloop
  endfacet
  facet normal 0.382648 0.923894 -0
    outer loop
      vertex 14.25 38.0311 0
      vertex 13.4059 38.3807 2.4
      vertex 14.25 38.0311 2.4
    endloop
  endfacet
  facet normal 0.382648 0.923894 0
    outer loop
      vertex 13.4059 38.3807 2.4
      vertex 14.25 38.0311 0
      vertex 13.4059 38.3807 0
    endloop
  endfacet
  facet normal 0.890938 -0.454125 0
    outer loop
      vertex 13.4708 16.2947 2.4
      vertex 13.6413 16.6292 0
      vertex 13.6413 16.6292 2.4
    endloop
  endfacet
  facet normal 0.890938 -0.454125 0
    outer loop
      vertex 13.6413 16.6292 0
      vertex 13.4708 16.2947 2.4
      vertex 13.4708 16.2947 0
    endloop
  endfacet
  facet normal -0.156359 -0.9877 0
    outer loop
      vertex 12.1292 15.8587 0
      vertex 12.5 15.8 2.4
      vertex 12.1292 15.8587 2.4
    endloop
  endfacet
  facet normal -0.156359 -0.9877 -0
    outer loop
      vertex 12.5 15.8 2.4
      vertex 12.1292 15.8587 0
      vertex 12.5 15.8 0
    endloop
  endfacet
  facet normal -0.793377 0.60873 0
    outer loop
      vertex 9.46891 36.75 0
      vertex 10.0251 37.4749 2.4
      vertex 10.0251 37.4749 0
    endloop
  endfacet
  facet normal -0.793377 0.60873 0
    outer loop
      vertex 10.0251 37.4749 2.4
      vertex 9.46891 36.75 0
      vertex 9.46891 36.75 2.4
    endloop
  endfacet
  facet normal 0 0 1
    outer loop
      vertex 15.5311 36.75 2.4
      vertex 16 35 2.4
      vertex 15.8807 35.9059 2.4
    endloop
  endfacet
  facet normal 0 0 1
    outer loop
      vertex 14.9749 37.4749 2.4
      vertex 16 35 2.4
      vertex 15.5311 36.75 2.4
    endloop
  endfacet
  facet normal 0 0 1
    outer loop
      vertex 14.25 38.0311 2.4
      vertex 16 35 2.4
      vertex 14.9749 37.4749 2.4
    endloop
  endfacet
  facet normal 0 0 1
    outer loop
      vertex 9 35 2.4
      vertex 16 35 2.4
      vertex 14.25 38.0311 2.4
    endloop
  endfacet
  facet normal 0 0 1
    outer loop
      vertex 16 35 2.4
      vertex 9 35 2.4
      vertex 13.7 17 2.4
    endloop
  endfacet
  facet normal 0 -0 1
    outer loop
      vertex 11.3 17 2.4
      vertex 13.7 17 2.4
      vertex 9 35 2.4
    endloop
  endfacet
  facet normal 0 0 1
    outer loop
      vertex 9 35 2.4
      vertex 14.25 38.0311 2.4
      vertex 13.4059 38.3807 2.4
    endloop
  endfacet
  facet normal 0 0 1
    outer loop
      vertex 13.7 17 2.4
      vertex 11.3 17 2.4
      vertex 13.6413 16.6292 2.4
    endloop
  endfacet
  facet normal 0 0 1
    outer loop
      vertex 13.6413 16.6292 2.4
      vertex 11.3 17 2.4
      vertex 13.4708 16.2947 2.4
    endloop
  endfacet
  facet normal 0 0 1
    outer loop
      vertex 9 35 2.4
      vertex 13.4059 38.3807 2.4
      vertex 12.5 38.5 2.4
    endloop
  endfacet
  facet normal 0 0 1
    outer loop
      vertex 13.4708 16.2947 2.4
      vertex 11.3 17 2.4
      vertex 13.2053 16.0292 2.4
    endloop
  endfacet
  facet normal 0 0 1
    outer loop
      vertex 12.8708 15.8587 2.4
      vertex 11.3 17 2.4
      vertex 12.5 15.8 2.4
    endloop
  endfacet
  facet normal 0 0 1
    outer loop
      vertex 12.5 15.8 2.4
      vertex 11.3 17 2.4
      vertex 12.1292 15.8587 2.4
    endloop
  endfacet
  facet normal 0 0 1
    outer loop
      vertex 9 35 2.4
      vertex 12.5 38.5 2.4
      vertex 11.5941 38.3807 2.4
    endloop
  endfacet
  facet normal 0 0 1
    outer loop
      vertex 12.1292 15.8587 2.4
      vertex 11.3 17 2.4
      vertex 11.7947 16.0292 2.4
    endloop
  endfacet
  facet normal 0 0 1
    outer loop
      vertex 11.7947 16.0292 2.4
      vertex 11.3 17 2.4
      vertex 11.5292 16.2947 2.4
    endloop
  endfacet
  facet normal 0 0 1
    outer loop
      vertex 11.5292 16.2947 2.4
      vertex 11.3 17 2.4
      vertex 11.3587 16.6292 2.4
    endloop
  endfacet
  facet normal 0 0 1
    outer loop
      vertex 9 35 2.4
      vertex 11.5941 38.3807 2.4
      vertex 10.75 38.0311 2.4
    endloop
  endfacet
  facet normal 0 0 1
    outer loop
      vertex 9 35 2.4
      vertex 10.75 38.0311 2.4
      vertex 10.0251 37.4749 2.4
    endloop
  endfacet
  facet normal 0 0 1
    outer loop
      vertex 9 35 2.4
      vertex 10.0251 37.4749 2.4
      vertex 9.46891 36.75 2.4
    endloop
  endfacet
  facet normal 0 0 1
    outer loop
      vertex 9 35 2.4
      vertex 9.46891 36.75 2.4
      vertex 9.11926 35.9059 2.4
    endloop
  endfacet
  facet normal 0 0 1
    outer loop
      vertex 13.2053 16.0292 2.4
      vertex 11.3 17 2.4
      vertex 12.8708 15.8587 2.4
    endloop
  endfacet
  facet normal -0.707107 -0.707107 0
    outer loop
      vertex 11.5292 -33.7053 0
      vertex 11.7947 -33.9708 2.4
      vertex 11.5292 -33.7053 2.4
    endloop
  endfacet
  facet normal -0.707107 -0.707107 -0
    outer loop
      vertex 11.7947 -33.9708 2.4
      vertex 11.5292 -33.7053 0
      vertex 11.7947 -33.9708 0
    endloop
  endfacet
  facet normal 0.608737 0.793372 -0
    outer loop
      vertex 14.9749 -12.5251 0
      vertex 14.25 -11.9689 2.4
      vertex 14.9749 -12.5251 2.4
    endloop
  endfacet
  facet normal 0.608737 0.793372 0
    outer loop
      vertex 14.25 -11.9689 2.4
      vertex 14.9749 -12.5251 0
      vertex 14.25 -11.9689 0
    endloop
  endfacet
  facet normal 0.9877 -0.156359 0
    outer loop
      vertex 13.6413 -33.3708 2.4
      vertex 13.7 -33 0
      vertex 13.7 -33 2.4
    endloop
  endfacet
  facet normal 0.9877 -0.156359 0
    outer loop
      vertex 13.7 -33 0
      vertex 13.6413 -33.3708 2.4
      vertex 13.6413 -33.3708 0
    endloop
  endfacet
  facet normal -0.991935 -0.126747 0
    outer loop
      vertex 11.3 -33 0
      vertex 9 -15 2.4
      vertex 9 -15 0
    endloop
  endfacet
  facet normal -0.991935 -0.126747 0
    outer loop
      vertex 9 -15 2.4
      vertex 11.3 -33 0
      vertex 11.3 -33 2.4
    endloop
  endfacet
  facet normal -0.923875 0.382695 0
    outer loop
      vertex 9.11926 -14.0941 0
      vertex 9.46891 -13.25 2.4
      vertex 9.46891 -13.25 0
    endloop
  endfacet
  facet normal -0.923875 0.382695 0
    outer loop
      vertex 9.46891 -13.25 2.4
      vertex 9.11926 -14.0941 0
      vertex 9.11926 -14.0941 2.4
    endloop
  endfacet
  facet normal 0.707107 -0.707107 0
    outer loop
      vertex 13.2053 -33.9708 0
      vertex 13.4708 -33.7053 2.4
      vertex 13.2053 -33.9708 2.4
    endloop
  endfacet
  facet normal 0.707107 -0.707107 0
    outer loop
      vertex 13.4708 -33.7053 2.4
      vertex 13.2053 -33.9708 0
      vertex 13.4708 -33.7053 0
    endloop
  endfacet
  facet normal 0.923894 0.382648 0
    outer loop
      vertex 15.8807 -14.0941 2.4
      vertex 15.5311 -13.25 0
      vertex 15.5311 -13.25 2.4
    endloop
  endfacet
  facet normal 0.923894 0.382648 0
    outer loop
      vertex 15.5311 -13.25 0
      vertex 15.8807 -14.0941 2.4
      vertex 15.8807 -14.0941 0
    endloop
  endfacet
  facet normal -0.991445 0.130522 0
    outer loop
      vertex 9 -15 0
      vertex 9.11926 -14.0941 2.4
      vertex 9.11926 -14.0941 0
    endloop
  endfacet
  facet normal -0.991445 0.130522 0
    outer loop
      vertex 9.11926 -14.0941 2.4
      vertex 9 -15 0
      vertex 9 -15 2.4
    endloop
  endfacet
  facet normal 0.793372 0.608737 0
    outer loop
      vertex 15.5311 -13.25 2.4
      vertex 14.9749 -12.5251 0
      vertex 14.9749 -12.5251 2.4
    endloop
  endfacet
  facet normal 0.793372 0.608737 0
    outer loop
      vertex 14.9749 -12.5251 0
      vertex 15.5311 -13.25 2.4
      vertex 15.5311 -13.25 0
    endloop
  endfacet
  facet normal -0.608737 0.793372 0
    outer loop
      vertex 10.75 -11.9689 0
      vertex 10.0251 -12.5251 2.4
      vertex 10.75 -11.9689 2.4
    endloop
  endfacet
  facet normal -0.608737 0.793372 0
    outer loop
      vertex 10.0251 -12.5251 2.4
      vertex 10.75 -11.9689 0
      vertex 10.0251 -12.5251 0
    endloop
  endfacet
  facet normal 0.99144 0.130565 0
    outer loop
      vertex 16 -15 2.4
      vertex 15.8807 -14.0941 0
      vertex 15.8807 -14.0941 2.4
    endloop
  endfacet
  facet normal 0.99144 0.130565 0
    outer loop
      vertex 15.8807 -14.0941 0
      vertex 16 -15 2.4
      vertex 16 -15 0
    endloop
  endfacet
  facet normal 0.454125 -0.890938 0
    outer loop
      vertex 12.8708 -34.1413 0
      vertex 13.2053 -33.9708 2.4
      vertex 12.8708 -34.1413 2.4
    endloop
  endfacet
  facet normal 0.454125 -0.890938 0
    outer loop
      vertex 13.2053 -33.9708 2.4
      vertex 12.8708 -34.1413 0
      vertex 13.2053 -33.9708 0
    endloop
  endfacet
  facet normal -0.130565 0.99144 0
    outer loop
      vertex 12.5 -11.5 0
      vertex 11.5941 -11.6193 2.4
      vertex 12.5 -11.5 2.4
    endloop
  endfacet
  facet normal -0.130565 0.99144 0
    outer loop
      vertex 11.5941 -11.6193 2.4
      vertex 12.5 -11.5 0
      vertex 11.5941 -11.6193 0
    endloop
  endfacet
  facet normal -0.890938 -0.454125 0
    outer loop
      vertex 11.5292 -33.7053 0
      vertex 11.3587 -33.3708 2.4
      vertex 11.3587 -33.3708 0
    endloop
  endfacet
  facet normal -0.890938 -0.454125 0
    outer loop
      vertex 11.3587 -33.3708 2.4
      vertex 11.5292 -33.7053 0
      vertex 11.5292 -33.7053 2.4
    endloop
  endfacet
  facet normal 0.991935 -0.126747 0
    outer loop
      vertex 13.7 -33 2.4
      vertex 16 -15 0
      vertex 16 -15 2.4
    endloop
  endfacet
  facet normal 0.991935 -0.126747 0
    outer loop
      vertex 16 -15 0
      vertex 13.7 -33 2.4
      vertex 13.7 -33 0
    endloop
  endfacet
  facet normal -0.9877 -0.156359 0
    outer loop
      vertex 11.3587 -33.3708 0
      vertex 11.3 -33 2.4
      vertex 11.3 -33 0
    endloop
  endfacet
  facet normal -0.9877 -0.156359 0
    outer loop
      vertex 11.3 -33 2.4
      vertex 11.3587 -33.3708 0
      vertex 11.3587 -33.3708 2.4
    endloop
  endfacet
  facet normal -0.454125 -0.890938 0
    outer loop
      vertex 11.7947 -33.9708 0
      vertex 12.1292 -34.1413 2.4
      vertex 11.7947 -33.9708 2.4
    endloop
  endfacet
  facet normal -0.454125 -0.890938 -0
    outer loop
      vertex 12.1292 -34.1413 2.4
      vertex 11.7947 -33.9708 0
      vertex 12.1292 -34.1413 0
    endloop
  endfacet
  facet normal -0.382648 0.923894 0
    outer loop
      vertex 11.5941 -11.6193 0
      vertex 10.75 -11.9689 2.4
      vertex 11.5941 -11.6193 2.4
    endloop
  endfacet
  facet normal -0.382648 0.923894 0
    outer loop
      vertex 10.75 -11.9689 2.4
      vertex 11.5941 -11.6193 0
      vertex 10.75 -11.9689 0
    endloop
  endfacet
  facet normal 0.156359 -0.9877 0
    outer loop
      vertex 12.5 -34.2 0
      vertex 12.8708 -34.1413 2.4
      vertex 12.5 -34.2 2.4
    endloop
  endfacet
  facet normal 0.156359 -0.9877 0
    outer loop
      vertex 12.8708 -34.1413 2.4
      vertex 12.5 -34.2 0
      vertex 12.8708 -34.1413 0
    endloop
  endfacet
  facet normal 0.130565 0.99144 -0
    outer loop
      vertex 13.4059 -11.6193 0
      vertex 12.5 -11.5 2.4
      vertex 13.4059 -11.6193 2.4
    endloop
  endfacet
  facet normal 0.130565 0.99144 0
    outer loop
      vertex 12.5 -11.5 2.4
      vertex 13.4059 -11.6193 0
      vertex 12.5 -11.5 0
    endloop
  endfacet
  facet normal 0.890938 -0.454125 0
    outer loop
      vertex 13.4708 -33.7053 2.4
      vertex 13.6413 -33.3708 0
      vertex 13.6413 -33.3708 2.4
    endloop
  endfacet
  facet normal 0.890938 -0.454125 0
    outer loop
      vertex 13.6413 -33.3708 0
      vertex 13.4708 -33.7053 2.4
      vertex 13.4708 -33.7053 0
    endloop
  endfacet
  facet normal 0.382648 0.923894 -0
    outer loop
      vertex 14.25 -11.9689 0
      vertex 13.4059 -11.6193 2.4
      vertex 14.25 -11.9689 2.4
    endloop
  endfacet
  facet normal 0.382648 0.923894 0
    outer loop
      vertex 13.4059 -11.6193 2.4
      vertex 14.25 -11.9689 0
      vertex 13.4059 -11.6193 0
    endloop
  endfacet
  facet normal -0.156359 -0.9877 0
    outer loop
      vertex 12.1292 -34.1413 0
      vertex 12.5 -34.2 2.4
      vertex 12.1292 -34.1413 2.4
    endloop
  endfacet
  facet normal -0.156359 -0.9877 -0
    outer loop
      vertex 12.5 -34.2 2.4
      vertex 12.1292 -34.1413 0
      vertex 12.5 -34.2 0
    endloop
  endfacet
  facet normal 0 0 -1
    outer loop
      vertex 16 -15 0
      vertex 15.5311 -13.25 0
      vertex 15.8807 -14.0941 0
    endloop
  endfacet
  facet normal 0 0 -1
    outer loop
      vertex 16 -15 0
      vertex 14.9749 -12.5251 0
      vertex 15.5311 -13.25 0
    endloop
  endfacet
  facet normal 0 0 -1
    outer loop
      vertex 16 -15 0
      vertex 14.25 -11.9689 0
      vertex 14.9749 -12.5251 0
    endloop
  endfacet
  facet normal 0 0 -1
    outer loop
      vertex 9 -15 0
      vertex 16 -15 0
      vertex 13.7 -33 0
    endloop
  endfacet
  facet normal 0 0 -1
    outer loop
      vertex 11.3 -33 0
      vertex 13.7 -33 0
      vertex 13.6413 -33.3708 0
    endloop
  endfacet
  facet normal 0 0 -1
    outer loop
      vertex 11.3 -33 0
      vertex 13.6413 -33.3708 0
      vertex 13.4708 -33.7053 0
    endloop
  endfacet
  facet normal 0 0 -1
    outer loop
      vertex 16 -15 0
      vertex 9 -15 0
      vertex 14.25 -11.9689 0
    endloop
  endfacet
  facet normal 0 0 -1
    outer loop
      vertex 11.3 -33 0
      vertex 13.4708 -33.7053 0
      vertex 13.2053 -33.9708 0
    endloop
  endfacet
  facet normal 0 0 -1
    outer loop
      vertex 11.3 -33 0
      vertex 13.2053 -33.9708 0
      vertex 12.8708 -34.1413 0
    endloop
  endfacet
  facet normal 0 0 -1
    outer loop
      vertex 11.3 -33 0
      vertex 12.8708 -34.1413 0
      vertex 12.5 -34.2 0
    endloop
  endfacet
  facet normal 0 0 -1
    outer loop
      vertex 13.7 -33 0
      vertex 11.3 -33 0
      vertex 9 -15 0
    endloop
  endfacet
  facet normal 0 0 -1
    outer loop
      vertex 11.3 -33 0
      vertex 12.5 -34.2 0
      vertex 12.1292 -34.1413 0
    endloop
  endfacet
  facet normal 0 0 -1
    outer loop
      vertex 11.3 -33 0
      vertex 12.1292 -34.1413 0
      vertex 11.7947 -33.9708 0
    endloop
  endfacet
  facet normal -0 0 -1
    outer loop
      vertex 14.25 -11.9689 0
      vertex 9 -15 0
      vertex 13.4059 -11.6193 0
    endloop
  endfacet
  facet normal 0 0 -1
    outer loop
      vertex 11.3 -33 0
      vertex 11.7947 -33.9708 0
      vertex 11.5292 -33.7053 0
    endloop
  endfacet
  facet normal 0 0 -1
    outer loop
      vertex 11.3 -33 0
      vertex 11.5292 -33.7053 0
      vertex 11.3587 -33.3708 0
    endloop
  endfacet
  facet normal -0 0 -1
    outer loop
      vertex 13.4059 -11.6193 0
      vertex 9 -15 0
      vertex 12.5 -11.5 0
    endloop
  endfacet
  facet normal 0 0 -1
    outer loop
      vertex 12.5 -11.5 0
      vertex 9 -15 0
      vertex 11.5941 -11.6193 0
    endloop
  endfacet
  facet normal 0 0 -1
    outer loop
      vertex 11.5941 -11.6193 0
      vertex 9 -15 0
      vertex 10.75 -11.9689 0
    endloop
  endfacet
  facet normal 0 0 -1
    outer loop
      vertex 10.75 -11.9689 0
      vertex 9 -15 0
      vertex 10.0251 -12.5251 0
    endloop
  endfacet
  facet normal 0 0 -1
    outer loop
      vertex 10.0251 -12.5251 0
      vertex 9 -15 0
      vertex 9.46891 -13.25 0
    endloop
  endfacet
  facet normal 0 0 -1
    outer loop
      vertex 9.46891 -13.25 0
      vertex 9 -15 0
      vertex 9.11926 -14.0941 0
    endloop
  endfacet
  facet normal -0.793377 0.60873 0
    outer loop
      vertex 9.46891 -13.25 0
      vertex 10.0251 -12.5251 2.4
      vertex 10.0251 -12.5251 0
    endloop
  endfacet
  facet normal -0.793377 0.60873 0
    outer loop
      vertex 10.0251 -12.5251 2.4
      vertex 9.46891 -13.25 0
      vertex 9.46891 -13.25 2.4
    endloop
  endfacet
  facet normal 0 0 1
    outer loop
      vertex 15.5311 -13.25 2.4
      vertex 16 -15 2.4
      vertex 15.8807 -14.0941 2.4
    endloop
  endfacet
  facet normal 0 0 1
    outer loop
      vertex 14.9749 -12.5251 2.4
      vertex 16 -15 2.4
      vertex 15.5311 -13.25 2.4
    endloop
  endfacet
  facet normal 0 0 1
    outer loop
      vertex 14.25 -11.9689 2.4
      vertex 16 -15 2.4
      vertex 14.9749 -12.5251 2.4
    endloop
  endfacet
  facet normal 0 0 1
    outer loop
      vertex 9 -15 2.4
      vertex 16 -15 2.4
      vertex 14.25 -11.9689 2.4
    endloop
  endfacet
  facet normal 0 0 1
    outer loop
      vertex 16 -15 2.4
      vertex 9 -15 2.4
      vertex 13.7 -33 2.4
    endloop
  endfacet
  facet normal 0 -0 1
    outer loop
      vertex 11.3 -33 2.4
      vertex 13.7 -33 2.4
      vertex 9 -15 2.4
    endloop
  endfacet
  facet normal 0 0 1
    outer loop
      vertex 9 -15 2.4
      vertex 14.25 -11.9689 2.4
      vertex 13.4059 -11.6193 2.4
    endloop
  endfacet
  facet normal 0 0 1
    outer loop
      vertex 13.7 -33 2.4
      vertex 11.3 -33 2.4
      vertex 13.6413 -33.3708 2.4
    endloop
  endfacet
  facet normal 0 0 1
    outer loop
      vertex 13.6413 -33.3708 2.4
      vertex 11.3 -33 2.4
      vertex 13.4708 -33.7053 2.4
    endloop
  endfacet
  facet normal 0 0 1
    outer loop
      vertex 9 -15 2.4
      vertex 13.4059 -11.6193 2.4
      vertex 12.5 -11.5 2.4
    endloop
  endfacet
  facet normal 0 0 1
    outer loop
      vertex 13.4708 -33.7053 2.4
      vertex 11.3 -33 2.4
      vertex 13.2053 -33.9708 2.4
    endloop
  endfacet
  facet normal 0 0 1
    outer loop
      vertex 12.8708 -34.1413 2.4
      vertex 11.3 -33 2.4
      vertex 12.5 -34.2 2.4
    endloop
  endfacet
  facet normal 0 0 1
    outer loop
      vertex 12.5 -34.2 2.4
      vertex 11.3 -33 2.4
      vertex 12.1292 -34.1413 2.4
    endloop
  endfacet
  facet normal 0 0 1
    outer loop
      vertex 9 -15 2.4
      vertex 12.5 -11.5 2.4
      vertex 11.5941 -11.6193 2.4
    endloop
  endfacet
  facet normal 0 0 1
    outer loop
      vertex 12.1292 -34.1413 2.4
      vertex 11.3 -33 2.4
      vertex 11.7947 -33.9708 2.4
    endloop
  endfacet
  facet normal 0 0 1
    outer loop
      vertex 11.7947 -33.9708 2.4
      vertex 11.3 -33 2.4
      vertex 11.5292 -33.7053 2.4
    endloop
  endfacet
  facet normal 0 0 1
    outer loop
      vertex 11.5292 -33.7053 2.4
      vertex 11.3 -33 2.4
      vertex 11.3587 -33.3708 2.4
    endloop
  endfacet
  facet normal 0 0 1
    outer loop
      vertex 9 -15 2.4
      vertex 11.5941 -11.6193 2.4
      vertex 10.75 -11.9689 2.4
    endloop
  endfacet
  facet normal 0 0 1
    outer loop
      vertex 9 -15 2.4
      vertex 10.75 -11.9689 2.4
      vertex 10.0251 -12.5251 2.4
    endloop
  endfacet
  facet normal 0 0 1
    outer loop
      vertex 9 -15 2.4
      vertex 10.0251 -12.5251 2.4
      vertex 9.46891 -13.25 2.4
    endloop
  endfacet
  facet normal 0 0 1
    outer loop
      vertex 9 -15 2.4
      vertex 9.46891 -13.25 2.4
      vertex 9.11926 -14.0941 2.4
    endloop
  endfacet
  facet normal 0 0 1
    outer loop
      vertex 13.2053 -33.9708 2.4
      vertex 11.3 -33 2.4
      vertex 12.8708 -34.1413 2.4
    endloop
  endfacet
  facet normal 0 0 -1
    outer loop
      vertex -70.0496 -36.0395 0
      vertex -67 63.1869 0
      vertex -69.9189 -36.697 0
    endloop
  endfacet
  facet normal 0 0 -1
    outer loop
      vertex -67 63.1869 0
      vertex -69.9189 71.4288 0
      vertex -69.875 72.0977 0
    endloop
  endfacet
  facet normal 0 0 -1
    outer loop
      vertex -70.2651 -35.4046 0
      vertex -67 63.1869 0
      vertex -70.0496 -36.0395 0
    endloop
  endfacet
  facet normal 0 0 -1
    outer loop
      vertex -67 63.1869 0
      vertex -70.0496 70.7713 0
      vertex -69.9189 71.4288 0
    endloop
  endfacet
  facet normal 0 0 -1
    outer loop
      vertex -70.5616 -34.8034 0
      vertex -67 63.1869 0
      vertex -70.2651 -35.4046 0
    endloop
  endfacet
  facet normal 0 0 -1
    outer loop
      vertex -67 63.1869 0
      vertex -70.2651 70.1365 0
      vertex -70.0496 70.7713 0
    endloop
  endfacet
  facet normal 0 0 -1
    outer loop
      vertex -70.9341 -34.246 0
      vertex -67 63.1869 0
      vertex -70.5616 -34.8034 0
    endloop
  endfacet
  facet normal 0 0 -1
    outer loop
      vertex -67 63.1869 0
      vertex -70.5616 69.5352 0
      vertex -70.2651 70.1365 0
    endloop
  endfacet
  facet normal 0 0 -1
    outer loop
      vertex -71.3761 -33.742 0
      vertex -67 63.1869 0
      vertex -70.9341 -34.246 0
    endloop
  endfacet
  facet normal 0 0 -1
    outer loop
      vertex -67 63.1869 0
      vertex -70.9341 68.9778 0
      vertex -70.5616 69.5352 0
    endloop
  endfacet
  facet normal 0 0 -1
    outer loop
      vertex -71.8801 -33.3 0
      vertex -67 63.1869 0
      vertex -71.3761 -33.742 0
    endloop
  endfacet
  facet normal 0 0 -1
    outer loop
      vertex -67 63.1869 0
      vertex -71.3761 68.4738 0
      vertex -70.9341 68.9778 0
    endloop
  endfacet
  facet normal 0 0 -1
    outer loop
      vertex -72.4375 -32.9275 0
      vertex -67 63.1869 0
      vertex -71.8801 -33.3 0
    endloop
  endfacet
  facet normal 0 0 -1
    outer loop
      vertex -67 63.1869 0
      vertex -71.8801 68.0318 0
      vertex -71.3761 68.4738 0
    endloop
  endfacet
  facet normal 0 0 -1
    outer loop
      vertex -73.0388 -32.631 0
      vertex -67 63.1869 0
      vertex -72.4375 -32.9275 0
    endloop
  endfacet
  facet normal 0 0 -1
    outer loop
      vertex -67 63.1869 0
      vertex -72.4375 67.6593 0
      vertex -71.8801 68.0318 0
    endloop
  endfacet
  facet normal 0 0 -1
    outer loop
      vertex -73.6736 -32.4155 0
      vertex -67 63.1869 0
      vertex -73.0388 -32.631 0
    endloop
  endfacet
  facet normal 0 0 -1
    outer loop
      vertex -67 63.1869 0
      vertex -73.0388 67.3628 0
      vertex -72.4375 67.6593 0
    endloop
  endfacet
  facet normal 0 0 -1
    outer loop
      vertex -74.3311 -32.2847 0
      vertex -67 63.1869 0
      vertex -73.6736 -32.4155 0
    endloop
  endfacet
  facet normal 0 0 -1
    outer loop
      vertex -67 63.1869 0
      vertex -73.6736 67.1474 0
      vertex -73.0388 67.3628 0
    endloop
  endfacet
  facet normal 0 0 -1
    outer loop
      vertex -75 -32.2409 0
      vertex -67 63.1869 0
      vertex -74.3311 -32.2847 0
    endloop
  endfacet
  facet normal 0 -0 -1
    outer loop
      vertex -75 66.9727 0
      vertex -67 63.1869 0
      vertex -83 63.1869 0
    endloop
  endfacet
  facet normal -0 0 -1
    outer loop
      vertex -67 63.1869 0
      vertex -75 -32.2409 0
      vertex -83 63.1869 0
    endloop
  endfacet
  facet normal 0 0 -1
    outer loop
      vertex -67 63.1869 0
      vertex -74.3311 67.0166 0
      vertex -73.6736 67.1474 0
    endloop
  endfacet
  facet normal 0 0 -1
    outer loop
      vertex -83 63.1869 0
      vertex -75 -32.2409 0
      vertex -75.6689 -32.2847 0
    endloop
  endfacet
  facet normal 0 0 -1
    outer loop
      vertex -67 63.1869 0
      vertex -75 66.9727 0
      vertex -74.3311 67.0166 0
    endloop
  endfacet
  facet normal 0 0 -1
    outer loop
      vertex -83 63.1869 0
      vertex -75.6689 -32.2847 0
      vertex -76.3264 -32.4155 0
    endloop
  endfacet
  facet normal -0 0 -1
    outer loop
      vertex -75 66.9727 0
      vertex -83 63.1869 0
      vertex -75.6689 67.0166 0
    endloop
  endfacet
  facet normal 0 0 -1
    outer loop
      vertex -83 63.1869 0
      vertex -76.3264 -32.4155 0
      vertex -76.9612 -32.631 0
    endloop
  endfacet
  facet normal -0 0 -1
    outer loop
      vertex -75.6689 67.0166 0
      vertex -83 63.1869 0
      vertex -76.3264 67.1474 0
    endloop
  endfacet
  facet normal 0 0 -1
    outer loop
      vertex -83 63.1869 0
      vertex -76.9612 -32.631 0
      vertex -77.5625 -32.9275 0
    endloop
  endfacet
  facet normal -0 0 -1
    outer loop
      vertex -76.3264 67.1474 0
      vertex -83 63.1869 0
      vertex -76.9612 67.3628 0
    endloop
  endfacet
  facet normal 0 0 -1
    outer loop
      vertex -83 63.1869 0
      vertex -77.5625 -32.9275 0
      vertex -78.1199 -33.3 0
    endloop
  endfacet
  facet normal -0 0 -1
    outer loop
      vertex -76.9612 67.3628 0
      vertex -83 63.1869 0
      vertex -77.5625 67.6593 0
    endloop
  endfacet
  facet normal 0 0 -1
    outer loop
      vertex -83 63.1869 0
      vertex -78.1199 -33.3 0
      vertex -78.6239 -33.742 0
    endloop
  endfacet
  facet normal -0 0 -1
    outer loop
      vertex -77.5625 67.6593 0
      vertex -83 63.1869 0
      vertex -78.1199 68.0318 0
    endloop
  endfacet
  facet normal 0 0 -1
    outer loop
      vertex -83 63.1869 0
      vertex -78.6239 -33.742 0
      vertex -79.0659 -34.246 0
    endloop
  endfacet
  facet normal -0 0 -1
    outer loop
      vertex -78.1199 68.0318 0
      vertex -83 63.1869 0
      vertex -78.6239 68.4738 0
    endloop
  endfacet
  facet normal 0 0 -1
    outer loop
      vertex -83 63.1869 0
      vertex -79.0659 -34.246 0
      vertex -79.4384 -34.8034 0
    endloop
  endfacet
  facet normal 0 0 -1
    outer loop
      vertex -83.4853 63.6124 0
      vertex -78.6239 68.4738 0
      vertex -83 63.1869 0
    endloop
  endfacet
  facet normal 0 0 -1
    outer loop
      vertex -83 63.1869 0
      vertex -79.4384 -34.8034 0
      vertex -79.7349 -35.4046 0
    endloop
  endfacet
  facet normal -0 0 -1
    outer loop
      vertex -78.6239 68.4738 0
      vertex -83.4853 63.6124 0
      vertex -79.0659 68.9778 0
    endloop
  endfacet
  facet normal 0 0 -1
    outer loop
      vertex -83 63.1869 0
      vertex -79.7349 -35.4046 0
      vertex -79.9504 -36.0395 0
    endloop
  endfacet
  facet normal 0 0 -1
    outer loop
      vertex -84.5202 64.7926 0
      vertex -79.0659 68.9778 0
      vertex -83.4853 63.6124 0
    endloop
  endfacet
  facet normal 0 0 -1
    outer loop
      vertex -83 63.1869 0
      vertex -79.9504 -36.0395 0
      vertex -80.0811 -36.697 0
    endloop
  endfacet
  facet normal -0 0 -1
    outer loop
      vertex -79.0659 68.9778 0
      vertex -84.5202 64.7926 0
      vertex -79.4384 69.5352 0
    endloop
  endfacet
  facet normal 0 0 -1
    outer loop
      vertex -83 63.1869 0
      vertex -80.0811 -36.697 0
      vertex -80.125 -37.3659 0
    endloop
  endfacet
  facet normal 0 0 -1
    outer loop
      vertex -85.3923 66.0977 0
      vertex -79.4384 69.5352 0
      vertex -84.5202 64.7926 0
    endloop
  endfacet
  facet normal 0 0 -1
    outer loop
      vertex -67 -77.4838 0
      vertex -57.1152 -83.5876 0
      vertex -56.9118 -84.0443 0
    endloop
  endfacet
  facet normal 0 0 -1
    outer loop
      vertex -57.1152 -83.5876 0
      vertex -67 -77.4838 0
      vertex -59.728 -77.7217 0
    endloop
  endfacet
  facet normal 0 -0 -1
    outer loop
      vertex -63.6476 -76.0981 0
      vertex -59.728 -77.7217 0
      vertex -67 -77.4838 0
    endloop
  endfacet
  facet normal 0 0 -1
    outer loop
      vertex -59.728 -77.7217 0
      vertex -63.6476 -76.0981 0
      vertex -59.9015 -77.3697 0
    endloop
  endfacet
  facet normal 0 0 -1
    outer loop
      vertex -59.9015 -77.3697 0
      vertex -63.6476 -76.0981 0
      vertex -60.1195 -77.0434 0
    endloop
  endfacet
  facet normal 0 0 -1
    outer loop
      vertex -60.3783 -76.7484 0
      vertex -63.6476 -76.0981 0
      vertex -60.6733 -76.4897 0
    endloop
  endfacet
  facet normal 0 0 -1
    outer loop
      vertex -60.6733 -76.4897 0
      vertex -63.6476 -76.0981 0
      vertex -60.9996 -76.2717 0
    endloop
  endfacet
  facet normal 0 0 -1
    outer loop
      vertex -60.9996 -76.2717 0
      vertex -63.6476 -76.0981 0
      vertex -61.3515 -76.0981 0
    endloop
  endfacet
  facet normal 0 0 -1
    outer loop
      vertex -61.3515 -76.0981 0
      vertex -63.6476 -76.0981 0
      vertex -61.7231 -75.9719 0
    endloop
  endfacet
  facet normal -0 0 -1
    outer loop
      vertex -61.7231 -75.9719 0
      vertex -63.6476 -76.0981 0
      vertex -62.108 -75.8954 0
    endloop
  endfacet
  facet normal -0 0 -1
    outer loop
      vertex -62.108 -75.8954 0
      vertex -63.6476 -76.0981 0
      vertex -62.4996 -75.8697 0
    endloop
  endfacet
  facet normal 0 0 -1
    outer loop
      vertex -62.4996 -75.8697 0
      vertex -63.6476 -76.0981 0
      vertex -62.8912 -75.8954 0
    endloop
  endfacet
  facet normal 0 0 -1
    outer loop
      vertex -62.8912 -75.8954 0
      vertex -63.6476 -76.0981 0
      vertex -63.2761 -75.9719 0
    endloop
  endfacet
  facet normal 0 0 -1
    outer loop
      vertex -60.1195 -77.0434 0
      vertex -63.6476 -76.0981 0
      vertex -60.3783 -76.7484 0
    endloop
  endfacet
  facet normal 0 0 -1
    outer loop
      vertex -69.875 -37.3659 0
      vertex -67 63.1869 0
      vertex -67 -77.4838 0
    endloop
  endfacet
  facet normal 0 0 -1
    outer loop
      vertex -69.9189 -36.697 0
      vertex -67 63.1869 0
      vertex -69.875 -37.3659 0
    endloop
  endfacet
  facet normal 0 0 -1
    outer loop
      vertex -67 63.1869 0
      vertex -69.875 72.0977 0
      vertex -67.6949 81.618 0
    endloop
  endfacet
  facet normal 0 0 -1
    outer loop
      vertex -67 -77.4838 0
      vertex -69.9189 -38.0348 0
      vertex -69.875 -37.3659 0
    endloop
  endfacet
  facet normal 0 0 -1
    outer loop
      vertex -67 -77.4838 0
      vertex -70.0496 -38.6923 0
      vertex -69.9189 -38.0348 0
    endloop
  endfacet
  facet normal 0 0 -1
    outer loop
      vertex -67 -77.4838 0
      vertex -70.2651 -39.3271 0
      vertex -70.0496 -38.6923 0
    endloop
  endfacet
  facet normal 0 0 -1
    outer loop
      vertex -67 -77.4838 0
      vertex -70.5616 -39.9284 0
      vertex -70.2651 -39.3271 0
    endloop
  endfacet
  facet normal 0 0 -1
    outer loop
      vertex -67 -77.4838 0
      vertex -70.9341 -40.4858 0
      vertex -70.5616 -39.9284 0
    endloop
  endfacet
  facet normal 0 0 -1
    outer loop
      vertex -67 -77.4838 0
      vertex -71.3761 -40.9898 0
      vertex -70.9341 -40.4858 0
    endloop
  endfacet
  facet normal 0 0 -1
    outer loop
      vertex -67 -77.4838 0
      vertex -71.8801 -41.4318 0
      vertex -71.3761 -40.9898 0
    endloop
  endfacet
  facet normal 0 0 -1
    outer loop
      vertex -67 -77.4838 0
      vertex -72.4375 -41.8043 0
      vertex -71.8801 -41.4318 0
    endloop
  endfacet
  facet normal 0 0 -1
    outer loop
      vertex -67 -77.4838 0
      vertex -73.0388 -42.1008 0
      vertex -72.4375 -41.8043 0
    endloop
  endfacet
  facet normal 0 0 -1
    outer loop
      vertex -67 -77.4838 0
      vertex -73.6736 -42.3163 0
      vertex -73.0388 -42.1008 0
    endloop
  endfacet
  facet normal 0 0 -1
    outer loop
      vertex -67 -77.4838 0
      vertex -74.3311 -42.447 0
      vertex -73.6736 -42.3163 0
    endloop
  endfacet
  facet normal 0 0 -1
    outer loop
      vertex -67 -77.4838 0
      vertex -75 -42.4909 0
      vertex -74.3311 -42.447 0
    endloop
  endfacet
  facet normal 0 0 -1
    outer loop
      vertex -67 -77.4838 0
      vertex -75.6689 -42.447 0
      vertex -75 -42.4909 0
    endloop
  endfacet
  facet normal 0 0 -1
    outer loop
      vertex -67 -77.4838 0
      vertex -76.3264 -42.3163 0
      vertex -75.6689 -42.447 0
    endloop
  endfacet
  facet normal 0 0 -1
    outer loop
      vertex -83 -84.0977 0
      vertex -76.3264 -42.3163 0
      vertex -67 -77.4838 0
    endloop
  endfacet
  facet normal -0 0 -1
    outer loop
      vertex -76.3264 -42.3163 0
      vertex -83 -84.0977 0
      vertex -76.9612 -42.1008 0
    endloop
  endfacet
  facet normal -0 0 -1
    outer loop
      vertex -76.9612 -42.1008 0
      vertex -83 -84.0977 0
      vertex -77.5625 -41.8043 0
    endloop
  endfacet
  facet normal -0 0 -1
    outer loop
      vertex -77.5625 -41.8043 0
      vertex -83 -84.0977 0
      vertex -78.1199 -41.4318 0
    endloop
  endfacet
  facet normal -0 0 -1
    outer loop
      vertex -78.1199 -41.4318 0
      vertex -83 -84.0977 0
      vertex -78.6239 -40.9898 0
    endloop
  endfacet
  facet normal -0 0 -1
    outer loop
      vertex -78.6239 -40.9898 0
      vertex -83 -84.0977 0
      vertex -79.0659 -40.4858 0
    endloop
  endfacet
  facet normal -0 0 -1
    outer loop
      vertex -79.0659 -40.4858 0
      vertex -83 -84.0977 0
      vertex -79.4384 -39.9284 0
    endloop
  endfacet
  facet normal -0 0 -1
    outer loop
      vertex -79.4384 -39.9284 0
      vertex -83 -84.0977 0
      vertex -79.7349 -39.3271 0
    endloop
  endfacet
  facet normal -0 0 -1
    outer loop
      vertex -79.4384 69.5352 0
      vertex -85.3923 66.0977 0
      vertex -79.7349 70.1365 0
    endloop
  endfacet
  facet normal 0 0 -1
    outer loop
      vertex -86.0865 67.5055 0
      vertex -79.7349 70.1365 0
      vertex -85.3923 66.0977 0
    endloop
  endfacet
  facet normal 0 0 -1
    outer loop
      vertex -83 63.1869 0
      vertex -80.125 -37.3659 0
      vertex -83 -84.0977 0
    endloop
  endfacet
  facet normal -0 0 -1
    outer loop
      vertex -80.0811 -38.0348 0
      vertex -83 -84.0977 0
      vertex -80.125 -37.3659 0
    endloop
  endfacet
  facet normal -0 0 -1
    outer loop
      vertex -79.9504 -38.6923 0
      vertex -83 -84.0977 0
      vertex -80.0811 -38.0348 0
    endloop
  endfacet
  facet normal -0 0 -1
    outer loop
      vertex -79.7349 -39.3271 0
      vertex -83 -84.0977 0
      vertex -79.9504 -38.6923 0
    endloop
  endfacet
  facet normal -0 0 -1
    outer loop
      vertex -56.9118 -84.0443 0
      vertex -83 -84.0977 0
      vertex -67 -77.4838 0
    endloop
  endfacet
  facet normal 0 0 -1
    outer loop
      vertex -89.7994 -98.6868 0
      vertex -83 -84.0977 0
      vertex -56.9118 -84.0443 0
    endloop
  endfacet
  facet normal 0 0 -1
    outer loop
      vertex -90.0028 -98.2301 0
      vertex -83 -84.0977 0
      vertex -89.7994 -98.6868 0
    endloop
  endfacet
  facet normal 0 0 -1
    outer loop
      vertex -90.0028 -98.2301 0
      vertex -91.4059 -88.4737 0
      vertex -83 -84.0977 0
    endloop
  endfacet
  facet normal 0 0 -1
    outer loop
      vertex -92.6776 -92.2199 0
      vertex -91.4059 -88.4737 0
      vertex -90.0028 -98.2301 0
    endloop
  endfacet
  facet normal 0 0 -1
    outer loop
      vertex -91.4059 -88.4737 0
      vertex -92.6776 -92.2199 0
      vertex -91.7322 -88.6918 0
    endloop
  endfacet
  facet normal 0 0 -1
    outer loop
      vertex -91.7322 -88.6918 0
      vertex -92.6776 -92.2199 0
      vertex -92.0273 -88.9505 0
    endloop
  endfacet
  facet normal 0 0 -1
    outer loop
      vertex -92.0273 -88.9505 0
      vertex -92.6776 -92.2199 0
      vertex -92.286 -89.2455 0
    endloop
  endfacet
  facet normal 0 0 -1
    outer loop
      vertex -92.286 -89.2455 0
      vertex -92.6776 -92.2199 0
      vertex -92.504 -89.5718 0
    endloop
  endfacet
  facet normal 0 0 -1
    outer loop
      vertex -92.6776 -92.2199 0
      vertex -92.6776 -89.9238 0
      vertex -92.504 -89.5718 0
    endloop
  endfacet
  facet normal 0 0 -1
    outer loop
      vertex -92.8037 -91.8483 0
      vertex -92.6776 -89.9238 0
      vertex -92.6776 -92.2199 0
    endloop
  endfacet
  facet normal 0 0 -1
    outer loop
      vertex -92.8037 -91.8483 0
      vertex -92.8037 -90.2954 0
      vertex -92.6776 -89.9238 0
    endloop
  endfacet
  facet normal 0 0 -1
    outer loop
      vertex -92.8803 -91.4634 0
      vertex -92.8037 -90.2954 0
      vertex -92.8037 -91.8483 0
    endloop
  endfacet
  facet normal 0 0 -1
    outer loop
      vertex -92.8803 -91.4634 0
      vertex -92.8803 -90.6802 0
      vertex -92.8037 -90.2954 0
    endloop
  endfacet
  facet normal 0 -0 -1
    outer loop
      vertex -92.8803 -90.6802 0
      vertex -92.8803 -91.4634 0
      vertex -92.9059 -91.0718 0
    endloop
  endfacet
  facet normal 0 0 -1
    outer loop
      vertex -63.1027 70.5314 0
      vertex -63.1027 73.664 0
      vertex -63 72.0977 0
    endloop
  endfacet
  facet normal 0 0 -1
    outer loop
      vertex -63.4089 68.9919 0
      vertex -63.1027 73.664 0
      vertex -63.1027 70.5314 0
    endloop
  endfacet
  facet normal 0 0 -1
    outer loop
      vertex -63.4089 68.9919 0
      vertex -63.4089 75.2035 0
      vertex -63.1027 73.664 0
    endloop
  endfacet
  facet normal 0 0 -1
    outer loop
      vertex -63.9135 67.5055 0
      vertex -63.4089 75.2035 0
      vertex -63.4089 68.9919 0
    endloop
  endfacet
  facet normal 0 0 -1
    outer loop
      vertex -63.9135 67.5055 0
      vertex -63.9135 76.6899 0
      vertex -63.4089 75.2035 0
    endloop
  endfacet
  facet normal 0 0 -1
    outer loop
      vertex -64.6077 66.0977 0
      vertex -63.9135 76.6899 0
      vertex -63.9135 67.5055 0
    endloop
  endfacet
  facet normal 0 0 -1
    outer loop
      vertex -64.6077 66.0977 0
      vertex -64.6077 78.0977 0
      vertex -63.9135 76.6899 0
    endloop
  endfacet
  facet normal 0 0 -1
    outer loop
      vertex -65.4798 64.7926 0
      vertex -64.6077 78.0977 0
      vertex -64.6077 66.0977 0
    endloop
  endfacet
  facet normal 0 0 -1
    outer loop
      vertex -67 63.1869 0
      vertex -64.6077 78.0977 0
      vertex -65.4798 64.7926 0
    endloop
  endfacet
  facet normal 0 0 -1
    outer loop
      vertex -67 63.1869 0
      vertex -65.4798 64.7926 0
      vertex -66.5147 63.6124 0
    endloop
  endfacet
  facet normal -0 0 -1
    outer loop
      vertex -64.6077 78.0977 0
      vertex -67 63.1869 0
      vertex -65.4798 79.4028 0
    endloop
  endfacet
  facet normal -0 0 -1
    outer loop
      vertex -65.4798 79.4028 0
      vertex -67 63.1869 0
      vertex -66.5147 80.583 0
    endloop
  endfacet
  facet normal -0 0 -1
    outer loop
      vertex -66.5147 80.583 0
      vertex -67 63.1869 0
      vertex -67.6949 81.618 0
    endloop
  endfacet
  facet normal 0 0 -1
    outer loop
      vertex -69.9189 72.7667 0
      vertex -67.6949 81.618 0
      vertex -69.875 72.0977 0
    endloop
  endfacet
  facet normal 0 0 -1
    outer loop
      vertex -70.0496 73.4242 0
      vertex -67.6949 81.618 0
      vertex -69.9189 72.7667 0
    endloop
  endfacet
  facet normal 0 0 -1
    outer loop
      vertex -70.2651 74.059 0
      vertex -67.6949 81.618 0
      vertex -70.0496 73.4242 0
    endloop
  endfacet
  facet normal 0 0 -1
    outer loop
      vertex -70.5616 74.6602 0
      vertex -67.6949 81.618 0
      vertex -70.2651 74.059 0
    endloop
  endfacet
  facet normal 0 0 -1
    outer loop
      vertex -70.9341 75.2176 0
      vertex -67.6949 81.618 0
      vertex -70.5616 74.6602 0
    endloop
  endfacet
  facet normal 0 0 -1
    outer loop
      vertex -71.3761 75.7216 0
      vertex -67.6949 81.618 0
      vertex -70.9341 75.2176 0
    endloop
  endfacet
  facet normal 0 0 -1
    outer loop
      vertex -71.8801 76.1637 0
      vertex -67.6949 81.618 0
      vertex -71.3761 75.7216 0
    endloop
  endfacet
  facet normal -0 0 -1
    outer loop
      vertex -67.6949 81.618 0
      vertex -71.8801 76.1637 0
      vertex -69 82.49 0
    endloop
  endfacet
  facet normal 0 0 -1
    outer loop
      vertex -72.4375 76.5361 0
      vertex -69 82.49 0
      vertex -71.8801 76.1637 0
    endloop
  endfacet
  facet normal -0 0 -1
    outer loop
      vertex -69 82.49 0
      vertex -72.4375 76.5361 0
      vertex -70.4078 83.1843 0
    endloop
  endfacet
  facet normal 0 0 -1
    outer loop
      vertex -73.0388 76.8326 0
      vertex -70.4078 83.1843 0
      vertex -72.4375 76.5361 0
    endloop
  endfacet
  facet normal -0 0 -1
    outer loop
      vertex -70.4078 83.1843 0
      vertex -73.0388 76.8326 0
      vertex -71.8942 83.6888 0
    endloop
  endfacet
  facet normal 0 0 -1
    outer loop
      vertex -73.6736 77.0481 0
      vertex -71.8942 83.6888 0
      vertex -73.0388 76.8326 0
    endloop
  endfacet
  facet normal -0 0 -1
    outer loop
      vertex -71.8942 83.6888 0
      vertex -73.6736 77.0481 0
      vertex -73.4337 83.995 0
    endloop
  endfacet
  facet normal 0 0 -1
    outer loop
      vertex -74.3311 77.1789 0
      vertex -73.4337 83.995 0
      vertex -73.6736 77.0481 0
    endloop
  endfacet
  facet normal 0 0 -1
    outer loop
      vertex -75 77.2227 0
      vertex -73.4337 83.995 0
      vertex -74.3311 77.1789 0
    endloop
  endfacet
  facet normal 0 0 -1
    outer loop
      vertex -75 77.2227 0
      vertex -75 84.0977 0
      vertex -73.4337 83.995 0
    endloop
  endfacet
  facet normal 0 0 -1
    outer loop
      vertex -75.6689 77.1789 0
      vertex -75 84.0977 0
      vertex -75 77.2227 0
    endloop
  endfacet
  facet normal 0 0 -1
    outer loop
      vertex -76.5663 83.995 0
      vertex -75.6689 77.1789 0
      vertex -76.3264 77.0481 0
    endloop
  endfacet
  facet normal 0 0 -1
    outer loop
      vertex -75.6689 77.1789 0
      vertex -76.5663 83.995 0
      vertex -75 84.0977 0
    endloop
  endfacet
  facet normal 0 0 -1
    outer loop
      vertex -78.1058 83.6888 0
      vertex -76.3264 77.0481 0
      vertex -76.9612 76.8326 0
    endloop
  endfacet
  facet normal 0 0 -1
    outer loop
      vertex -79.5922 83.1843 0
      vertex -76.9612 76.8326 0
      vertex -77.5625 76.5361 0
    endloop
  endfacet
  facet normal 0 0 -1
    outer loop
      vertex -76.3264 77.0481 0
      vertex -78.1058 83.6888 0
      vertex -76.5663 83.995 0
    endloop
  endfacet
  facet normal 0 0 -1
    outer loop
      vertex -81 82.49 0
      vertex -77.5625 76.5361 0
      vertex -78.1199 76.1637 0
    endloop
  endfacet
  facet normal 0 0 -1
    outer loop
      vertex -81 82.49 0
      vertex -78.1199 76.1637 0
      vertex -78.6239 75.7216 0
    endloop
  endfacet
  facet normal 0 0 -1
    outer loop
      vertex -81 82.49 0
      vertex -78.6239 75.7216 0
      vertex -79.0659 75.2176 0
    endloop
  endfacet
  facet normal 0 0 -1
    outer loop
      vertex -81 82.49 0
      vertex -79.0659 75.2176 0
      vertex -79.4384 74.6602 0
    endloop
  endfacet
  facet normal 0 0 -1
    outer loop
      vertex -76.9612 76.8326 0
      vertex -79.5922 83.1843 0
      vertex -78.1058 83.6888 0
    endloop
  endfacet
  facet normal 0 0 -1
    outer loop
      vertex -81 82.49 0
      vertex -79.4384 74.6602 0
      vertex -79.7349 74.059 0
    endloop
  endfacet
  facet normal 0 0 -1
    outer loop
      vertex -81 82.49 0
      vertex -79.7349 74.059 0
      vertex -79.9504 73.4242 0
    endloop
  endfacet
  facet normal 0 0 -1
    outer loop
      vertex -81 82.49 0
      vertex -79.9504 73.4242 0
      vertex -80.0811 72.7667 0
    endloop
  endfacet
  facet normal 0 0 -1
    outer loop
      vertex -81 82.49 0
      vertex -80.0811 72.7667 0
      vertex -80.125 72.0977 0
    endloop
  endfacet
  facet normal 0 0 -1
    outer loop
      vertex -77.5625 76.5361 0
      vertex -81 82.49 0
      vertex -79.5922 83.1843 0
    endloop
  endfacet
  facet normal 0 0 -1
    outer loop
      vertex -80.125 72.0977 0
      vertex -82.3051 81.618 0
      vertex -81 82.49 0
    endloop
  endfacet
  facet normal -0 0 -1
    outer loop
      vertex -79.7349 70.1365 0
      vertex -86.0865 67.5055 0
      vertex -79.9504 70.7713 0
    endloop
  endfacet
  facet normal 0 0 -1
    outer loop
      vertex -80.125 72.0977 0
      vertex -83.4853 80.583 0
      vertex -82.3051 81.618 0
    endloop
  endfacet
  facet normal 0 0 -1
    outer loop
      vertex -86.5911 68.9919 0
      vertex -79.9504 70.7713 0
      vertex -86.0865 67.5055 0
    endloop
  endfacet
  facet normal 0 0 -1
    outer loop
      vertex -80.125 72.0977 0
      vertex -84.5202 79.4028 0
      vertex -83.4853 80.583 0
    endloop
  endfacet
  facet normal -0 0 -1
    outer loop
      vertex -79.9504 70.7713 0
      vertex -86.5911 68.9919 0
      vertex -80.0811 71.4288 0
    endloop
  endfacet
  facet normal 0 0 -1
    outer loop
      vertex -80.125 72.0977 0
      vertex -85.3923 78.0977 0
      vertex -84.5202 79.4028 0
    endloop
  endfacet
  facet normal 0 0 -1
    outer loop
      vertex -86.8973 70.5314 0
      vertex -80.0811 71.4288 0
      vertex -86.5911 68.9919 0
    endloop
  endfacet
  facet normal 0 0 -1
    outer loop
      vertex -80.125 72.0977 0
      vertex -86.0865 76.6899 0
      vertex -85.3923 78.0977 0
    endloop
  endfacet
  facet normal -0 0 -1
    outer loop
      vertex -80.0811 71.4288 0
      vertex -86.8973 70.5314 0
      vertex -80.125 72.0977 0
    endloop
  endfacet
  facet normal 0 0 -1
    outer loop
      vertex -80.125 72.0977 0
      vertex -86.5911 75.2035 0
      vertex -86.0865 76.6899 0
    endloop
  endfacet
  facet normal 0 0 -1
    outer loop
      vertex -87 72.0977 0
      vertex -80.125 72.0977 0
      vertex -86.8973 70.5314 0
    endloop
  endfacet
  facet normal 0 0 -1
    outer loop
      vertex -80.125 72.0977 0
      vertex -86.8973 73.664 0
      vertex -86.5911 75.2035 0
    endloop
  endfacet
  facet normal 0 0 -1
    outer loop
      vertex -80.125 72.0977 0
      vertex -87 72.0977 0
      vertex -86.8973 73.664 0
    endloop
  endfacet
  facet normal 0 0 1
    outer loop
      vertex -69.875 72.0977 6
      vertex -63 72.0977 6
      vertex -63.1027 73.664 6
    endloop
  endfacet
  facet normal 0 0 1
    outer loop
      vertex -69.875 72.0977 6
      vertex -63.1027 73.664 6
      vertex -63.4089 75.2035 6
    endloop
  endfacet
  facet normal 0 0 1
    outer loop
      vertex -63 72.0977 6
      vertex -69.875 72.0977 6
      vertex -63.1027 70.5314 6
    endloop
  endfacet
  facet normal 0 0 1
    outer loop
      vertex -69.875 72.0977 6
      vertex -63.4089 75.2035 6
      vertex -63.9135 76.6899 6
    endloop
  endfacet
  facet normal -0 0 1
    outer loop
      vertex -69.9189 71.4288 6
      vertex -63.1027 70.5314 6
      vertex -69.875 72.0977 6
    endloop
  endfacet
  facet normal 0 0 1
    outer loop
      vertex -69.875 72.0977 6
      vertex -63.9135 76.6899 6
      vertex -64.6077 78.0977 6
    endloop
  endfacet
  facet normal 0 0 1
    outer loop
      vertex -63.1027 70.5314 6
      vertex -69.9189 71.4288 6
      vertex -63.4089 68.9919 6
    endloop
  endfacet
  facet normal 0 0 1
    outer loop
      vertex -69.875 72.0977 6
      vertex -64.6077 78.0977 6
      vertex -65.4798 79.4028 6
    endloop
  endfacet
  facet normal -0 0 1
    outer loop
      vertex -70.0496 70.7713 6
      vertex -63.4089 68.9919 6
      vertex -69.9189 71.4288 6
    endloop
  endfacet
  facet normal 0 0 1
    outer loop
      vertex -69.875 72.0977 6
      vertex -65.4798 79.4028 6
      vertex -66.5147 80.583 6
    endloop
  endfacet
  facet normal 0 0 1
    outer loop
      vertex -63.4089 68.9919 6
      vertex -70.0496 70.7713 6
      vertex -63.9135 67.5055 6
    endloop
  endfacet
  facet normal -0 0 1
    outer loop
      vertex -70.2651 70.1365 6
      vertex -63.9135 67.5055 6
      vertex -70.0496 70.7713 6
    endloop
  endfacet
  facet normal 0 0 1
    outer loop
      vertex -63.9135 67.5055 6
      vertex -70.2651 70.1365 6
      vertex -64.6077 66.0977 6
    endloop
  endfacet
  facet normal 0 0 1
    outer loop
      vertex -69.875 72.0977 6
      vertex -66.5147 80.583 6
      vertex -67.6949 81.618 6
    endloop
  endfacet
  facet normal 0 0 1
    outer loop
      vertex -67 -77.4838 6
      vertex -57.1152 -83.5876 6
      vertex -59.728 -77.7217 6
    endloop
  endfacet
  facet normal 0 0 1
    outer loop
      vertex -63.6476 -76.0981 6
      vertex -59.728 -77.7217 6
      vertex -59.9015 -77.3697 6
    endloop
  endfacet
  facet normal 0 0 1
    outer loop
      vertex -63.6476 -76.0981 6
      vertex -59.9015 -77.3697 6
      vertex -60.1195 -77.0434 6
    endloop
  endfacet
  facet normal 0 0 1
    outer loop
      vertex -63.6476 -76.0981 6
      vertex -60.1195 -77.0434 6
      vertex -60.3783 -76.7484 6
    endloop
  endfacet
  facet normal 0 0 1
    outer loop
      vertex -63.6476 -76.0981 6
      vertex -60.3783 -76.7484 6
      vertex -60.6733 -76.4897 6
    endloop
  endfacet
  facet normal 0 0 1
    outer loop
      vertex -63.6476 -76.0981 6
      vertex -60.6733 -76.4897 6
      vertex -60.9996 -76.2717 6
    endloop
  endfacet
  facet normal -0 0 1
    outer loop
      vertex -63.6476 -76.0981 6
      vertex -60.9996 -76.2717 6
      vertex -61.3515 -76.0981 6
    endloop
  endfacet
  facet normal 0 0 1
    outer loop
      vertex -63.6476 -76.0981 6
      vertex -61.3515 -76.0981 6
      vertex -61.7231 -75.9719 6
    endloop
  endfacet
  facet normal 0 0 1
    outer loop
      vertex -63.6476 -76.0981 6
      vertex -61.7231 -75.9719 6
      vertex -62.108 -75.8954 6
    endloop
  endfacet
  facet normal 0 0 1
    outer loop
      vertex -63.6476 -76.0981 6
      vertex -62.108 -75.8954 6
      vertex -62.4996 -75.8697 6
    endloop
  endfacet
  facet normal 0 0 1
    outer loop
      vertex -63.6476 -76.0981 6
      vertex -62.4996 -75.8697 6
      vertex -62.8912 -75.8954 6
    endloop
  endfacet
  facet normal 0 0 1
    outer loop
      vertex -63.6476 -76.0981 6
      vertex -62.8912 -75.8954 6
      vertex -63.2761 -75.9719 6
    endloop
  endfacet
  facet normal 0 0 1
    outer loop
      vertex -59.728 -77.7217 6
      vertex -63.6476 -76.0981 6
      vertex -67 -77.4838 6
    endloop
  endfacet
  facet normal 0 0 1
    outer loop
      vertex -57.1152 -83.5876 6
      vertex -67 -77.4838 6
      vertex -56.9118 -84.0443 6
    endloop
  endfacet
  facet normal 0 0 1
    outer loop
      vertex -71.8801 76.1637 6
      vertex -67.6949 81.618 6
      vertex -69 82.49 6
    endloop
  endfacet
  facet normal -0 0 1
    outer loop
      vertex -70.5616 69.5352 6
      vertex -64.6077 66.0977 6
      vertex -70.2651 70.1365 6
    endloop
  endfacet
  facet normal 0 0 1
    outer loop
      vertex -67 63.1869 6
      vertex -69.875 -37.3659 6
      vertex -67 -77.4838 6
    endloop
  endfacet
  facet normal -0 0 1
    outer loop
      vertex -69.9189 -38.0348 6
      vertex -67 -77.4838 6
      vertex -69.875 -37.3659 6
    endloop
  endfacet
  facet normal -0 0 1
    outer loop
      vertex -70.0496 -38.6923 6
      vertex -67 -77.4838 6
      vertex -69.9189 -38.0348 6
    endloop
  endfacet
  facet normal -0 0 1
    outer loop
      vertex -70.2651 -39.3271 6
      vertex -67 -77.4838 6
      vertex -70.0496 -38.6923 6
    endloop
  endfacet
  facet normal -0 0 1
    outer loop
      vertex -70.5616 -39.9284 6
      vertex -67 -77.4838 6
      vertex -70.2651 -39.3271 6
    endloop
  endfacet
  facet normal -0 0 1
    outer loop
      vertex -70.9341 -40.4858 6
      vertex -67 -77.4838 6
      vertex -70.5616 -39.9284 6
    endloop
  endfacet
  facet normal -0 0 1
    outer loop
      vertex -71.3761 -40.9898 6
      vertex -67 -77.4838 6
      vertex -70.9341 -40.4858 6
    endloop
  endfacet
  facet normal -0 0 1
    outer loop
      vertex -71.8801 -41.4318 6
      vertex -67 -77.4838 6
      vertex -71.3761 -40.9898 6
    endloop
  endfacet
  facet normal -0 0 1
    outer loop
      vertex -72.4375 -41.8043 6
      vertex -67 -77.4838 6
      vertex -71.8801 -41.4318 6
    endloop
  endfacet
  facet normal -0 0 1
    outer loop
      vertex -73.0388 -42.1008 6
      vertex -67 -77.4838 6
      vertex -72.4375 -41.8043 6
    endloop
  endfacet
  facet normal -0 0 1
    outer loop
      vertex -73.6736 -42.3163 6
      vertex -67 -77.4838 6
      vertex -73.0388 -42.1008 6
    endloop
  endfacet
  facet normal -0 0 1
    outer loop
      vertex -74.3311 -42.447 6
      vertex -67 -77.4838 6
      vertex -73.6736 -42.3163 6
    endloop
  endfacet
  facet normal -0 0 1
    outer loop
      vertex -75 -42.4909 6
      vertex -67 -77.4838 6
      vertex -74.3311 -42.447 6
    endloop
  endfacet
  facet normal 0 0 1
    outer loop
      vertex -75.6689 -42.447 6
      vertex -67 -77.4838 6
      vertex -75 -42.4909 6
    endloop
  endfacet
  facet normal 0 0 1
    outer loop
      vertex -76.3264 -42.3163 6
      vertex -67 -77.4838 6
      vertex -75.6689 -42.447 6
    endloop
  endfacet
  facet normal 0 0 1
    outer loop
      vertex -83 -84.0977 6
      vertex -76.3264 -42.3163 6
      vertex -76.9612 -42.1008 6
    endloop
  endfacet
  facet normal 0 0 1
    outer loop
      vertex -83 -84.0977 6
      vertex -76.9612 -42.1008 6
      vertex -77.5625 -41.8043 6
    endloop
  endfacet
  facet normal 0 0 1
    outer loop
      vertex -83 -84.0977 6
      vertex -77.5625 -41.8043 6
      vertex -78.1199 -41.4318 6
    endloop
  endfacet
  facet normal 0 0 1
    outer loop
      vertex -83 -84.0977 6
      vertex -78.1199 -41.4318 6
      vertex -78.6239 -40.9898 6
    endloop
  endfacet
  facet normal 0 0 1
    outer loop
      vertex -83 -84.0977 6
      vertex -78.6239 -40.9898 6
      vertex -79.0659 -40.4858 6
    endloop
  endfacet
  facet normal 0 0 1
    outer loop
      vertex -83 -84.0977 6
      vertex -79.0659 -40.4858 6
      vertex -79.4384 -39.9284 6
    endloop
  endfacet
  facet normal 0 0 1
    outer loop
      vertex -83 -84.0977 6
      vertex -79.4384 -39.9284 6
      vertex -79.7349 -39.3271 6
    endloop
  endfacet
  facet normal 0 0 1
    outer loop
      vertex -83 -84.0977 6
      vertex -79.7349 -39.3271 6
      vertex -79.9504 -38.6923 6
    endloop
  endfacet
  facet normal 0 0 1
    outer loop
      vertex -79.9504 -36.0395 6
      vertex -83 63.1869 6
      vertex -80.0811 -36.697 6
    endloop
  endfacet
  facet normal 0 0 1
    outer loop
      vertex -80.0811 -36.697 6
      vertex -83 63.1869 6
      vertex -80.125 -37.3659 6
    endloop
  endfacet
  facet normal 0 0 1
    outer loop
      vertex -83 -84.0977 6
      vertex -80.125 -37.3659 6
      vertex -83 63.1869 6
    endloop
  endfacet
  facet normal 0 0 1
    outer loop
      vertex -83 -84.0977 6
      vertex -80.0811 -38.0348 6
      vertex -80.125 -37.3659 6
    endloop
  endfacet
  facet normal 0 0 1
    outer loop
      vertex -83 -84.0977 6
      vertex -79.9504 -38.6923 6
      vertex -80.0811 -38.0348 6
    endloop
  endfacet
  facet normal 0 0 1
    outer loop
      vertex -76.3264 -42.3163 6
      vertex -83 -84.0977 6
      vertex -67 -77.4838 6
    endloop
  endfacet
  facet normal 0 0 1
    outer loop
      vertex -83 -84.0977 6
      vertex -56.9118 -84.0443 6
      vertex -67 -77.4838 6
    endloop
  endfacet
  facet normal -0 0 1
    outer loop
      vertex -83 -84.0977 6
      vertex -89.7994 -98.6868 6
      vertex -56.9118 -84.0443 6
    endloop
  endfacet
  facet normal 0 0 1
    outer loop
      vertex -83 -84.0977 6
      vertex -90.0028 -98.2301 6
      vertex -89.7994 -98.6868 6
    endloop
  endfacet
  facet normal -0 0 1
    outer loop
      vertex -91.4059 -88.4737 6
      vertex -90.0028 -98.2301 6
      vertex -83 -84.0977 6
    endloop
  endfacet
  facet normal 0 0 1
    outer loop
      vertex -92.6776 -92.2199 6
      vertex -91.4059 -88.4737 6
      vertex -91.7322 -88.6918 6
    endloop
  endfacet
  facet normal 0 0 1
    outer loop
      vertex -92.6776 -92.2199 6
      vertex -91.7322 -88.6918 6
      vertex -92.0273 -88.9505 6
    endloop
  endfacet
  facet normal 0 0 1
    outer loop
      vertex -92.6776 -92.2199 6
      vertex -92.0273 -88.9505 6
      vertex -92.286 -89.2455 6
    endloop
  endfacet
  facet normal 0 0 1
    outer loop
      vertex -92.6776 -92.2199 6
      vertex -92.286 -89.2455 6
      vertex -92.504 -89.5718 6
    endloop
  endfacet
  facet normal 0 0 1
    outer loop
      vertex -92.6776 -92.2199 6
      vertex -92.504 -89.5718 6
      vertex -92.6776 -89.9238 6
    endloop
  endfacet
  facet normal 0 0 1
    outer loop
      vertex -91.4059 -88.4737 6
      vertex -92.6776 -92.2199 6
      vertex -90.0028 -98.2301 6
    endloop
  endfacet
  facet normal -0 0 1
    outer loop
      vertex -92.8037 -90.2954 6
      vertex -92.6776 -92.2199 6
      vertex -92.6776 -89.9238 6
    endloop
  endfacet
  facet normal 0 0 1
    outer loop
      vertex -92.8037 -90.2954 6
      vertex -92.8037 -91.8483 6
      vertex -92.6776 -92.2199 6
    endloop
  endfacet
  facet normal -0 0 1
    outer loop
      vertex -92.8803 -90.6802 6
      vertex -92.8037 -91.8483 6
      vertex -92.8037 -90.2954 6
    endloop
  endfacet
  facet normal 0 0 1
    outer loop
      vertex -92.8803 -90.6802 6
      vertex -92.8803 -91.4634 6
      vertex -92.8037 -91.8483 6
    endloop
  endfacet
  facet normal 0 -0 1
    outer loop
      vertex -92.8803 -91.4634 6
      vertex -92.8803 -90.6802 6
      vertex -92.9059 -91.0718 6
    endloop
  endfacet
  facet normal -0 0 1
    outer loop
      vertex -83.4853 80.583 6
      vertex -83 63.1869 6
      vertex -82.3051 81.618 6
    endloop
  endfacet
  facet normal -0 0 1
    outer loop
      vertex -84.5202 79.4028 6
      vertex -83 63.1869 6
      vertex -83.4853 80.583 6
    endloop
  endfacet
  facet normal -0 0 1
    outer loop
      vertex -85.3923 78.0977 6
      vertex -83 63.1869 6
      vertex -84.5202 79.4028 6
    endloop
  endfacet
  facet normal 0 0 1
    outer loop
      vertex -83 63.1869 6
      vertex -84.5202 64.7926 6
      vertex -83.4853 63.6124 6
    endloop
  endfacet
  facet normal 0 0 1
    outer loop
      vertex -83 63.1869 6
      vertex -85.3923 78.0977 6
      vertex -84.5202 64.7926 6
    endloop
  endfacet
  facet normal 0 0 1
    outer loop
      vertex -85.3923 78.0977 6
      vertex -85.3923 66.0977 6
      vertex -84.5202 64.7926 6
    endloop
  endfacet
  facet normal -0 0 1
    outer loop
      vertex -86.0865 76.6899 6
      vertex -85.3923 66.0977 6
      vertex -85.3923 78.0977 6
    endloop
  endfacet
  facet normal 0 0 1
    outer loop
      vertex -86.0865 76.6899 6
      vertex -86.0865 67.5055 6
      vertex -85.3923 66.0977 6
    endloop
  endfacet
  facet normal -0 0 1
    outer loop
      vertex -86.5911 75.2035 6
      vertex -86.0865 67.5055 6
      vertex -86.0865 76.6899 6
    endloop
  endfacet
  facet normal 0 0 1
    outer loop
      vertex -86.5911 75.2035 6
      vertex -86.5911 68.9919 6
      vertex -86.0865 67.5055 6
    endloop
  endfacet
  facet normal -0 0 1
    outer loop
      vertex -86.8973 73.664 6
      vertex -86.5911 68.9919 6
      vertex -86.5911 75.2035 6
    endloop
  endfacet
  facet normal 0 0 1
    outer loop
      vertex -86.8973 73.664 6
      vertex -86.8973 70.5314 6
      vertex -86.5911 68.9919 6
    endloop
  endfacet
  facet normal 0 -0 1
    outer loop
      vertex -86.8973 70.5314 6
      vertex -86.8973 73.664 6
      vertex -87 72.0977 6
    endloop
  endfacet
  facet normal 0 0 1
    outer loop
      vertex -64.6077 66.0977 6
      vertex -70.5616 69.5352 6
      vertex -65.4798 64.7926 6
    endloop
  endfacet
  facet normal 0 0 1
    outer loop
      vertex -67 63.1869 6
      vertex -69.9189 -36.697 6
      vertex -69.875 -37.3659 6
    endloop
  endfacet
  facet normal -0 0 1
    outer loop
      vertex -70.9341 68.9778 6
      vertex -65.4798 64.7926 6
      vertex -70.5616 69.5352 6
    endloop
  endfacet
  facet normal 0 0 1
    outer loop
      vertex -67 63.1869 6
      vertex -70.0496 -36.0395 6
      vertex -69.9189 -36.697 6
    endloop
  endfacet
  facet normal 0 0 1
    outer loop
      vertex -65.4798 64.7926 6
      vertex -70.9341 68.9778 6
      vertex -66.5147 63.6124 6
    endloop
  endfacet
  facet normal 0 0 1
    outer loop
      vertex -67 63.1869 6
      vertex -70.2651 -35.4046 6
      vertex -70.0496 -36.0395 6
    endloop
  endfacet
  facet normal -0 0 1
    outer loop
      vertex -71.3761 68.4738 6
      vertex -66.5147 63.6124 6
      vertex -70.9341 68.9778 6
    endloop
  endfacet
  facet normal 0 0 1
    outer loop
      vertex -67 63.1869 6
      vertex -70.5616 -34.8034 6
      vertex -70.2651 -35.4046 6
    endloop
  endfacet
  facet normal 0 0 1
    outer loop
      vertex -66.5147 63.6124 6
      vertex -71.3761 68.4738 6
      vertex -67 63.1869 6
    endloop
  endfacet
  facet normal 0 0 1
    outer loop
      vertex -67 63.1869 6
      vertex -70.9341 -34.246 6
      vertex -70.5616 -34.8034 6
    endloop
  endfacet
  facet normal -0 0 1
    outer loop
      vertex -71.8801 68.0318 6
      vertex -67 63.1869 6
      vertex -71.3761 68.4738 6
    endloop
  endfacet
  facet normal 0 0 1
    outer loop
      vertex -67 63.1869 6
      vertex -71.3761 -33.742 6
      vertex -70.9341 -34.246 6
    endloop
  endfacet
  facet normal -0 0 1
    outer loop
      vertex -72.4375 67.6593 6
      vertex -67 63.1869 6
      vertex -71.8801 68.0318 6
    endloop
  endfacet
  facet normal 0 0 1
    outer loop
      vertex -67 63.1869 6
      vertex -71.8801 -33.3 6
      vertex -71.3761 -33.742 6
    endloop
  endfacet
  facet normal -0 0 1
    outer loop
      vertex -73.0388 67.3628 6
      vertex -67 63.1869 6
      vertex -72.4375 67.6593 6
    endloop
  endfacet
  facet normal 0 0 1
    outer loop
      vertex -67 63.1869 6
      vertex -72.4375 -32.9275 6
      vertex -71.8801 -33.3 6
    endloop
  endfacet
  facet normal -0 0 1
    outer loop
      vertex -73.6736 67.1474 6
      vertex -67 63.1869 6
      vertex -73.0388 67.3628 6
    endloop
  endfacet
  facet normal 0 0 1
    outer loop
      vertex -67 63.1869 6
      vertex -73.0388 -32.631 6
      vertex -72.4375 -32.9275 6
    endloop
  endfacet
  facet normal -0 0 1
    outer loop
      vertex -74.3311 67.0166 6
      vertex -67 63.1869 6
      vertex -73.6736 67.1474 6
    endloop
  endfacet
  facet normal 0 0 1
    outer loop
      vertex -67 63.1869 6
      vertex -73.6736 -32.4155 6
      vertex -73.0388 -32.631 6
    endloop
  endfacet
  facet normal -0 0 1
    outer loop
      vertex -75 66.9727 6
      vertex -67 63.1869 6
      vertex -74.3311 67.0166 6
    endloop
  endfacet
  facet normal 0 -0 1
    outer loop
      vertex -75 -32.2409 6
      vertex -67 63.1869 6
      vertex -83 63.1869 6
    endloop
  endfacet
  facet normal 0 0 1
    outer loop
      vertex -67 63.1869 6
      vertex -75 66.9727 6
      vertex -83 63.1869 6
    endloop
  endfacet
  facet normal 0 0 1
    outer loop
      vertex -67 63.1869 6
      vertex -74.3311 -32.2847 6
      vertex -73.6736 -32.4155 6
    endloop
  endfacet
  facet normal 0 0 1
    outer loop
      vertex -83 63.1869 6
      vertex -75 66.9727 6
      vertex -75.6689 67.0166 6
    endloop
  endfacet
  facet normal 0 0 1
    outer loop
      vertex -67 63.1869 6
      vertex -75 -32.2409 6
      vertex -74.3311 -32.2847 6
    endloop
  endfacet
  facet normal 0 0 1
    outer loop
      vertex -83 63.1869 6
      vertex -75.6689 67.0166 6
      vertex -76.3264 67.1474 6
    endloop
  endfacet
  facet normal 0 0 1
    outer loop
      vertex -75 -32.2409 6
      vertex -83 63.1869 6
      vertex -75.6689 -32.2847 6
    endloop
  endfacet
  facet normal 0 0 1
    outer loop
      vertex -83 63.1869 6
      vertex -76.3264 67.1474 6
      vertex -76.9612 67.3628 6
    endloop
  endfacet
  facet normal 0 0 1
    outer loop
      vertex -75.6689 -32.2847 6
      vertex -83 63.1869 6
      vertex -76.3264 -32.4155 6
    endloop
  endfacet
  facet normal 0 0 1
    outer loop
      vertex -83 63.1869 6
      vertex -76.9612 67.3628 6
      vertex -77.5625 67.6593 6
    endloop
  endfacet
  facet normal 0 0 1
    outer loop
      vertex -76.3264 -32.4155 6
      vertex -83 63.1869 6
      vertex -76.9612 -32.631 6
    endloop
  endfacet
  facet normal 0 0 1
    outer loop
      vertex -83 63.1869 6
      vertex -77.5625 67.6593 6
      vertex -78.1199 68.0318 6
    endloop
  endfacet
  facet normal 0 0 1
    outer loop
      vertex -76.9612 -32.631 6
      vertex -83 63.1869 6
      vertex -77.5625 -32.9275 6
    endloop
  endfacet
  facet normal 0 0 1
    outer loop
      vertex -83 63.1869 6
      vertex -78.1199 68.0318 6
      vertex -78.6239 68.4738 6
    endloop
  endfacet
  facet normal 0 0 1
    outer loop
      vertex -77.5625 -32.9275 6
      vertex -83 63.1869 6
      vertex -78.1199 -33.3 6
    endloop
  endfacet
  facet normal 0 0 1
    outer loop
      vertex -83 63.1869 6
      vertex -78.6239 68.4738 6
      vertex -79.0659 68.9778 6
    endloop
  endfacet
  facet normal 0 0 1
    outer loop
      vertex -78.1199 -33.3 6
      vertex -83 63.1869 6
      vertex -78.6239 -33.742 6
    endloop
  endfacet
  facet normal 0 0 1
    outer loop
      vertex -83 63.1869 6
      vertex -79.0659 68.9778 6
      vertex -79.4384 69.5352 6
    endloop
  endfacet
  facet normal 0 0 1
    outer loop
      vertex -78.6239 -33.742 6
      vertex -83 63.1869 6
      vertex -79.0659 -34.246 6
    endloop
  endfacet
  facet normal 0 0 1
    outer loop
      vertex -83 63.1869 6
      vertex -79.4384 69.5352 6
      vertex -79.7349 70.1365 6
    endloop
  endfacet
  facet normal 0 0 1
    outer loop
      vertex -79.0659 -34.246 6
      vertex -83 63.1869 6
      vertex -79.4384 -34.8034 6
    endloop
  endfacet
  facet normal 0 0 1
    outer loop
      vertex -83 63.1869 6
      vertex -79.7349 70.1365 6
      vertex -79.9504 70.7713 6
    endloop
  endfacet
  facet normal 0 0 1
    outer loop
      vertex -79.4384 -34.8034 6
      vertex -83 63.1869 6
      vertex -79.7349 -35.4046 6
    endloop
  endfacet
  facet normal 0 0 1
    outer loop
      vertex -83 63.1869 6
      vertex -79.9504 70.7713 6
      vertex -80.0811 71.4288 6
    endloop
  endfacet
  facet normal 0 0 1
    outer loop
      vertex -79.7349 -35.4046 6
      vertex -83 63.1869 6
      vertex -79.9504 -36.0395 6
    endloop
  endfacet
  facet normal 0 0 1
    outer loop
      vertex -80.0811 72.7667 6
      vertex -82.3051 81.618 6
      vertex -80.125 72.0977 6
    endloop
  endfacet
  facet normal 0 0 1
    outer loop
      vertex -83 63.1869 6
      vertex -80.125 72.0977 6
      vertex -82.3051 81.618 6
    endloop
  endfacet
  facet normal 0 0 1
    outer loop
      vertex -67.6949 81.618 6
      vertex -69.9189 72.7667 6
      vertex -69.875 72.0977 6
    endloop
  endfacet
  facet normal 0 0 1
    outer loop
      vertex -67.6949 81.618 6
      vertex -70.0496 73.4242 6
      vertex -69.9189 72.7667 6
    endloop
  endfacet
  facet normal 0 0 1
    outer loop
      vertex -67.6949 81.618 6
      vertex -70.2651 74.059 6
      vertex -70.0496 73.4242 6
    endloop
  endfacet
  facet normal 0 0 1
    outer loop
      vertex -72.4375 76.5361 6
      vertex -69 82.49 6
      vertex -70.4078 83.1843 6
    endloop
  endfacet
  facet normal 0 0 1
    outer loop
      vertex -67.6949 81.618 6
      vertex -70.5616 74.6602 6
      vertex -70.2651 74.059 6
    endloop
  endfacet
  facet normal 0 0 1
    outer loop
      vertex -67.6949 81.618 6
      vertex -70.9341 75.2176 6
      vertex -70.5616 74.6602 6
    endloop
  endfacet
  facet normal 0 0 1
    outer loop
      vertex -67.6949 81.618 6
      vertex -71.3761 75.7216 6
      vertex -70.9341 75.2176 6
    endloop
  endfacet
  facet normal 0 0 1
    outer loop
      vertex -67.6949 81.618 6
      vertex -71.8801 76.1637 6
      vertex -71.3761 75.7216 6
    endloop
  endfacet
  facet normal 0 0 1
    outer loop
      vertex -73.0388 76.8326 6
      vertex -70.4078 83.1843 6
      vertex -71.8942 83.6888 6
    endloop
  endfacet
  facet normal 0 0 1
    outer loop
      vertex -69 82.49 6
      vertex -72.4375 76.5361 6
      vertex -71.8801 76.1637 6
    endloop
  endfacet
  facet normal 0 0 1
    outer loop
      vertex -70.4078 83.1843 6
      vertex -73.0388 76.8326 6
      vertex -72.4375 76.5361 6
    endloop
  endfacet
  facet normal 0 0 1
    outer loop
      vertex -73.6736 77.0481 6
      vertex -71.8942 83.6888 6
      vertex -73.4337 83.995 6
    endloop
  endfacet
  facet normal 0 0 1
    outer loop
      vertex -71.8942 83.6888 6
      vertex -73.6736 77.0481 6
      vertex -73.0388 76.8326 6
    endloop
  endfacet
  facet normal 0 0 1
    outer loop
      vertex -73.4337 83.995 6
      vertex -74.3311 77.1789 6
      vertex -73.6736 77.0481 6
    endloop
  endfacet
  facet normal 0 0 1
    outer loop
      vertex -75 84.0977 6
      vertex -74.3311 77.1789 6
      vertex -73.4337 83.995 6
    endloop
  endfacet
  facet normal 0 0 1
    outer loop
      vertex -75 84.0977 6
      vertex -75 77.2227 6
      vertex -74.3311 77.1789 6
    endloop
  endfacet
  facet normal 0 0 1
    outer loop
      vertex -75 84.0977 6
      vertex -75.6689 77.1789 6
      vertex -75 77.2227 6
    endloop
  endfacet
  facet normal -0 0 1
    outer loop
      vertex -76.5663 83.995 6
      vertex -75.6689 77.1789 6
      vertex -75 84.0977 6
    endloop
  endfacet
  facet normal 0 0 1
    outer loop
      vertex -75.6689 77.1789 6
      vertex -76.5663 83.995 6
      vertex -76.3264 77.0481 6
    endloop
  endfacet
  facet normal -0 0 1
    outer loop
      vertex -78.1058 83.6888 6
      vertex -76.3264 77.0481 6
      vertex -76.5663 83.995 6
    endloop
  endfacet
  facet normal 0 0 1
    outer loop
      vertex -76.3264 77.0481 6
      vertex -78.1058 83.6888 6
      vertex -76.9612 76.8326 6
    endloop
  endfacet
  facet normal -0 0 1
    outer loop
      vertex -79.5922 83.1843 6
      vertex -76.9612 76.8326 6
      vertex -78.1058 83.6888 6
    endloop
  endfacet
  facet normal 0 0 1
    outer loop
      vertex -76.9612 76.8326 6
      vertex -79.5922 83.1843 6
      vertex -77.5625 76.5361 6
    endloop
  endfacet
  facet normal -0 0 1
    outer loop
      vertex -81 82.49 6
      vertex -77.5625 76.5361 6
      vertex -79.5922 83.1843 6
    endloop
  endfacet
  facet normal 0 0 1
    outer loop
      vertex -77.5625 76.5361 6
      vertex -81 82.49 6
      vertex -78.1199 76.1637 6
    endloop
  endfacet
  facet normal -0 0 1
    outer loop
      vertex -82.3051 81.618 6
      vertex -78.1199 76.1637 6
      vertex -81 82.49 6
    endloop
  endfacet
  facet normal 0 0 1
    outer loop
      vertex -78.1199 76.1637 6
      vertex -82.3051 81.618 6
      vertex -78.6239 75.7216 6
    endloop
  endfacet
  facet normal 0 0 1
    outer loop
      vertex -78.6239 75.7216 6
      vertex -82.3051 81.618 6
      vertex -79.0659 75.2176 6
    endloop
  endfacet
  facet normal 0 0 1
    outer loop
      vertex -79.0659 75.2176 6
      vertex -82.3051 81.618 6
      vertex -79.4384 74.6602 6
    endloop
  endfacet
  facet normal 0 0 1
    outer loop
      vertex -79.4384 74.6602 6
      vertex -82.3051 81.618 6
      vertex -79.7349 74.059 6
    endloop
  endfacet
  facet normal 0 0 1
    outer loop
      vertex -79.7349 74.059 6
      vertex -82.3051 81.618 6
      vertex -79.9504 73.4242 6
    endloop
  endfacet
  facet normal 0 0 1
    outer loop
      vertex -80.125 72.0977 6
      vertex -83 63.1869 6
      vertex -80.0811 71.4288 6
    endloop
  endfacet
  facet normal 0 0 1
    outer loop
      vertex -79.9504 73.4242 6
      vertex -82.3051 81.618 6
      vertex -80.0811 72.7667 6
    endloop
  endfacet
  facet normal 0.913498 0.406844 0
    outer loop
      vertex -56.9118 -84.0443 6
      vertex -57.1152 -83.5876 0
      vertex -57.1152 -83.5876 6
    endloop
  endfacet
  facet normal 0.913498 0.406844 0
    outer loop
      vertex -57.1152 -83.5876 0
      vertex -56.9118 -84.0443 6
      vertex -56.9118 -84.0443 0
    endloop
  endfacet
  facet normal 0.91348 0.406884 0
    outer loop
      vertex -57.1152 -83.5876 6
      vertex -59.728 -77.7217 0
      vertex -59.728 -77.7217 6
    endloop
  endfacet
  facet normal 0.91348 0.406884 0
    outer loop
      vertex -59.728 -77.7217 0
      vertex -57.1152 -83.5876 6
      vertex -57.1152 -83.5876 0
    endloop
  endfacet
  facet normal 0.896961 0.44211 0
    outer loop
      vertex -59.728 -77.7217 6
      vertex -59.9015 -77.3697 0
      vertex -59.9015 -77.3697 6
    endloop
  endfacet
  facet normal 0.896961 0.44211 0
    outer loop
      vertex -59.9015 -77.3697 0
      vertex -59.728 -77.7217 6
      vertex -59.728 -77.7217 0
    endloop
  endfacet
  facet normal 0.831501 0.555523 0
    outer loop
      vertex -59.9015 -77.3697 6
      vertex -60.1195 -77.0434 0
      vertex -60.1195 -77.0434 6
    endloop
  endfacet
  facet normal 0.831501 0.555523 0
    outer loop
      vertex -60.1195 -77.0434 0
      vertex -59.9015 -77.3697 6
      vertex -59.9015 -77.3697 0
    endloop
  endfacet
  facet normal 0.751724 0.659478 0
    outer loop
      vertex -60.1195 -77.0434 6
      vertex -60.3783 -76.7484 0
      vertex -60.3783 -76.7484 6
    endloop
  endfacet
  facet normal 0.751724 0.659478 0
    outer loop
      vertex -60.3783 -76.7484 0
      vertex -60.1195 -77.0434 6
      vertex -60.1195 -77.0434 0
    endloop
  endfacet
  facet normal 0.659334 0.75185 -0
    outer loop
      vertex -60.3783 -76.7484 0
      vertex -60.6733 -76.4897 6
      vertex -60.3783 -76.7484 6
    endloop
  endfacet
  facet normal 0.659334 0.75185 0
    outer loop
      vertex -60.6733 -76.4897 6
      vertex -60.3783 -76.7484 0
      vertex -60.6733 -76.4897 0
    endloop
  endfacet
  facet normal 0.555523 0.831501 -0
    outer loop
      vertex -60.6733 -76.4897 0
      vertex -60.9996 -76.2717 6
      vertex -60.6733 -76.4897 6
    endloop
  endfacet
  facet normal 0.555523 0.831501 0
    outer loop
      vertex -60.9996 -76.2717 6
      vertex -60.6733 -76.4897 0
      vertex -60.9996 -76.2717 0
    endloop
  endfacet
  facet normal 0.442416 0.89681 -0
    outer loop
      vertex -60.9996 -76.2717 0
      vertex -61.3515 -76.0981 6
      vertex -60.9996 -76.2717 6
    endloop
  endfacet
  facet normal 0.442416 0.89681 0
    outer loop
      vertex -61.3515 -76.0981 6
      vertex -60.9996 -76.2717 0
      vertex -61.3515 -76.0981 0
    endloop
  endfacet
  facet normal 0.321574 0.946885 -0
    outer loop
      vertex -61.3515 -76.0981 0
      vertex -61.7231 -75.9719 6
      vertex -61.3515 -76.0981 6
    endloop
  endfacet
  facet normal 0.321574 0.946885 0
    outer loop
      vertex -61.7231 -75.9719 6
      vertex -61.3515 -76.0981 0
      vertex -61.7231 -75.9719 0
    endloop
  endfacet
  facet normal 0.19494 0.980815 -0
    outer loop
      vertex -61.7231 -75.9719 0
      vertex -62.108 -75.8954 6
      vertex -61.7231 -75.9719 6
    endloop
  endfacet
  facet normal 0.19494 0.980815 0
    outer loop
      vertex -62.108 -75.8954 6
      vertex -61.7231 -75.9719 0
      vertex -62.108 -75.8954 0
    endloop
  endfacet
  facet normal 0.0654873 0.997853 -0
    outer loop
      vertex -62.108 -75.8954 0
      vertex -62.4996 -75.8697 6
      vertex -62.108 -75.8954 6
    endloop
  endfacet
  facet normal 0.0654873 0.997853 0
    outer loop
      vertex -62.4996 -75.8697 6
      vertex -62.108 -75.8954 0
      vertex -62.4996 -75.8697 0
    endloop
  endfacet
  facet normal -0.0654873 0.997853 0
    outer loop
      vertex -62.4996 -75.8697 0
      vertex -62.8912 -75.8954 6
      vertex -62.4996 -75.8697 6
    endloop
  endfacet
  facet normal -0.0654873 0.997853 0
    outer loop
      vertex -62.8912 -75.8954 6
      vertex -62.4996 -75.8697 0
      vertex -62.8912 -75.8954 0
    endloop
  endfacet
  facet normal -0.19494 0.980815 0
    outer loop
      vertex -62.8912 -75.8954 0
      vertex -63.2761 -75.9719 6
      vertex -62.8912 -75.8954 6
    endloop
  endfacet
  facet normal -0.19494 0.980815 0
    outer loop
      vertex -63.2761 -75.9719 6
      vertex -62.8912 -75.8954 0
      vertex -63.2761 -75.9719 0
    endloop
  endfacet
  facet normal -0.321651 0.946858 0
    outer loop
      vertex -63.2761 -75.9719 0
      vertex -63.6476 -76.0981 6
      vertex -63.2761 -75.9719 6
    endloop
  endfacet
  facet normal -0.321651 0.946858 0
    outer loop
      vertex -63.6476 -76.0981 6
      vertex -63.2761 -75.9719 0
      vertex -63.6476 -76.0981 0
    endloop
  endfacet
  facet normal -0.381999 0.924163 0
    outer loop
      vertex -63.6476 -76.0981 0
      vertex -67 -77.4838 6
      vertex -63.6476 -76.0981 6
    endloop
  endfacet
  facet normal -0.381999 0.924163 0
    outer loop
      vertex -67 -77.4838 6
      vertex -63.6476 -76.0981 0
      vertex -67 -77.4838 0
    endloop
  endfacet
  facet normal 1 -0 0
    outer loop
      vertex -67 -77.4838 6
      vertex -67 63.1869 0
      vertex -67 63.1869 6
    endloop
  endfacet
  facet normal 1 0 0
    outer loop
      vertex -67 63.1869 0
      vertex -67 -77.4838 6
      vertex -67 -77.4838 0
    endloop
  endfacet
  facet normal 0.659261 -0.751914 0
    outer loop
      vertex -67 63.1869 0
      vertex -66.5147 63.6124 6
      vertex -67 63.1869 6
    endloop
  endfacet
  facet normal 0.659261 -0.751914 0
    outer loop
      vertex -66.5147 63.6124 6
      vertex -67 63.1869 0
      vertex -66.5147 63.6124 0
    endloop
  endfacet
  facet normal 0.751874 -0.659307 0
    outer loop
      vertex -66.5147 63.6124 6
      vertex -65.4798 64.7926 0
      vertex -65.4798 64.7926 6
    endloop
  endfacet
  facet normal 0.751874 -0.659307 0
    outer loop
      vertex -65.4798 64.7926 0
      vertex -66.5147 63.6124 6
      vertex -66.5147 63.6124 0
    endloop
  endfacet
  facet normal 0.831452 -0.555597 0
    outer loop
      vertex -65.4798 64.7926 6
      vertex -64.6077 66.0977 0
      vertex -64.6077 66.0977 6
    endloop
  endfacet
  facet normal 0.831452 -0.555597 0
    outer loop
      vertex -64.6077 66.0977 0
      vertex -65.4798 64.7926 6
      vertex -65.4798 64.7926 0
    endloop
  endfacet
  facet normal 0.896885 -0.442263 0
    outer loop
      vertex -64.6077 66.0977 6
      vertex -63.9135 67.5055 0
      vertex -63.9135 67.5055 6
    endloop
  endfacet
  facet normal 0.896885 -0.442263 0
    outer loop
      vertex -63.9135 67.5055 0
      vertex -64.6077 66.0977 6
      vertex -64.6077 66.0977 0
    endloop
  endfacet
  facet normal 0.946923 -0.32146 0
    outer loop
      vertex -63.9135 67.5055 6
      vertex -63.4089 68.9919 0
      vertex -63.4089 68.9919 6
    endloop
  endfacet
  facet normal 0.946923 -0.32146 0
    outer loop
      vertex -63.4089 68.9919 0
      vertex -63.9135 67.5055 6
      vertex -63.9135 67.5055 0
    endloop
  endfacet
  facet normal 0.980788 -0.195075 0
    outer loop
      vertex -63.4089 68.9919 6
      vertex -63.1027 70.5314 0
      vertex -63.1027 70.5314 6
    endloop
  endfacet
  facet normal 0.980788 -0.195075 0
    outer loop
      vertex -63.1027 70.5314 0
      vertex -63.4089 68.9919 6
      vertex -63.4089 68.9919 0
    endloop
  endfacet
  facet normal 0.997857 -0.065428 0
    outer loop
      vertex -63.1027 70.5314 6
      vertex -63 72.0977 0
      vertex -63 72.0977 6
    endloop
  endfacet
  facet normal 0.997857 -0.065428 0
    outer loop
      vertex -63 72.0977 0
      vertex -63.1027 70.5314 6
      vertex -63.1027 70.5314 0
    endloop
  endfacet
  facet normal 0.997857 0.065428 0
    outer loop
      vertex -63 72.0977 6
      vertex -63.1027 73.664 0
      vertex -63.1027 73.664 6
    endloop
  endfacet
  facet normal 0.997857 0.065428 0
    outer loop
      vertex -63.1027 73.664 0
      vertex -63 72.0977 6
      vertex -63 72.0977 0
    endloop
  endfacet
  facet normal 0.980788 0.195075 0
    outer loop
      vertex -63.1027 73.664 6
      vertex -63.4089 75.2035 0
      vertex -63.4089 75.2035 6
    endloop
  endfacet
  facet normal 0.980788 0.195075 0
    outer loop
      vertex -63.4089 75.2035 0
      vertex -63.1027 73.664 6
      vertex -63.1027 73.664 0
    endloop
  endfacet
  facet normal 0.946923 0.32146 0
    outer loop
      vertex -63.4089 75.2035 6
      vertex -63.9135 76.6899 0
      vertex -63.9135 76.6899 6
    endloop
  endfacet
  facet normal 0.946923 0.32146 0
    outer loop
      vertex -63.9135 76.6899 0
      vertex -63.4089 75.2035 6
      vertex -63.4089 75.2035 0
    endloop
  endfacet
  facet normal 0.896885 0.442263 0
    outer loop
      vertex -63.9135 76.6899 6
      vertex -64.6077 78.0977 0
      vertex -64.6077 78.0977 6
    endloop
  endfacet
  facet normal 0.896885 0.442263 0
    outer loop
      vertex -64.6077 78.0977 0
      vertex -63.9135 76.6899 6
      vertex -63.9135 76.6899 0
    endloop
  endfacet
  facet normal 0.831452 0.555597 0
    outer loop
      vertex -64.6077 78.0977 6
      vertex -65.4798 79.4028 0
      vertex -65.4798 79.4028 6
    endloop
  endfacet
  facet normal 0.831452 0.555597 0
    outer loop
      vertex -65.4798 79.4028 0
      vertex -64.6077 78.0977 6
      vertex -64.6077 78.0977 0
    endloop
  endfacet
  facet normal 0.751874 0.659307 0
    outer loop
      vertex -65.4798 79.4028 6
      vertex -66.5147 80.583 0
      vertex -66.5147 80.583 6
    endloop
  endfacet
  facet normal 0.751874 0.659307 0
    outer loop
      vertex -66.5147 80.583 0
      vertex -65.4798 79.4028 6
      vertex -65.4798 79.4028 0
    endloop
  endfacet
  facet normal 0.659343 0.751842 -0
    outer loop
      vertex -66.5147 80.583 0
      vertex -67.6949 81.618 6
      vertex -66.5147 80.583 6
    endloop
  endfacet
  facet normal 0.659343 0.751842 0
    outer loop
      vertex -67.6949 81.618 6
      vertex -66.5147 80.583 0
      vertex -67.6949 81.618 0
    endloop
  endfacet
  facet normal 0.555553 0.831481 -0
    outer loop
      vertex -67.6949 81.618 0
      vertex -69 82.49 6
      vertex -67.6949 81.618 6
    endloop
  endfacet
  facet normal 0.555553 0.831481 0
    outer loop
      vertex -69 82.49 6
      vertex -67.6949 81.618 0
      vertex -69 82.49 0
    endloop
  endfacet
  facet normal 0.442314 0.89686 -0
    outer loop
      vertex -69 82.49 0
      vertex -70.4078 83.1843 6
      vertex -69 82.49 6
    endloop
  endfacet
  facet normal 0.442314 0.89686 0
    outer loop
      vertex -70.4078 83.1843 6
      vertex -69 82.49 0
      vertex -70.4078 83.1843 0
    endloop
  endfacet
  facet normal 0.321402 0.946943 -0
    outer loop
      vertex -70.4078 83.1843 0
      vertex -71.8942 83.6888 6
      vertex -70.4078 83.1843 6
    endloop
  endfacet
  facet normal 0.321402 0.946943 0
    outer loop
      vertex -71.8942 83.6888 6
      vertex -70.4078 83.1843 0
      vertex -71.8942 83.6888 0
    endloop
  endfacet
  facet normal 0.195075 0.980788 -0
    outer loop
      vertex -71.8942 83.6888 0
      vertex -73.4337 83.995 6
      vertex -71.8942 83.6888 6
    endloop
  endfacet
  facet normal 0.195075 0.980788 0
    outer loop
      vertex -73.4337 83.995 6
      vertex -71.8942 83.6888 0
      vertex -73.4337 83.995 0
    endloop
  endfacet
  facet normal 0.065428 0.997857 -0
    outer loop
      vertex -73.4337 83.995 0
      vertex -75 84.0977 6
      vertex -73.4337 83.995 6
    endloop
  endfacet
  facet normal 0.065428 0.997857 0
    outer loop
      vertex -75 84.0977 6
      vertex -73.4337 83.995 0
      vertex -75 84.0977 0
    endloop
  endfacet
  facet normal -0.065428 0.997857 0
    outer loop
      vertex -75 84.0977 0
      vertex -76.5663 83.995 6
      vertex -75 84.0977 6
    endloop
  endfacet
  facet normal -0.065428 0.997857 0
    outer loop
      vertex -76.5663 83.995 6
      vertex -75 84.0977 0
      vertex -76.5663 83.995 0
    endloop
  endfacet
  facet normal -0.195075 0.980788 0
    outer loop
      vertex -76.5663 83.995 0
      vertex -78.1058 83.6888 6
      vertex -76.5663 83.995 6
    endloop
  endfacet
  facet normal -0.195075 0.980788 0
    outer loop
      vertex -78.1058 83.6888 6
      vertex -76.5663 83.995 0
      vertex -78.1058 83.6888 0
    endloop
  endfacet
  facet normal -0.321402 0.946943 0
    outer loop
      vertex -78.1058 83.6888 0
      vertex -79.5922 83.1843 6
      vertex -78.1058 83.6888 6
    endloop
  endfacet
  facet normal -0.321402 0.946943 0
    outer loop
      vertex -79.5922 83.1843 6
      vertex -78.1058 83.6888 0
      vertex -79.5922 83.1843 0
    endloop
  endfacet
  facet normal -0.442314 0.89686 0
    outer loop
      vertex -79.5922 83.1843 0
      vertex -81 82.49 6
      vertex -79.5922 83.1843 6
    endloop
  endfacet
  facet normal -0.442314 0.89686 0
    outer loop
      vertex -81 82.49 6
      vertex -79.5922 83.1843 0
      vertex -81 82.49 0
    endloop
  endfacet
  facet normal -0.555553 0.831481 0
    outer loop
      vertex -81 82.49 0
      vertex -82.3051 81.618 6
      vertex -81 82.49 6
    endloop
  endfacet
  facet normal -0.555553 0.831481 0
    outer loop
      vertex -82.3051 81.618 6
      vertex -81 82.49 0
      vertex -82.3051 81.618 0
    endloop
  endfacet
  facet normal -0.659343 0.751842 0
    outer loop
      vertex -82.3051 81.618 0
      vertex -83.4853 80.583 6
      vertex -82.3051 81.618 6
    endloop
  endfacet
  facet normal -0.659343 0.751842 0
    outer loop
      vertex -83.4853 80.583 6
      vertex -82.3051 81.618 0
      vertex -83.4853 80.583 0
    endloop
  endfacet
  facet normal -0.751874 0.659307 0
    outer loop
      vertex -84.5202 79.4028 0
      vertex -83.4853 80.583 6
      vertex -83.4853 80.583 0
    endloop
  endfacet
  facet normal -0.751874 0.659307 0
    outer loop
      vertex -83.4853 80.583 6
      vertex -84.5202 79.4028 0
      vertex -84.5202 79.4028 6
    endloop
  endfacet
  facet normal -0.831452 0.555597 0
    outer loop
      vertex -85.3923 78.0977 0
      vertex -84.5202 79.4028 6
      vertex -84.5202 79.4028 0
    endloop
  endfacet
  facet normal -0.831452 0.555597 0
    outer loop
      vertex -84.5202 79.4028 6
      vertex -85.3923 78.0977 0
      vertex -85.3923 78.0977 6
    endloop
  endfacet
  facet normal -0.896885 0.442263 0
    outer loop
      vertex -86.0865 76.6899 0
      vertex -85.3923 78.0977 6
      vertex -85.3923 78.0977 0
    endloop
  endfacet
  facet normal -0.896885 0.442263 0
    outer loop
      vertex -85.3923 78.0977 6
      vertex -86.0865 76.6899 0
      vertex -86.0865 76.6899 6
    endloop
  endfacet
  facet normal -0.946923 0.32146 0
    outer loop
      vertex -86.5911 75.2035 0
      vertex -86.0865 76.6899 6
      vertex -86.0865 76.6899 0
    endloop
  endfacet
  facet normal -0.946923 0.32146 0
    outer loop
      vertex -86.0865 76.6899 6
      vertex -86.5911 75.2035 0
      vertex -86.5911 75.2035 6
    endloop
  endfacet
  facet normal -0.980788 0.195075 0
    outer loop
      vertex -86.8973 73.664 0
      vertex -86.5911 75.2035 6
      vertex -86.5911 75.2035 0
    endloop
  endfacet
  facet normal -0.980788 0.195075 0
    outer loop
      vertex -86.5911 75.2035 6
      vertex -86.8973 73.664 0
      vertex -86.8973 73.664 6
    endloop
  endfacet
  facet normal -0.997857 0.065428 0
    outer loop
      vertex -87 72.0977 0
      vertex -86.8973 73.664 6
      vertex -86.8973 73.664 0
    endloop
  endfacet
  facet normal -0.997857 0.065428 0
    outer loop
      vertex -86.8973 73.664 6
      vertex -87 72.0977 0
      vertex -87 72.0977 6
    endloop
  endfacet
  facet normal -0.997857 -0.065428 0
    outer loop
      vertex -86.8973 70.5314 0
      vertex -87 72.0977 6
      vertex -87 72.0977 0
    endloop
  endfacet
  facet normal -0.997857 -0.065428 0
    outer loop
      vertex -87 72.0977 6
      vertex -86.8973 70.5314 0
      vertex -86.8973 70.5314 6
    endloop
  endfacet
  facet normal -0.980788 -0.195075 0
    outer loop
      vertex -86.5911 68.9919 0
      vertex -86.8973 70.5314 6
      vertex -86.8973 70.5314 0
    endloop
  endfacet
  facet normal -0.980788 -0.195075 0
    outer loop
      vertex -86.8973 70.5314 6
      vertex -86.5911 68.9919 0
      vertex -86.5911 68.9919 6
    endloop
  endfacet
  facet normal -0.946923 -0.32146 0
    outer loop
      vertex -86.0865 67.5055 0
      vertex -86.5911 68.9919 6
      vertex -86.5911 68.9919 0
    endloop
  endfacet
  facet normal -0.946923 -0.32146 0
    outer loop
      vertex -86.5911 68.9919 6
      vertex -86.0865 67.5055 0
      vertex -86.0865 67.5055 6
    endloop
  endfacet
  facet normal -0.896885 -0.442263 0
    outer loop
      vertex -85.3923 66.0977 0
      vertex -86.0865 67.5055 6
      vertex -86.0865 67.5055 0
    endloop
  endfacet
  facet normal -0.896885 -0.442263 0
    outer loop
      vertex -86.0865 67.5055 6
      vertex -85.3923 66.0977 0
      vertex -85.3923 66.0977 6
    endloop
  endfacet
  facet normal -0.831452 -0.555597 0
    outer loop
      vertex -84.5202 64.7926 0
      vertex -85.3923 66.0977 6
      vertex -85.3923 66.0977 0
    endloop
  endfacet
  facet normal -0.831452 -0.555597 0
    outer loop
      vertex -85.3923 66.0977 6
      vertex -84.5202 64.7926 0
      vertex -84.5202 64.7926 6
    endloop
  endfacet
  facet normal -0.751874 -0.659307 0
    outer loop
      vertex -83.4853 63.6124 0
      vertex -84.5202 64.7926 6
      vertex -84.5202 64.7926 0
    endloop
  endfacet
  facet normal -0.751874 -0.659307 0
    outer loop
      vertex -84.5202 64.7926 6
      vertex -83.4853 63.6124 0
      vertex -83.4853 63.6124 6
    endloop
  endfacet
  facet normal -0.659261 -0.751914 0
    outer loop
      vertex -83.4853 63.6124 0
      vertex -83 63.1869 6
      vertex -83.4853 63.6124 6
    endloop
  endfacet
  facet normal -0.659261 -0.751914 -0
    outer loop
      vertex -83 63.1869 6
      vertex -83.4853 63.6124 0
      vertex -83 63.1869 0
    endloop
  endfacet
  facet normal -1 0 0
    outer loop
      vertex -83 -84.0977 0
      vertex -83 63.1869 6
      vertex -83 63.1869 0
    endloop
  endfacet
  facet normal -1 -0 0
    outer loop
      vertex -83 63.1869 6
      vertex -83 -84.0977 0
      vertex -83 -84.0977 6
    endloop
  endfacet
  facet normal -0.461762 0.887004 0
    outer loop
      vertex -83 -84.0977 0
      vertex -91.4059 -88.4737 6
      vertex -83 -84.0977 6
    endloop
  endfacet
  facet normal -0.461762 0.887004 0
    outer loop
      vertex -91.4059 -88.4737 6
      vertex -83 -84.0977 0
      vertex -91.4059 -88.4737 0
    endloop
  endfacet
  facet normal -0.555699 0.831383 0
    outer loop
      vertex -91.4059 -88.4737 0
      vertex -91.7322 -88.6918 6
      vertex -91.4059 -88.4737 6
    endloop
  endfacet
  facet normal -0.555699 0.831383 0
    outer loop
      vertex -91.7322 -88.6918 6
      vertex -91.4059 -88.4737 0
      vertex -91.7322 -88.6918 0
    endloop
  endfacet
  facet normal -0.659208 0.751961 0
    outer loop
      vertex -91.7322 -88.6918 0
      vertex -92.0273 -88.9505 6
      vertex -91.7322 -88.6918 6
    endloop
  endfacet
  facet normal -0.659208 0.751961 0
    outer loop
      vertex -92.0273 -88.9505 6
      vertex -91.7322 -88.6918 0
      vertex -92.0273 -88.9505 0
    endloop
  endfacet
  facet normal -0.75185 0.659334 0
    outer loop
      vertex -92.286 -89.2455 0
      vertex -92.0273 -88.9505 6
      vertex -92.0273 -88.9505 0
    endloop
  endfacet
  facet normal -0.75185 0.659334 0
    outer loop
      vertex -92.0273 -88.9505 6
      vertex -92.286 -89.2455 0
      vertex -92.286 -89.2455 6
    endloop
  endfacet
  facet normal -0.831501 0.555523 0
    outer loop
      vertex -92.504 -89.5718 0
      vertex -92.286 -89.2455 6
      vertex -92.286 -89.2455 0
    endloop
  endfacet
  facet normal -0.831501 0.555523 0
    outer loop
      vertex -92.286 -89.2455 6
      vertex -92.504 -89.5718 0
      vertex -92.504 -89.5718 6
    endloop
  endfacet
  facet normal -0.89686 0.442315 0
    outer loop
      vertex -92.6776 -89.9238 0
      vertex -92.504 -89.5718 6
      vertex -92.504 -89.5718 0
    endloop
  endfacet
  facet normal -0.89686 0.442315 0
    outer loop
      vertex -92.504 -89.5718 6
      vertex -92.6776 -89.9238 0
      vertex -92.6776 -89.9238 6
    endloop
  endfacet
  facet normal -0.946962 0.321345 0
    outer loop
      vertex -92.8037 -90.2954 0
      vertex -92.6776 -89.9238 6
      vertex -92.6776 -89.9238 0
    endloop
  endfacet
  facet normal -0.946962 0.321345 0
    outer loop
      vertex -92.6776 -89.9238 6
      vertex -92.8037 -90.2954 0
      vertex -92.8037 -90.2954 6
    endloop
  endfacet
  facet normal -0.980757 0.195234 0
    outer loop
      vertex -92.8803 -90.6802 0
      vertex -92.8037 -90.2954 6
      vertex -92.8037 -90.2954 0
    endloop
  endfacet
  facet normal -0.980757 0.195234 0
    outer loop
      vertex -92.8037 -90.2954 6
      vertex -92.8803 -90.6802 0
      vertex -92.8803 -90.6802 6
    endloop
  endfacet
  facet normal -0.99787 0.0652336 0
    outer loop
      vertex -92.9059 -91.0718 0
      vertex -92.8803 -90.6802 6
      vertex -92.8803 -90.6802 0
    endloop
  endfacet
  facet normal -0.99787 0.0652336 0
    outer loop
      vertex -92.8803 -90.6802 6
      vertex -92.9059 -91.0718 0
      vertex -92.9059 -91.0718 6
    endloop
  endfacet
  facet normal -0.99787 -0.0652336 0
    outer loop
      vertex -92.8803 -91.4634 0
      vertex -92.9059 -91.0718 6
      vertex -92.9059 -91.0718 0
    endloop
  endfacet
  facet normal -0.99787 -0.0652336 0
    outer loop
      vertex -92.9059 -91.0718 6
      vertex -92.8803 -91.4634 0
      vertex -92.8803 -91.4634 6
    endloop
  endfacet
  facet normal -0.980766 -0.195185 0
    outer loop
      vertex -92.8037 -91.8483 0
      vertex -92.8803 -91.4634 6
      vertex -92.8803 -91.4634 0
    endloop
  endfacet
  facet normal -0.980766 -0.195185 0
    outer loop
      vertex -92.8803 -91.4634 6
      vertex -92.8037 -91.8483 0
      vertex -92.8037 -91.8483 6
    endloop
  endfacet
  facet normal -0.946962 -0.321345 0
    outer loop
      vertex -92.6776 -92.2199 0
      vertex -92.8037 -91.8483 6
      vertex -92.8037 -91.8483 0
    endloop
  endfacet
  facet normal -0.946962 -0.321345 0
    outer loop
      vertex -92.8037 -91.8483 6
      vertex -92.6776 -92.2199 0
      vertex -92.6776 -92.2199 6
    endloop
  endfacet
  facet normal -0.913608 -0.406595 0
    outer loop
      vertex -90.0028 -98.2301 0
      vertex -92.6776 -92.2199 6
      vertex -92.6776 -92.2199 0
    endloop
  endfacet
  facet normal -0.913608 -0.406595 0
    outer loop
      vertex -92.6776 -92.2199 6
      vertex -90.0028 -98.2301 0
      vertex -90.0028 -98.2301 6
    endloop
  endfacet
  facet normal -0.913498 -0.406844 0
    outer loop
      vertex -89.7994 -98.6868 0
      vertex -90.0028 -98.2301 6
      vertex -90.0028 -98.2301 0
    endloop
  endfacet
  facet normal -0.913498 -0.406844 0
    outer loop
      vertex -90.0028 -98.2301 6
      vertex -89.7994 -98.6868 0
      vertex -89.7994 -98.6868 6
    endloop
  endfacet
  facet normal 0.406737 -0.913545 0
    outer loop
      vertex -89.7994 -98.6868 0
      vertex -56.9118 -84.0443 6
      vertex -89.7994 -98.6868 6
    endloop
  endfacet
  facet normal 0.406737 -0.913545 0
    outer loop
      vertex -56.9118 -84.0443 6
      vertex -89.7994 -98.6868 0
      vertex -56.9118 -84.0443 0
    endloop
  endfacet
  facet normal 0.195112 0.980781 -0
    outer loop
      vertex -75.6689 67.0166 0
      vertex -76.3264 67.1474 6
      vertex -75.6689 67.0166 6
    endloop
  endfacet
  facet normal 0.195112 0.980781 0
    outer loop
      vertex -76.3264 67.1474 6
      vertex -75.6689 67.0166 0
      vertex -76.3264 67.1474 0
    endloop
  endfacet
  facet normal 0.321325 0.946969 -0
    outer loop
      vertex -76.3264 67.1474 0
      vertex -76.9612 67.3628 6
      vertex -76.3264 67.1474 6
    endloop
  endfacet
  facet normal 0.321325 0.946969 0
    outer loop
      vertex -76.9612 67.3628 6
      vertex -76.3264 67.1474 0
      vertex -76.9612 67.3628 0
    endloop
  endfacet
  facet normal 0.442255 0.89689 -0
    outer loop
      vertex -76.9612 67.3628 0
      vertex -77.5625 67.6593 6
      vertex -76.9612 67.3628 6
    endloop
  endfacet
  facet normal 0.442255 0.89689 0
    outer loop
      vertex -77.5625 67.6593 6
      vertex -76.9612 67.3628 0
      vertex -77.5625 67.6593 0
    endloop
  endfacet
  facet normal 0.555629 0.83143 -0
    outer loop
      vertex -77.5625 67.6593 0
      vertex -78.1199 68.0318 6
      vertex -77.5625 67.6593 6
    endloop
  endfacet
  facet normal 0.555629 0.83143 0
    outer loop
      vertex -78.1199 68.0318 6
      vertex -77.5625 67.6593 0
      vertex -78.1199 68.0318 0
    endloop
  endfacet
  facet normal 0.659349 0.751837 -0
    outer loop
      vertex -78.1199 68.0318 0
      vertex -78.6239 68.4738 6
      vertex -78.1199 68.0318 6
    endloop
  endfacet
  facet normal 0.659349 0.751837 0
    outer loop
      vertex -78.6239 68.4738 6
      vertex -78.1199 68.0318 0
      vertex -78.6239 68.4738 0
    endloop
  endfacet
  facet normal 0.751837 0.659349 0
    outer loop
      vertex -78.6239 68.4738 6
      vertex -79.0659 68.9778 0
      vertex -79.0659 68.9778 6
    endloop
  endfacet
  facet normal 0.751837 0.659349 0
    outer loop
      vertex -79.0659 68.9778 0
      vertex -78.6239 68.4738 6
      vertex -78.6239 68.4738 0
    endloop
  endfacet
  facet normal 0.83143 0.555629 0
    outer loop
      vertex -79.0659 68.9778 6
      vertex -79.4384 69.5352 0
      vertex -79.4384 69.5352 6
    endloop
  endfacet
  facet normal 0.83143 0.555629 0
    outer loop
      vertex -79.4384 69.5352 0
      vertex -79.0659 68.9778 6
      vertex -79.0659 68.9778 0
    endloop
  endfacet
  facet normal 0.89689 0.442255 0
    outer loop
      vertex -79.4384 69.5352 6
      vertex -79.7349 70.1365 0
      vertex -79.7349 70.1365 6
    endloop
  endfacet
  facet normal 0.89689 0.442255 0
    outer loop
      vertex -79.7349 70.1365 0
      vertex -79.4384 69.5352 6
      vertex -79.4384 69.5352 0
    endloop
  endfacet
  facet normal 0.946924 0.321459 0
    outer loop
      vertex -79.7349 70.1365 6
      vertex -79.9504 70.7713 0
      vertex -79.9504 70.7713 6
    endloop
  endfacet
  facet normal 0.946924 0.321459 0
    outer loop
      vertex -79.9504 70.7713 0
      vertex -79.7349 70.1365 6
      vertex -79.7349 70.1365 0
    endloop
  endfacet
  facet normal 0.98081 0.194969 0
    outer loop
      vertex -79.9504 70.7713 6
      vertex -80.0811 71.4288 0
      vertex -80.0811 71.4288 6
    endloop
  endfacet
  facet normal 0.98081 0.194969 0
    outer loop
      vertex -80.0811 71.4288 0
      vertex -79.9504 70.7713 6
      vertex -79.9504 70.7713 0
    endloop
  endfacet
  facet normal 0.997853 0.0654892 0
    outer loop
      vertex -80.0811 71.4288 6
      vertex -80.125 72.0977 0
      vertex -80.125 72.0977 6
    endloop
  endfacet
  facet normal 0.997853 0.0654892 0
    outer loop
      vertex -80.125 72.0977 0
      vertex -80.0811 71.4288 6
      vertex -80.0811 71.4288 0
    endloop
  endfacet
  facet normal 0.997854 -0.0654795 0
    outer loop
      vertex -80.125 72.0977 6
      vertex -80.0811 72.7667 0
      vertex -80.0811 72.7667 6
    endloop
  endfacet
  facet normal 0.997854 -0.0654795 0
    outer loop
      vertex -80.0811 72.7667 0
      vertex -80.125 72.0977 6
      vertex -80.125 72.0977 0
    endloop
  endfacet
  facet normal 0.98081 -0.194969 0
    outer loop
      vertex -80.0811 72.7667 6
      vertex -79.9504 73.4242 0
      vertex -79.9504 73.4242 6
    endloop
  endfacet
  facet normal 0.98081 -0.194969 0
    outer loop
      vertex -79.9504 73.4242 0
      vertex -80.0811 72.7667 6
      vertex -80.0811 72.7667 0
    endloop
  endfacet
  facet normal 0.946924 -0.321459 0
    outer loop
      vertex -79.9504 73.4242 6
      vertex -79.7349 74.059 0
      vertex -79.7349 74.059 6
    endloop
  endfacet
  facet normal 0.946924 -0.321459 0
    outer loop
      vertex -79.7349 74.059 0
      vertex -79.9504 73.4242 6
      vertex -79.9504 73.4242 0
    endloop
  endfacet
  facet normal 0.89686 -0.442314 0
    outer loop
      vertex -79.7349 74.059 6
      vertex -79.4384 74.6602 0
      vertex -79.4384 74.6602 6
    endloop
  endfacet
  facet normal 0.89686 -0.442314 0
    outer loop
      vertex -79.4384 74.6602 0
      vertex -79.7349 74.059 6
      vertex -79.7349 74.059 0
    endloop
  endfacet
  facet normal 0.83143 -0.555629 0
    outer loop
      vertex -79.4384 74.6602 6
      vertex -79.0659 75.2176 0
      vertex -79.0659 75.2176 6
    endloop
  endfacet
  facet normal 0.83143 -0.555629 0
    outer loop
      vertex -79.0659 75.2176 0
      vertex -79.4384 74.6602 6
      vertex -79.4384 74.6602 0
    endloop
  endfacet
  facet normal 0.751837 -0.659349 0
    outer loop
      vertex -79.0659 75.2176 6
      vertex -78.6239 75.7216 0
      vertex -78.6239 75.7216 6
    endloop
  endfacet
  facet normal 0.751837 -0.659349 0
    outer loop
      vertex -78.6239 75.7216 0
      vertex -79.0659 75.2176 6
      vertex -79.0659 75.2176 0
    endloop
  endfacet
  facet normal 0.659433 -0.751763 0
    outer loop
      vertex -78.6239 75.7216 0
      vertex -78.1199 76.1637 6
      vertex -78.6239 75.7216 6
    endloop
  endfacet
  facet normal 0.659433 -0.751763 0
    outer loop
      vertex -78.1199 76.1637 6
      vertex -78.6239 75.7216 0
      vertex -78.1199 76.1637 0
    endloop
  endfacet
  facet normal 0.555526 -0.831499 0
    outer loop
      vertex -78.1199 76.1637 0
      vertex -77.5625 76.5361 6
      vertex -78.1199 76.1637 6
    endloop
  endfacet
  facet normal 0.555526 -0.831499 0
    outer loop
      vertex -77.5625 76.5361 6
      vertex -78.1199 76.1637 0
      vertex -77.5625 76.5361 0
    endloop
  endfacet
  facet normal 0.442255 -0.89689 0
    outer loop
      vertex -77.5625 76.5361 0
      vertex -76.9612 76.8326 6
      vertex -77.5625 76.5361 6
    endloop
  endfacet
  facet normal 0.442255 -0.89689 0
    outer loop
      vertex -76.9612 76.8326 6
      vertex -77.5625 76.5361 0
      vertex -76.9612 76.8326 0
    endloop
  endfacet
  facet normal 0.321459 -0.946924 0
    outer loop
      vertex -76.9612 76.8326 0
      vertex -76.3264 77.0481 6
      vertex -76.9612 76.8326 6
    endloop
  endfacet
  facet normal 0.321459 -0.946924 0
    outer loop
      vertex -76.3264 77.0481 6
      vertex -76.9612 76.8326 0
      vertex -76.3264 77.0481 0
    endloop
  endfacet
  facet normal 0.195112 -0.980781 0
    outer loop
      vertex -76.3264 77.0481 0
      vertex -75.6689 77.1789 6
      vertex -76.3264 77.0481 6
    endloop
  endfacet
  facet normal 0.195112 -0.980781 0
    outer loop
      vertex -75.6689 77.1789 6
      vertex -76.3264 77.0481 0
      vertex -75.6689 77.1789 0
    endloop
  endfacet
  facet normal 0.0653407 -0.997863 0
    outer loop
      vertex -75.6689 77.1789 0
      vertex -75 77.2227 6
      vertex -75.6689 77.1789 6
    endloop
  endfacet
  facet normal 0.0653407 -0.997863 0
    outer loop
      vertex -75 77.2227 6
      vertex -75.6689 77.1789 0
      vertex -75 77.2227 0
    endloop
  endfacet
  facet normal -0.0653407 -0.997863 0
    outer loop
      vertex -75 77.2227 0
      vertex -74.3311 77.1789 6
      vertex -75 77.2227 6
    endloop
  endfacet
  facet normal -0.0653407 -0.997863 -0
    outer loop
      vertex -74.3311 77.1789 6
      vertex -75 77.2227 0
      vertex -74.3311 77.1789 0
    endloop
  endfacet
  facet normal -0.195112 -0.980781 0
    outer loop
      vertex -74.3311 77.1789 0
      vertex -73.6736 77.0481 6
      vertex -74.3311 77.1789 6
    endloop
  endfacet
  facet normal -0.195112 -0.980781 -0
    outer loop
      vertex -73.6736 77.0481 6
      vertex -74.3311 77.1789 0
      vertex -73.6736 77.0481 0
    endloop
  endfacet
  facet normal -0.321459 -0.946924 0
    outer loop
      vertex -73.6736 77.0481 0
      vertex -73.0388 76.8326 6
      vertex -73.6736 77.0481 6
    endloop
  endfacet
  facet normal -0.321459 -0.946924 -0
    outer loop
      vertex -73.0388 76.8326 6
      vertex -73.6736 77.0481 0
      vertex -73.0388 76.8326 0
    endloop
  endfacet
  facet normal -0.442255 -0.89689 0
    outer loop
      vertex -73.0388 76.8326 0
      vertex -72.4375 76.5361 6
      vertex -73.0388 76.8326 6
    endloop
  endfacet
  facet normal -0.442255 -0.89689 -0
    outer loop
      vertex -72.4375 76.5361 6
      vertex -73.0388 76.8326 0
      vertex -72.4375 76.5361 0
    endloop
  endfacet
  facet normal -0.555526 -0.831499 0
    outer loop
      vertex -72.4375 76.5361 0
      vertex -71.8801 76.1637 6
      vertex -72.4375 76.5361 6
    endloop
  endfacet
  facet normal -0.555526 -0.831499 -0
    outer loop
      vertex -71.8801 76.1637 6
      vertex -72.4375 76.5361 0
      vertex -71.8801 76.1637 0
    endloop
  endfacet
  facet normal -0.659433 -0.751763 0
    outer loop
      vertex -71.8801 76.1637 0
      vertex -71.3761 75.7216 6
      vertex -71.8801 76.1637 6
    endloop
  endfacet
  facet normal -0.659433 -0.751763 -0
    outer loop
      vertex -71.3761 75.7216 6
      vertex -71.8801 76.1637 0
      vertex -71.3761 75.7216 0
    endloop
  endfacet
  facet normal -0.751837 -0.659349 0
    outer loop
      vertex -70.9341 75.2176 0
      vertex -71.3761 75.7216 6
      vertex -71.3761 75.7216 0
    endloop
  endfacet
  facet normal -0.751837 -0.659349 0
    outer loop
      vertex -71.3761 75.7216 6
      vertex -70.9341 75.2176 0
      vertex -70.9341 75.2176 6
    endloop
  endfacet
  facet normal -0.83143 -0.555629 0
    outer loop
      vertex -70.5616 74.6602 0
      vertex -70.9341 75.2176 6
      vertex -70.9341 75.2176 0
    endloop
  endfacet
  facet normal -0.83143 -0.555629 0
    outer loop
      vertex -70.9341 75.2176 6
      vertex -70.5616 74.6602 0
      vertex -70.5616 74.6602 6
    endloop
  endfacet
  facet normal -0.89686 -0.442314 0
    outer loop
      vertex -70.2651 74.059 0
      vertex -70.5616 74.6602 6
      vertex -70.5616 74.6602 0
    endloop
  endfacet
  facet normal -0.89686 -0.442314 0
    outer loop
      vertex -70.5616 74.6602 6
      vertex -70.2651 74.059 0
      vertex -70.2651 74.059 6
    endloop
  endfacet
  facet normal -0.946924 -0.321459 0
    outer loop
      vertex -70.0496 73.4242 0
      vertex -70.2651 74.059 6
      vertex -70.2651 74.059 0
    endloop
  endfacet
  facet normal -0.946924 -0.321459 0
    outer loop
      vertex -70.2651 74.059 6
      vertex -70.0496 73.4242 0
      vertex -70.0496 73.4242 6
    endloop
  endfacet
  facet normal -0.98081 -0.194969 0
    outer loop
      vertex -69.9189 72.7667 0
      vertex -70.0496 73.4242 6
      vertex -70.0496 73.4242 0
    endloop
  endfacet
  facet normal -0.98081 -0.194969 0
    outer loop
      vertex -70.0496 73.4242 6
      vertex -69.9189 72.7667 0
      vertex -69.9189 72.7667 6
    endloop
  endfacet
  facet normal -0.997854 -0.0654795 0
    outer loop
      vertex -69.875 72.0977 0
      vertex -69.9189 72.7667 6
      vertex -69.9189 72.7667 0
    endloop
  endfacet
  facet normal -0.997854 -0.0654795 0
    outer loop
      vertex -69.9189 72.7667 6
      vertex -69.875 72.0977 0
      vertex -69.875 72.0977 6
    endloop
  endfacet
  facet normal -0.997853 0.0654892 0
    outer loop
      vertex -69.9189 71.4288 0
      vertex -69.875 72.0977 6
      vertex -69.875 72.0977 0
    endloop
  endfacet
  facet normal -0.997853 0.0654892 0
    outer loop
      vertex -69.875 72.0977 6
      vertex -69.9189 71.4288 0
      vertex -69.9189 71.4288 6
    endloop
  endfacet
  facet normal -0.98081 0.194969 0
    outer loop
      vertex -70.0496 70.7713 0
      vertex -69.9189 71.4288 6
      vertex -69.9189 71.4288 0
    endloop
  endfacet
  facet normal -0.98081 0.194969 0
    outer loop
      vertex -69.9189 71.4288 6
      vertex -70.0496 70.7713 0
      vertex -70.0496 70.7713 6
    endloop
  endfacet
  facet normal -0.946924 0.321459 0
    outer loop
      vertex -70.2651 70.1365 0
      vertex -70.0496 70.7713 6
      vertex -70.0496 70.7713 0
    endloop
  endfacet
  facet normal -0.946924 0.321459 0
    outer loop
      vertex -70.0496 70.7713 6
      vertex -70.2651 70.1365 0
      vertex -70.2651 70.1365 6
    endloop
  endfacet
  facet normal -0.89689 0.442255 0
    outer loop
      vertex -70.5616 69.5352 0
      vertex -70.2651 70.1365 6
      vertex -70.2651 70.1365 0
    endloop
  endfacet
  facet normal -0.89689 0.442255 0
    outer loop
      vertex -70.2651 70.1365 6
      vertex -70.5616 69.5352 0
      vertex -70.5616 69.5352 6
    endloop
  endfacet
  facet normal -0.83143 0.555629 0
    outer loop
      vertex -70.9341 68.9778 0
      vertex -70.5616 69.5352 6
      vertex -70.5616 69.5352 0
    endloop
  endfacet
  facet normal -0.83143 0.555629 0
    outer loop
      vertex -70.5616 69.5352 6
      vertex -70.9341 68.9778 0
      vertex -70.9341 68.9778 6
    endloop
  endfacet
  facet normal -0.751837 0.659349 0
    outer loop
      vertex -71.3761 68.4738 0
      vertex -70.9341 68.9778 6
      vertex -70.9341 68.9778 0
    endloop
  endfacet
  facet normal -0.751837 0.659349 0
    outer loop
      vertex -70.9341 68.9778 6
      vertex -71.3761 68.4738 0
      vertex -71.3761 68.4738 6
    endloop
  endfacet
  facet normal -0.659349 0.751837 0
    outer loop
      vertex -71.3761 68.4738 0
      vertex -71.8801 68.0318 6
      vertex -71.3761 68.4738 6
    endloop
  endfacet
  facet normal -0.659349 0.751837 0
    outer loop
      vertex -71.8801 68.0318 6
      vertex -71.3761 68.4738 0
      vertex -71.8801 68.0318 0
    endloop
  endfacet
  facet normal -0.555629 0.83143 0
    outer loop
      vertex -71.8801 68.0318 0
      vertex -72.4375 67.6593 6
      vertex -71.8801 68.0318 6
    endloop
  endfacet
  facet normal -0.555629 0.83143 0
    outer loop
      vertex -72.4375 67.6593 6
      vertex -71.8801 68.0318 0
      vertex -72.4375 67.6593 0
    endloop
  endfacet
  facet normal -0.442255 0.89689 0
    outer loop
      vertex -72.4375 67.6593 0
      vertex -73.0388 67.3628 6
      vertex -72.4375 67.6593 6
    endloop
  endfacet
  facet normal -0.442255 0.89689 0
    outer loop
      vertex -73.0388 67.3628 6
      vertex -72.4375 67.6593 0
      vertex -73.0388 67.3628 0
    endloop
  endfacet
  facet normal -0.321325 0.946969 0
    outer loop
      vertex -73.0388 67.3628 0
      vertex -73.6736 67.1474 6
      vertex -73.0388 67.3628 6
    endloop
  endfacet
  facet normal -0.321325 0.946969 0
    outer loop
      vertex -73.6736 67.1474 6
      vertex -73.0388 67.3628 0
      vertex -73.6736 67.1474 0
    endloop
  endfacet
  facet normal -0.195112 0.980781 0
    outer loop
      vertex -73.6736 67.1474 0
      vertex -74.3311 67.0166 6
      vertex -73.6736 67.1474 6
    endloop
  endfacet
  facet normal -0.195112 0.980781 0
    outer loop
      vertex -74.3311 67.0166 6
      vertex -73.6736 67.1474 0
      vertex -74.3311 67.0166 0
    endloop
  endfacet
  facet normal -0.0654892 0.997853 0
    outer loop
      vertex -74.3311 67.0166 0
      vertex -75 66.9727 6
      vertex -74.3311 67.0166 6
    endloop
  endfacet
  facet normal -0.0654892 0.997853 0
    outer loop
      vertex -75 66.9727 6
      vertex -74.3311 67.0166 0
      vertex -75 66.9727 0
    endloop
  endfacet
  facet normal 0.0654892 0.997853 -0
    outer loop
      vertex -75 66.9727 0
      vertex -75.6689 67.0166 6
      vertex -75 66.9727 6
    endloop
  endfacet
  facet normal 0.0654892 0.997853 0
    outer loop
      vertex -75.6689 67.0166 6
      vertex -75 66.9727 0
      vertex -75.6689 67.0166 0
    endloop
  endfacet
  facet normal 0.194969 0.98081 -0
    outer loop
      vertex -75.6689 -42.447 0
      vertex -76.3264 -42.3163 6
      vertex -75.6689 -42.447 6
    endloop
  endfacet
  facet normal 0.194969 0.98081 0
    outer loop
      vertex -76.3264 -42.3163 6
      vertex -75.6689 -42.447 0
      vertex -76.3264 -42.3163 0
    endloop
  endfacet
  facet normal 0.321459 0.946924 -0
    outer loop
      vertex -76.3264 -42.3163 0
      vertex -76.9612 -42.1008 6
      vertex -76.3264 -42.3163 6
    endloop
  endfacet
  facet normal 0.321459 0.946924 0
    outer loop
      vertex -76.9612 -42.1008 6
      vertex -76.3264 -42.3163 0
      vertex -76.9612 -42.1008 0
    endloop
  endfacet
  facet normal 0.442255 0.89689 -0
    outer loop
      vertex -76.9612 -42.1008 0
      vertex -77.5625 -41.8043 6
      vertex -76.9612 -42.1008 6
    endloop
  endfacet
  facet normal 0.442255 0.89689 0
    outer loop
      vertex -77.5625 -41.8043 6
      vertex -76.9612 -42.1008 0
      vertex -77.5625 -41.8043 0
    endloop
  endfacet
  facet normal 0.555629 0.83143 -0
    outer loop
      vertex -77.5625 -41.8043 0
      vertex -78.1199 -41.4318 6
      vertex -77.5625 -41.8043 6
    endloop
  endfacet
  facet normal 0.555629 0.83143 0
    outer loop
      vertex -78.1199 -41.4318 6
      vertex -77.5625 -41.8043 0
      vertex -78.1199 -41.4318 0
    endloop
  endfacet
  facet normal 0.659349 0.751837 -0
    outer loop
      vertex -78.1199 -41.4318 0
      vertex -78.6239 -40.9898 6
      vertex -78.1199 -41.4318 6
    endloop
  endfacet
  facet normal 0.659349 0.751837 0
    outer loop
      vertex -78.6239 -40.9898 6
      vertex -78.1199 -41.4318 0
      vertex -78.6239 -40.9898 0
    endloop
  endfacet
  facet normal 0.751837 0.659349 0
    outer loop
      vertex -78.6239 -40.9898 6
      vertex -79.0659 -40.4858 0
      vertex -79.0659 -40.4858 6
    endloop
  endfacet
  facet normal 0.751837 0.659349 0
    outer loop
      vertex -79.0659 -40.4858 0
      vertex -78.6239 -40.9898 6
      vertex -78.6239 -40.9898 0
    endloop
  endfacet
  facet normal 0.83143 0.555629 0
    outer loop
      vertex -79.0659 -40.4858 6
      vertex -79.4384 -39.9284 0
      vertex -79.4384 -39.9284 6
    endloop
  endfacet
  facet normal 0.83143 0.555629 0
    outer loop
      vertex -79.4384 -39.9284 0
      vertex -79.0659 -40.4858 6
      vertex -79.0659 -40.4858 0
    endloop
  endfacet
  facet normal 0.89689 0.442255 0
    outer loop
      vertex -79.4384 -39.9284 6
      vertex -79.7349 -39.3271 0
      vertex -79.7349 -39.3271 6
    endloop
  endfacet
  facet normal 0.89689 0.442255 0
    outer loop
      vertex -79.7349 -39.3271 0
      vertex -79.4384 -39.9284 6
      vertex -79.4384 -39.9284 0
    endloop
  endfacet
  facet normal 0.946924 0.321459 0
    outer loop
      vertex -79.7349 -39.3271 6
      vertex -79.9504 -38.6923 0
      vertex -79.9504 -38.6923 6
    endloop
  endfacet
  facet normal 0.946924 0.321459 0
    outer loop
      vertex -79.9504 -38.6923 0
      vertex -79.7349 -39.3271 6
      vertex -79.7349 -39.3271 0
    endloop
  endfacet
  facet normal 0.98081 0.194969 0
    outer loop
      vertex -79.9504 -38.6923 6
      vertex -80.0811 -38.0348 0
      vertex -80.0811 -38.0348 6
    endloop
  endfacet
  facet normal 0.98081 0.194969 0
    outer loop
      vertex -80.0811 -38.0348 0
      vertex -79.9504 -38.6923 6
      vertex -79.9504 -38.6923 0
    endloop
  endfacet
  facet normal 0.997853 0.0654892 0
    outer loop
      vertex -80.0811 -38.0348 6
      vertex -80.125 -37.3659 0
      vertex -80.125 -37.3659 6
    endloop
  endfacet
  facet normal 0.997853 0.0654892 0
    outer loop
      vertex -80.125 -37.3659 0
      vertex -80.0811 -38.0348 6
      vertex -80.0811 -38.0348 0
    endloop
  endfacet
  facet normal 0.997853 -0.0654892 0
    outer loop
      vertex -80.125 -37.3659 6
      vertex -80.0811 -36.697 0
      vertex -80.0811 -36.697 6
    endloop
  endfacet
  facet normal 0.997853 -0.0654892 0
    outer loop
      vertex -80.0811 -36.697 0
      vertex -80.125 -37.3659 6
      vertex -80.125 -37.3659 0
    endloop
  endfacet
  facet normal 0.98081 -0.194969 0
    outer loop
      vertex -80.0811 -36.697 6
      vertex -79.9504 -36.0395 0
      vertex -79.9504 -36.0395 6
    endloop
  endfacet
  facet normal 0.98081 -0.194969 0
    outer loop
      vertex -79.9504 -36.0395 0
      vertex -80.0811 -36.697 6
      vertex -80.0811 -36.697 0
    endloop
  endfacet
  facet normal 0.946939 -0.321413 0
    outer loop
      vertex -79.9504 -36.0395 6
      vertex -79.7349 -35.4046 0
      vertex -79.7349 -35.4046 6
    endloop
  endfacet
  facet normal 0.946939 -0.321413 0
    outer loop
      vertex -79.7349 -35.4046 0
      vertex -79.9504 -36.0395 6
      vertex -79.9504 -36.0395 0
    endloop
  endfacet
  facet normal 0.89686 -0.442314 0
    outer loop
      vertex -79.7349 -35.4046 6
      vertex -79.4384 -34.8034 0
      vertex -79.4384 -34.8034 6
    endloop
  endfacet
  facet normal 0.89686 -0.442314 0
    outer loop
      vertex -79.4384 -34.8034 0
      vertex -79.7349 -35.4046 6
      vertex -79.7349 -35.4046 0
    endloop
  endfacet
  facet normal 0.83143 -0.555629 0
    outer loop
      vertex -79.4384 -34.8034 6
      vertex -79.0659 -34.246 0
      vertex -79.0659 -34.246 6
    endloop
  endfacet
  facet normal 0.83143 -0.555629 0
    outer loop
      vertex -79.0659 -34.246 0
      vertex -79.4384 -34.8034 6
      vertex -79.4384 -34.8034 0
    endloop
  endfacet
  facet normal 0.751837 -0.659349 0
    outer loop
      vertex -79.0659 -34.246 6
      vertex -78.6239 -33.742 0
      vertex -78.6239 -33.742 6
    endloop
  endfacet
  facet normal 0.751837 -0.659349 0
    outer loop
      vertex -78.6239 -33.742 0
      vertex -79.0659 -34.246 6
      vertex -79.0659 -34.246 0
    endloop
  endfacet
  facet normal 0.659349 -0.751837 0
    outer loop
      vertex -78.6239 -33.742 0
      vertex -78.1199 -33.3 6
      vertex -78.6239 -33.742 6
    endloop
  endfacet
  facet normal 0.659349 -0.751837 0
    outer loop
      vertex -78.1199 -33.3 6
      vertex -78.6239 -33.742 0
      vertex -78.1199 -33.3 0
    endloop
  endfacet
  facet normal 0.555629 -0.83143 0
    outer loop
      vertex -78.1199 -33.3 0
      vertex -77.5625 -32.9275 6
      vertex -78.1199 -33.3 6
    endloop
  endfacet
  facet normal 0.555629 -0.83143 0
    outer loop
      vertex -77.5625 -32.9275 6
      vertex -78.1199 -33.3 0
      vertex -77.5625 -32.9275 0
    endloop
  endfacet
  facet normal 0.442255 -0.89689 0
    outer loop
      vertex -77.5625 -32.9275 0
      vertex -76.9612 -32.631 6
      vertex -77.5625 -32.9275 6
    endloop
  endfacet
  facet normal 0.442255 -0.89689 0
    outer loop
      vertex -76.9612 -32.631 6
      vertex -77.5625 -32.9275 0
      vertex -76.9612 -32.631 0
    endloop
  endfacet
  facet normal 0.321459 -0.946924 0
    outer loop
      vertex -76.9612 -32.631 0
      vertex -76.3264 -32.4155 6
      vertex -76.9612 -32.631 6
    endloop
  endfacet
  facet normal 0.321459 -0.946924 0
    outer loop
      vertex -76.3264 -32.4155 6
      vertex -76.9612 -32.631 0
      vertex -76.3264 -32.4155 0
    endloop
  endfacet
  facet normal 0.195112 -0.980781 0
    outer loop
      vertex -76.3264 -32.4155 0
      vertex -75.6689 -32.2847 6
      vertex -76.3264 -32.4155 6
    endloop
  endfacet
  facet normal 0.195112 -0.980781 0
    outer loop
      vertex -75.6689 -32.2847 6
      vertex -76.3264 -32.4155 0
      vertex -75.6689 -32.2847 0
    endloop
  endfacet
  facet normal 0.0653407 -0.997863 0
    outer loop
      vertex -75.6689 -32.2847 0
      vertex -75 -32.2409 6
      vertex -75.6689 -32.2847 6
    endloop
  endfacet
  facet normal 0.0653407 -0.997863 0
    outer loop
      vertex -75 -32.2409 6
      vertex -75.6689 -32.2847 0
      vertex -75 -32.2409 0
    endloop
  endfacet
  facet normal -0.0653407 -0.997863 0
    outer loop
      vertex -75 -32.2409 0
      vertex -74.3311 -32.2847 6
      vertex -75 -32.2409 6
    endloop
  endfacet
  facet normal -0.0653407 -0.997863 -0
    outer loop
      vertex -74.3311 -32.2847 6
      vertex -75 -32.2409 0
      vertex -74.3311 -32.2847 0
    endloop
  endfacet
  facet normal -0.195112 -0.980781 0
    outer loop
      vertex -74.3311 -32.2847 0
      vertex -73.6736 -32.4155 6
      vertex -74.3311 -32.2847 6
    endloop
  endfacet
  facet normal -0.195112 -0.980781 -0
    outer loop
      vertex -73.6736 -32.4155 6
      vertex -74.3311 -32.2847 0
      vertex -73.6736 -32.4155 0
    endloop
  endfacet
  facet normal -0.321459 -0.946924 0
    outer loop
      vertex -73.6736 -32.4155 0
      vertex -73.0388 -32.631 6
      vertex -73.6736 -32.4155 6
    endloop
  endfacet
  facet normal -0.321459 -0.946924 -0
    outer loop
      vertex -73.0388 -32.631 6
      vertex -73.6736 -32.4155 0
      vertex -73.0388 -32.631 0
    endloop
  endfacet
  facet normal -0.442255 -0.89689 0
    outer loop
      vertex -73.0388 -32.631 0
      vertex -72.4375 -32.9275 6
      vertex -73.0388 -32.631 6
    endloop
  endfacet
  facet normal -0.442255 -0.89689 -0
    outer loop
      vertex -72.4375 -32.9275 6
      vertex -73.0388 -32.631 0
      vertex -72.4375 -32.9275 0
    endloop
  endfacet
  facet normal -0.555629 -0.83143 0
    outer loop
      vertex -72.4375 -32.9275 0
      vertex -71.8801 -33.3 6
      vertex -72.4375 -32.9275 6
    endloop
  endfacet
  facet normal -0.555629 -0.83143 -0
    outer loop
      vertex -71.8801 -33.3 6
      vertex -72.4375 -32.9275 0
      vertex -71.8801 -33.3 0
    endloop
  endfacet
  facet normal -0.659349 -0.751837 0
    outer loop
      vertex -71.8801 -33.3 0
      vertex -71.3761 -33.742 6
      vertex -71.8801 -33.3 6
    endloop
  endfacet
  facet normal -0.659349 -0.751837 -0
    outer loop
      vertex -71.3761 -33.742 6
      vertex -71.8801 -33.3 0
      vertex -71.3761 -33.742 0
    endloop
  endfacet
  facet normal -0.751837 -0.659349 0
    outer loop
      vertex -70.9341 -34.246 0
      vertex -71.3761 -33.742 6
      vertex -71.3761 -33.742 0
    endloop
  endfacet
  facet normal -0.751837 -0.659349 0
    outer loop
      vertex -71.3761 -33.742 6
      vertex -70.9341 -34.246 0
      vertex -70.9341 -34.246 6
    endloop
  endfacet
  facet normal -0.83143 -0.555629 0
    outer loop
      vertex -70.5616 -34.8034 0
      vertex -70.9341 -34.246 6
      vertex -70.9341 -34.246 0
    endloop
  endfacet
  facet normal -0.83143 -0.555629 0
    outer loop
      vertex -70.9341 -34.246 6
      vertex -70.5616 -34.8034 0
      vertex -70.5616 -34.8034 6
    endloop
  endfacet
  facet normal -0.89686 -0.442314 0
    outer loop
      vertex -70.2651 -35.4046 0
      vertex -70.5616 -34.8034 6
      vertex -70.5616 -34.8034 0
    endloop
  endfacet
  facet normal -0.89686 -0.442314 0
    outer loop
      vertex -70.5616 -34.8034 6
      vertex -70.2651 -35.4046 0
      vertex -70.2651 -35.4046 6
    endloop
  endfacet
  facet normal -0.946939 -0.321413 0
    outer loop
      vertex -70.0496 -36.0395 0
      vertex -70.2651 -35.4046 6
      vertex -70.2651 -35.4046 0
    endloop
  endfacet
  facet normal -0.946939 -0.321413 0
    outer loop
      vertex -70.2651 -35.4046 6
      vertex -70.0496 -36.0395 0
      vertex -70.0496 -36.0395 6
    endloop
  endfacet
  facet normal -0.98081 -0.194969 0
    outer loop
      vertex -69.9189 -36.697 0
      vertex -70.0496 -36.0395 6
      vertex -70.0496 -36.0395 0
    endloop
  endfacet
  facet normal -0.98081 -0.194969 0
    outer loop
      vertex -70.0496 -36.0395 6
      vertex -69.9189 -36.697 0
      vertex -69.9189 -36.697 6
    endloop
  endfacet
  facet normal -0.997853 -0.0654892 0
    outer loop
      vertex -69.875 -37.3659 0
      vertex -69.9189 -36.697 6
      vertex -69.9189 -36.697 0
    endloop
  endfacet
  facet normal -0.997853 -0.0654892 0
    outer loop
      vertex -69.9189 -36.697 6
      vertex -69.875 -37.3659 0
      vertex -69.875 -37.3659 6
    endloop
  endfacet
  facet normal -0.997853 0.0654892 0
    outer loop
      vertex -69.9189 -38.0348 0
      vertex -69.875 -37.3659 6
      vertex -69.875 -37.3659 0
    endloop
  endfacet
  facet normal -0.997853 0.0654892 0
    outer loop
      vertex -69.875 -37.3659 6
      vertex -69.9189 -38.0348 0
      vertex -69.9189 -38.0348 6
    endloop
  endfacet
  facet normal -0.98081 0.194969 0
    outer loop
      vertex -70.0496 -38.6923 0
      vertex -69.9189 -38.0348 6
      vertex -69.9189 -38.0348 0
    endloop
  endfacet
  facet normal -0.98081 0.194969 0
    outer loop
      vertex -69.9189 -38.0348 6
      vertex -70.0496 -38.6923 0
      vertex -70.0496 -38.6923 6
    endloop
  endfacet
  facet normal -0.946924 0.321459 0
    outer loop
      vertex -70.2651 -39.3271 0
      vertex -70.0496 -38.6923 6
      vertex -70.0496 -38.6923 0
    endloop
  endfacet
  facet normal -0.946924 0.321459 0
    outer loop
      vertex -70.0496 -38.6923 6
      vertex -70.2651 -39.3271 0
      vertex -70.2651 -39.3271 6
    endloop
  endfacet
  facet normal -0.89689 0.442255 0
    outer loop
      vertex -70.5616 -39.9284 0
      vertex -70.2651 -39.3271 6
      vertex -70.2651 -39.3271 0
    endloop
  endfacet
  facet normal -0.89689 0.442255 0
    outer loop
      vertex -70.2651 -39.3271 6
      vertex -70.5616 -39.9284 0
      vertex -70.5616 -39.9284 6
    endloop
  endfacet
  facet normal -0.83143 0.555629 0
    outer loop
      vertex -70.9341 -40.4858 0
      vertex -70.5616 -39.9284 6
      vertex -70.5616 -39.9284 0
    endloop
  endfacet
  facet normal -0.83143 0.555629 0
    outer loop
      vertex -70.5616 -39.9284 6
      vertex -70.9341 -40.4858 0
      vertex -70.9341 -40.4858 6
    endloop
  endfacet
  facet normal -0.751837 0.659349 0
    outer loop
      vertex -71.3761 -40.9898 0
      vertex -70.9341 -40.4858 6
      vertex -70.9341 -40.4858 0
    endloop
  endfacet
  facet normal -0.751837 0.659349 0
    outer loop
      vertex -70.9341 -40.4858 6
      vertex -71.3761 -40.9898 0
      vertex -71.3761 -40.9898 6
    endloop
  endfacet
  facet normal -0.659349 0.751837 0
    outer loop
      vertex -71.3761 -40.9898 0
      vertex -71.8801 -41.4318 6
      vertex -71.3761 -40.9898 6
    endloop
  endfacet
  facet normal -0.659349 0.751837 0
    outer loop
      vertex -71.8801 -41.4318 6
      vertex -71.3761 -40.9898 0
      vertex -71.8801 -41.4318 0
    endloop
  endfacet
  facet normal -0.555629 0.83143 0
    outer loop
      vertex -71.8801 -41.4318 0
      vertex -72.4375 -41.8043 6
      vertex -71.8801 -41.4318 6
    endloop
  endfacet
  facet normal -0.555629 0.83143 0
    outer loop
      vertex -72.4375 -41.8043 6
      vertex -71.8801 -41.4318 0
      vertex -72.4375 -41.8043 0
    endloop
  endfacet
  facet normal -0.442255 0.89689 0
    outer loop
      vertex -72.4375 -41.8043 0
      vertex -73.0388 -42.1008 6
      vertex -72.4375 -41.8043 6
    endloop
  endfacet
  facet normal -0.442255 0.89689 0
    outer loop
      vertex -73.0388 -42.1008 6
      vertex -72.4375 -41.8043 0
      vertex -73.0388 -42.1008 0
    endloop
  endfacet
  facet normal -0.321459 0.946924 0
    outer loop
      vertex -73.0388 -42.1008 0
      vertex -73.6736 -42.3163 6
      vertex -73.0388 -42.1008 6
    endloop
  endfacet
  facet normal -0.321459 0.946924 0
    outer loop
      vertex -73.6736 -42.3163 6
      vertex -73.0388 -42.1008 0
      vertex -73.6736 -42.3163 0
    endloop
  endfacet
  facet normal -0.194969 0.98081 0
    outer loop
      vertex -73.6736 -42.3163 0
      vertex -74.3311 -42.447 6
      vertex -73.6736 -42.3163 6
    endloop
  endfacet
  facet normal -0.194969 0.98081 0
    outer loop
      vertex -74.3311 -42.447 6
      vertex -73.6736 -42.3163 0
      vertex -74.3311 -42.447 0
    endloop
  endfacet
  facet normal -0.0654892 0.997853 0
    outer loop
      vertex -74.3311 -42.447 0
      vertex -75 -42.4909 6
      vertex -74.3311 -42.447 6
    endloop
  endfacet
  facet normal -0.0654892 0.997853 0
    outer loop
      vertex -75 -42.4909 6
      vertex -74.3311 -42.447 0
      vertex -75 -42.4909 0
    endloop
  endfacet
  facet normal 0.0654892 0.997853 -0
    outer loop
      vertex -75 -42.4909 0
      vertex -75.6689 -42.447 6
      vertex -75 -42.4909 6
    endloop
  endfacet
  facet normal 0.0654892 0.997853 0
    outer loop
      vertex -75.6689 -42.447 6
      vertex -75 -42.4909 0
      vertex -75.6689 -42.447 0
    endloop
  endfacet
  facet normal 0 0 -1
    outer loop
      vertex -35.0496 -36.0395 0
      vertex -32 63.1869 0
      vertex -34.9189 -36.697 0
    endloop
  endfacet
  facet normal 0 0 -1
    outer loop
      vertex -32 63.1869 0
      vertex -34.9189 71.4288 0
      vertex -34.875 72.0977 0
    endloop
  endfacet
  facet normal 0 0 -1
    outer loop
      vertex -35.2651 -35.4046 0
      vertex -32 63.1869 0
      vertex -35.0496 -36.0395 0
    endloop
  endfacet
  facet normal 0 0 -1
    outer loop
      vertex -32 63.1869 0
      vertex -35.0496 70.7713 0
      vertex -34.9189 71.4288 0
    endloop
  endfacet
  facet normal 0 0 -1
    outer loop
      vertex -35.5616 -34.8034 0
      vertex -32 63.1869 0
      vertex -35.2651 -35.4046 0
    endloop
  endfacet
  facet normal 0 0 -1
    outer loop
      vertex -32 63.1869 0
      vertex -35.2651 70.1365 0
      vertex -35.0496 70.7713 0
    endloop
  endfacet
  facet normal 0 0 -1
    outer loop
      vertex -35.9341 -34.246 0
      vertex -32 63.1869 0
      vertex -35.5616 -34.8034 0
    endloop
  endfacet
  facet normal 0 0 -1
    outer loop
      vertex -32 63.1869 0
      vertex -35.5616 69.5352 0
      vertex -35.2651 70.1365 0
    endloop
  endfacet
  facet normal 0 0 -1
    outer loop
      vertex -36.3761 -33.742 0
      vertex -32 63.1869 0
      vertex -35.9341 -34.246 0
    endloop
  endfacet
  facet normal 0 0 -1
    outer loop
      vertex -32 63.1869 0
      vertex -35.9341 68.9778 0
      vertex -35.5616 69.5352 0
    endloop
  endfacet
  facet normal 0 0 -1
    outer loop
      vertex -36.8801 -33.3 0
      vertex -32 63.1869 0
      vertex -36.3761 -33.742 0
    endloop
  endfacet
  facet normal 0 0 -1
    outer loop
      vertex -32 63.1869 0
      vertex -36.3761 68.4738 0
      vertex -35.9341 68.9778 0
    endloop
  endfacet
  facet normal 0 0 -1
    outer loop
      vertex -37.4375 -32.9275 0
      vertex -32 63.1869 0
      vertex -36.8801 -33.3 0
    endloop
  endfacet
  facet normal 0 0 -1
    outer loop
      vertex -32 63.1869 0
      vertex -36.8801 68.0318 0
      vertex -36.3761 68.4738 0
    endloop
  endfacet
  facet normal 0 0 -1
    outer loop
      vertex -38.0388 -32.631 0
      vertex -32 63.1869 0
      vertex -37.4375 -32.9275 0
    endloop
  endfacet
  facet normal 0 0 -1
    outer loop
      vertex -32 63.1869 0
      vertex -37.4375 67.6593 0
      vertex -36.8801 68.0318 0
    endloop
  endfacet
  facet normal 0 0 -1
    outer loop
      vertex -38.6736 -32.4155 0
      vertex -32 63.1869 0
      vertex -38.0388 -32.631 0
    endloop
  endfacet
  facet normal 0 0 -1
    outer loop
      vertex -32 63.1869 0
      vertex -38.0388 67.3628 0
      vertex -37.4375 67.6593 0
    endloop
  endfacet
  facet normal 0 0 -1
    outer loop
      vertex -39.3311 -32.2847 0
      vertex -32 63.1869 0
      vertex -38.6736 -32.4155 0
    endloop
  endfacet
  facet normal 0 0 -1
    outer loop
      vertex -32 63.1869 0
      vertex -38.6736 67.1474 0
      vertex -38.0388 67.3628 0
    endloop
  endfacet
  facet normal 0 0 -1
    outer loop
      vertex -40 -32.2409 0
      vertex -32 63.1869 0
      vertex -39.3311 -32.2847 0
    endloop
  endfacet
  facet normal 0 -0 -1
    outer loop
      vertex -40 66.9727 0
      vertex -32 63.1869 0
      vertex -48 63.1869 0
    endloop
  endfacet
  facet normal -0 0 -1
    outer loop
      vertex -32 63.1869 0
      vertex -40 -32.2409 0
      vertex -48 63.1869 0
    endloop
  endfacet
  facet normal 0 0 -1
    outer loop
      vertex -32 63.1869 0
      vertex -39.3311 67.0166 0
      vertex -38.6736 67.1474 0
    endloop
  endfacet
  facet normal 0 0 -1
    outer loop
      vertex -48 63.1869 0
      vertex -40 -32.2409 0
      vertex -40.6689 -32.2847 0
    endloop
  endfacet
  facet normal 0 0 -1
    outer loop
      vertex -32 63.1869 0
      vertex -40 66.9727 0
      vertex -39.3311 67.0166 0
    endloop
  endfacet
  facet normal 0 0 -1
    outer loop
      vertex -48 63.1869 0
      vertex -40.6689 -32.2847 0
      vertex -41.3264 -32.4155 0
    endloop
  endfacet
  facet normal -0 0 -1
    outer loop
      vertex -40 66.9727 0
      vertex -48 63.1869 0
      vertex -40.6689 67.0166 0
    endloop
  endfacet
  facet normal 0 0 -1
    outer loop
      vertex -48 63.1869 0
      vertex -41.3264 -32.4155 0
      vertex -41.9612 -32.631 0
    endloop
  endfacet
  facet normal -0 0 -1
    outer loop
      vertex -40.6689 67.0166 0
      vertex -48 63.1869 0
      vertex -41.3264 67.1474 0
    endloop
  endfacet
  facet normal 0 0 -1
    outer loop
      vertex -48 63.1869 0
      vertex -41.9612 -32.631 0
      vertex -42.5625 -32.9275 0
    endloop
  endfacet
  facet normal -0 0 -1
    outer loop
      vertex -41.3264 67.1474 0
      vertex -48 63.1869 0
      vertex -41.9612 67.3628 0
    endloop
  endfacet
  facet normal 0 0 -1
    outer loop
      vertex -48 63.1869 0
      vertex -42.5625 -32.9275 0
      vertex -43.1199 -33.3 0
    endloop
  endfacet
  facet normal -0 0 -1
    outer loop
      vertex -41.9612 67.3628 0
      vertex -48 63.1869 0
      vertex -42.5625 67.6593 0
    endloop
  endfacet
  facet normal 0 0 -1
    outer loop
      vertex -48 63.1869 0
      vertex -43.1199 -33.3 0
      vertex -43.6239 -33.742 0
    endloop
  endfacet
  facet normal -0 0 -1
    outer loop
      vertex -42.5625 67.6593 0
      vertex -48 63.1869 0
      vertex -43.1199 68.0318 0
    endloop
  endfacet
  facet normal 0 0 -1
    outer loop
      vertex -48 63.1869 0
      vertex -43.6239 -33.742 0
      vertex -44.0659 -34.246 0
    endloop
  endfacet
  facet normal -0 0 -1
    outer loop
      vertex -43.1199 68.0318 0
      vertex -48 63.1869 0
      vertex -43.6239 68.4738 0
    endloop
  endfacet
  facet normal 0 0 -1
    outer loop
      vertex -48 63.1869 0
      vertex -44.0659 -34.246 0
      vertex -44.4384 -34.8034 0
    endloop
  endfacet
  facet normal 0 0 -1
    outer loop
      vertex -48.4853 63.6124 0
      vertex -43.6239 68.4738 0
      vertex -48 63.1869 0
    endloop
  endfacet
  facet normal 0 0 -1
    outer loop
      vertex -48 63.1869 0
      vertex -44.4384 -34.8034 0
      vertex -44.7349 -35.4046 0
    endloop
  endfacet
  facet normal -0 0 -1
    outer loop
      vertex -43.6239 68.4738 0
      vertex -48.4853 63.6124 0
      vertex -44.0659 68.9778 0
    endloop
  endfacet
  facet normal 0 0 -1
    outer loop
      vertex -48 63.1869 0
      vertex -44.7349 -35.4046 0
      vertex -44.9504 -36.0395 0
    endloop
  endfacet
  facet normal 0 0 -1
    outer loop
      vertex -49.5202 64.7926 0
      vertex -44.0659 68.9778 0
      vertex -48.4853 63.6124 0
    endloop
  endfacet
  facet normal 0 0 -1
    outer loop
      vertex -48 63.1869 0
      vertex -44.9504 -36.0395 0
      vertex -45.0811 -36.697 0
    endloop
  endfacet
  facet normal -0 0 -1
    outer loop
      vertex -44.0659 68.9778 0
      vertex -49.5202 64.7926 0
      vertex -44.4384 69.5352 0
    endloop
  endfacet
  facet normal 0 0 -1
    outer loop
      vertex -48 63.1869 0
      vertex -45.0811 -36.697 0
      vertex -45.125 -37.3659 0
    endloop
  endfacet
  facet normal 0 0 -1
    outer loop
      vertex -50.3923 66.0977 0
      vertex -44.4384 69.5352 0
      vertex -49.5202 64.7926 0
    endloop
  endfacet
  facet normal 0 0 -1
    outer loop
      vertex -32 -77.4838 0
      vertex -22.1152 -83.5876 0
      vertex -21.9118 -84.0443 0
    endloop
  endfacet
  facet normal 0 0 -1
    outer loop
      vertex -22.1152 -83.5876 0
      vertex -32 -77.4838 0
      vertex -24.728 -77.7217 0
    endloop
  endfacet
  facet normal 0 -0 -1
    outer loop
      vertex -28.6476 -76.0981 0
      vertex -24.728 -77.7217 0
      vertex -32 -77.4838 0
    endloop
  endfacet
  facet normal 0 0 -1
    outer loop
      vertex -24.728 -77.7217 0
      vertex -28.6476 -76.0981 0
      vertex -24.9015 -77.3697 0
    endloop
  endfacet
  facet normal 0 0 -1
    outer loop
      vertex -24.9015 -77.3697 0
      vertex -28.6476 -76.0981 0
      vertex -25.1195 -77.0434 0
    endloop
  endfacet
  facet normal 0 0 -1
    outer loop
      vertex -25.3783 -76.7484 0
      vertex -28.6476 -76.0981 0
      vertex -25.6733 -76.4897 0
    endloop
  endfacet
  facet normal 0 0 -1
    outer loop
      vertex -25.6733 -76.4897 0
      vertex -28.6476 -76.0981 0
      vertex -25.9996 -76.2717 0
    endloop
  endfacet
  facet normal 0 0 -1
    outer loop
      vertex -25.9996 -76.2717 0
      vertex -28.6476 -76.0981 0
      vertex -26.3515 -76.0981 0
    endloop
  endfacet
  facet normal 0 0 -1
    outer loop
      vertex -26.3515 -76.0981 0
      vertex -28.6476 -76.0981 0
      vertex -26.7231 -75.9719 0
    endloop
  endfacet
  facet normal -0 0 -1
    outer loop
      vertex -26.7231 -75.9719 0
      vertex -28.6476 -76.0981 0
      vertex -27.108 -75.8954 0
    endloop
  endfacet
  facet normal -0 0 -1
    outer loop
      vertex -27.108 -75.8954 0
      vertex -28.6476 -76.0981 0
      vertex -27.4996 -75.8697 0
    endloop
  endfacet
  facet normal 0 0 -1
    outer loop
      vertex -27.4996 -75.8697 0
      vertex -28.6476 -76.0981 0
      vertex -27.8912 -75.8954 0
    endloop
  endfacet
  facet normal 0 0 -1
    outer loop
      vertex -27.8912 -75.8954 0
      vertex -28.6476 -76.0981 0
      vertex -28.2761 -75.9719 0
    endloop
  endfacet
  facet normal 0 0 -1
    outer loop
      vertex -25.1195 -77.0434 0
      vertex -28.6476 -76.0981 0
      vertex -25.3783 -76.7484 0
    endloop
  endfacet
  facet normal 0 0 -1
    outer loop
      vertex -34.875 -37.3659 0
      vertex -32 63.1869 0
      vertex -32 -77.4838 0
    endloop
  endfacet
  facet normal 0 0 -1
    outer loop
      vertex -34.9189 -36.697 0
      vertex -32 63.1869 0
      vertex -34.875 -37.3659 0
    endloop
  endfacet
  facet normal 0 0 -1
    outer loop
      vertex -32 63.1869 0
      vertex -34.875 72.0977 0
      vertex -32.6949 81.618 0
    endloop
  endfacet
  facet normal 0 0 -1
    outer loop
      vertex -32 -77.4838 0
      vertex -34.9189 -38.0348 0
      vertex -34.875 -37.3659 0
    endloop
  endfacet
  facet normal 0 0 -1
    outer loop
      vertex -32 -77.4838 0
      vertex -35.0496 -38.6923 0
      vertex -34.9189 -38.0348 0
    endloop
  endfacet
  facet normal 0 0 -1
    outer loop
      vertex -32 -77.4838 0
      vertex -35.2651 -39.3271 0
      vertex -35.0496 -38.6923 0
    endloop
  endfacet
  facet normal 0 0 -1
    outer loop
      vertex -32 -77.4838 0
      vertex -35.5616 -39.9284 0
      vertex -35.2651 -39.3271 0
    endloop
  endfacet
  facet normal 0 0 -1
    outer loop
      vertex -32 -77.4838 0
      vertex -35.9341 -40.4858 0
      vertex -35.5616 -39.9284 0
    endloop
  endfacet
  facet normal 0 0 -1
    outer loop
      vertex -32 -77.4838 0
      vertex -36.3761 -40.9898 0
      vertex -35.9341 -40.4858 0
    endloop
  endfacet
  facet normal 0 0 -1
    outer loop
      vertex -32 -77.4838 0
      vertex -36.8801 -41.4318 0
      vertex -36.3761 -40.9898 0
    endloop
  endfacet
  facet normal 0 0 -1
    outer loop
      vertex -32 -77.4838 0
      vertex -37.4375 -41.8043 0
      vertex -36.8801 -41.4318 0
    endloop
  endfacet
  facet normal 0 0 -1
    outer loop
      vertex -32 -77.4838 0
      vertex -38.0388 -42.1008 0
      vertex -37.4375 -41.8043 0
    endloop
  endfacet
  facet normal 0 0 -1
    outer loop
      vertex -32 -77.4838 0
      vertex -38.6736 -42.3163 0
      vertex -38.0388 -42.1008 0
    endloop
  endfacet
  facet normal 0 0 -1
    outer loop
      vertex -32 -77.4838 0
      vertex -39.3311 -42.447 0
      vertex -38.6736 -42.3163 0
    endloop
  endfacet
  facet normal 0 0 -1
    outer loop
      vertex -32 -77.4838 0
      vertex -40 -42.4909 0
      vertex -39.3311 -42.447 0
    endloop
  endfacet
  facet normal 0 0 -1
    outer loop
      vertex -32 -77.4838 0
      vertex -40.6689 -42.447 0
      vertex -40 -42.4909 0
    endloop
  endfacet
  facet normal 0 0 -1
    outer loop
      vertex -32 -77.4838 0
      vertex -41.3264 -42.3163 0
      vertex -40.6689 -42.447 0
    endloop
  endfacet
  facet normal 0 0 -1
    outer loop
      vertex -48 -84.0977 0
      vertex -41.3264 -42.3163 0
      vertex -32 -77.4838 0
    endloop
  endfacet
  facet normal -0 0 -1
    outer loop
      vertex -41.3264 -42.3163 0
      vertex -48 -84.0977 0
      vertex -41.9612 -42.1008 0
    endloop
  endfacet
  facet normal -0 0 -1
    outer loop
      vertex -41.9612 -42.1008 0
      vertex -48 -84.0977 0
      vertex -42.5625 -41.8043 0
    endloop
  endfacet
  facet normal -0 0 -1
    outer loop
      vertex -42.5625 -41.8043 0
      vertex -48 -84.0977 0
      vertex -43.1199 -41.4318 0
    endloop
  endfacet
  facet normal -0 0 -1
    outer loop
      vertex -43.1199 -41.4318 0
      vertex -48 -84.0977 0
      vertex -43.6239 -40.9898 0
    endloop
  endfacet
  facet normal -0 0 -1
    outer loop
      vertex -43.6239 -40.9898 0
      vertex -48 -84.0977 0
      vertex -44.0659 -40.4858 0
    endloop
  endfacet
  facet normal -0 0 -1
    outer loop
      vertex -44.0659 -40.4858 0
      vertex -48 -84.0977 0
      vertex -44.4384 -39.9284 0
    endloop
  endfacet
  facet normal -0 0 -1
    outer loop
      vertex -44.4384 -39.9284 0
      vertex -48 -84.0977 0
      vertex -44.7349 -39.3271 0
    endloop
  endfacet
  facet normal -0 0 -1
    outer loop
      vertex -44.4384 69.5352 0
      vertex -50.3923 66.0977 0
      vertex -44.7349 70.1365 0
    endloop
  endfacet
  facet normal 0 0 -1
    outer loop
      vertex -51.0865 67.5055 0
      vertex -44.7349 70.1365 0
      vertex -50.3923 66.0977 0
    endloop
  endfacet
  facet normal 0 0 -1
    outer loop
      vertex -48 63.1869 0
      vertex -45.125 -37.3659 0
      vertex -48 -84.0977 0
    endloop
  endfacet
  facet normal -0 0 -1
    outer loop
      vertex -45.0811 -38.0348 0
      vertex -48 -84.0977 0
      vertex -45.125 -37.3659 0
    endloop
  endfacet
  facet normal -0 0 -1
    outer loop
      vertex -44.9504 -38.6923 0
      vertex -48 -84.0977 0
      vertex -45.0811 -38.0348 0
    endloop
  endfacet
  facet normal -0 0 -1
    outer loop
      vertex -44.7349 -39.3271 0
      vertex -48 -84.0977 0
      vertex -44.9504 -38.6923 0
    endloop
  endfacet
  facet normal -0 0 -1
    outer loop
      vertex -21.9118 -84.0443 0
      vertex -48 -84.0977 0
      vertex -32 -77.4838 0
    endloop
  endfacet
  facet normal 0 0 -1
    outer loop
      vertex -54.7994 -98.6868 0
      vertex -48 -84.0977 0
      vertex -21.9118 -84.0443 0
    endloop
  endfacet
  facet normal 0 0 -1
    outer loop
      vertex -55.0028 -98.2301 0
      vertex -48 -84.0977 0
      vertex -54.7994 -98.6868 0
    endloop
  endfacet
  facet normal 0 0 -1
    outer loop
      vertex -55.0028 -98.2301 0
      vertex -56.4059 -88.4737 0
      vertex -48 -84.0977 0
    endloop
  endfacet
  facet normal 0 0 -1
    outer loop
      vertex -57.6776 -92.2199 0
      vertex -56.4059 -88.4737 0
      vertex -55.0028 -98.2301 0
    endloop
  endfacet
  facet normal 0 0 -1
    outer loop
      vertex -56.4059 -88.4737 0
      vertex -57.6776 -92.2199 0
      vertex -56.7322 -88.6918 0
    endloop
  endfacet
  facet normal 0 0 -1
    outer loop
      vertex -56.7322 -88.6918 0
      vertex -57.6776 -92.2199 0
      vertex -57.0273 -88.9505 0
    endloop
  endfacet
  facet normal 0 0 -1
    outer loop
      vertex -57.0273 -88.9505 0
      vertex -57.6776 -92.2199 0
      vertex -57.286 -89.2455 0
    endloop
  endfacet
  facet normal 0 0 -1
    outer loop
      vertex -57.286 -89.2455 0
      vertex -57.6776 -92.2199 0
      vertex -57.504 -89.5718 0
    endloop
  endfacet
  facet normal 0 0 -1
    outer loop
      vertex -57.6776 -92.2199 0
      vertex -57.6776 -89.9238 0
      vertex -57.504 -89.5718 0
    endloop
  endfacet
  facet normal 0 0 -1
    outer loop
      vertex -57.8037 -91.8483 0
      vertex -57.6776 -89.9238 0
      vertex -57.6776 -92.2199 0
    endloop
  endfacet
  facet normal 0 0 -1
    outer loop
      vertex -57.8037 -91.8483 0
      vertex -57.8037 -90.2954 0
      vertex -57.6776 -89.9238 0
    endloop
  endfacet
  facet normal 0 0 -1
    outer loop
      vertex -57.8803 -91.4634 0
      vertex -57.8037 -90.2954 0
      vertex -57.8037 -91.8483 0
    endloop
  endfacet
  facet normal 0 0 -1
    outer loop
      vertex -57.8803 -91.4634 0
      vertex -57.8803 -90.6802 0
      vertex -57.8037 -90.2954 0
    endloop
  endfacet
  facet normal 0 -0 -1
    outer loop
      vertex -57.8803 -90.6802 0
      vertex -57.8803 -91.4634 0
      vertex -57.9059 -91.0718 0
    endloop
  endfacet
  facet normal 0 0 -1
    outer loop
      vertex -28.1027 70.5314 0
      vertex -28.1027 73.664 0
      vertex -28 72.0977 0
    endloop
  endfacet
  facet normal 0 0 -1
    outer loop
      vertex -28.4089 68.9919 0
      vertex -28.1027 73.664 0
      vertex -28.1027 70.5314 0
    endloop
  endfacet
  facet normal 0 0 -1
    outer loop
      vertex -28.4089 68.9919 0
      vertex -28.4089 75.2035 0
      vertex -28.1027 73.664 0
    endloop
  endfacet
  facet normal 0 0 -1
    outer loop
      vertex -28.9135 67.5055 0
      vertex -28.4089 75.2035 0
      vertex -28.4089 68.9919 0
    endloop
  endfacet
  facet normal 0 0 -1
    outer loop
      vertex -28.9135 67.5055 0
      vertex -28.9135 76.6899 0
      vertex -28.4089 75.2035 0
    endloop
  endfacet
  facet normal 0 0 -1
    outer loop
      vertex -29.6077 66.0977 0
      vertex -28.9135 76.6899 0
      vertex -28.9135 67.5055 0
    endloop
  endfacet
  facet normal 0 0 -1
    outer loop
      vertex -29.6077 66.0977 0
      vertex -29.6077 78.0977 0
      vertex -28.9135 76.6899 0
    endloop
  endfacet
  facet normal 0 0 -1
    outer loop
      vertex -30.4798 64.7926 0
      vertex -29.6077 78.0977 0
      vertex -29.6077 66.0977 0
    endloop
  endfacet
  facet normal 0 0 -1
    outer loop
      vertex -32 63.1869 0
      vertex -29.6077 78.0977 0
      vertex -30.4798 64.7926 0
    endloop
  endfacet
  facet normal 0 0 -1
    outer loop
      vertex -32 63.1869 0
      vertex -30.4798 64.7926 0
      vertex -31.5147 63.6124 0
    endloop
  endfacet
  facet normal -0 0 -1
    outer loop
      vertex -29.6077 78.0977 0
      vertex -32 63.1869 0
      vertex -30.4798 79.4028 0
    endloop
  endfacet
  facet normal -0 0 -1
    outer loop
      vertex -30.4798 79.4028 0
      vertex -32 63.1869 0
      vertex -31.5147 80.583 0
    endloop
  endfacet
  facet normal -0 0 -1
    outer loop
      vertex -31.5147 80.583 0
      vertex -32 63.1869 0
      vertex -32.6949 81.618 0
    endloop
  endfacet
  facet normal 0 0 -1
    outer loop
      vertex -34.9189 72.7667 0
      vertex -32.6949 81.618 0
      vertex -34.875 72.0977 0
    endloop
  endfacet
  facet normal 0 0 -1
    outer loop
      vertex -35.0496 73.4242 0
      vertex -32.6949 81.618 0
      vertex -34.9189 72.7667 0
    endloop
  endfacet
  facet normal 0 0 -1
    outer loop
      vertex -35.2651 74.059 0
      vertex -32.6949 81.618 0
      vertex -35.0496 73.4242 0
    endloop
  endfacet
  facet normal 0 0 -1
    outer loop
      vertex -35.5616 74.6602 0
      vertex -32.6949 81.618 0
      vertex -35.2651 74.059 0
    endloop
  endfacet
  facet normal 0 0 -1
    outer loop
      vertex -35.9341 75.2176 0
      vertex -32.6949 81.618 0
      vertex -35.5616 74.6602 0
    endloop
  endfacet
  facet normal 0 0 -1
    outer loop
      vertex -36.3761 75.7216 0
      vertex -32.6949 81.618 0
      vertex -35.9341 75.2176 0
    endloop
  endfacet
  facet normal 0 0 -1
    outer loop
      vertex -36.8801 76.1637 0
      vertex -32.6949 81.618 0
      vertex -36.3761 75.7216 0
    endloop
  endfacet
  facet normal -0 0 -1
    outer loop
      vertex -32.6949 81.618 0
      vertex -36.8801 76.1637 0
      vertex -34 82.49 0
    endloop
  endfacet
  facet normal 0 0 -1
    outer loop
      vertex -37.4375 76.5361 0
      vertex -34 82.49 0
      vertex -36.8801 76.1637 0
    endloop
  endfacet
  facet normal -0 0 -1
    outer loop
      vertex -34 82.49 0
      vertex -37.4375 76.5361 0
      vertex -35.4078 83.1843 0
    endloop
  endfacet
  facet normal 0 0 -1
    outer loop
      vertex -38.0388 76.8326 0
      vertex -35.4078 83.1843 0
      vertex -37.4375 76.5361 0
    endloop
  endfacet
  facet normal -0 0 -1
    outer loop
      vertex -35.4078 83.1843 0
      vertex -38.0388 76.8326 0
      vertex -36.8942 83.6888 0
    endloop
  endfacet
  facet normal 0 0 -1
    outer loop
      vertex -38.6736 77.0481 0
      vertex -36.8942 83.6888 0
      vertex -38.0388 76.8326 0
    endloop
  endfacet
  facet normal -0 0 -1
    outer loop
      vertex -36.8942 83.6888 0
      vertex -38.6736 77.0481 0
      vertex -38.4337 83.995 0
    endloop
  endfacet
  facet normal 0 0 -1
    outer loop
      vertex -39.3311 77.1789 0
      vertex -38.4337 83.995 0
      vertex -38.6736 77.0481 0
    endloop
  endfacet
  facet normal 0 0 -1
    outer loop
      vertex -40 77.2227 0
      vertex -38.4337 83.995 0
      vertex -39.3311 77.1789 0
    endloop
  endfacet
  facet normal 0 0 -1
    outer loop
      vertex -40 77.2227 0
      vertex -40 84.0977 0
      vertex -38.4337 83.995 0
    endloop
  endfacet
  facet normal 0 0 -1
    outer loop
      vertex -40.6689 77.1789 0
      vertex -40 84.0977 0
      vertex -40 77.2227 0
    endloop
  endfacet
  facet normal 0 0 -1
    outer loop
      vertex -41.5663 83.995 0
      vertex -40.6689 77.1789 0
      vertex -41.3264 77.0481 0
    endloop
  endfacet
  facet normal 0 0 -1
    outer loop
      vertex -40.6689 77.1789 0
      vertex -41.5663 83.995 0
      vertex -40 84.0977 0
    endloop
  endfacet
  facet normal 0 0 -1
    outer loop
      vertex -43.1058 83.6888 0
      vertex -41.3264 77.0481 0
      vertex -41.9612 76.8326 0
    endloop
  endfacet
  facet normal 0 0 -1
    outer loop
      vertex -44.5922 83.1843 0
      vertex -41.9612 76.8326 0
      vertex -42.5625 76.5361 0
    endloop
  endfacet
  facet normal 0 0 -1
    outer loop
      vertex -41.3264 77.0481 0
      vertex -43.1058 83.6888 0
      vertex -41.5663 83.995 0
    endloop
  endfacet
  facet normal 0 0 -1
    outer loop
      vertex -46 82.49 0
      vertex -42.5625 76.5361 0
      vertex -43.1199 76.1637 0
    endloop
  endfacet
  facet normal 0 0 -1
    outer loop
      vertex -46 82.49 0
      vertex -43.1199 76.1637 0
      vertex -43.6239 75.7216 0
    endloop
  endfacet
  facet normal 0 0 -1
    outer loop
      vertex -46 82.49 0
      vertex -43.6239 75.7216 0
      vertex -44.0659 75.2176 0
    endloop
  endfacet
  facet normal 0 0 -1
    outer loop
      vertex -46 82.49 0
      vertex -44.0659 75.2176 0
      vertex -44.4384 74.6602 0
    endloop
  endfacet
  facet normal 0 0 -1
    outer loop
      vertex -41.9612 76.8326 0
      vertex -44.5922 83.1843 0
      vertex -43.1058 83.6888 0
    endloop
  endfacet
  facet normal 0 0 -1
    outer loop
      vertex -46 82.49 0
      vertex -44.4384 74.6602 0
      vertex -44.7349 74.059 0
    endloop
  endfacet
  facet normal 0 0 -1
    outer loop
      vertex -46 82.49 0
      vertex -44.7349 74.059 0
      vertex -44.9504 73.4242 0
    endloop
  endfacet
  facet normal 0 0 -1
    outer loop
      vertex -46 82.49 0
      vertex -44.9504 73.4242 0
      vertex -45.0811 72.7667 0
    endloop
  endfacet
  facet normal 0 0 -1
    outer loop
      vertex -46 82.49 0
      vertex -45.0811 72.7667 0
      vertex -45.125 72.0977 0
    endloop
  endfacet
  facet normal 0 0 -1
    outer loop
      vertex -42.5625 76.5361 0
      vertex -46 82.49 0
      vertex -44.5922 83.1843 0
    endloop
  endfacet
  facet normal 0 0 -1
    outer loop
      vertex -45.125 72.0977 0
      vertex -47.3051 81.618 0
      vertex -46 82.49 0
    endloop
  endfacet
  facet normal -0 0 -1
    outer loop
      vertex -44.7349 70.1365 0
      vertex -51.0865 67.5055 0
      vertex -44.9504 70.7713 0
    endloop
  endfacet
  facet normal 0 0 -1
    outer loop
      vertex -45.125 72.0977 0
      vertex -48.4853 80.583 0
      vertex -47.3051 81.618 0
    endloop
  endfacet
  facet normal 0 0 -1
    outer loop
      vertex -51.5911 68.9919 0
      vertex -44.9504 70.7713 0
      vertex -51.0865 67.5055 0
    endloop
  endfacet
  facet normal 0 0 -1
    outer loop
      vertex -45.125 72.0977 0
      vertex -49.5202 79.4028 0
      vertex -48.4853 80.583 0
    endloop
  endfacet
  facet normal -0 0 -1
    outer loop
      vertex -44.9504 70.7713 0
      vertex -51.5911 68.9919 0
      vertex -45.0811 71.4288 0
    endloop
  endfacet
  facet normal 0 0 -1
    outer loop
      vertex -45.125 72.0977 0
      vertex -50.3923 78.0977 0
      vertex -49.5202 79.4028 0
    endloop
  endfacet
  facet normal 0 0 -1
    outer loop
      vertex -51.8973 70.5314 0
      vertex -45.0811 71.4288 0
      vertex -51.5911 68.9919 0
    endloop
  endfacet
  facet normal 0 0 -1
    outer loop
      vertex -45.125 72.0977 0
      vertex -51.0865 76.6899 0
      vertex -50.3923 78.0977 0
    endloop
  endfacet
  facet normal -0 0 -1
    outer loop
      vertex -45.0811 71.4288 0
      vertex -51.8973 70.5314 0
      vertex -45.125 72.0977 0
    endloop
  endfacet
  facet normal 0 0 -1
    outer loop
      vertex -45.125 72.0977 0
      vertex -51.5911 75.2035 0
      vertex -51.0865 76.6899 0
    endloop
  endfacet
  facet normal 0 0 -1
    outer loop
      vertex -52 72.0977 0
      vertex -45.125 72.0977 0
      vertex -51.8973 70.5314 0
    endloop
  endfacet
  facet normal 0 0 -1
    outer loop
      vertex -45.125 72.0977 0
      vertex -51.8973 73.664 0
      vertex -51.5911 75.2035 0
    endloop
  endfacet
  facet normal 0 0 -1
    outer loop
      vertex -45.125 72.0977 0
      vertex -52 72.0977 0
      vertex -51.8973 73.664 0
    endloop
  endfacet
  facet normal 0 0 1
    outer loop
      vertex -34.875 72.0977 6
      vertex -28 72.0977 6
      vertex -28.1027 73.664 6
    endloop
  endfacet
  facet normal 0 0 1
    outer loop
      vertex -34.875 72.0977 6
      vertex -28.1027 73.664 6
      vertex -28.4089 75.2035 6
    endloop
  endfacet
  facet normal 0 0 1
    outer loop
      vertex -28 72.0977 6
      vertex -34.875 72.0977 6
      vertex -28.1027 70.5314 6
    endloop
  endfacet
  facet normal 0 0 1
    outer loop
      vertex -34.875 72.0977 6
      vertex -28.4089 75.2035 6
      vertex -28.9135 76.6899 6
    endloop
  endfacet
  facet normal -0 0 1
    outer loop
      vertex -34.9189 71.4288 6
      vertex -28.1027 70.5314 6
      vertex -34.875 72.0977 6
    endloop
  endfacet
  facet normal 0 0 1
    outer loop
      vertex -34.875 72.0977 6
      vertex -28.9135 76.6899 6
      vertex -29.6077 78.0977 6
    endloop
  endfacet
  facet normal 0 0 1
    outer loop
      vertex -28.1027 70.5314 6
      vertex -34.9189 71.4288 6
      vertex -28.4089 68.9919 6
    endloop
  endfacet
  facet normal 0 0 1
    outer loop
      vertex -34.875 72.0977 6
      vertex -29.6077 78.0977 6
      vertex -30.4798 79.4028 6
    endloop
  endfacet
  facet normal -0 0 1
    outer loop
      vertex -35.0496 70.7713 6
      vertex -28.4089 68.9919 6
      vertex -34.9189 71.4288 6
    endloop
  endfacet
  facet normal 0 0 1
    outer loop
      vertex -34.875 72.0977 6
      vertex -30.4798 79.4028 6
      vertex -31.5147 80.583 6
    endloop
  endfacet
  facet normal 0 0 1
    outer loop
      vertex -28.4089 68.9919 6
      vertex -35.0496 70.7713 6
      vertex -28.9135 67.5055 6
    endloop
  endfacet
  facet normal -0 0 1
    outer loop
      vertex -35.2651 70.1365 6
      vertex -28.9135 67.5055 6
      vertex -35.0496 70.7713 6
    endloop
  endfacet
  facet normal 0 0 1
    outer loop
      vertex -28.9135 67.5055 6
      vertex -35.2651 70.1365 6
      vertex -29.6077 66.0977 6
    endloop
  endfacet
  facet normal 0 0 1
    outer loop
      vertex -34.875 72.0977 6
      vertex -31.5147 80.583 6
      vertex -32.6949 81.618 6
    endloop
  endfacet
  facet normal 0 0 1
    outer loop
      vertex -32 -77.4838 6
      vertex -22.1152 -83.5876 6
      vertex -24.728 -77.7217 6
    endloop
  endfacet
  facet normal 0 0 1
    outer loop
      vertex -28.6476 -76.0981 6
      vertex -24.728 -77.7217 6
      vertex -24.9015 -77.3697 6
    endloop
  endfacet
  facet normal 0 0 1
    outer loop
      vertex -28.6476 -76.0981 6
      vertex -24.9015 -77.3697 6
      vertex -25.1195 -77.0434 6
    endloop
  endfacet
  facet normal 0 0 1
    outer loop
      vertex -28.6476 -76.0981 6
      vertex -25.1195 -77.0434 6
      vertex -25.3783 -76.7484 6
    endloop
  endfacet
  facet normal 0 0 1
    outer loop
      vertex -28.6476 -76.0981 6
      vertex -25.3783 -76.7484 6
      vertex -25.6733 -76.4897 6
    endloop
  endfacet
  facet normal 0 0 1
    outer loop
      vertex -28.6476 -76.0981 6
      vertex -25.6733 -76.4897 6
      vertex -25.9996 -76.2717 6
    endloop
  endfacet
  facet normal -0 0 1
    outer loop
      vertex -28.6476 -76.0981 6
      vertex -25.9996 -76.2717 6
      vertex -26.3515 -76.0981 6
    endloop
  endfacet
  facet normal 0 0 1
    outer loop
      vertex -28.6476 -76.0981 6
      vertex -26.3515 -76.0981 6
      vertex -26.7231 -75.9719 6
    endloop
  endfacet
  facet normal 0 0 1
    outer loop
      vertex -28.6476 -76.0981 6
      vertex -26.7231 -75.9719 6
      vertex -27.108 -75.8954 6
    endloop
  endfacet
  facet normal 0 0 1
    outer loop
      vertex -28.6476 -76.0981 6
      vertex -27.108 -75.8954 6
      vertex -27.4996 -75.8697 6
    endloop
  endfacet
  facet normal 0 0 1
    outer loop
      vertex -28.6476 -76.0981 6
      vertex -27.4996 -75.8697 6
      vertex -27.8912 -75.8954 6
    endloop
  endfacet
  facet normal 0 0 1
    outer loop
      vertex -28.6476 -76.0981 6
      vertex -27.8912 -75.8954 6
      vertex -28.2761 -75.9719 6
    endloop
  endfacet
  facet normal 0 0 1
    outer loop
      vertex -24.728 -77.7217 6
      vertex -28.6476 -76.0981 6
      vertex -32 -77.4838 6
    endloop
  endfacet
  facet normal 0 0 1
    outer loop
      vertex -22.1152 -83.5876 6
      vertex -32 -77.4838 6
      vertex -21.9118 -84.0443 6
    endloop
  endfacet
  facet normal 0 0 1
    outer loop
      vertex -36.8801 76.1637 6
      vertex -32.6949 81.618 6
      vertex -34 82.49 6
    endloop
  endfacet
  facet normal -0 0 1
    outer loop
      vertex -35.5616 69.5352 6
      vertex -29.6077 66.0977 6
      vertex -35.2651 70.1365 6
    endloop
  endfacet
  facet normal 0 0 1
    outer loop
      vertex -32 63.1869 6
      vertex -34.875 -37.3659 6
      vertex -32 -77.4838 6
    endloop
  endfacet
  facet normal -0 0 1
    outer loop
      vertex -34.9189 -38.0348 6
      vertex -32 -77.4838 6
      vertex -34.875 -37.3659 6
    endloop
  endfacet
  facet normal -0 0 1
    outer loop
      vertex -35.0496 -38.6923 6
      vertex -32 -77.4838 6
      vertex -34.9189 -38.0348 6
    endloop
  endfacet
  facet normal -0 0 1
    outer loop
      vertex -35.2651 -39.3271 6
      vertex -32 -77.4838 6
      vertex -35.0496 -38.6923 6
    endloop
  endfacet
  facet normal -0 0 1
    outer loop
      vertex -35.5616 -39.9284 6
      vertex -32 -77.4838 6
      vertex -35.2651 -39.3271 6
    endloop
  endfacet
  facet normal -0 0 1
    outer loop
      vertex -35.9341 -40.4858 6
      vertex -32 -77.4838 6
      vertex -35.5616 -39.9284 6
    endloop
  endfacet
  facet normal -0 0 1
    outer loop
      vertex -36.3761 -40.9898 6
      vertex -32 -77.4838 6
      vertex -35.9341 -40.4858 6
    endloop
  endfacet
  facet normal -0 0 1
    outer loop
      vertex -36.8801 -41.4318 6
      vertex -32 -77.4838 6
      vertex -36.3761 -40.9898 6
    endloop
  endfacet
  facet normal -0 0 1
    outer loop
      vertex -37.4375 -41.8043 6
      vertex -32 -77.4838 6
      vertex -36.8801 -41.4318 6
    endloop
  endfacet
  facet normal -0 0 1
    outer loop
      vertex -38.0388 -42.1008 6
      vertex -32 -77.4838 6
      vertex -37.4375 -41.8043 6
    endloop
  endfacet
  facet normal -0 0 1
    outer loop
      vertex -38.6736 -42.3163 6
      vertex -32 -77.4838 6
      vertex -38.0388 -42.1008 6
    endloop
  endfacet
  facet normal -0 0 1
    outer loop
      vertex -39.3311 -42.447 6
      vertex -32 -77.4838 6
      vertex -38.6736 -42.3163 6
    endloop
  endfacet
  facet normal -0 0 1
    outer loop
      vertex -40 -42.4909 6
      vertex -32 -77.4838 6
      vertex -39.3311 -42.447 6
    endloop
  endfacet
  facet normal 0 0 1
    outer loop
      vertex -40.6689 -42.447 6
      vertex -32 -77.4838 6
      vertex -40 -42.4909 6
    endloop
  endfacet
  facet normal 0 0 1
    outer loop
      vertex -41.3264 -42.3163 6
      vertex -32 -77.4838 6
      vertex -40.6689 -42.447 6
    endloop
  endfacet
  facet normal 0 0 1
    outer loop
      vertex -48 -84.0977 6
      vertex -41.3264 -42.3163 6
      vertex -41.9612 -42.1008 6
    endloop
  endfacet
  facet normal 0 0 1
    outer loop
      vertex -48 -84.0977 6
      vertex -41.9612 -42.1008 6
      vertex -42.5625 -41.8043 6
    endloop
  endfacet
  facet normal 0 0 1
    outer loop
      vertex -48 -84.0977 6
      vertex -42.5625 -41.8043 6
      vertex -43.1199 -41.4318 6
    endloop
  endfacet
  facet normal 0 0 1
    outer loop
      vertex -48 -84.0977 6
      vertex -43.1199 -41.4318 6
      vertex -43.6239 -40.9898 6
    endloop
  endfacet
  facet normal 0 0 1
    outer loop
      vertex -48 -84.0977 6
      vertex -43.6239 -40.9898 6
      vertex -44.0659 -40.4858 6
    endloop
  endfacet
  facet normal 0 0 1
    outer loop
      vertex -48 -84.0977 6
      vertex -44.0659 -40.4858 6
      vertex -44.4384 -39.9284 6
    endloop
  endfacet
  facet normal 0 0 1
    outer loop
      vertex -48 -84.0977 6
      vertex -44.4384 -39.9284 6
      vertex -44.7349 -39.3271 6
    endloop
  endfacet
  facet normal 0 0 1
    outer loop
      vertex -48 -84.0977 6
      vertex -44.7349 -39.3271 6
      vertex -44.9504 -38.6923 6
    endloop
  endfacet
  facet normal 0 0 1
    outer loop
      vertex -44.9504 -36.0395 6
      vertex -48 63.1869 6
      vertex -45.0811 -36.697 6
    endloop
  endfacet
  facet normal 0 0 1
    outer loop
      vertex -45.0811 -36.697 6
      vertex -48 63.1869 6
      vertex -45.125 -37.3659 6
    endloop
  endfacet
  facet normal 0 0 1
    outer loop
      vertex -48 -84.0977 6
      vertex -45.125 -37.3659 6
      vertex -48 63.1869 6
    endloop
  endfacet
  facet normal 0 0 1
    outer loop
      vertex -48 -84.0977 6
      vertex -45.0811 -38.0348 6
      vertex -45.125 -37.3659 6
    endloop
  endfacet
  facet normal 0 0 1
    outer loop
      vertex -48 -84.0977 6
      vertex -44.9504 -38.6923 6
      vertex -45.0811 -38.0348 6
    endloop
  endfacet
  facet normal 0 0 1
    outer loop
      vertex -41.3264 -42.3163 6
      vertex -48 -84.0977 6
      vertex -32 -77.4838 6
    endloop
  endfacet
  facet normal 0 0 1
    outer loop
      vertex -48 -84.0977 6
      vertex -21.9118 -84.0443 6
      vertex -32 -77.4838 6
    endloop
  endfacet
  facet normal -0 0 1
    outer loop
      vertex -48 -84.0977 6
      vertex -54.7994 -98.6868 6
      vertex -21.9118 -84.0443 6
    endloop
  endfacet
  facet normal 0 0 1
    outer loop
      vertex -48 -84.0977 6
      vertex -55.0028 -98.2301 6
      vertex -54.7994 -98.6868 6
    endloop
  endfacet
  facet normal -0 0 1
    outer loop
      vertex -56.4059 -88.4737 6
      vertex -55.0028 -98.2301 6
      vertex -48 -84.0977 6
    endloop
  endfacet
  facet normal 0 0 1
    outer loop
      vertex -57.6776 -92.2199 6
      vertex -56.4059 -88.4737 6
      vertex -56.7322 -88.6918 6
    endloop
  endfacet
  facet normal 0 0 1
    outer loop
      vertex -57.6776 -92.2199 6
      vertex -56.7322 -88.6918 6
      vertex -57.0273 -88.9505 6
    endloop
  endfacet
  facet normal 0 0 1
    outer loop
      vertex -57.6776 -92.2199 6
      vertex -57.0273 -88.9505 6
      vertex -57.286 -89.2455 6
    endloop
  endfacet
  facet normal 0 0 1
    outer loop
      vertex -57.6776 -92.2199 6
      vertex -57.286 -89.2455 6
      vertex -57.504 -89.5718 6
    endloop
  endfacet
  facet normal 0 0 1
    outer loop
      vertex -57.6776 -92.2199 6
      vertex -57.504 -89.5718 6
      vertex -57.6776 -89.9238 6
    endloop
  endfacet
  facet normal 0 0 1
    outer loop
      vertex -56.4059 -88.4737 6
      vertex -57.6776 -92.2199 6
      vertex -55.0028 -98.2301 6
    endloop
  endfacet
  facet normal -0 0 1
    outer loop
      vertex -57.8037 -90.2954 6
      vertex -57.6776 -92.2199 6
      vertex -57.6776 -89.9238 6
    endloop
  endfacet
  facet normal 0 0 1
    outer loop
      vertex -57.8037 -90.2954 6
      vertex -57.8037 -91.8483 6
      vertex -57.6776 -92.2199 6
    endloop
  endfacet
  facet normal -0 0 1
    outer loop
      vertex -57.8803 -90.6802 6
      vertex -57.8037 -91.8483 6
      vertex -57.8037 -90.2954 6
    endloop
  endfacet
  facet normal 0 0 1
    outer loop
      vertex -57.8803 -90.6802 6
      vertex -57.8803 -91.4634 6
      vertex -57.8037 -91.8483 6
    endloop
  endfacet
  facet normal 0 -0 1
    outer loop
      vertex -57.8803 -91.4634 6
      vertex -57.8803 -90.6802 6
      vertex -57.9059 -91.0718 6
    endloop
  endfacet
  facet normal -0 0 1
    outer loop
      vertex -48.4853 80.583 6
      vertex -48 63.1869 6
      vertex -47.3051 81.618 6
    endloop
  endfacet
  facet normal -0 0 1
    outer loop
      vertex -49.5202 79.4028 6
      vertex -48 63.1869 6
      vertex -48.4853 80.583 6
    endloop
  endfacet
  facet normal -0 0 1
    outer loop
      vertex -50.3923 78.0977 6
      vertex -48 63.1869 6
      vertex -49.5202 79.4028 6
    endloop
  endfacet
  facet normal 0 0 1
    outer loop
      vertex -48 63.1869 6
      vertex -49.5202 64.7926 6
      vertex -48.4853 63.6124 6
    endloop
  endfacet
  facet normal 0 0 1
    outer loop
      vertex -48 63.1869 6
      vertex -50.3923 78.0977 6
      vertex -49.5202 64.7926 6
    endloop
  endfacet
  facet normal 0 0 1
    outer loop
      vertex -50.3923 78.0977 6
      vertex -50.3923 66.0977 6
      vertex -49.5202 64.7926 6
    endloop
  endfacet
  facet normal -0 0 1
    outer loop
      vertex -51.0865 76.6899 6
      vertex -50.3923 66.0977 6
      vertex -50.3923 78.0977 6
    endloop
  endfacet
  facet normal 0 0 1
    outer loop
      vertex -51.0865 76.6899 6
      vertex -51.0865 67.5055 6
      vertex -50.3923 66.0977 6
    endloop
  endfacet
  facet normal -0 0 1
    outer loop
      vertex -51.5911 75.2035 6
      vertex -51.0865 67.5055 6
      vertex -51.0865 76.6899 6
    endloop
  endfacet
  facet normal 0 0 1
    outer loop
      vertex -51.5911 75.2035 6
      vertex -51.5911 68.9919 6
      vertex -51.0865 67.5055 6
    endloop
  endfacet
  facet normal -0 0 1
    outer loop
      vertex -51.8973 73.664 6
      vertex -51.5911 68.9919 6
      vertex -51.5911 75.2035 6
    endloop
  endfacet
  facet normal 0 0 1
    outer loop
      vertex -51.8973 73.664 6
      vertex -51.8973 70.5314 6
      vertex -51.5911 68.9919 6
    endloop
  endfacet
  facet normal 0 -0 1
    outer loop
      vertex -51.8973 70.5314 6
      vertex -51.8973 73.664 6
      vertex -52 72.0977 6
    endloop
  endfacet
  facet normal 0 0 1
    outer loop
      vertex -29.6077 66.0977 6
      vertex -35.5616 69.5352 6
      vertex -30.4798 64.7926 6
    endloop
  endfacet
  facet normal 0 0 1
    outer loop
      vertex -32 63.1869 6
      vertex -34.9189 -36.697 6
      vertex -34.875 -37.3659 6
    endloop
  endfacet
  facet normal -0 0 1
    outer loop
      vertex -35.9341 68.9778 6
      vertex -30.4798 64.7926 6
      vertex -35.5616 69.5352 6
    endloop
  endfacet
  facet normal 0 0 1
    outer loop
      vertex -32 63.1869 6
      vertex -35.0496 -36.0395 6
      vertex -34.9189 -36.697 6
    endloop
  endfacet
  facet normal 0 0 1
    outer loop
      vertex -30.4798 64.7926 6
      vertex -35.9341 68.9778 6
      vertex -31.5147 63.6124 6
    endloop
  endfacet
  facet normal 0 0 1
    outer loop
      vertex -32 63.1869 6
      vertex -35.2651 -35.4046 6
      vertex -35.0496 -36.0395 6
    endloop
  endfacet
  facet normal -0 0 1
    outer loop
      vertex -36.3761 68.4738 6
      vertex -31.5147 63.6124 6
      vertex -35.9341 68.9778 6
    endloop
  endfacet
  facet normal 0 0 1
    outer loop
      vertex -32 63.1869 6
      vertex -35.5616 -34.8034 6
      vertex -35.2651 -35.4046 6
    endloop
  endfacet
  facet normal 0 0 1
    outer loop
      vertex -31.5147 63.6124 6
      vertex -36.3761 68.4738 6
      vertex -32 63.1869 6
    endloop
  endfacet
  facet normal 0 0 1
    outer loop
      vertex -32 63.1869 6
      vertex -35.9341 -34.246 6
      vertex -35.5616 -34.8034 6
    endloop
  endfacet
  facet normal -0 0 1
    outer loop
      vertex -36.8801 68.0318 6
      vertex -32 63.1869 6
      vertex -36.3761 68.4738 6
    endloop
  endfacet
  facet normal 0 0 1
    outer loop
      vertex -32 63.1869 6
      vertex -36.3761 -33.742 6
      vertex -35.9341 -34.246 6
    endloop
  endfacet
  facet normal -0 0 1
    outer loop
      vertex -37.4375 67.6593 6
      vertex -32 63.1869 6
      vertex -36.8801 68.0318 6
    endloop
  endfacet
  facet normal 0 0 1
    outer loop
      vertex -32 63.1869 6
      vertex -36.8801 -33.3 6
      vertex -36.3761 -33.742 6
    endloop
  endfacet
  facet normal -0 0 1
    outer loop
      vertex -38.0388 67.3628 6
      vertex -32 63.1869 6
      vertex -37.4375 67.6593 6
    endloop
  endfacet
  facet normal 0 0 1
    outer loop
      vertex -32 63.1869 6
      vertex -37.4375 -32.9275 6
      vertex -36.8801 -33.3 6
    endloop
  endfacet
  facet normal -0 0 1
    outer loop
      vertex -38.6736 67.1474 6
      vertex -32 63.1869 6
      vertex -38.0388 67.3628 6
    endloop
  endfacet
  facet normal 0 0 1
    outer loop
      vertex -32 63.1869 6
      vertex -38.0388 -32.631 6
      vertex -37.4375 -32.9275 6
    endloop
  endfacet
  facet normal -0 0 1
    outer loop
      vertex -39.3311 67.0166 6
      vertex -32 63.1869 6
      vertex -38.6736 67.1474 6
    endloop
  endfacet
  facet normal 0 0 1
    outer loop
      vertex -32 63.1869 6
      vertex -38.6736 -32.4155 6
      vertex -38.0388 -32.631 6
    endloop
  endfacet
  facet normal -0 0 1
    outer loop
      vertex -40 66.9727 6
      vertex -32 63.1869 6
      vertex -39.3311 67.0166 6
    endloop
  endfacet
  facet normal 0 -0 1
    outer loop
      vertex -40 -32.2409 6
      vertex -32 63.1869 6
      vertex -48 63.1869 6
    endloop
  endfacet
  facet normal 0 0 1
    outer loop
      vertex -32 63.1869 6
      vertex -40 66.9727 6
      vertex -48 63.1869 6
    endloop
  endfacet
  facet normal 0 0 1
    outer loop
      vertex -32 63.1869 6
      vertex -39.3311 -32.2847 6
      vertex -38.6736 -32.4155 6
    endloop
  endfacet
  facet normal 0 0 1
    outer loop
      vertex -48 63.1869 6
      vertex -40 66.9727 6
      vertex -40.6689 67.0166 6
    endloop
  endfacet
  facet normal 0 0 1
    outer loop
      vertex -32 63.1869 6
      vertex -40 -32.2409 6
      vertex -39.3311 -32.2847 6
    endloop
  endfacet
  facet normal 0 0 1
    outer loop
      vertex -48 63.1869 6
      vertex -40.6689 67.0166 6
      vertex -41.3264 67.1474 6
    endloop
  endfacet
  facet normal 0 0 1
    outer loop
      vertex -40 -32.2409 6
      vertex -48 63.1869 6
      vertex -40.6689 -32.2847 6
    endloop
  endfacet
  facet normal 0 0 1
    outer loop
      vertex -48 63.1869 6
      vertex -41.3264 67.1474 6
      vertex -41.9612 67.3628 6
    endloop
  endfacet
  facet normal 0 0 1
    outer loop
      vertex -40.6689 -32.2847 6
      vertex -48 63.1869 6
      vertex -41.3264 -32.4155 6
    endloop
  endfacet
  facet normal 0 0 1
    outer loop
      vertex -48 63.1869 6
      vertex -41.9612 67.3628 6
      vertex -42.5625 67.6593 6
    endloop
  endfacet
  facet normal 0 0 1
    outer loop
      vertex -41.3264 -32.4155 6
      vertex -48 63.1869 6
      vertex -41.9612 -32.631 6
    endloop
  endfacet
  facet normal 0 0 1
    outer loop
      vertex -48 63.1869 6
      vertex -42.5625 67.6593 6
      vertex -43.1199 68.0318 6
    endloop
  endfacet
  facet normal 0 0 1
    outer loop
      vertex -41.9612 -32.631 6
      vertex -48 63.1869 6
      vertex -42.5625 -32.9275 6
    endloop
  endfacet
  facet normal 0 0 1
    outer loop
      vertex -48 63.1869 6
      vertex -43.1199 68.0318 6
      vertex -43.6239 68.4738 6
    endloop
  endfacet
  facet normal 0 0 1
    outer loop
      vertex -42.5625 -32.9275 6
      vertex -48 63.1869 6
      vertex -43.1199 -33.3 6
    endloop
  endfacet
  facet normal 0 0 1
    outer loop
      vertex -48 63.1869 6
      vertex -43.6239 68.4738 6
      vertex -44.0659 68.9778 6
    endloop
  endfacet
  facet normal 0 0 1
    outer loop
      vertex -43.1199 -33.3 6
      vertex -48 63.1869 6
      vertex -43.6239 -33.742 6
    endloop
  endfacet
  facet normal 0 0 1
    outer loop
      vertex -48 63.1869 6
      vertex -44.0659 68.9778 6
      vertex -44.4384 69.5352 6
    endloop
  endfacet
  facet normal 0 0 1
    outer loop
      vertex -43.6239 -33.742 6
      vertex -48 63.1869 6
      vertex -44.0659 -34.246 6
    endloop
  endfacet
  facet normal 0 0 1
    outer loop
      vertex -48 63.1869 6
      vertex -44.4384 69.5352 6
      vertex -44.7349 70.1365 6
    endloop
  endfacet
  facet normal 0 0 1
    outer loop
      vertex -44.0659 -34.246 6
      vertex -48 63.1869 6
      vertex -44.4384 -34.8034 6
    endloop
  endfacet
  facet normal 0 0 1
    outer loop
      vertex -48 63.1869 6
      vertex -44.7349 70.1365 6
      vertex -44.9504 70.7713 6
    endloop
  endfacet
  facet normal 0 0 1
    outer loop
      vertex -44.4384 -34.8034 6
      vertex -48 63.1869 6
      vertex -44.7349 -35.4046 6
    endloop
  endfacet
  facet normal 0 0 1
    outer loop
      vertex -48 63.1869 6
      vertex -44.9504 70.7713 6
      vertex -45.0811 71.4288 6
    endloop
  endfacet
  facet normal 0 0 1
    outer loop
      vertex -44.7349 -35.4046 6
      vertex -48 63.1869 6
      vertex -44.9504 -36.0395 6
    endloop
  endfacet
  facet normal 0 0 1
    outer loop
      vertex -45.0811 72.7667 6
      vertex -47.3051 81.618 6
      vertex -45.125 72.0977 6
    endloop
  endfacet
  facet normal 0 0 1
    outer loop
      vertex -48 63.1869 6
      vertex -45.125 72.0977 6
      vertex -47.3051 81.618 6
    endloop
  endfacet
  facet normal 0 0 1
    outer loop
      vertex -32.6949 81.618 6
      vertex -34.9189 72.7667 6
      vertex -34.875 72.0977 6
    endloop
  endfacet
  facet normal 0 0 1
    outer loop
      vertex -32.6949 81.618 6
      vertex -35.0496 73.4242 6
      vertex -34.9189 72.7667 6
    endloop
  endfacet
  facet normal 0 0 1
    outer loop
      vertex -32.6949 81.618 6
      vertex -35.2651 74.059 6
      vertex -35.0496 73.4242 6
    endloop
  endfacet
  facet normal 0 0 1
    outer loop
      vertex -37.4375 76.5361 6
      vertex -34 82.49 6
      vertex -35.4078 83.1843 6
    endloop
  endfacet
  facet normal 0 0 1
    outer loop
      vertex -32.6949 81.618 6
      vertex -35.5616 74.6602 6
      vertex -35.2651 74.059 6
    endloop
  endfacet
  facet normal 0 0 1
    outer loop
      vertex -32.6949 81.618 6
      vertex -35.9341 75.2176 6
      vertex -35.5616 74.6602 6
    endloop
  endfacet
  facet normal 0 0 1
    outer loop
      vertex -32.6949 81.618 6
      vertex -36.3761 75.7216 6
      vertex -35.9341 75.2176 6
    endloop
  endfacet
  facet normal 0 0 1
    outer loop
      vertex -32.6949 81.618 6
      vertex -36.8801 76.1637 6
      vertex -36.3761 75.7216 6
    endloop
  endfacet
  facet normal 0 0 1
    outer loop
      vertex -38.0388 76.8326 6
      vertex -35.4078 83.1843 6
      vertex -36.8942 83.6888 6
    endloop
  endfacet
  facet normal 0 0 1
    outer loop
      vertex -34 82.49 6
      vertex -37.4375 76.5361 6
      vertex -36.8801 76.1637 6
    endloop
  endfacet
  facet normal 0 0 1
    outer loop
      vertex -35.4078 83.1843 6
      vertex -38.0388 76.8326 6
      vertex -37.4375 76.5361 6
    endloop
  endfacet
  facet normal 0 0 1
    outer loop
      vertex -38.6736 77.0481 6
      vertex -36.8942 83.6888 6
      vertex -38.4337 83.995 6
    endloop
  endfacet
  facet normal 0 0 1
    outer loop
      vertex -36.8942 83.6888 6
      vertex -38.6736 77.0481 6
      vertex -38.0388 76.8326 6
    endloop
  endfacet
  facet normal 0 0 1
    outer loop
      vertex -38.4337 83.995 6
      vertex -39.3311 77.1789 6
      vertex -38.6736 77.0481 6
    endloop
  endfacet
  facet normal 0 0 1
    outer loop
      vertex -40 84.0977 6
      vertex -39.3311 77.1789 6
      vertex -38.4337 83.995 6
    endloop
  endfacet
  facet normal 0 0 1
    outer loop
      vertex -40 84.0977 6
      vertex -40 77.2227 6
      vertex -39.3311 77.1789 6
    endloop
  endfacet
  facet normal 0 0 1
    outer loop
      vertex -40 84.0977 6
      vertex -40.6689 77.1789 6
      vertex -40 77.2227 6
    endloop
  endfacet
  facet normal -0 0 1
    outer loop
      vertex -41.5663 83.995 6
      vertex -40.6689 77.1789 6
      vertex -40 84.0977 6
    endloop
  endfacet
  facet normal 0 0 1
    outer loop
      vertex -40.6689 77.1789 6
      vertex -41.5663 83.995 6
      vertex -41.3264 77.0481 6
    endloop
  endfacet
  facet normal -0 0 1
    outer loop
      vertex -43.1058 83.6888 6
      vertex -41.3264 77.0481 6
      vertex -41.5663 83.995 6
    endloop
  endfacet
  facet normal 0 0 1
    outer loop
      vertex -41.3264 77.0481 6
      vertex -43.1058 83.6888 6
      vertex -41.9612 76.8326 6
    endloop
  endfacet
  facet normal -0 0 1
    outer loop
      vertex -44.5922 83.1843 6
      vertex -41.9612 76.8326 6
      vertex -43.1058 83.6888 6
    endloop
  endfacet
  facet normal 0 0 1
    outer loop
      vertex -41.9612 76.8326 6
      vertex -44.5922 83.1843 6
      vertex -42.5625 76.5361 6
    endloop
  endfacet
  facet normal -0 0 1
    outer loop
      vertex -46 82.49 6
      vertex -42.5625 76.5361 6
      vertex -44.5922 83.1843 6
    endloop
  endfacet
  facet normal 0 0 1
    outer loop
      vertex -42.5625 76.5361 6
      vertex -46 82.49 6
      vertex -43.1199 76.1637 6
    endloop
  endfacet
  facet normal -0 0 1
    outer loop
      vertex -47.3051 81.618 6
      vertex -43.1199 76.1637 6
      vertex -46 82.49 6
    endloop
  endfacet
  facet normal 0 0 1
    outer loop
      vertex -43.1199 76.1637 6
      vertex -47.3051 81.618 6
      vertex -43.6239 75.7216 6
    endloop
  endfacet
  facet normal 0 0 1
    outer loop
      vertex -43.6239 75.7216 6
      vertex -47.3051 81.618 6
      vertex -44.0659 75.2176 6
    endloop
  endfacet
  facet normal 0 0 1
    outer loop
      vertex -44.0659 75.2176 6
      vertex -47.3051 81.618 6
      vertex -44.4384 74.6602 6
    endloop
  endfacet
  facet normal 0 0 1
    outer loop
      vertex -44.4384 74.6602 6
      vertex -47.3051 81.618 6
      vertex -44.7349 74.059 6
    endloop
  endfacet
  facet normal 0 0 1
    outer loop
      vertex -44.7349 74.059 6
      vertex -47.3051 81.618 6
      vertex -44.9504 73.4242 6
    endloop
  endfacet
  facet normal 0 0 1
    outer loop
      vertex -45.125 72.0977 6
      vertex -48 63.1869 6
      vertex -45.0811 71.4288 6
    endloop
  endfacet
  facet normal 0 0 1
    outer loop
      vertex -44.9504 73.4242 6
      vertex -47.3051 81.618 6
      vertex -45.0811 72.7667 6
    endloop
  endfacet
  facet normal 0.913498 0.406844 0
    outer loop
      vertex -21.9118 -84.0443 6
      vertex -22.1152 -83.5876 0
      vertex -22.1152 -83.5876 6
    endloop
  endfacet
  facet normal 0.913498 0.406844 0
    outer loop
      vertex -22.1152 -83.5876 0
      vertex -21.9118 -84.0443 6
      vertex -21.9118 -84.0443 0
    endloop
  endfacet
  facet normal 0.91348 0.406884 0
    outer loop
      vertex -22.1152 -83.5876 6
      vertex -24.728 -77.7217 0
      vertex -24.728 -77.7217 6
    endloop
  endfacet
  facet normal 0.91348 0.406884 0
    outer loop
      vertex -24.728 -77.7217 0
      vertex -22.1152 -83.5876 6
      vertex -22.1152 -83.5876 0
    endloop
  endfacet
  facet normal 0.896961 0.44211 0
    outer loop
      vertex -24.728 -77.7217 6
      vertex -24.9015 -77.3697 0
      vertex -24.9015 -77.3697 6
    endloop
  endfacet
  facet normal 0.896961 0.44211 0
    outer loop
      vertex -24.9015 -77.3697 0
      vertex -24.728 -77.7217 6
      vertex -24.728 -77.7217 0
    endloop
  endfacet
  facet normal 0.831501 0.555523 0
    outer loop
      vertex -24.9015 -77.3697 6
      vertex -25.1195 -77.0434 0
      vertex -25.1195 -77.0434 6
    endloop
  endfacet
  facet normal 0.831501 0.555523 0
    outer loop
      vertex -25.1195 -77.0434 0
      vertex -24.9015 -77.3697 6
      vertex -24.9015 -77.3697 0
    endloop
  endfacet
  facet normal 0.751724 0.659478 0
    outer loop
      vertex -25.1195 -77.0434 6
      vertex -25.3783 -76.7484 0
      vertex -25.3783 -76.7484 6
    endloop
  endfacet
  facet normal 0.751724 0.659478 0
    outer loop
      vertex -25.3783 -76.7484 0
      vertex -25.1195 -77.0434 6
      vertex -25.1195 -77.0434 0
    endloop
  endfacet
  facet normal 0.659334 0.75185 -0
    outer loop
      vertex -25.3783 -76.7484 0
      vertex -25.6733 -76.4897 6
      vertex -25.3783 -76.7484 6
    endloop
  endfacet
  facet normal 0.659334 0.75185 0
    outer loop
      vertex -25.6733 -76.4897 6
      vertex -25.3783 -76.7484 0
      vertex -25.6733 -76.4897 0
    endloop
  endfacet
  facet normal 0.555523 0.831501 -0
    outer loop
      vertex -25.6733 -76.4897 0
      vertex -25.9996 -76.2717 6
      vertex -25.6733 -76.4897 6
    endloop
  endfacet
  facet normal 0.555523 0.831501 0
    outer loop
      vertex -25.9996 -76.2717 6
      vertex -25.6733 -76.4897 0
      vertex -25.9996 -76.2717 0
    endloop
  endfacet
  facet normal 0.442416 0.89681 -0
    outer loop
      vertex -25.9996 -76.2717 0
      vertex -26.3515 -76.0981 6
      vertex -25.9996 -76.2717 6
    endloop
  endfacet
  facet normal 0.442416 0.89681 0
    outer loop
      vertex -26.3515 -76.0981 6
      vertex -25.9996 -76.2717 0
      vertex -26.3515 -76.0981 0
    endloop
  endfacet
  facet normal 0.321574 0.946885 -0
    outer loop
      vertex -26.3515 -76.0981 0
      vertex -26.7231 -75.9719 6
      vertex -26.3515 -76.0981 6
    endloop
  endfacet
  facet normal 0.321574 0.946885 0
    outer loop
      vertex -26.7231 -75.9719 6
      vertex -26.3515 -76.0981 0
      vertex -26.7231 -75.9719 0
    endloop
  endfacet
  facet normal 0.19494 0.980815 -0
    outer loop
      vertex -26.7231 -75.9719 0
      vertex -27.108 -75.8954 6
      vertex -26.7231 -75.9719 6
    endloop
  endfacet
  facet normal 0.19494 0.980815 0
    outer loop
      vertex -27.108 -75.8954 6
      vertex -26.7231 -75.9719 0
      vertex -27.108 -75.8954 0
    endloop
  endfacet
  facet normal 0.0654873 0.997853 -0
    outer loop
      vertex -27.108 -75.8954 0
      vertex -27.4996 -75.8697 6
      vertex -27.108 -75.8954 6
    endloop
  endfacet
  facet normal 0.0654873 0.997853 0
    outer loop
      vertex -27.4996 -75.8697 6
      vertex -27.108 -75.8954 0
      vertex -27.4996 -75.8697 0
    endloop
  endfacet
  facet normal -0.0654873 0.997853 0
    outer loop
      vertex -27.4996 -75.8697 0
      vertex -27.8912 -75.8954 6
      vertex -27.4996 -75.8697 6
    endloop
  endfacet
  facet normal -0.0654873 0.997853 0
    outer loop
      vertex -27.8912 -75.8954 6
      vertex -27.4996 -75.8697 0
      vertex -27.8912 -75.8954 0
    endloop
  endfacet
  facet normal -0.19494 0.980815 0
    outer loop
      vertex -27.8912 -75.8954 0
      vertex -28.2761 -75.9719 6
      vertex -27.8912 -75.8954 6
    endloop
  endfacet
  facet normal -0.19494 0.980815 0
    outer loop
      vertex -28.2761 -75.9719 6
      vertex -27.8912 -75.8954 0
      vertex -28.2761 -75.9719 0
    endloop
  endfacet
  facet normal -0.321651 0.946858 0
    outer loop
      vertex -28.2761 -75.9719 0
      vertex -28.6476 -76.0981 6
      vertex -28.2761 -75.9719 6
    endloop
  endfacet
  facet normal -0.321651 0.946858 0
    outer loop
      vertex -28.6476 -76.0981 6
      vertex -28.2761 -75.9719 0
      vertex -28.6476 -76.0981 0
    endloop
  endfacet
  facet normal -0.381999 0.924163 0
    outer loop
      vertex -28.6476 -76.0981 0
      vertex -32 -77.4838 6
      vertex -28.6476 -76.0981 6
    endloop
  endfacet
  facet normal -0.381999 0.924163 0
    outer loop
      vertex -32 -77.4838 6
      vertex -28.6476 -76.0981 0
      vertex -32 -77.4838 0
    endloop
  endfacet
  facet normal 1 -0 0
    outer loop
      vertex -32 -77.4838 6
      vertex -32 63.1869 0
      vertex -32 63.1869 6
    endloop
  endfacet
  facet normal 1 0 0
    outer loop
      vertex -32 63.1869 0
      vertex -32 -77.4838 6
      vertex -32 -77.4838 0
    endloop
  endfacet
  facet normal 0.659261 -0.751914 0
    outer loop
      vertex -32 63.1869 0
      vertex -31.5147 63.6124 6
      vertex -32 63.1869 6
    endloop
  endfacet
  facet normal 0.659261 -0.751914 0
    outer loop
      vertex -31.5147 63.6124 6
      vertex -32 63.1869 0
      vertex -31.5147 63.6124 0
    endloop
  endfacet
  facet normal 0.751874 -0.659307 0
    outer loop
      vertex -31.5147 63.6124 6
      vertex -30.4798 64.7926 0
      vertex -30.4798 64.7926 6
    endloop
  endfacet
  facet normal 0.751874 -0.659307 0
    outer loop
      vertex -30.4798 64.7926 0
      vertex -31.5147 63.6124 6
      vertex -31.5147 63.6124 0
    endloop
  endfacet
  facet normal 0.831452 -0.555597 0
    outer loop
      vertex -30.4798 64.7926 6
      vertex -29.6077 66.0977 0
      vertex -29.6077 66.0977 6
    endloop
  endfacet
  facet normal 0.831452 -0.555597 0
    outer loop
      vertex -29.6077 66.0977 0
      vertex -30.4798 64.7926 6
      vertex -30.4798 64.7926 0
    endloop
  endfacet
  facet normal 0.896885 -0.442263 0
    outer loop
      vertex -29.6077 66.0977 6
      vertex -28.9135 67.5055 0
      vertex -28.9135 67.5055 6
    endloop
  endfacet
  facet normal 0.896885 -0.442263 0
    outer loop
      vertex -28.9135 67.5055 0
      vertex -29.6077 66.0977 6
      vertex -29.6077 66.0977 0
    endloop
  endfacet
  facet normal 0.946923 -0.32146 0
    outer loop
      vertex -28.9135 67.5055 6
      vertex -28.4089 68.9919 0
      vertex -28.4089 68.9919 6
    endloop
  endfacet
  facet normal 0.946923 -0.32146 0
    outer loop
      vertex -28.4089 68.9919 0
      vertex -28.9135 67.5055 6
      vertex -28.9135 67.5055 0
    endloop
  endfacet
  facet normal 0.980788 -0.195075 0
    outer loop
      vertex -28.4089 68.9919 6
      vertex -28.1027 70.5314 0
      vertex -28.1027 70.5314 6
    endloop
  endfacet
  facet normal 0.980788 -0.195075 0
    outer loop
      vertex -28.1027 70.5314 0
      vertex -28.4089 68.9919 6
      vertex -28.4089 68.9919 0
    endloop
  endfacet
  facet normal 0.997857 -0.065428 0
    outer loop
      vertex -28.1027 70.5314 6
      vertex -28 72.0977 0
      vertex -28 72.0977 6
    endloop
  endfacet
  facet normal 0.997857 -0.065428 0
    outer loop
      vertex -28 72.0977 0
      vertex -28.1027 70.5314 6
      vertex -28.1027 70.5314 0
    endloop
  endfacet
  facet normal 0.997857 0.065428 0
    outer loop
      vertex -28 72.0977 6
      vertex -28.1027 73.664 0
      vertex -28.1027 73.664 6
    endloop
  endfacet
  facet normal 0.997857 0.065428 0
    outer loop
      vertex -28.1027 73.664 0
      vertex -28 72.0977 6
      vertex -28 72.0977 0
    endloop
  endfacet
  facet normal 0.980788 0.195075 0
    outer loop
      vertex -28.1027 73.664 6
      vertex -28.4089 75.2035 0
      vertex -28.4089 75.2035 6
    endloop
  endfacet
  facet normal 0.980788 0.195075 0
    outer loop
      vertex -28.4089 75.2035 0
      vertex -28.1027 73.664 6
      vertex -28.1027 73.664 0
    endloop
  endfacet
  facet normal 0.946923 0.32146 0
    outer loop
      vertex -28.4089 75.2035 6
      vertex -28.9135 76.6899 0
      vertex -28.9135 76.6899 6
    endloop
  endfacet
  facet normal 0.946923 0.32146 0
    outer loop
      vertex -28.9135 76.6899 0
      vertex -28.4089 75.2035 6
      vertex -28.4089 75.2035 0
    endloop
  endfacet
  facet normal 0.896885 0.442263 0
    outer loop
      vertex -28.9135 76.6899 6
      vertex -29.6077 78.0977 0
      vertex -29.6077 78.0977 6
    endloop
  endfacet
  facet normal 0.896885 0.442263 0
    outer loop
      vertex -29.6077 78.0977 0
      vertex -28.9135 76.6899 6
      vertex -28.9135 76.6899 0
    endloop
  endfacet
  facet normal 0.831452 0.555597 0
    outer loop
      vertex -29.6077 78.0977 6
      vertex -30.4798 79.4028 0
      vertex -30.4798 79.4028 6
    endloop
  endfacet
  facet normal 0.831452 0.555597 0
    outer loop
      vertex -30.4798 79.4028 0
      vertex -29.6077 78.0977 6
      vertex -29.6077 78.0977 0
    endloop
  endfacet
  facet normal 0.751874 0.659307 0
    outer loop
      vertex -30.4798 79.4028 6
      vertex -31.5147 80.583 0
      vertex -31.5147 80.583 6
    endloop
  endfacet
  facet normal 0.751874 0.659307 0
    outer loop
      vertex -31.5147 80.583 0
      vertex -30.4798 79.4028 6
      vertex -30.4798 79.4028 0
    endloop
  endfacet
  facet normal 0.659343 0.751842 -0
    outer loop
      vertex -31.5147 80.583 0
      vertex -32.6949 81.618 6
      vertex -31.5147 80.583 6
    endloop
  endfacet
  facet normal 0.659343 0.751842 0
    outer loop
      vertex -32.6949 81.618 6
      vertex -31.5147 80.583 0
      vertex -32.6949 81.618 0
    endloop
  endfacet
  facet normal 0.555553 0.831481 -0
    outer loop
      vertex -32.6949 81.618 0
      vertex -34 82.49 6
      vertex -32.6949 81.618 6
    endloop
  endfacet
  facet normal 0.555553 0.831481 0
    outer loop
      vertex -34 82.49 6
      vertex -32.6949 81.618 0
      vertex -34 82.49 0
    endloop
  endfacet
  facet normal 0.442314 0.89686 -0
    outer loop
      vertex -34 82.49 0
      vertex -35.4078 83.1843 6
      vertex -34 82.49 6
    endloop
  endfacet
  facet normal 0.442314 0.89686 0
    outer loop
      vertex -35.4078 83.1843 6
      vertex -34 82.49 0
      vertex -35.4078 83.1843 0
    endloop
  endfacet
  facet normal 0.321402 0.946943 -0
    outer loop
      vertex -35.4078 83.1843 0
      vertex -36.8942 83.6888 6
      vertex -35.4078 83.1843 6
    endloop
  endfacet
  facet normal 0.321402 0.946943 0
    outer loop
      vertex -36.8942 83.6888 6
      vertex -35.4078 83.1843 0
      vertex -36.8942 83.6888 0
    endloop
  endfacet
  facet normal 0.195075 0.980788 -0
    outer loop
      vertex -36.8942 83.6888 0
      vertex -38.4337 83.995 6
      vertex -36.8942 83.6888 6
    endloop
  endfacet
  facet normal 0.195075 0.980788 0
    outer loop
      vertex -38.4337 83.995 6
      vertex -36.8942 83.6888 0
      vertex -38.4337 83.995 0
    endloop
  endfacet
  facet normal 0.065428 0.997857 -0
    outer loop
      vertex -38.4337 83.995 0
      vertex -40 84.0977 6
      vertex -38.4337 83.995 6
    endloop
  endfacet
  facet normal 0.065428 0.997857 0
    outer loop
      vertex -40 84.0977 6
      vertex -38.4337 83.995 0
      vertex -40 84.0977 0
    endloop
  endfacet
  facet normal -0.065428 0.997857 0
    outer loop
      vertex -40 84.0977 0
      vertex -41.5663 83.995 6
      vertex -40 84.0977 6
    endloop
  endfacet
  facet normal -0.065428 0.997857 0
    outer loop
      vertex -41.5663 83.995 6
      vertex -40 84.0977 0
      vertex -41.5663 83.995 0
    endloop
  endfacet
  facet normal -0.195075 0.980788 0
    outer loop
      vertex -41.5663 83.995 0
      vertex -43.1058 83.6888 6
      vertex -41.5663 83.995 6
    endloop
  endfacet
  facet normal -0.195075 0.980788 0
    outer loop
      vertex -43.1058 83.6888 6
      vertex -41.5663 83.995 0
      vertex -43.1058 83.6888 0
    endloop
  endfacet
  facet normal -0.321402 0.946943 0
    outer loop
      vertex -43.1058 83.6888 0
      vertex -44.5922 83.1843 6
      vertex -43.1058 83.6888 6
    endloop
  endfacet
  facet normal -0.321402 0.946943 0
    outer loop
      vertex -44.5922 83.1843 6
      vertex -43.1058 83.6888 0
      vertex -44.5922 83.1843 0
    endloop
  endfacet
  facet normal -0.442314 0.89686 0
    outer loop
      vertex -44.5922 83.1843 0
      vertex -46 82.49 6
      vertex -44.5922 83.1843 6
    endloop
  endfacet
  facet normal -0.442314 0.89686 0
    outer loop
      vertex -46 82.49 6
      vertex -44.5922 83.1843 0
      vertex -46 82.49 0
    endloop
  endfacet
  facet normal -0.555553 0.831481 0
    outer loop
      vertex -46 82.49 0
      vertex -47.3051 81.618 6
      vertex -46 82.49 6
    endloop
  endfacet
  facet normal -0.555553 0.831481 0
    outer loop
      vertex -47.3051 81.618 6
      vertex -46 82.49 0
      vertex -47.3051 81.618 0
    endloop
  endfacet
  facet normal -0.659343 0.751842 0
    outer loop
      vertex -47.3051 81.618 0
      vertex -48.4853 80.583 6
      vertex -47.3051 81.618 6
    endloop
  endfacet
  facet normal -0.659343 0.751842 0
    outer loop
      vertex -48.4853 80.583 6
      vertex -47.3051 81.618 0
      vertex -48.4853 80.583 0
    endloop
  endfacet
  facet normal -0.751874 0.659307 0
    outer loop
      vertex -49.5202 79.4028 0
      vertex -48.4853 80.583 6
      vertex -48.4853 80.583 0
    endloop
  endfacet
  facet normal -0.751874 0.659307 0
    outer loop
      vertex -48.4853 80.583 6
      vertex -49.5202 79.4028 0
      vertex -49.5202 79.4028 6
    endloop
  endfacet
  facet normal -0.831452 0.555597 0
    outer loop
      vertex -50.3923 78.0977 0
      vertex -49.5202 79.4028 6
      vertex -49.5202 79.4028 0
    endloop
  endfacet
  facet normal -0.831452 0.555597 0
    outer loop
      vertex -49.5202 79.4028 6
      vertex -50.3923 78.0977 0
      vertex -50.3923 78.0977 6
    endloop
  endfacet
  facet normal -0.896885 0.442263 0
    outer loop
      vertex -51.0865 76.6899 0
      vertex -50.3923 78.0977 6
      vertex -50.3923 78.0977 0
    endloop
  endfacet
  facet normal -0.896885 0.442263 0
    outer loop
      vertex -50.3923 78.0977 6
      vertex -51.0865 76.6899 0
      vertex -51.0865 76.6899 6
    endloop
  endfacet
  facet normal -0.946923 0.32146 0
    outer loop
      vertex -51.5911 75.2035 0
      vertex -51.0865 76.6899 6
      vertex -51.0865 76.6899 0
    endloop
  endfacet
  facet normal -0.946923 0.32146 0
    outer loop
      vertex -51.0865 76.6899 6
      vertex -51.5911 75.2035 0
      vertex -51.5911 75.2035 6
    endloop
  endfacet
  facet normal -0.980788 0.195075 0
    outer loop
      vertex -51.8973 73.664 0
      vertex -51.5911 75.2035 6
      vertex -51.5911 75.2035 0
    endloop
  endfacet
  facet normal -0.980788 0.195075 0
    outer loop
      vertex -51.5911 75.2035 6
      vertex -51.8973 73.664 0
      vertex -51.8973 73.664 6
    endloop
  endfacet
  facet normal -0.997857 0.065428 0
    outer loop
      vertex -52 72.0977 0
      vertex -51.8973 73.664 6
      vertex -51.8973 73.664 0
    endloop
  endfacet
  facet normal -0.997857 0.065428 0
    outer loop
      vertex -51.8973 73.664 6
      vertex -52 72.0977 0
      vertex -52 72.0977 6
    endloop
  endfacet
  facet normal -0.997857 -0.065428 0
    outer loop
      vertex -51.8973 70.5314 0
      vertex -52 72.0977 6
      vertex -52 72.0977 0
    endloop
  endfacet
  facet normal -0.997857 -0.065428 0
    outer loop
      vertex -52 72.0977 6
      vertex -51.8973 70.5314 0
      vertex -51.8973 70.5314 6
    endloop
  endfacet
  facet normal -0.980788 -0.195075 0
    outer loop
      vertex -51.5911 68.9919 0
      vertex -51.8973 70.5314 6
      vertex -51.8973 70.5314 0
    endloop
  endfacet
  facet normal -0.980788 -0.195075 0
    outer loop
      vertex -51.8973 70.5314 6
      vertex -51.5911 68.9919 0
      vertex -51.5911 68.9919 6
    endloop
  endfacet
  facet normal -0.946923 -0.32146 0
    outer loop
      vertex -51.0865 67.5055 0
      vertex -51.5911 68.9919 6
      vertex -51.5911 68.9919 0
    endloop
  endfacet
  facet normal -0.946923 -0.32146 0
    outer loop
      vertex -51.5911 68.9919 6
      vertex -51.0865 67.5055 0
      vertex -51.0865 67.5055 6
    endloop
  endfacet
  facet normal -0.896885 -0.442263 0
    outer loop
      vertex -50.3923 66.0977 0
      vertex -51.0865 67.5055 6
      vertex -51.0865 67.5055 0
    endloop
  endfacet
  facet normal -0.896885 -0.442263 0
    outer loop
      vertex -51.0865 67.5055 6
      vertex -50.3923 66.0977 0
      vertex -50.3923 66.0977 6
    endloop
  endfacet
  facet normal -0.831452 -0.555597 0
    outer loop
      vertex -49.5202 64.7926 0
      vertex -50.3923 66.0977 6
      vertex -50.3923 66.0977 0
    endloop
  endfacet
  facet normal -0.831452 -0.555597 0
    outer loop
      vertex -50.3923 66.0977 6
      vertex -49.5202 64.7926 0
      vertex -49.5202 64.7926 6
    endloop
  endfacet
  facet normal -0.751874 -0.659307 0
    outer loop
      vertex -48.4853 63.6124 0
      vertex -49.5202 64.7926 6
      vertex -49.5202 64.7926 0
    endloop
  endfacet
  facet normal -0.751874 -0.659307 0
    outer loop
      vertex -49.5202 64.7926 6
      vertex -48.4853 63.6124 0
      vertex -48.4853 63.6124 6
    endloop
  endfacet
  facet normal -0.659261 -0.751914 0
    outer loop
      vertex -48.4853 63.6124 0
      vertex -48 63.1869 6
      vertex -48.4853 63.6124 6
    endloop
  endfacet
  facet normal -0.659261 -0.751914 -0
    outer loop
      vertex -48 63.1869 6
      vertex -48.4853 63.6124 0
      vertex -48 63.1869 0
    endloop
  endfacet
  facet normal -1 0 0
    outer loop
      vertex -48 -84.0977 0
      vertex -48 63.1869 6
      vertex -48 63.1869 0
    endloop
  endfacet
  facet normal -1 -0 0
    outer loop
      vertex -48 63.1869 6
      vertex -48 -84.0977 0
      vertex -48 -84.0977 6
    endloop
  endfacet
  facet normal -0.461762 0.887004 0
    outer loop
      vertex -48 -84.0977 0
      vertex -56.4059 -88.4737 6
      vertex -48 -84.0977 6
    endloop
  endfacet
  facet normal -0.461762 0.887004 0
    outer loop
      vertex -56.4059 -88.4737 6
      vertex -48 -84.0977 0
      vertex -56.4059 -88.4737 0
    endloop
  endfacet
  facet normal -0.555699 0.831383 0
    outer loop
      vertex -56.4059 -88.4737 0
      vertex -56.7322 -88.6918 6
      vertex -56.4059 -88.4737 6
    endloop
  endfacet
  facet normal -0.555699 0.831383 0
    outer loop
      vertex -56.7322 -88.6918 6
      vertex -56.4059 -88.4737 0
      vertex -56.7322 -88.6918 0
    endloop
  endfacet
  facet normal -0.659208 0.751961 0
    outer loop
      vertex -56.7322 -88.6918 0
      vertex -57.0273 -88.9505 6
      vertex -56.7322 -88.6918 6
    endloop
  endfacet
  facet normal -0.659208 0.751961 0
    outer loop
      vertex -57.0273 -88.9505 6
      vertex -56.7322 -88.6918 0
      vertex -57.0273 -88.9505 0
    endloop
  endfacet
  facet normal -0.75185 0.659334 0
    outer loop
      vertex -57.286 -89.2455 0
      vertex -57.0273 -88.9505 6
      vertex -57.0273 -88.9505 0
    endloop
  endfacet
  facet normal -0.75185 0.659334 0
    outer loop
      vertex -57.0273 -88.9505 6
      vertex -57.286 -89.2455 0
      vertex -57.286 -89.2455 6
    endloop
  endfacet
  facet normal -0.831501 0.555523 0
    outer loop
      vertex -57.504 -89.5718 0
      vertex -57.286 -89.2455 6
      vertex -57.286 -89.2455 0
    endloop
  endfacet
  facet normal -0.831501 0.555523 0
    outer loop
      vertex -57.286 -89.2455 6
      vertex -57.504 -89.5718 0
      vertex -57.504 -89.5718 6
    endloop
  endfacet
  facet normal -0.89686 0.442315 0
    outer loop
      vertex -57.6776 -89.9238 0
      vertex -57.504 -89.5718 6
      vertex -57.504 -89.5718 0
    endloop
  endfacet
  facet normal -0.89686 0.442315 0
    outer loop
      vertex -57.504 -89.5718 6
      vertex -57.6776 -89.9238 0
      vertex -57.6776 -89.9238 6
    endloop
  endfacet
  facet normal -0.946962 0.321345 0
    outer loop
      vertex -57.8037 -90.2954 0
      vertex -57.6776 -89.9238 6
      vertex -57.6776 -89.9238 0
    endloop
  endfacet
  facet normal -0.946962 0.321345 0
    outer loop
      vertex -57.6776 -89.9238 6
      vertex -57.8037 -90.2954 0
      vertex -57.8037 -90.2954 6
    endloop
  endfacet
  facet normal -0.980757 0.195234 0
    outer loop
      vertex -57.8803 -90.6802 0
      vertex -57.8037 -90.2954 6
      vertex -57.8037 -90.2954 0
    endloop
  endfacet
  facet normal -0.980757 0.195234 0
    outer loop
      vertex -57.8037 -90.2954 6
      vertex -57.8803 -90.6802 0
      vertex -57.8803 -90.6802 6
    endloop
  endfacet
  facet normal -0.99787 0.0652336 0
    outer loop
      vertex -57.9059 -91.0718 0
      vertex -57.8803 -90.6802 6
      vertex -57.8803 -90.6802 0
    endloop
  endfacet
  facet normal -0.99787 0.0652336 0
    outer loop
      vertex -57.8803 -90.6802 6
      vertex -57.9059 -91.0718 0
      vertex -57.9059 -91.0718 6
    endloop
  endfacet
  facet normal -0.99787 -0.0652336 0
    outer loop
      vertex -57.8803 -91.4634 0
      vertex -57.9059 -91.0718 6
      vertex -57.9059 -91.0718 0
    endloop
  endfacet
  facet normal -0.99787 -0.0652336 0
    outer loop
      vertex -57.9059 -91.0718 6
      vertex -57.8803 -91.4634 0
      vertex -57.8803 -91.4634 6
    endloop
  endfacet
  facet normal -0.980766 -0.195185 0
    outer loop
      vertex -57.8037 -91.8483 0
      vertex -57.8803 -91.4634 6
      vertex -57.8803 -91.4634 0
    endloop
  endfacet
  facet normal -0.980766 -0.195185 0
    outer loop
      vertex -57.8803 -91.4634 6
      vertex -57.8037 -91.8483 0
      vertex -57.8037 -91.8483 6
    endloop
  endfacet
  facet normal -0.946962 -0.321345 0
    outer loop
      vertex -57.6776 -92.2199 0
      vertex -57.8037 -91.8483 6
      vertex -57.8037 -91.8483 0
    endloop
  endfacet
  facet normal -0.946962 -0.321345 0
    outer loop
      vertex -57.8037 -91.8483 6
      vertex -57.6776 -92.2199 0
      vertex -57.6776 -92.2199 6
    endloop
  endfacet
  facet normal -0.913608 -0.406595 0
    outer loop
      vertex -55.0028 -98.2301 0
      vertex -57.6776 -92.2199 6
      vertex -57.6776 -92.2199 0
    endloop
  endfacet
  facet normal -0.913608 -0.406595 0
    outer loop
      vertex -57.6776 -92.2199 6
      vertex -55.0028 -98.2301 0
      vertex -55.0028 -98.2301 6
    endloop
  endfacet
  facet normal -0.913498 -0.406844 0
    outer loop
      vertex -54.7994 -98.6868 0
      vertex -55.0028 -98.2301 6
      vertex -55.0028 -98.2301 0
    endloop
  endfacet
  facet normal -0.913498 -0.406844 0
    outer loop
      vertex -55.0028 -98.2301 6
      vertex -54.7994 -98.6868 0
      vertex -54.7994 -98.6868 6
    endloop
  endfacet
  facet normal 0.406737 -0.913545 0
    outer loop
      vertex -54.7994 -98.6868 0
      vertex -21.9118 -84.0443 6
      vertex -54.7994 -98.6868 6
    endloop
  endfacet
  facet normal 0.406737 -0.913545 0
    outer loop
      vertex -21.9118 -84.0443 6
      vertex -54.7994 -98.6868 0
      vertex -21.9118 -84.0443 0
    endloop
  endfacet
  facet normal 0.195112 0.980781 -0
    outer loop
      vertex -40.6689 67.0166 0
      vertex -41.3264 67.1474 6
      vertex -40.6689 67.0166 6
    endloop
  endfacet
  facet normal 0.195112 0.980781 0
    outer loop
      vertex -41.3264 67.1474 6
      vertex -40.6689 67.0166 0
      vertex -41.3264 67.1474 0
    endloop
  endfacet
  facet normal 0.321325 0.946969 -0
    outer loop
      vertex -41.3264 67.1474 0
      vertex -41.9612 67.3628 6
      vertex -41.3264 67.1474 6
    endloop
  endfacet
  facet normal 0.321325 0.946969 0
    outer loop
      vertex -41.9612 67.3628 6
      vertex -41.3264 67.1474 0
      vertex -41.9612 67.3628 0
    endloop
  endfacet
  facet normal 0.442255 0.89689 -0
    outer loop
      vertex -41.9612 67.3628 0
      vertex -42.5625 67.6593 6
      vertex -41.9612 67.3628 6
    endloop
  endfacet
  facet normal 0.442255 0.89689 0
    outer loop
      vertex -42.5625 67.6593 6
      vertex -41.9612 67.3628 0
      vertex -42.5625 67.6593 0
    endloop
  endfacet
  facet normal 0.555629 0.83143 -0
    outer loop
      vertex -42.5625 67.6593 0
      vertex -43.1199 68.0318 6
      vertex -42.5625 67.6593 6
    endloop
  endfacet
  facet normal 0.555629 0.83143 0
    outer loop
      vertex -43.1199 68.0318 6
      vertex -42.5625 67.6593 0
      vertex -43.1199 68.0318 0
    endloop
  endfacet
  facet normal 0.659349 0.751837 -0
    outer loop
      vertex -43.1199 68.0318 0
      vertex -43.6239 68.4738 6
      vertex -43.1199 68.0318 6
    endloop
  endfacet
  facet normal 0.659349 0.751837 0
    outer loop
      vertex -43.6239 68.4738 6
      vertex -43.1199 68.0318 0
      vertex -43.6239 68.4738 0
    endloop
  endfacet
  facet normal 0.751837 0.659349 0
    outer loop
      vertex -43.6239 68.4738 6
      vertex -44.0659 68.9778 0
      vertex -44.0659 68.9778 6
    endloop
  endfacet
  facet normal 0.751837 0.659349 0
    outer loop
      vertex -44.0659 68.9778 0
      vertex -43.6239 68.4738 6
      vertex -43.6239 68.4738 0
    endloop
  endfacet
  facet normal 0.83143 0.555629 0
    outer loop
      vertex -44.0659 68.9778 6
      vertex -44.4384 69.5352 0
      vertex -44.4384 69.5352 6
    endloop
  endfacet
  facet normal 0.83143 0.555629 0
    outer loop
      vertex -44.4384 69.5352 0
      vertex -44.0659 68.9778 6
      vertex -44.0659 68.9778 0
    endloop
  endfacet
  facet normal 0.89689 0.442255 0
    outer loop
      vertex -44.4384 69.5352 6
      vertex -44.7349 70.1365 0
      vertex -44.7349 70.1365 6
    endloop
  endfacet
  facet normal 0.89689 0.442255 0
    outer loop
      vertex -44.7349 70.1365 0
      vertex -44.4384 69.5352 6
      vertex -44.4384 69.5352 0
    endloop
  endfacet
  facet normal 0.946924 0.321459 0
    outer loop
      vertex -44.7349 70.1365 6
      vertex -44.9504 70.7713 0
      vertex -44.9504 70.7713 6
    endloop
  endfacet
  facet normal 0.946924 0.321459 0
    outer loop
      vertex -44.9504 70.7713 0
      vertex -44.7349 70.1365 6
      vertex -44.7349 70.1365 0
    endloop
  endfacet
  facet normal 0.98081 0.194969 0
    outer loop
      vertex -44.9504 70.7713 6
      vertex -45.0811 71.4288 0
      vertex -45.0811 71.4288 6
    endloop
  endfacet
  facet normal 0.98081 0.194969 0
    outer loop
      vertex -45.0811 71.4288 0
      vertex -44.9504 70.7713 6
      vertex -44.9504 70.7713 0
    endloop
  endfacet
  facet normal 0.997853 0.0654892 0
    outer loop
      vertex -45.0811 71.4288 6
      vertex -45.125 72.0977 0
      vertex -45.125 72.0977 6
    endloop
  endfacet
  facet normal 0.997853 0.0654892 0
    outer loop
      vertex -45.125 72.0977 0
      vertex -45.0811 71.4288 6
      vertex -45.0811 71.4288 0
    endloop
  endfacet
  facet normal 0.997854 -0.0654795 0
    outer loop
      vertex -45.125 72.0977 6
      vertex -45.0811 72.7667 0
      vertex -45.0811 72.7667 6
    endloop
  endfacet
  facet normal 0.997854 -0.0654795 0
    outer loop
      vertex -45.0811 72.7667 0
      vertex -45.125 72.0977 6
      vertex -45.125 72.0977 0
    endloop
  endfacet
  facet normal 0.98081 -0.194969 0
    outer loop
      vertex -45.0811 72.7667 6
      vertex -44.9504 73.4242 0
      vertex -44.9504 73.4242 6
    endloop
  endfacet
  facet normal 0.98081 -0.194969 0
    outer loop
      vertex -44.9504 73.4242 0
      vertex -45.0811 72.7667 6
      vertex -45.0811 72.7667 0
    endloop
  endfacet
  facet normal 0.946924 -0.321459 0
    outer loop
      vertex -44.9504 73.4242 6
      vertex -44.7349 74.059 0
      vertex -44.7349 74.059 6
    endloop
  endfacet
  facet normal 0.946924 -0.321459 0
    outer loop
      vertex -44.7349 74.059 0
      vertex -44.9504 73.4242 6
      vertex -44.9504 73.4242 0
    endloop
  endfacet
  facet normal 0.89686 -0.442314 0
    outer loop
      vertex -44.7349 74.059 6
      vertex -44.4384 74.6602 0
      vertex -44.4384 74.6602 6
    endloop
  endfacet
  facet normal 0.89686 -0.442314 0
    outer loop
      vertex -44.4384 74.6602 0
      vertex -44.7349 74.059 6
      vertex -44.7349 74.059 0
    endloop
  endfacet
  facet normal 0.83143 -0.555629 0
    outer loop
      vertex -44.4384 74.6602 6
      vertex -44.0659 75.2176 0
      vertex -44.0659 75.2176 6
    endloop
  endfacet
  facet normal 0.83143 -0.555629 0
    outer loop
      vertex -44.0659 75.2176 0
      vertex -44.4384 74.6602 6
      vertex -44.4384 74.6602 0
    endloop
  endfacet
  facet normal 0.751837 -0.659349 0
    outer loop
      vertex -44.0659 75.2176 6
      vertex -43.6239 75.7216 0
      vertex -43.6239 75.7216 6
    endloop
  endfacet
  facet normal 0.751837 -0.659349 0
    outer loop
      vertex -43.6239 75.7216 0
      vertex -44.0659 75.2176 6
      vertex -44.0659 75.2176 0
    endloop
  endfacet
  facet normal 0.659433 -0.751763 0
    outer loop
      vertex -43.6239 75.7216 0
      vertex -43.1199 76.1637 6
      vertex -43.6239 75.7216 6
    endloop
  endfacet
  facet normal 0.659433 -0.751763 0
    outer loop
      vertex -43.1199 76.1637 6
      vertex -43.6239 75.7216 0
      vertex -43.1199 76.1637 0
    endloop
  endfacet
  facet normal 0.555526 -0.831499 0
    outer loop
      vertex -43.1199 76.1637 0
      vertex -42.5625 76.5361 6
      vertex -43.1199 76.1637 6
    endloop
  endfacet
  facet normal 0.555526 -0.831499 0
    outer loop
      vertex -42.5625 76.5361 6
      vertex -43.1199 76.1637 0
      vertex -42.5625 76.5361 0
    endloop
  endfacet
  facet normal 0.442255 -0.89689 0
    outer loop
      vertex -42.5625 76.5361 0
      vertex -41.9612 76.8326 6
      vertex -42.5625 76.5361 6
    endloop
  endfacet
  facet normal 0.442255 -0.89689 0
    outer loop
      vertex -41.9612 76.8326 6
      vertex -42.5625 76.5361 0
      vertex -41.9612 76.8326 0
    endloop
  endfacet
  facet normal 0.321459 -0.946924 0
    outer loop
      vertex -41.9612 76.8326 0
      vertex -41.3264 77.0481 6
      vertex -41.9612 76.8326 6
    endloop
  endfacet
  facet normal 0.321459 -0.946924 0
    outer loop
      vertex -41.3264 77.0481 6
      vertex -41.9612 76.8326 0
      vertex -41.3264 77.0481 0
    endloop
  endfacet
  facet normal 0.195112 -0.980781 0
    outer loop
      vertex -41.3264 77.0481 0
      vertex -40.6689 77.1789 6
      vertex -41.3264 77.0481 6
    endloop
  endfacet
  facet normal 0.195112 -0.980781 0
    outer loop
      vertex -40.6689 77.1789 6
      vertex -41.3264 77.0481 0
      vertex -40.6689 77.1789 0
    endloop
  endfacet
  facet normal 0.0653407 -0.997863 0
    outer loop
      vertex -40.6689 77.1789 0
      vertex -40 77.2227 6
      vertex -40.6689 77.1789 6
    endloop
  endfacet
  facet normal 0.0653407 -0.997863 0
    outer loop
      vertex -40 77.2227 6
      vertex -40.6689 77.1789 0
      vertex -40 77.2227 0
    endloop
  endfacet
  facet normal -0.0653407 -0.997863 0
    outer loop
      vertex -40 77.2227 0
      vertex -39.3311 77.1789 6
      vertex -40 77.2227 6
    endloop
  endfacet
  facet normal -0.0653407 -0.997863 -0
    outer loop
      vertex -39.3311 77.1789 6
      vertex -40 77.2227 0
      vertex -39.3311 77.1789 0
    endloop
  endfacet
  facet normal -0.195112 -0.980781 0
    outer loop
      vertex -39.3311 77.1789 0
      vertex -38.6736 77.0481 6
      vertex -39.3311 77.1789 6
    endloop
  endfacet
  facet normal -0.195112 -0.980781 -0
    outer loop
      vertex -38.6736 77.0481 6
      vertex -39.3311 77.1789 0
      vertex -38.6736 77.0481 0
    endloop
  endfacet
  facet normal -0.321459 -0.946924 0
    outer loop
      vertex -38.6736 77.0481 0
      vertex -38.0388 76.8326 6
      vertex -38.6736 77.0481 6
    endloop
  endfacet
  facet normal -0.321459 -0.946924 -0
    outer loop
      vertex -38.0388 76.8326 6
      vertex -38.6736 77.0481 0
      vertex -38.0388 76.8326 0
    endloop
  endfacet
  facet normal -0.442255 -0.89689 0
    outer loop
      vertex -38.0388 76.8326 0
      vertex -37.4375 76.5361 6
      vertex -38.0388 76.8326 6
    endloop
  endfacet
  facet normal -0.442255 -0.89689 -0
    outer loop
      vertex -37.4375 76.5361 6
      vertex -38.0388 76.8326 0
      vertex -37.4375 76.5361 0
    endloop
  endfacet
  facet normal -0.555526 -0.831499 0
    outer loop
      vertex -37.4375 76.5361 0
      vertex -36.8801 76.1637 6
      vertex -37.4375 76.5361 6
    endloop
  endfacet
  facet normal -0.555526 -0.831499 -0
    outer loop
      vertex -36.8801 76.1637 6
      vertex -37.4375 76.5361 0
      vertex -36.8801 76.1637 0
    endloop
  endfacet
  facet normal -0.659433 -0.751763 0
    outer loop
      vertex -36.8801 76.1637 0
      vertex -36.3761 75.7216 6
      vertex -36.8801 76.1637 6
    endloop
  endfacet
  facet normal -0.659433 -0.751763 -0
    outer loop
      vertex -36.3761 75.7216 6
      vertex -36.8801 76.1637 0
      vertex -36.3761 75.7216 0
    endloop
  endfacet
  facet normal -0.751837 -0.659349 0
    outer loop
      vertex -35.9341 75.2176 0
      vertex -36.3761 75.7216 6
      vertex -36.3761 75.7216 0
    endloop
  endfacet
  facet normal -0.751837 -0.659349 0
    outer loop
      vertex -36.3761 75.7216 6
      vertex -35.9341 75.2176 0
      vertex -35.9341 75.2176 6
    endloop
  endfacet
  facet normal -0.83143 -0.555629 0
    outer loop
      vertex -35.5616 74.6602 0
      vertex -35.9341 75.2176 6
      vertex -35.9341 75.2176 0
    endloop
  endfacet
  facet normal -0.83143 -0.555629 0
    outer loop
      vertex -35.9341 75.2176 6
      vertex -35.5616 74.6602 0
      vertex -35.5616 74.6602 6
    endloop
  endfacet
  facet normal -0.89686 -0.442314 0
    outer loop
      vertex -35.2651 74.059 0
      vertex -35.5616 74.6602 6
      vertex -35.5616 74.6602 0
    endloop
  endfacet
  facet normal -0.89686 -0.442314 0
    outer loop
      vertex -35.5616 74.6602 6
      vertex -35.2651 74.059 0
      vertex -35.2651 74.059 6
    endloop
  endfacet
  facet normal -0.946924 -0.321459 0
    outer loop
      vertex -35.0496 73.4242 0
      vertex -35.2651 74.059 6
      vertex -35.2651 74.059 0
    endloop
  endfacet
  facet normal -0.946924 -0.321459 0
    outer loop
      vertex -35.2651 74.059 6
      vertex -35.0496 73.4242 0
      vertex -35.0496 73.4242 6
    endloop
  endfacet
  facet normal -0.98081 -0.194969 0
    outer loop
      vertex -34.9189 72.7667 0
      vertex -35.0496 73.4242 6
      vertex -35.0496 73.4242 0
    endloop
  endfacet
  facet normal -0.98081 -0.194969 0
    outer loop
      vertex -35.0496 73.4242 6
      vertex -34.9189 72.7667 0
      vertex -34.9189 72.7667 6
    endloop
  endfacet
  facet normal -0.997854 -0.0654795 0
    outer loop
      vertex -34.875 72.0977 0
      vertex -34.9189 72.7667 6
      vertex -34.9189 72.7667 0
    endloop
  endfacet
  facet normal -0.997854 -0.0654795 0
    outer loop
      vertex -34.9189 72.7667 6
      vertex -34.875 72.0977 0
      vertex -34.875 72.0977 6
    endloop
  endfacet
  facet normal -0.997853 0.0654892 0
    outer loop
      vertex -34.9189 71.4288 0
      vertex -34.875 72.0977 6
      vertex -34.875 72.0977 0
    endloop
  endfacet
  facet normal -0.997853 0.0654892 0
    outer loop
      vertex -34.875 72.0977 6
      vertex -34.9189 71.4288 0
      vertex -34.9189 71.4288 6
    endloop
  endfacet
  facet normal -0.98081 0.194969 0
    outer loop
      vertex -35.0496 70.7713 0
      vertex -34.9189 71.4288 6
      vertex -34.9189 71.4288 0
    endloop
  endfacet
  facet normal -0.98081 0.194969 0
    outer loop
      vertex -34.9189 71.4288 6
      vertex -35.0496 70.7713 0
      vertex -35.0496 70.7713 6
    endloop
  endfacet
  facet normal -0.946924 0.321459 0
    outer loop
      vertex -35.2651 70.1365 0
      vertex -35.0496 70.7713 6
      vertex -35.0496 70.7713 0
    endloop
  endfacet
  facet normal -0.946924 0.321459 0
    outer loop
      vertex -35.0496 70.7713 6
      vertex -35.2651 70.1365 0
      vertex -35.2651 70.1365 6
    endloop
  endfacet
  facet normal -0.89689 0.442255 0
    outer loop
      vertex -35.5616 69.5352 0
      vertex -35.2651 70.1365 6
      vertex -35.2651 70.1365 0
    endloop
  endfacet
  facet normal -0.89689 0.442255 0
    outer loop
      vertex -35.2651 70.1365 6
      vertex -35.5616 69.5352 0
      vertex -35.5616 69.5352 6
    endloop
  endfacet
  facet normal -0.83143 0.555629 0
    outer loop
      vertex -35.9341 68.9778 0
      vertex -35.5616 69.5352 6
      vertex -35.5616 69.5352 0
    endloop
  endfacet
  facet normal -0.83143 0.555629 0
    outer loop
      vertex -35.5616 69.5352 6
      vertex -35.9341 68.9778 0
      vertex -35.9341 68.9778 6
    endloop
  endfacet
  facet normal -0.751837 0.659349 0
    outer loop
      vertex -36.3761 68.4738 0
      vertex -35.9341 68.9778 6
      vertex -35.9341 68.9778 0
    endloop
  endfacet
  facet normal -0.751837 0.659349 0
    outer loop
      vertex -35.9341 68.9778 6
      vertex -36.3761 68.4738 0
      vertex -36.3761 68.4738 6
    endloop
  endfacet
  facet normal -0.659349 0.751837 0
    outer loop
      vertex -36.3761 68.4738 0
      vertex -36.8801 68.0318 6
      vertex -36.3761 68.4738 6
    endloop
  endfacet
  facet normal -0.659349 0.751837 0
    outer loop
      vertex -36.8801 68.0318 6
      vertex -36.3761 68.4738 0
      vertex -36.8801 68.0318 0
    endloop
  endfacet
  facet normal -0.555629 0.83143 0
    outer loop
      vertex -36.8801 68.0318 0
      vertex -37.4375 67.6593 6
      vertex -36.8801 68.0318 6
    endloop
  endfacet
  facet normal -0.555629 0.83143 0
    outer loop
      vertex -37.4375 67.6593 6
      vertex -36.8801 68.0318 0
      vertex -37.4375 67.6593 0
    endloop
  endfacet
  facet normal -0.442255 0.89689 0
    outer loop
      vertex -37.4375 67.6593 0
      vertex -38.0388 67.3628 6
      vertex -37.4375 67.6593 6
    endloop
  endfacet
  facet normal -0.442255 0.89689 0
    outer loop
      vertex -38.0388 67.3628 6
      vertex -37.4375 67.6593 0
      vertex -38.0388 67.3628 0
    endloop
  endfacet
  facet normal -0.321325 0.946969 0
    outer loop
      vertex -38.0388 67.3628 0
      vertex -38.6736 67.1474 6
      vertex -38.0388 67.3628 6
    endloop
  endfacet
  facet normal -0.321325 0.946969 0
    outer loop
      vertex -38.6736 67.1474 6
      vertex -38.0388 67.3628 0
      vertex -38.6736 67.1474 0
    endloop
  endfacet
  facet normal -0.195112 0.980781 0
    outer loop
      vertex -38.6736 67.1474 0
      vertex -39.3311 67.0166 6
      vertex -38.6736 67.1474 6
    endloop
  endfacet
  facet normal -0.195112 0.980781 0
    outer loop
      vertex -39.3311 67.0166 6
      vertex -38.6736 67.1474 0
      vertex -39.3311 67.0166 0
    endloop
  endfacet
  facet normal -0.0654892 0.997853 0
    outer loop
      vertex -39.3311 67.0166 0
      vertex -40 66.9727 6
      vertex -39.3311 67.0166 6
    endloop
  endfacet
  facet normal -0.0654892 0.997853 0
    outer loop
      vertex -40 66.9727 6
      vertex -39.3311 67.0166 0
      vertex -40 66.9727 0
    endloop
  endfacet
  facet normal 0.0654892 0.997853 -0
    outer loop
      vertex -40 66.9727 0
      vertex -40.6689 67.0166 6
      vertex -40 66.9727 6
    endloop
  endfacet
  facet normal 0.0654892 0.997853 0
    outer loop
      vertex -40.6689 67.0166 6
      vertex -40 66.9727 0
      vertex -40.6689 67.0166 0
    endloop
  endfacet
  facet normal 0.194969 0.98081 -0
    outer loop
      vertex -40.6689 -42.447 0
      vertex -41.3264 -42.3163 6
      vertex -40.6689 -42.447 6
    endloop
  endfacet
  facet normal 0.194969 0.98081 0
    outer loop
      vertex -41.3264 -42.3163 6
      vertex -40.6689 -42.447 0
      vertex -41.3264 -42.3163 0
    endloop
  endfacet
  facet normal 0.321459 0.946924 -0
    outer loop
      vertex -41.3264 -42.3163 0
      vertex -41.9612 -42.1008 6
      vertex -41.3264 -42.3163 6
    endloop
  endfacet
  facet normal 0.321459 0.946924 0
    outer loop
      vertex -41.9612 -42.1008 6
      vertex -41.3264 -42.3163 0
      vertex -41.9612 -42.1008 0
    endloop
  endfacet
  facet normal 0.442255 0.89689 -0
    outer loop
      vertex -41.9612 -42.1008 0
      vertex -42.5625 -41.8043 6
      vertex -41.9612 -42.1008 6
    endloop
  endfacet
  facet normal 0.442255 0.89689 0
    outer loop
      vertex -42.5625 -41.8043 6
      vertex -41.9612 -42.1008 0
      vertex -42.5625 -41.8043 0
    endloop
  endfacet
  facet normal 0.555629 0.83143 -0
    outer loop
      vertex -42.5625 -41.8043 0
      vertex -43.1199 -41.4318 6
      vertex -42.5625 -41.8043 6
    endloop
  endfacet
  facet normal 0.555629 0.83143 0
    outer loop
      vertex -43.1199 -41.4318 6
      vertex -42.5625 -41.8043 0
      vertex -43.1199 -41.4318 0
    endloop
  endfacet
  facet normal 0.659349 0.751837 -0
    outer loop
      vertex -43.1199 -41.4318 0
      vertex -43.6239 -40.9898 6
      vertex -43.1199 -41.4318 6
    endloop
  endfacet
  facet normal 0.659349 0.751837 0
    outer loop
      vertex -43.6239 -40.9898 6
      vertex -43.1199 -41.4318 0
      vertex -43.6239 -40.9898 0
    endloop
  endfacet
  facet normal 0.751837 0.659349 0
    outer loop
      vertex -43.6239 -40.9898 6
      vertex -44.0659 -40.4858 0
      vertex -44.0659 -40.4858 6
    endloop
  endfacet
  facet normal 0.751837 0.659349 0
    outer loop
      vertex -44.0659 -40.4858 0
      vertex -43.6239 -40.9898 6
      vertex -43.6239 -40.9898 0
    endloop
  endfacet
  facet normal 0.83143 0.555629 0
    outer loop
      vertex -44.0659 -40.4858 6
      vertex -44.4384 -39.9284 0
      vertex -44.4384 -39.9284 6
    endloop
  endfacet
  facet normal 0.83143 0.555629 0
    outer loop
      vertex -44.4384 -39.9284 0
      vertex -44.0659 -40.4858 6
      vertex -44.0659 -40.4858 0
    endloop
  endfacet
  facet normal 0.89689 0.442255 0
    outer loop
      vertex -44.4384 -39.9284 6
      vertex -44.7349 -39.3271 0
      vertex -44.7349 -39.3271 6
    endloop
  endfacet
  facet normal 0.89689 0.442255 0
    outer loop
      vertex -44.7349 -39.3271 0
      vertex -44.4384 -39.9284 6
      vertex -44.4384 -39.9284 0
    endloop
  endfacet
  facet normal 0.946924 0.321459 0
    outer loop
      vertex -44.7349 -39.3271 6
      vertex -44.9504 -38.6923 0
      vertex -44.9504 -38.6923 6
    endloop
  endfacet
  facet normal 0.946924 0.321459 0
    outer loop
      vertex -44.9504 -38.6923 0
      vertex -44.7349 -39.3271 6
      vertex -44.7349 -39.3271 0
    endloop
  endfacet
  facet normal 0.98081 0.194969 0
    outer loop
      vertex -44.9504 -38.6923 6
      vertex -45.0811 -38.0348 0
      vertex -45.0811 -38.0348 6
    endloop
  endfacet
  facet normal 0.98081 0.194969 0
    outer loop
      vertex -45.0811 -38.0348 0
      vertex -44.9504 -38.6923 6
      vertex -44.9504 -38.6923 0
    endloop
  endfacet
  facet normal 0.997853 0.0654892 0
    outer loop
      vertex -45.0811 -38.0348 6
      vertex -45.125 -37.3659 0
      vertex -45.125 -37.3659 6
    endloop
  endfacet
  facet normal 0.997853 0.0654892 0
    outer loop
      vertex -45.125 -37.3659 0
      vertex -45.0811 -38.0348 6
      vertex -45.0811 -38.0348 0
    endloop
  endfacet
  facet normal 0.997853 -0.0654892 0
    outer loop
      vertex -45.125 -37.3659 6
      vertex -45.0811 -36.697 0
      vertex -45.0811 -36.697 6
    endloop
  endfacet
  facet normal 0.997853 -0.0654892 0
    outer loop
      vertex -45.0811 -36.697 0
      vertex -45.125 -37.3659 6
      vertex -45.125 -37.3659 0
    endloop
  endfacet
  facet normal 0.98081 -0.194969 0
    outer loop
      vertex -45.0811 -36.697 6
      vertex -44.9504 -36.0395 0
      vertex -44.9504 -36.0395 6
    endloop
  endfacet
  facet normal 0.98081 -0.194969 0
    outer loop
      vertex -44.9504 -36.0395 0
      vertex -45.0811 -36.697 6
      vertex -45.0811 -36.697 0
    endloop
  endfacet
  facet normal 0.946939 -0.321413 0
    outer loop
      vertex -44.9504 -36.0395 6
      vertex -44.7349 -35.4046 0
      vertex -44.7349 -35.4046 6
    endloop
  endfacet
  facet normal 0.946939 -0.321413 0
    outer loop
      vertex -44.7349 -35.4046 0
      vertex -44.9504 -36.0395 6
      vertex -44.9504 -36.0395 0
    endloop
  endfacet
  facet normal 0.89686 -0.442314 0
    outer loop
      vertex -44.7349 -35.4046 6
      vertex -44.4384 -34.8034 0
      vertex -44.4384 -34.8034 6
    endloop
  endfacet
  facet normal 0.89686 -0.442314 0
    outer loop
      vertex -44.4384 -34.8034 0
      vertex -44.7349 -35.4046 6
      vertex -44.7349 -35.4046 0
    endloop
  endfacet
  facet normal 0.83143 -0.555629 0
    outer loop
      vertex -44.4384 -34.8034 6
      vertex -44.0659 -34.246 0
      vertex -44.0659 -34.246 6
    endloop
  endfacet
  facet normal 0.83143 -0.555629 0
    outer loop
      vertex -44.0659 -34.246 0
      vertex -44.4384 -34.8034 6
      vertex -44.4384 -34.8034 0
    endloop
  endfacet
  facet normal 0.751837 -0.659349 0
    outer loop
      vertex -44.0659 -34.246 6
      vertex -43.6239 -33.742 0
      vertex -43.6239 -33.742 6
    endloop
  endfacet
  facet normal 0.751837 -0.659349 0
    outer loop
      vertex -43.6239 -33.742 0
      vertex -44.0659 -34.246 6
      vertex -44.0659 -34.246 0
    endloop
  endfacet
  facet normal 0.659349 -0.751837 0
    outer loop
      vertex -43.6239 -33.742 0
      vertex -43.1199 -33.3 6
      vertex -43.6239 -33.742 6
    endloop
  endfacet
  facet normal 0.659349 -0.751837 0
    outer loop
      vertex -43.1199 -33.3 6
      vertex -43.6239 -33.742 0
      vertex -43.1199 -33.3 0
    endloop
  endfacet
  facet normal 0.555629 -0.83143 0
    outer loop
      vertex -43.1199 -33.3 0
      vertex -42.5625 -32.9275 6
      vertex -43.1199 -33.3 6
    endloop
  endfacet
  facet normal 0.555629 -0.83143 0
    outer loop
      vertex -42.5625 -32.9275 6
      vertex -43.1199 -33.3 0
      vertex -42.5625 -32.9275 0
    endloop
  endfacet
  facet normal 0.442255 -0.89689 0
    outer loop
      vertex -42.5625 -32.9275 0
      vertex -41.9612 -32.631 6
      vertex -42.5625 -32.9275 6
    endloop
  endfacet
  facet normal 0.442255 -0.89689 0
    outer loop
      vertex -41.9612 -32.631 6
      vertex -42.5625 -32.9275 0
      vertex -41.9612 -32.631 0
    endloop
  endfacet
  facet normal 0.321459 -0.946924 0
    outer loop
      vertex -41.9612 -32.631 0
      vertex -41.3264 -32.4155 6
      vertex -41.9612 -32.631 6
    endloop
  endfacet
  facet normal 0.321459 -0.946924 0
    outer loop
      vertex -41.3264 -32.4155 6
      vertex -41.9612 -32.631 0
      vertex -41.3264 -32.4155 0
    endloop
  endfacet
  facet normal 0.195112 -0.980781 0
    outer loop
      vertex -41.3264 -32.4155 0
      vertex -40.6689 -32.2847 6
      vertex -41.3264 -32.4155 6
    endloop
  endfacet
  facet normal 0.195112 -0.980781 0
    outer loop
      vertex -40.6689 -32.2847 6
      vertex -41.3264 -32.4155 0
      vertex -40.6689 -32.2847 0
    endloop
  endfacet
  facet normal 0.0653407 -0.997863 0
    outer loop
      vertex -40.6689 -32.2847 0
      vertex -40 -32.2409 6
      vertex -40.6689 -32.2847 6
    endloop
  endfacet
  facet normal 0.0653407 -0.997863 0
    outer loop
      vertex -40 -32.2409 6
      vertex -40.6689 -32.2847 0
      vertex -40 -32.2409 0
    endloop
  endfacet
  facet normal -0.0653407 -0.997863 0
    outer loop
      vertex -40 -32.2409 0
      vertex -39.3311 -32.2847 6
      vertex -40 -32.2409 6
    endloop
  endfacet
  facet normal -0.0653407 -0.997863 -0
    outer loop
      vertex -39.3311 -32.2847 6
      vertex -40 -32.2409 0
      vertex -39.3311 -32.2847 0
    endloop
  endfacet
  facet normal -0.195112 -0.980781 0
    outer loop
      vertex -39.3311 -32.2847 0
      vertex -38.6736 -32.4155 6
      vertex -39.3311 -32.2847 6
    endloop
  endfacet
  facet normal -0.195112 -0.980781 -0
    outer loop
      vertex -38.6736 -32.4155 6
      vertex -39.3311 -32.2847 0
      vertex -38.6736 -32.4155 0
    endloop
  endfacet
  facet normal -0.321459 -0.946924 0
    outer loop
      vertex -38.6736 -32.4155 0
      vertex -38.0388 -32.631 6
      vertex -38.6736 -32.4155 6
    endloop
  endfacet
  facet normal -0.321459 -0.946924 -0
    outer loop
      vertex -38.0388 -32.631 6
      vertex -38.6736 -32.4155 0
      vertex -38.0388 -32.631 0
    endloop
  endfacet
  facet normal -0.442255 -0.89689 0
    outer loop
      vertex -38.0388 -32.631 0
      vertex -37.4375 -32.9275 6
      vertex -38.0388 -32.631 6
    endloop
  endfacet
  facet normal -0.442255 -0.89689 -0
    outer loop
      vertex -37.4375 -32.9275 6
      vertex -38.0388 -32.631 0
      vertex -37.4375 -32.9275 0
    endloop
  endfacet
  facet normal -0.555629 -0.83143 0
    outer loop
      vertex -37.4375 -32.9275 0
      vertex -36.8801 -33.3 6
      vertex -37.4375 -32.9275 6
    endloop
  endfacet
  facet normal -0.555629 -0.83143 -0
    outer loop
      vertex -36.8801 -33.3 6
      vertex -37.4375 -32.9275 0
      vertex -36.8801 -33.3 0
    endloop
  endfacet
  facet normal -0.659349 -0.751837 0
    outer loop
      vertex -36.8801 -33.3 0
      vertex -36.3761 -33.742 6
      vertex -36.8801 -33.3 6
    endloop
  endfacet
  facet normal -0.659349 -0.751837 -0
    outer loop
      vertex -36.3761 -33.742 6
      vertex -36.8801 -33.3 0
      vertex -36.3761 -33.742 0
    endloop
  endfacet
  facet normal -0.751837 -0.659349 0
    outer loop
      vertex -35.9341 -34.246 0
      vertex -36.3761 -33.742 6
      vertex -36.3761 -33.742 0
    endloop
  endfacet
  facet normal -0.751837 -0.659349 0
    outer loop
      vertex -36.3761 -33.742 6
      vertex -35.9341 -34.246 0
      vertex -35.9341 -34.246 6
    endloop
  endfacet
  facet normal -0.83143 -0.555629 0
    outer loop
      vertex -35.5616 -34.8034 0
      vertex -35.9341 -34.246 6
      vertex -35.9341 -34.246 0
    endloop
  endfacet
  facet normal -0.83143 -0.555629 0
    outer loop
      vertex -35.9341 -34.246 6
      vertex -35.5616 -34.8034 0
      vertex -35.5616 -34.8034 6
    endloop
  endfacet
  facet normal -0.89686 -0.442314 0
    outer loop
      vertex -35.2651 -35.4046 0
      vertex -35.5616 -34.8034 6
      vertex -35.5616 -34.8034 0
    endloop
  endfacet
  facet normal -0.89686 -0.442314 0
    outer loop
      vertex -35.5616 -34.8034 6
      vertex -35.2651 -35.4046 0
      vertex -35.2651 -35.4046 6
    endloop
  endfacet
  facet normal -0.946939 -0.321413 0
    outer loop
      vertex -35.0496 -36.0395 0
      vertex -35.2651 -35.4046 6
      vertex -35.2651 -35.4046 0
    endloop
  endfacet
  facet normal -0.946939 -0.321413 0
    outer loop
      vertex -35.2651 -35.4046 6
      vertex -35.0496 -36.0395 0
      vertex -35.0496 -36.0395 6
    endloop
  endfacet
  facet normal -0.98081 -0.194969 0
    outer loop
      vertex -34.9189 -36.697 0
      vertex -35.0496 -36.0395 6
      vertex -35.0496 -36.0395 0
    endloop
  endfacet
  facet normal -0.98081 -0.194969 0
    outer loop
      vertex -35.0496 -36.0395 6
      vertex -34.9189 -36.697 0
      vertex -34.9189 -36.697 6
    endloop
  endfacet
  facet normal -0.997853 -0.0654892 0
    outer loop
      vertex -34.875 -37.3659 0
      vertex -34.9189 -36.697 6
      vertex -34.9189 -36.697 0
    endloop
  endfacet
  facet normal -0.997853 -0.0654892 0
    outer loop
      vertex -34.9189 -36.697 6
      vertex -34.875 -37.3659 0
      vertex -34.875 -37.3659 6
    endloop
  endfacet
  facet normal -0.997853 0.0654892 0
    outer loop
      vertex -34.9189 -38.0348 0
      vertex -34.875 -37.3659 6
      vertex -34.875 -37.3659 0
    endloop
  endfacet
  facet normal -0.997853 0.0654892 0
    outer loop
      vertex -34.875 -37.3659 6
      vertex -34.9189 -38.0348 0
      vertex -34.9189 -38.0348 6
    endloop
  endfacet
  facet normal -0.98081 0.194969 0
    outer loop
      vertex -35.0496 -38.6923 0
      vertex -34.9189 -38.0348 6
      vertex -34.9189 -38.0348 0
    endloop
  endfacet
  facet normal -0.98081 0.194969 0
    outer loop
      vertex -34.9189 -38.0348 6
      vertex -35.0496 -38.6923 0
      vertex -35.0496 -38.6923 6
    endloop
  endfacet
  facet normal -0.946924 0.321459 0
    outer loop
      vertex -35.2651 -39.3271 0
      vertex -35.0496 -38.6923 6
      vertex -35.0496 -38.6923 0
    endloop
  endfacet
  facet normal -0.946924 0.321459 0
    outer loop
      vertex -35.0496 -38.6923 6
      vertex -35.2651 -39.3271 0
      vertex -35.2651 -39.3271 6
    endloop
  endfacet
  facet normal -0.89689 0.442255 0
    outer loop
      vertex -35.5616 -39.9284 0
      vertex -35.2651 -39.3271 6
      vertex -35.2651 -39.3271 0
    endloop
  endfacet
  facet normal -0.89689 0.442255 0
    outer loop
      vertex -35.2651 -39.3271 6
      vertex -35.5616 -39.9284 0
      vertex -35.5616 -39.9284 6
    endloop
  endfacet
  facet normal -0.83143 0.555629 0
    outer loop
      vertex -35.9341 -40.4858 0
      vertex -35.5616 -39.9284 6
      vertex -35.5616 -39.9284 0
    endloop
  endfacet
  facet normal -0.83143 0.555629 0
    outer loop
      vertex -35.5616 -39.9284 6
      vertex -35.9341 -40.4858 0
      vertex -35.9341 -40.4858 6
    endloop
  endfacet
  facet normal -0.751837 0.659349 0
    outer loop
      vertex -36.3761 -40.9898 0
      vertex -35.9341 -40.4858 6
      vertex -35.9341 -40.4858 0
    endloop
  endfacet
  facet normal -0.751837 0.659349 0
    outer loop
      vertex -35.9341 -40.4858 6
      vertex -36.3761 -40.9898 0
      vertex -36.3761 -40.9898 6
    endloop
  endfacet
  facet normal -0.659349 0.751837 0
    outer loop
      vertex -36.3761 -40.9898 0
      vertex -36.8801 -41.4318 6
      vertex -36.3761 -40.9898 6
    endloop
  endfacet
  facet normal -0.659349 0.751837 0
    outer loop
      vertex -36.8801 -41.4318 6
      vertex -36.3761 -40.9898 0
      vertex -36.8801 -41.4318 0
    endloop
  endfacet
  facet normal -0.555629 0.83143 0
    outer loop
      vertex -36.8801 -41.4318 0
      vertex -37.4375 -41.8043 6
      vertex -36.8801 -41.4318 6
    endloop
  endfacet
  facet normal -0.555629 0.83143 0
    outer loop
      vertex -37.4375 -41.8043 6
      vertex -36.8801 -41.4318 0
      vertex -37.4375 -41.8043 0
    endloop
  endfacet
  facet normal -0.442255 0.89689 0
    outer loop
      vertex -37.4375 -41.8043 0
      vertex -38.0388 -42.1008 6
      vertex -37.4375 -41.8043 6
    endloop
  endfacet
  facet normal -0.442255 0.89689 0
    outer loop
      vertex -38.0388 -42.1008 6
      vertex -37.4375 -41.8043 0
      vertex -38.0388 -42.1008 0
    endloop
  endfacet
  facet normal -0.321459 0.946924 0
    outer loop
      vertex -38.0388 -42.1008 0
      vertex -38.6736 -42.3163 6
      vertex -38.0388 -42.1008 6
    endloop
  endfacet
  facet normal -0.321459 0.946924 0
    outer loop
      vertex -38.6736 -42.3163 6
      vertex -38.0388 -42.1008 0
      vertex -38.6736 -42.3163 0
    endloop
  endfacet
  facet normal -0.194969 0.98081 0
    outer loop
      vertex -38.6736 -42.3163 0
      vertex -39.3311 -42.447 6
      vertex -38.6736 -42.3163 6
    endloop
  endfacet
  facet normal -0.194969 0.98081 0
    outer loop
      vertex -39.3311 -42.447 6
      vertex -38.6736 -42.3163 0
      vertex -39.3311 -42.447 0
    endloop
  endfacet
  facet normal -0.0654892 0.997853 0
    outer loop
      vertex -39.3311 -42.447 0
      vertex -40 -42.4909 6
      vertex -39.3311 -42.447 6
    endloop
  endfacet
  facet normal -0.0654892 0.997853 0
    outer loop
      vertex -40 -42.4909 6
      vertex -39.3311 -42.447 0
      vertex -40 -42.4909 0
    endloop
  endfacet
  facet normal 0.0654892 0.997853 -0
    outer loop
      vertex -40 -42.4909 0
      vertex -40.6689 -42.447 6
      vertex -40 -42.4909 6
    endloop
  endfacet
  facet normal 0.0654892 0.997853 0
    outer loop
      vertex -40.6689 -42.447 6
      vertex -40 -42.4909 0
      vertex -40.6689 -42.447 0
    endloop
  endfacet
  facet normal 0 0 -1
    outer loop
      vertex -0.0496368 -36.0395 0
      vertex 3 63.1869 0
      vertex 0.0811462 -36.697 0
    endloop
  endfacet
  facet normal 0 0 -1
    outer loop
      vertex 3 63.1869 0
      vertex 0.0811462 71.4288 0
      vertex 0.125 72.0977 0
    endloop
  endfacet
  facet normal 0 0 -1
    outer loop
      vertex -0.265121 -35.4046 0
      vertex 3 63.1869 0
      vertex -0.0496368 -36.0395 0
    endloop
  endfacet
  facet normal 0 0 -1
    outer loop
      vertex 3 63.1869 0
      vertex -0.0496368 70.7713 0
      vertex 0.0811462 71.4288 0
    endloop
  endfacet
  facet normal 0 0 -1
    outer loop
      vertex -0.56163 -34.8034 0
      vertex 3 63.1869 0
      vertex -0.265121 -35.4046 0
    endloop
  endfacet
  facet normal 0 0 -1
    outer loop
      vertex 3 63.1869 0
      vertex -0.265121 70.1365 0
      vertex -0.0496368 70.7713 0
    endloop
  endfacet
  facet normal 0 0 -1
    outer loop
      vertex -0.934067 -34.246 0
      vertex 3 63.1869 0
      vertex -0.56163 -34.8034 0
    endloop
  endfacet
  facet normal 0 0 -1
    outer loop
      vertex 3 63.1869 0
      vertex -0.56163 69.5352 0
      vertex -0.265121 70.1365 0
    endloop
  endfacet
  facet normal 0 0 -1
    outer loop
      vertex -1.37608 -33.742 0
      vertex 3 63.1869 0
      vertex -0.934067 -34.246 0
    endloop
  endfacet
  facet normal 0 0 -1
    outer loop
      vertex 3 63.1869 0
      vertex -0.934067 68.9778 0
      vertex -0.56163 69.5352 0
    endloop
  endfacet
  facet normal 0 0 -1
    outer loop
      vertex -1.88011 -33.3 0
      vertex 3 63.1869 0
      vertex -1.37608 -33.742 0
    endloop
  endfacet
  facet normal 0 0 -1
    outer loop
      vertex 3 63.1869 0
      vertex -1.37608 68.4738 0
      vertex -0.934067 68.9778 0
    endloop
  endfacet
  facet normal 0 0 -1
    outer loop
      vertex -2.4375 -32.9275 0
      vertex 3 63.1869 0
      vertex -1.88011 -33.3 0
    endloop
  endfacet
  facet normal 0 0 -1
    outer loop
      vertex 3 63.1869 0
      vertex -1.88011 68.0318 0
      vertex -1.37608 68.4738 0
    endloop
  endfacet
  facet normal 0 0 -1
    outer loop
      vertex -3.03876 -32.631 0
      vertex 3 63.1869 0
      vertex -2.4375 -32.9275 0
    endloop
  endfacet
  facet normal 0 0 -1
    outer loop
      vertex 3 63.1869 0
      vertex -2.4375 67.6593 0
      vertex -1.88011 68.0318 0
    endloop
  endfacet
  facet normal 0 0 -1
    outer loop
      vertex -3.67355 -32.4155 0
      vertex 3 63.1869 0
      vertex -3.03876 -32.631 0
    endloop
  endfacet
  facet normal 0 0 -1
    outer loop
      vertex 3 63.1869 0
      vertex -3.03876 67.3628 0
      vertex -2.4375 67.6593 0
    endloop
  endfacet
  facet normal 0 0 -1
    outer loop
      vertex -4.33105 -32.2847 0
      vertex 3 63.1869 0
      vertex -3.67355 -32.4155 0
    endloop
  endfacet
  facet normal 0 0 -1
    outer loop
      vertex 3 63.1869 0
      vertex -3.67355 67.1474 0
      vertex -3.03876 67.3628 0
    endloop
  endfacet
  facet normal 0 0 -1
    outer loop
      vertex -5 -32.2409 0
      vertex 3 63.1869 0
      vertex -4.33105 -32.2847 0
    endloop
  endfacet
  facet normal 0 -0 -1
    outer loop
      vertex -5 66.9727 0
      vertex 3 63.1869 0
      vertex -13 63.1869 0
    endloop
  endfacet
  facet normal -0 0 -1
    outer loop
      vertex 3 63.1869 0
      vertex -5 -32.2409 0
      vertex -13 63.1869 0
    endloop
  endfacet
  facet normal 0 0 -1
    outer loop
      vertex 3 63.1869 0
      vertex -4.33105 67.0166 0
      vertex -3.67355 67.1474 0
    endloop
  endfacet
  facet normal 0 0 -1
    outer loop
      vertex -13 63.1869 0
      vertex -5 -32.2409 0
      vertex -5.66895 -32.2847 0
    endloop
  endfacet
  facet normal 0 0 -1
    outer loop
      vertex 3 63.1869 0
      vertex -5 66.9727 0
      vertex -4.33105 67.0166 0
    endloop
  endfacet
  facet normal 0 0 -1
    outer loop
      vertex -13 63.1869 0
      vertex -5.66895 -32.2847 0
      vertex -6.32645 -32.4155 0
    endloop
  endfacet
  facet normal -0 0 -1
    outer loop
      vertex -5 66.9727 0
      vertex -13 63.1869 0
      vertex -5.66895 67.0166 0
    endloop
  endfacet
  facet normal 0 0 -1
    outer loop
      vertex -13 63.1869 0
      vertex -6.32645 -32.4155 0
      vertex -6.96124 -32.631 0
    endloop
  endfacet
  facet normal -0 0 -1
    outer loop
      vertex -5.66895 67.0166 0
      vertex -13 63.1869 0
      vertex -6.32645 67.1474 0
    endloop
  endfacet
  facet normal 0 0 -1
    outer loop
      vertex -13 63.1869 0
      vertex -6.96124 -32.631 0
      vertex -7.5625 -32.9275 0
    endloop
  endfacet
  facet normal -0 0 -1
    outer loop
      vertex -6.32645 67.1474 0
      vertex -13 63.1869 0
      vertex -6.96124 67.3628 0
    endloop
  endfacet
  facet normal 0 0 -1
    outer loop
      vertex -13 63.1869 0
      vertex -7.5625 -32.9275 0
      vertex -8.11989 -33.3 0
    endloop
  endfacet
  facet normal -0 0 -1
    outer loop
      vertex -6.96124 67.3628 0
      vertex -13 63.1869 0
      vertex -7.5625 67.6593 0
    endloop
  endfacet
  facet normal 0 0 -1
    outer loop
      vertex -13 63.1869 0
      vertex -8.11989 -33.3 0
      vertex -8.62392 -33.742 0
    endloop
  endfacet
  facet normal -0 0 -1
    outer loop
      vertex -7.5625 67.6593 0
      vertex -13 63.1869 0
      vertex -8.11989 68.0318 0
    endloop
  endfacet
  facet normal 0 0 -1
    outer loop
      vertex -13 63.1869 0
      vertex -8.62392 -33.742 0
      vertex -9.06593 -34.246 0
    endloop
  endfacet
  facet normal -0 0 -1
    outer loop
      vertex -8.11989 68.0318 0
      vertex -13 63.1869 0
      vertex -8.62392 68.4738 0
    endloop
  endfacet
  facet normal 0 0 -1
    outer loop
      vertex -13 63.1869 0
      vertex -9.06593 -34.246 0
      vertex -9.43837 -34.8034 0
    endloop
  endfacet
  facet normal 0 0 -1
    outer loop
      vertex -13.4853 63.6124 0
      vertex -8.62392 68.4738 0
      vertex -13 63.1869 0
    endloop
  endfacet
  facet normal 0 0 -1
    outer loop
      vertex -13 63.1869 0
      vertex -9.43837 -34.8034 0
      vertex -9.73488 -35.4046 0
    endloop
  endfacet
  facet normal -0 0 -1
    outer loop
      vertex -8.62392 68.4738 0
      vertex -13.4853 63.6124 0
      vertex -9.06593 68.9778 0
    endloop
  endfacet
  facet normal 0 0 -1
    outer loop
      vertex -13 63.1869 0
      vertex -9.73488 -35.4046 0
      vertex -9.95036 -36.0395 0
    endloop
  endfacet
  facet normal 0 0 -1
    outer loop
      vertex -14.5202 64.7926 0
      vertex -9.06593 68.9778 0
      vertex -13.4853 63.6124 0
    endloop
  endfacet
  facet normal 0 0 -1
    outer loop
      vertex -13 63.1869 0
      vertex -9.95036 -36.0395 0
      vertex -10.0811 -36.697 0
    endloop
  endfacet
  facet normal -0 0 -1
    outer loop
      vertex -9.06593 68.9778 0
      vertex -14.5202 64.7926 0
      vertex -9.43837 69.5352 0
    endloop
  endfacet
  facet normal 0 0 -1
    outer loop
      vertex -13 63.1869 0
      vertex -10.0811 -36.697 0
      vertex -10.125 -37.3659 0
    endloop
  endfacet
  facet normal 0 0 -1
    outer loop
      vertex -15.3923 66.0977 0
      vertex -9.43837 69.5352 0
      vertex -14.5202 64.7926 0
    endloop
  endfacet
  facet normal 0 0 -1
    outer loop
      vertex 3 -77.4838 0
      vertex 12.8848 -83.5876 0
      vertex 13.0882 -84.0443 0
    endloop
  endfacet
  facet normal 0 0 -1
    outer loop
      vertex 12.8848 -83.5876 0
      vertex 3 -77.4838 0
      vertex 10.272 -77.7217 0
    endloop
  endfacet
  facet normal 0 -0 -1
    outer loop
      vertex 6.35236 -76.0981 0
      vertex 10.272 -77.7217 0
      vertex 3 -77.4838 0
    endloop
  endfacet
  facet normal 0 0 -1
    outer loop
      vertex 10.272 -77.7217 0
      vertex 6.35236 -76.0981 0
      vertex 10.0985 -77.3697 0
    endloop
  endfacet
  facet normal 0 0 -1
    outer loop
      vertex 10.0985 -77.3697 0
      vertex 6.35236 -76.0981 0
      vertex 9.88046 -77.0434 0
    endloop
  endfacet
  facet normal 0 0 -1
    outer loop
      vertex 9.62172 -76.7484 0
      vertex 6.35236 -76.0981 0
      vertex 9.32669 -76.4897 0
    endloop
  endfacet
  facet normal 0 0 -1
    outer loop
      vertex 9.32669 -76.4897 0
      vertex 6.35236 -76.0981 0
      vertex 9.0004 -76.2717 0
    endloop
  endfacet
  facet normal 0 0 -1
    outer loop
      vertex 9.0004 -76.2717 0
      vertex 6.35236 -76.0981 0
      vertex 8.64845 -76.0981 0
    endloop
  endfacet
  facet normal 0 0 -1
    outer loop
      vertex 8.64845 -76.0981 0
      vertex 6.35236 -76.0981 0
      vertex 8.27686 -75.9719 0
    endloop
  endfacet
  facet normal -0 0 -1
    outer loop
      vertex 8.27686 -75.9719 0
      vertex 6.35236 -76.0981 0
      vertex 7.89198 -75.8954 0
    endloop
  endfacet
  facet normal -0 0 -1
    outer loop
      vertex 7.89198 -75.8954 0
      vertex 6.35236 -76.0981 0
      vertex 7.5004 -75.8697 0
    endloop
  endfacet
  facet normal 0 0 -1
    outer loop
      vertex 7.5004 -75.8697 0
      vertex 6.35236 -76.0981 0
      vertex 7.10883 -75.8954 0
    endloop
  endfacet
  facet normal 0 0 -1
    outer loop
      vertex 7.10883 -75.8954 0
      vertex 6.35236 -76.0981 0
      vertex 6.72394 -75.9719 0
    endloop
  endfacet
  facet normal 0 0 -1
    outer loop
      vertex 9.88046 -77.0434 0
      vertex 6.35236 -76.0981 0
      vertex 9.62172 -76.7484 0
    endloop
  endfacet
  facet normal 0 0 -1
    outer loop
      vertex 0.125 -37.3659 0
      vertex 3 63.1869 0
      vertex 3 -77.4838 0
    endloop
  endfacet
  facet normal 0 0 -1
    outer loop
      vertex 0.0811462 -36.697 0
      vertex 3 63.1869 0
      vertex 0.125 -37.3659 0
    endloop
  endfacet
  facet normal 0 0 -1
    outer loop
      vertex 3 63.1869 0
      vertex 0.125 72.0977 0
      vertex 2.30513 81.618 0
    endloop
  endfacet
  facet normal 0 0 -1
    outer loop
      vertex 3 -77.4838 0
      vertex 0.0811462 -38.0348 0
      vertex 0.125 -37.3659 0
    endloop
  endfacet
  facet normal 0 0 -1
    outer loop
      vertex 3 -77.4838 0
      vertex -0.0496368 -38.6923 0
      vertex 0.0811462 -38.0348 0
    endloop
  endfacet
  facet normal 0 0 -1
    outer loop
      vertex 3 -77.4838 0
      vertex -0.265121 -39.3271 0
      vertex -0.0496368 -38.6923 0
    endloop
  endfacet
  facet normal 0 0 -1
    outer loop
      vertex 3 -77.4838 0
      vertex -0.56163 -39.9284 0
      vertex -0.265121 -39.3271 0
    endloop
  endfacet
  facet normal 0 0 -1
    outer loop
      vertex 3 -77.4838 0
      vertex -0.934067 -40.4858 0
      vertex -0.56163 -39.9284 0
    endloop
  endfacet
  facet normal 0 0 -1
    outer loop
      vertex 3 -77.4838 0
      vertex -1.37608 -40.9898 0
      vertex -0.934067 -40.4858 0
    endloop
  endfacet
  facet normal 0 0 -1
    outer loop
      vertex 3 -77.4838 0
      vertex -1.88011 -41.4318 0
      vertex -1.37608 -40.9898 0
    endloop
  endfacet
  facet normal 0 0 -1
    outer loop
      vertex 3 -77.4838 0
      vertex -2.4375 -41.8043 0
      vertex -1.88011 -41.4318 0
    endloop
  endfacet
  facet normal 0 0 -1
    outer loop
      vertex 3 -77.4838 0
      vertex -3.03876 -42.1008 0
      vertex -2.4375 -41.8043 0
    endloop
  endfacet
  facet normal 0 0 -1
    outer loop
      vertex 3 -77.4838 0
      vertex -3.67355 -42.3163 0
      vertex -3.03876 -42.1008 0
    endloop
  endfacet
  facet normal 0 0 -1
    outer loop
      vertex 3 -77.4838 0
      vertex -4.33105 -42.447 0
      vertex -3.67355 -42.3163 0
    endloop
  endfacet
  facet normal 0 0 -1
    outer loop
      vertex 3 -77.4838 0
      vertex -5 -42.4909 0
      vertex -4.33105 -42.447 0
    endloop
  endfacet
  facet normal 0 0 -1
    outer loop
      vertex 3 -77.4838 0
      vertex -5.66895 -42.447 0
      vertex -5 -42.4909 0
    endloop
  endfacet
  facet normal 0 0 -1
    outer loop
      vertex 3 -77.4838 0
      vertex -6.32645 -42.3163 0
      vertex -5.66895 -42.447 0
    endloop
  endfacet
  facet normal 0 0 -1
    outer loop
      vertex -13 -84.0977 0
      vertex -6.32645 -42.3163 0
      vertex 3 -77.4838 0
    endloop
  endfacet
  facet normal -0 0 -1
    outer loop
      vertex -6.32645 -42.3163 0
      vertex -13 -84.0977 0
      vertex -6.96124 -42.1008 0
    endloop
  endfacet
  facet normal -0 0 -1
    outer loop
      vertex -6.96124 -42.1008 0
      vertex -13 -84.0977 0
      vertex -7.5625 -41.8043 0
    endloop
  endfacet
  facet normal -0 0 -1
    outer loop
      vertex -7.5625 -41.8043 0
      vertex -13 -84.0977 0
      vertex -8.11989 -41.4318 0
    endloop
  endfacet
  facet normal -0 0 -1
    outer loop
      vertex -8.11989 -41.4318 0
      vertex -13 -84.0977 0
      vertex -8.62392 -40.9898 0
    endloop
  endfacet
  facet normal -0 0 -1
    outer loop
      vertex -8.62392 -40.9898 0
      vertex -13 -84.0977 0
      vertex -9.06593 -40.4858 0
    endloop
  endfacet
  facet normal -0 0 -1
    outer loop
      vertex -9.06593 -40.4858 0
      vertex -13 -84.0977 0
      vertex -9.43837 -39.9284 0
    endloop
  endfacet
  facet normal -0 0 -1
    outer loop
      vertex -9.43837 -39.9284 0
      vertex -13 -84.0977 0
      vertex -9.73488 -39.3271 0
    endloop
  endfacet
  facet normal -0 0 -1
    outer loop
      vertex -9.43837 69.5352 0
      vertex -15.3923 66.0977 0
      vertex -9.73488 70.1365 0
    endloop
  endfacet
  facet normal 0 0 -1
    outer loop
      vertex -16.0865 67.5055 0
      vertex -9.73488 70.1365 0
      vertex -15.3923 66.0977 0
    endloop
  endfacet
  facet normal 0 0 -1
    outer loop
      vertex -13 63.1869 0
      vertex -10.125 -37.3659 0
      vertex -13 -84.0977 0
    endloop
  endfacet
  facet normal -0 0 -1
    outer loop
      vertex -10.0811 -38.0348 0
      vertex -13 -84.0977 0
      vertex -10.125 -37.3659 0
    endloop
  endfacet
  facet normal -0 0 -1
    outer loop
      vertex -9.95036 -38.6923 0
      vertex -13 -84.0977 0
      vertex -10.0811 -38.0348 0
    endloop
  endfacet
  facet normal -0 0 -1
    outer loop
      vertex -9.73488 -39.3271 0
      vertex -13 -84.0977 0
      vertex -9.95036 -38.6923 0
    endloop
  endfacet
  facet normal -0 0 -1
    outer loop
      vertex 13.0882 -84.0443 0
      vertex -13 -84.0977 0
      vertex 3 -77.4838 0
    endloop
  endfacet
  facet normal 0 0 -1
    outer loop
      vertex -19.7994 -98.6868 0
      vertex -13 -84.0977 0
      vertex 13.0882 -84.0443 0
    endloop
  endfacet
  facet normal 0 0 -1
    outer loop
      vertex -20.0028 -98.2301 0
      vertex -13 -84.0977 0
      vertex -19.7994 -98.6868 0
    endloop
  endfacet
  facet normal 0 0 -1
    outer loop
      vertex -20.0028 -98.2301 0
      vertex -21.4059 -88.4737 0
      vertex -13 -84.0977 0
    endloop
  endfacet
  facet normal 0 0 -1
    outer loop
      vertex -22.6776 -92.2199 0
      vertex -21.4059 -88.4737 0
      vertex -20.0028 -98.2301 0
    endloop
  endfacet
  facet normal 0 0 -1
    outer loop
      vertex -21.4059 -88.4737 0
      vertex -22.6776 -92.2199 0
      vertex -21.7322 -88.6918 0
    endloop
  endfacet
  facet normal 0 0 -1
    outer loop
      vertex -21.7322 -88.6918 0
      vertex -22.6776 -92.2199 0
      vertex -22.0273 -88.9505 0
    endloop
  endfacet
  facet normal 0 0 -1
    outer loop
      vertex -22.0273 -88.9505 0
      vertex -22.6776 -92.2199 0
      vertex -22.286 -89.2455 0
    endloop
  endfacet
  facet normal 0 0 -1
    outer loop
      vertex -22.286 -89.2455 0
      vertex -22.6776 -92.2199 0
      vertex -22.504 -89.5718 0
    endloop
  endfacet
  facet normal 0 0 -1
    outer loop
      vertex -22.6776 -92.2199 0
      vertex -22.6776 -89.9238 0
      vertex -22.504 -89.5718 0
    endloop
  endfacet
  facet normal 0 0 -1
    outer loop
      vertex -22.8037 -91.8483 0
      vertex -22.6776 -89.9238 0
      vertex -22.6776 -92.2199 0
    endloop
  endfacet
  facet normal 0 0 -1
    outer loop
      vertex -22.8037 -91.8483 0
      vertex -22.8037 -90.2954 0
      vertex -22.6776 -89.9238 0
    endloop
  endfacet
  facet normal 0 0 -1
    outer loop
      vertex -22.8803 -91.4634 0
      vertex -22.8037 -90.2954 0
      vertex -22.8037 -91.8483 0
    endloop
  endfacet
  facet normal 0 0 -1
    outer loop
      vertex -22.8803 -91.4634 0
      vertex -22.8803 -90.6802 0
      vertex -22.8037 -90.2954 0
    endloop
  endfacet
  facet normal 0 -0 -1
    outer loop
      vertex -22.8803 -90.6802 0
      vertex -22.8803 -91.4634 0
      vertex -22.9059 -91.0718 0
    endloop
  endfacet
  facet normal 0 0 -1
    outer loop
      vertex 6.89732 70.5314 0
      vertex 6.89732 73.664 0
      vertex 7 72.0977 0
    endloop
  endfacet
  facet normal 0 0 -1
    outer loop
      vertex 6.59109 68.9919 0
      vertex 6.89732 73.664 0
      vertex 6.89732 70.5314 0
    endloop
  endfacet
  facet normal 0 0 -1
    outer loop
      vertex 6.59109 68.9919 0
      vertex 6.59109 75.2035 0
      vertex 6.89732 73.664 0
    endloop
  endfacet
  facet normal 0 0 -1
    outer loop
      vertex 6.08655 67.5055 0
      vertex 6.59109 75.2035 0
      vertex 6.59109 68.9919 0
    endloop
  endfacet
  facet normal 0 0 -1
    outer loop
      vertex 6.08655 67.5055 0
      vertex 6.08655 76.6899 0
      vertex 6.59109 75.2035 0
    endloop
  endfacet
  facet normal 0 0 -1
    outer loop
      vertex 5.3923 66.0977 0
      vertex 6.08655 76.6899 0
      vertex 6.08655 67.5055 0
    endloop
  endfacet
  facet normal 0 0 -1
    outer loop
      vertex 5.3923 66.0977 0
      vertex 5.3923 78.0977 0
      vertex 6.08655 76.6899 0
    endloop
  endfacet
  facet normal 0 0 -1
    outer loop
      vertex 4.52023 64.7926 0
      vertex 5.3923 78.0977 0
      vertex 5.3923 66.0977 0
    endloop
  endfacet
  facet normal 0 0 -1
    outer loop
      vertex 3 63.1869 0
      vertex 5.3923 78.0977 0
      vertex 4.52023 64.7926 0
    endloop
  endfacet
  facet normal 0 0 -1
    outer loop
      vertex 3 63.1869 0
      vertex 4.52023 64.7926 0
      vertex 3.48528 63.6124 0
    endloop
  endfacet
  facet normal -0 0 -1
    outer loop
      vertex 5.3923 78.0977 0
      vertex 3 63.1869 0
      vertex 4.52023 79.4028 0
    endloop
  endfacet
  facet normal -0 0 -1
    outer loop
      vertex 4.52023 79.4028 0
      vertex 3 63.1869 0
      vertex 3.48528 80.583 0
    endloop
  endfacet
  facet normal -0 0 -1
    outer loop
      vertex 3.48528 80.583 0
      vertex 3 63.1869 0
      vertex 2.30513 81.618 0
    endloop
  endfacet
  facet normal 0 0 -1
    outer loop
      vertex 0.0811462 72.7667 0
      vertex 2.30513 81.618 0
      vertex 0.125 72.0977 0
    endloop
  endfacet
  facet normal 0 0 -1
    outer loop
      vertex -0.0496368 73.4242 0
      vertex 2.30513 81.618 0
      vertex 0.0811462 72.7667 0
    endloop
  endfacet
  facet normal 0 0 -1
    outer loop
      vertex -0.265121 74.059 0
      vertex 2.30513 81.618 0
      vertex -0.0496368 73.4242 0
    endloop
  endfacet
  facet normal 0 0 -1
    outer loop
      vertex -0.56163 74.6602 0
      vertex 2.30513 81.618 0
      vertex -0.265121 74.059 0
    endloop
  endfacet
  facet normal 0 0 -1
    outer loop
      vertex -0.934067 75.2176 0
      vertex 2.30513 81.618 0
      vertex -0.56163 74.6602 0
    endloop
  endfacet
  facet normal 0 0 -1
    outer loop
      vertex -1.37608 75.7216 0
      vertex 2.30513 81.618 0
      vertex -0.934067 75.2176 0
    endloop
  endfacet
  facet normal 0 0 -1
    outer loop
      vertex -1.88011 76.1637 0
      vertex 2.30513 81.618 0
      vertex -1.37608 75.7216 0
    endloop
  endfacet
  facet normal -0 0 -1
    outer loop
      vertex 2.30513 81.618 0
      vertex -1.88011 76.1637 0
      vertex 1 82.49 0
    endloop
  endfacet
  facet normal 0 0 -1
    outer loop
      vertex -2.4375 76.5361 0
      vertex 1 82.49 0
      vertex -1.88011 76.1637 0
    endloop
  endfacet
  facet normal -0 0 -1
    outer loop
      vertex 1 82.49 0
      vertex -2.4375 76.5361 0
      vertex -0.407806 83.1843 0
    endloop
  endfacet
  facet normal 0 0 -1
    outer loop
      vertex -3.03876 76.8326 0
      vertex -0.407806 83.1843 0
      vertex -2.4375 76.5361 0
    endloop
  endfacet
  facet normal -0 0 -1
    outer loop
      vertex -0.407806 83.1843 0
      vertex -3.03876 76.8326 0
      vertex -1.89418 83.6888 0
    endloop
  endfacet
  facet normal 0 0 -1
    outer loop
      vertex -3.67355 77.0481 0
      vertex -1.89418 83.6888 0
      vertex -3.03876 76.8326 0
    endloop
  endfacet
  facet normal -0 0 -1
    outer loop
      vertex -1.89418 83.6888 0
      vertex -3.67355 77.0481 0
      vertex -3.4337 83.995 0
    endloop
  endfacet
  facet normal 0 0 -1
    outer loop
      vertex -4.33105 77.1789 0
      vertex -3.4337 83.995 0
      vertex -3.67355 77.0481 0
    endloop
  endfacet
  facet normal 0 0 -1
    outer loop
      vertex -5 77.2227 0
      vertex -3.4337 83.995 0
      vertex -4.33105 77.1789 0
    endloop
  endfacet
  facet normal 0 0 -1
    outer loop
      vertex -5 77.2227 0
      vertex -5 84.0977 0
      vertex -3.4337 83.995 0
    endloop
  endfacet
  facet normal 0 0 -1
    outer loop
      vertex -5.66895 77.1789 0
      vertex -5 84.0977 0
      vertex -5 77.2227 0
    endloop
  endfacet
  facet normal 0 0 -1
    outer loop
      vertex -6.5663 83.995 0
      vertex -5.66895 77.1789 0
      vertex -6.32645 77.0481 0
    endloop
  endfacet
  facet normal 0 0 -1
    outer loop
      vertex -5.66895 77.1789 0
      vertex -6.5663 83.995 0
      vertex -5 84.0977 0
    endloop
  endfacet
  facet normal 0 0 -1
    outer loop
      vertex -8.10582 83.6888 0
      vertex -6.32645 77.0481 0
      vertex -6.96124 76.8326 0
    endloop
  endfacet
  facet normal 0 0 -1
    outer loop
      vertex -9.59219 83.1843 0
      vertex -6.96124 76.8326 0
      vertex -7.5625 76.5361 0
    endloop
  endfacet
  facet normal 0 0 -1
    outer loop
      vertex -6.32645 77.0481 0
      vertex -8.10582 83.6888 0
      vertex -6.5663 83.995 0
    endloop
  endfacet
  facet normal 0 0 -1
    outer loop
      vertex -11 82.49 0
      vertex -7.5625 76.5361 0
      vertex -8.11989 76.1637 0
    endloop
  endfacet
  facet normal 0 0 -1
    outer loop
      vertex -11 82.49 0
      vertex -8.11989 76.1637 0
      vertex -8.62392 75.7216 0
    endloop
  endfacet
  facet normal 0 0 -1
    outer loop
      vertex -11 82.49 0
      vertex -8.62392 75.7216 0
      vertex -9.06593 75.2176 0
    endloop
  endfacet
  facet normal 0 0 -1
    outer loop
      vertex -11 82.49 0
      vertex -9.06593 75.2176 0
      vertex -9.43837 74.6602 0
    endloop
  endfacet
  facet normal 0 0 -1
    outer loop
      vertex -6.96124 76.8326 0
      vertex -9.59219 83.1843 0
      vertex -8.10582 83.6888 0
    endloop
  endfacet
  facet normal 0 0 -1
    outer loop
      vertex -11 82.49 0
      vertex -9.43837 74.6602 0
      vertex -9.73488 74.059 0
    endloop
  endfacet
  facet normal 0 0 -1
    outer loop
      vertex -11 82.49 0
      vertex -9.73488 74.059 0
      vertex -9.95036 73.4242 0
    endloop
  endfacet
  facet normal 0 0 -1
    outer loop
      vertex -11 82.49 0
      vertex -9.95036 73.4242 0
      vertex -10.0811 72.7667 0
    endloop
  endfacet
  facet normal 0 0 -1
    outer loop
      vertex -11 82.49 0
      vertex -10.0811 72.7667 0
      vertex -10.125 72.0977 0
    endloop
  endfacet
  facet normal 0 0 -1
    outer loop
      vertex -7.5625 76.5361 0
      vertex -11 82.49 0
      vertex -9.59219 83.1843 0
    endloop
  endfacet
  facet normal 0 0 -1
    outer loop
      vertex -10.125 72.0977 0
      vertex -12.3051 81.618 0
      vertex -11 82.49 0
    endloop
  endfacet
  facet normal -0 0 -1
    outer loop
      vertex -9.73488 70.1365 0
      vertex -16.0865 67.5055 0
      vertex -9.95036 70.7713 0
    endloop
  endfacet
  facet normal 0 0 -1
    outer loop
      vertex -10.125 72.0977 0
      vertex -13.4853 80.583 0
      vertex -12.3051 81.618 0
    endloop
  endfacet
  facet normal 0 0 -1
    outer loop
      vertex -16.5911 68.9919 0
      vertex -9.95036 70.7713 0
      vertex -16.0865 67.5055 0
    endloop
  endfacet
  facet normal 0 0 -1
    outer loop
      vertex -10.125 72.0977 0
      vertex -14.5202 79.4028 0
      vertex -13.4853 80.583 0
    endloop
  endfacet
  facet normal -0 0 -1
    outer loop
      vertex -9.95036 70.7713 0
      vertex -16.5911 68.9919 0
      vertex -10.0811 71.4288 0
    endloop
  endfacet
  facet normal 0 0 -1
    outer loop
      vertex -10.125 72.0977 0
      vertex -15.3923 78.0977 0
      vertex -14.5202 79.4028 0
    endloop
  endfacet
  facet normal 0 0 -1
    outer loop
      vertex -16.8973 70.5314 0
      vertex -10.0811 71.4288 0
      vertex -16.5911 68.9919 0
    endloop
  endfacet
  facet normal 0 0 -1
    outer loop
      vertex -10.125 72.0977 0
      vertex -16.0865 76.6899 0
      vertex -15.3923 78.0977 0
    endloop
  endfacet
  facet normal -0 0 -1
    outer loop
      vertex -10.0811 71.4288 0
      vertex -16.8973 70.5314 0
      vertex -10.125 72.0977 0
    endloop
  endfacet
  facet normal 0 0 -1
    outer loop
      vertex -10.125 72.0977 0
      vertex -16.5911 75.2035 0
      vertex -16.0865 76.6899 0
    endloop
  endfacet
  facet normal 0 0 -1
    outer loop
      vertex -17 72.0977 0
      vertex -10.125 72.0977 0
      vertex -16.8973 70.5314 0
    endloop
  endfacet
  facet normal 0 0 -1
    outer loop
      vertex -10.125 72.0977 0
      vertex -16.8973 73.664 0
      vertex -16.5911 75.2035 0
    endloop
  endfacet
  facet normal 0 0 -1
    outer loop
      vertex -10.125 72.0977 0
      vertex -17 72.0977 0
      vertex -16.8973 73.664 0
    endloop
  endfacet
  facet normal 0 0 1
    outer loop
      vertex 0.125 72.0977 6
      vertex 7 72.0977 6
      vertex 6.89732 73.664 6
    endloop
  endfacet
  facet normal 0 0 1
    outer loop
      vertex 0.125 72.0977 6
      vertex 6.89732 73.664 6
      vertex 6.59109 75.2035 6
    endloop
  endfacet
  facet normal 0 0 1
    outer loop
      vertex 7 72.0977 6
      vertex 0.125 72.0977 6
      vertex 6.89732 70.5314 6
    endloop
  endfacet
  facet normal 0 0 1
    outer loop
      vertex 0.125 72.0977 6
      vertex 6.59109 75.2035 6
      vertex 6.08655 76.6899 6
    endloop
  endfacet
  facet normal -0 0 1
    outer loop
      vertex 0.0811462 71.4288 6
      vertex 6.89732 70.5314 6
      vertex 0.125 72.0977 6
    endloop
  endfacet
  facet normal 0 0 1
    outer loop
      vertex 0.125 72.0977 6
      vertex 6.08655 76.6899 6
      vertex 5.3923 78.0977 6
    endloop
  endfacet
  facet normal 0 0 1
    outer loop
      vertex 6.89732 70.5314 6
      vertex 0.0811462 71.4288 6
      vertex 6.59109 68.9919 6
    endloop
  endfacet
  facet normal 0 0 1
    outer loop
      vertex 0.125 72.0977 6
      vertex 5.3923 78.0977 6
      vertex 4.52023 79.4028 6
    endloop
  endfacet
  facet normal -0 0 1
    outer loop
      vertex -0.0496368 70.7713 6
      vertex 6.59109 68.9919 6
      vertex 0.0811462 71.4288 6
    endloop
  endfacet
  facet normal 0 0 1
    outer loop
      vertex 0.125 72.0977 6
      vertex 4.52023 79.4028 6
      vertex 3.48528 80.583 6
    endloop
  endfacet
  facet normal 0 0 1
    outer loop
      vertex 6.59109 68.9919 6
      vertex -0.0496368 70.7713 6
      vertex 6.08655 67.5055 6
    endloop
  endfacet
  facet normal -0 0 1
    outer loop
      vertex -0.265121 70.1365 6
      vertex 6.08655 67.5055 6
      vertex -0.0496368 70.7713 6
    endloop
  endfacet
  facet normal 0 0 1
    outer loop
      vertex 6.08655 67.5055 6
      vertex -0.265121 70.1365 6
      vertex 5.3923 66.0977 6
    endloop
  endfacet
  facet normal 0 0 1
    outer loop
      vertex 0.125 72.0977 6
      vertex 3.48528 80.583 6
      vertex 2.30513 81.618 6
    endloop
  endfacet
  facet normal 0 0 1
    outer loop
      vertex 3 -77.4838 6
      vertex 12.8848 -83.5876 6
      vertex 10.272 -77.7217 6
    endloop
  endfacet
  facet normal 0 0 1
    outer loop
      vertex 6.35236 -76.0981 6
      vertex 10.272 -77.7217 6
      vertex 10.0985 -77.3697 6
    endloop
  endfacet
  facet normal 0 0 1
    outer loop
      vertex 6.35236 -76.0981 6
      vertex 10.0985 -77.3697 6
      vertex 9.88046 -77.0434 6
    endloop
  endfacet
  facet normal 0 0 1
    outer loop
      vertex 6.35236 -76.0981 6
      vertex 9.88046 -77.0434 6
      vertex 9.62172 -76.7484 6
    endloop
  endfacet
  facet normal 0 0 1
    outer loop
      vertex 6.35236 -76.0981 6
      vertex 9.62172 -76.7484 6
      vertex 9.32669 -76.4897 6
    endloop
  endfacet
  facet normal 0 0 1
    outer loop
      vertex 6.35236 -76.0981 6
      vertex 9.32669 -76.4897 6
      vertex 9.0004 -76.2717 6
    endloop
  endfacet
  facet normal -0 0 1
    outer loop
      vertex 6.35236 -76.0981 6
      vertex 9.0004 -76.2717 6
      vertex 8.64845 -76.0981 6
    endloop
  endfacet
  facet normal 0 0 1
    outer loop
      vertex 6.35236 -76.0981 6
      vertex 8.64845 -76.0981 6
      vertex 8.27686 -75.9719 6
    endloop
  endfacet
  facet normal 0 0 1
    outer loop
      vertex 6.35236 -76.0981 6
      vertex 8.27686 -75.9719 6
      vertex 7.89198 -75.8954 6
    endloop
  endfacet
  facet normal 0 0 1
    outer loop
      vertex 6.35236 -76.0981 6
      vertex 7.89198 -75.8954 6
      vertex 7.5004 -75.8697 6
    endloop
  endfacet
  facet normal 0 0 1
    outer loop
      vertex 6.35236 -76.0981 6
      vertex 7.5004 -75.8697 6
      vertex 7.10883 -75.8954 6
    endloop
  endfacet
  facet normal 0 0 1
    outer loop
      vertex 6.35236 -76.0981 6
      vertex 7.10883 -75.8954 6
      vertex 6.72394 -75.9719 6
    endloop
  endfacet
  facet normal 0 0 1
    outer loop
      vertex 10.272 -77.7217 6
      vertex 6.35236 -76.0981 6
      vertex 3 -77.4838 6
    endloop
  endfacet
  facet normal 0 0 1
    outer loop
      vertex 12.8848 -83.5876 6
      vertex 3 -77.4838 6
      vertex 13.0882 -84.0443 6
    endloop
  endfacet
  facet normal 0 0 1
    outer loop
      vertex -1.88011 76.1637 6
      vertex 2.30513 81.618 6
      vertex 1 82.49 6
    endloop
  endfacet
  facet normal -0 0 1
    outer loop
      vertex -0.56163 69.5352 6
      vertex 5.3923 66.0977 6
      vertex -0.265121 70.1365 6
    endloop
  endfacet
  facet normal 0 0 1
    outer loop
      vertex 3 63.1869 6
      vertex 0.125 -37.3659 6
      vertex 3 -77.4838 6
    endloop
  endfacet
  facet normal -0 0 1
    outer loop
      vertex 0.0811462 -38.0348 6
      vertex 3 -77.4838 6
      vertex 0.125 -37.3659 6
    endloop
  endfacet
  facet normal -0 0 1
    outer loop
      vertex -0.0496368 -38.6923 6
      vertex 3 -77.4838 6
      vertex 0.0811462 -38.0348 6
    endloop
  endfacet
  facet normal -0 0 1
    outer loop
      vertex -0.265121 -39.3271 6
      vertex 3 -77.4838 6
      vertex -0.0496368 -38.6923 6
    endloop
  endfacet
  facet normal -0 0 1
    outer loop
      vertex -0.56163 -39.9284 6
      vertex 3 -77.4838 6
      vertex -0.265121 -39.3271 6
    endloop
  endfacet
  facet normal -0 0 1
    outer loop
      vertex -0.934067 -40.4858 6
      vertex 3 -77.4838 6
      vertex -0.56163 -39.9284 6
    endloop
  endfacet
  facet normal -0 0 1
    outer loop
      vertex -1.37608 -40.9898 6
      vertex 3 -77.4838 6
      vertex -0.934067 -40.4858 6
    endloop
  endfacet
  facet normal -0 0 1
    outer loop
      vertex -1.88011 -41.4318 6
      vertex 3 -77.4838 6
      vertex -1.37608 -40.9898 6
    endloop
  endfacet
  facet normal -0 0 1
    outer loop
      vertex -2.4375 -41.8043 6
      vertex 3 -77.4838 6
      vertex -1.88011 -41.4318 6
    endloop
  endfacet
  facet normal -0 0 1
    outer loop
      vertex -3.03876 -42.1008 6
      vertex 3 -77.4838 6
      vertex -2.4375 -41.8043 6
    endloop
  endfacet
  facet normal -0 0 1
    outer loop
      vertex -3.67355 -42.3163 6
      vertex 3 -77.4838 6
      vertex -3.03876 -42.1008 6
    endloop
  endfacet
  facet normal -0 0 1
    outer loop
      vertex -4.33105 -42.447 6
      vertex 3 -77.4838 6
      vertex -3.67355 -42.3163 6
    endloop
  endfacet
  facet normal -0 0 1
    outer loop
      vertex -5 -42.4909 6
      vertex 3 -77.4838 6
      vertex -4.33105 -42.447 6
    endloop
  endfacet
  facet normal 0 0 1
    outer loop
      vertex -5.66895 -42.447 6
      vertex 3 -77.4838 6
      vertex -5 -42.4909 6
    endloop
  endfacet
  facet normal 0 0 1
    outer loop
      vertex -6.32645 -42.3163 6
      vertex 3 -77.4838 6
      vertex -5.66895 -42.447 6
    endloop
  endfacet
  facet normal 0 0 1
    outer loop
      vertex -13 -84.0977 6
      vertex -6.32645 -42.3163 6
      vertex -6.96124 -42.1008 6
    endloop
  endfacet
  facet normal 0 0 1
    outer loop
      vertex -13 -84.0977 6
      vertex -6.96124 -42.1008 6
      vertex -7.5625 -41.8043 6
    endloop
  endfacet
  facet normal 0 0 1
    outer loop
      vertex -13 -84.0977 6
      vertex -7.5625 -41.8043 6
      vertex -8.11989 -41.4318 6
    endloop
  endfacet
  facet normal 0 0 1
    outer loop
      vertex -13 -84.0977 6
      vertex -8.11989 -41.4318 6
      vertex -8.62392 -40.9898 6
    endloop
  endfacet
  facet normal 0 0 1
    outer loop
      vertex -13 -84.0977 6
      vertex -8.62392 -40.9898 6
      vertex -9.06593 -40.4858 6
    endloop
  endfacet
  facet normal 0 0 1
    outer loop
      vertex -13 -84.0977 6
      vertex -9.06593 -40.4858 6
      vertex -9.43837 -39.9284 6
    endloop
  endfacet
  facet normal 0 0 1
    outer loop
      vertex -13 -84.0977 6
      vertex -9.43837 -39.9284 6
      vertex -9.73488 -39.3271 6
    endloop
  endfacet
  facet normal 0 0 1
    outer loop
      vertex -13 -84.0977 6
      vertex -9.73488 -39.3271 6
      vertex -9.95036 -38.6923 6
    endloop
  endfacet
  facet normal 0 0 1
    outer loop
      vertex -9.95036 -36.0395 6
      vertex -13 63.1869 6
      vertex -10.0811 -36.697 6
    endloop
  endfacet
  facet normal 0 0 1
    outer loop
      vertex -10.0811 -36.697 6
      vertex -13 63.1869 6
      vertex -10.125 -37.3659 6
    endloop
  endfacet
  facet normal 0 0 1
    outer loop
      vertex -13 -84.0977 6
      vertex -10.125 -37.3659 6
      vertex -13 63.1869 6
    endloop
  endfacet
  facet normal 0 0 1
    outer loop
      vertex -13 -84.0977 6
      vertex -10.0811 -38.0348 6
      vertex -10.125 -37.3659 6
    endloop
  endfacet
  facet normal 0 0 1
    outer loop
      vertex -13 -84.0977 6
      vertex -9.95036 -38.6923 6
      vertex -10.0811 -38.0348 6
    endloop
  endfacet
  facet normal 0 0 1
    outer loop
      vertex -6.32645 -42.3163 6
      vertex -13 -84.0977 6
      vertex 3 -77.4838 6
    endloop
  endfacet
  facet normal 0 0 1
    outer loop
      vertex -13 -84.0977 6
      vertex 13.0882 -84.0443 6
      vertex 3 -77.4838 6
    endloop
  endfacet
  facet normal -0 0 1
    outer loop
      vertex -13 -84.0977 6
      vertex -19.7994 -98.6868 6
      vertex 13.0882 -84.0443 6
    endloop
  endfacet
  facet normal 0 0 1
    outer loop
      vertex -13 -84.0977 6
      vertex -20.0028 -98.2301 6
      vertex -19.7994 -98.6868 6
    endloop
  endfacet
  facet normal -0 0 1
    outer loop
      vertex -21.4059 -88.4737 6
      vertex -20.0028 -98.2301 6
      vertex -13 -84.0977 6
    endloop
  endfacet
  facet normal 0 0 1
    outer loop
      vertex -22.6776 -92.2199 6
      vertex -21.4059 -88.4737 6
      vertex -21.7322 -88.6918 6
    endloop
  endfacet
  facet normal 0 0 1
    outer loop
      vertex -22.6776 -92.2199 6
      vertex -21.7322 -88.6918 6
      vertex -22.0273 -88.9505 6
    endloop
  endfacet
  facet normal 0 0 1
    outer loop
      vertex -22.6776 -92.2199 6
      vertex -22.0273 -88.9505 6
      vertex -22.286 -89.2455 6
    endloop
  endfacet
  facet normal 0 0 1
    outer loop
      vertex -22.6776 -92.2199 6
      vertex -22.286 -89.2455 6
      vertex -22.504 -89.5718 6
    endloop
  endfacet
  facet normal 0 0 1
    outer loop
      vertex -22.6776 -92.2199 6
      vertex -22.504 -89.5718 6
      vertex -22.6776 -89.9238 6
    endloop
  endfacet
  facet normal 0 0 1
    outer loop
      vertex -21.4059 -88.4737 6
      vertex -22.6776 -92.2199 6
      vertex -20.0028 -98.2301 6
    endloop
  endfacet
  facet normal -0 0 1
    outer loop
      vertex -22.8037 -90.2954 6
      vertex -22.6776 -92.2199 6
      vertex -22.6776 -89.9238 6
    endloop
  endfacet
  facet normal 0 0 1
    outer loop
      vertex -22.8037 -90.2954 6
      vertex -22.8037 -91.8483 6
      vertex -22.6776 -92.2199 6
    endloop
  endfacet
  facet normal -0 0 1
    outer loop
      vertex -22.8803 -90.6802 6
      vertex -22.8037 -91.8483 6
      vertex -22.8037 -90.2954 6
    endloop
  endfacet
  facet normal 0 0 1
    outer loop
      vertex -22.8803 -90.6802 6
      vertex -22.8803 -91.4634 6
      vertex -22.8037 -91.8483 6
    endloop
  endfacet
  facet normal 0 -0 1
    outer loop
      vertex -22.8803 -91.4634 6
      vertex -22.8803 -90.6802 6
      vertex -22.9059 -91.0718 6
    endloop
  endfacet
  facet normal -0 0 1
    outer loop
      vertex -13.4853 80.583 6
      vertex -13 63.1869 6
      vertex -12.3051 81.618 6
    endloop
  endfacet
  facet normal -0 0 1
    outer loop
      vertex -14.5202 79.4028 6
      vertex -13 63.1869 6
      vertex -13.4853 80.583 6
    endloop
  endfacet
  facet normal -0 0 1
    outer loop
      vertex -15.3923 78.0977 6
      vertex -13 63.1869 6
      vertex -14.5202 79.4028 6
    endloop
  endfacet
  facet normal 0 0 1
    outer loop
      vertex -13 63.1869 6
      vertex -14.5202 64.7926 6
      vertex -13.4853 63.6124 6
    endloop
  endfacet
  facet normal 0 0 1
    outer loop
      vertex -13 63.1869 6
      vertex -15.3923 78.0977 6
      vertex -14.5202 64.7926 6
    endloop
  endfacet
  facet normal 0 0 1
    outer loop
      vertex -15.3923 78.0977 6
      vertex -15.3923 66.0977 6
      vertex -14.5202 64.7926 6
    endloop
  endfacet
  facet normal -0 0 1
    outer loop
      vertex -16.0865 76.6899 6
      vertex -15.3923 66.0977 6
      vertex -15.3923 78.0977 6
    endloop
  endfacet
  facet normal 0 0 1
    outer loop
      vertex -16.0865 76.6899 6
      vertex -16.0865 67.5055 6
      vertex -15.3923 66.0977 6
    endloop
  endfacet
  facet normal -0 0 1
    outer loop
      vertex -16.5911 75.2035 6
      vertex -16.0865 67.5055 6
      vertex -16.0865 76.6899 6
    endloop
  endfacet
  facet normal 0 0 1
    outer loop
      vertex -16.5911 75.2035 6
      vertex -16.5911 68.9919 6
      vertex -16.0865 67.5055 6
    endloop
  endfacet
  facet normal -0 0 1
    outer loop
      vertex -16.8973 73.664 6
      vertex -16.5911 68.9919 6
      vertex -16.5911 75.2035 6
    endloop
  endfacet
  facet normal 0 0 1
    outer loop
      vertex -16.8973 73.664 6
      vertex -16.8973 70.5314 6
      vertex -16.5911 68.9919 6
    endloop
  endfacet
  facet normal 0 -0 1
    outer loop
      vertex -16.8973 70.5314 6
      vertex -16.8973 73.664 6
      vertex -17 72.0977 6
    endloop
  endfacet
  facet normal 0 0 1
    outer loop
      vertex 5.3923 66.0977 6
      vertex -0.56163 69.5352 6
      vertex 4.52023 64.7926 6
    endloop
  endfacet
  facet normal 0 0 1
    outer loop
      vertex 3 63.1869 6
      vertex 0.0811462 -36.697 6
      vertex 0.125 -37.3659 6
    endloop
  endfacet
  facet normal -0 0 1
    outer loop
      vertex -0.934067 68.9778 6
      vertex 4.52023 64.7926 6
      vertex -0.56163 69.5352 6
    endloop
  endfacet
  facet normal 0 0 1
    outer loop
      vertex 3 63.1869 6
      vertex -0.0496368 -36.0395 6
      vertex 0.0811462 -36.697 6
    endloop
  endfacet
  facet normal 0 0 1
    outer loop
      vertex 4.52023 64.7926 6
      vertex -0.934067 68.9778 6
      vertex 3.48528 63.6124 6
    endloop
  endfacet
  facet normal 0 0 1
    outer loop
      vertex 3 63.1869 6
      vertex -0.265121 -35.4046 6
      vertex -0.0496368 -36.0395 6
    endloop
  endfacet
  facet normal -0 0 1
    outer loop
      vertex -1.37608 68.4738 6
      vertex 3.48528 63.6124 6
      vertex -0.934067 68.9778 6
    endloop
  endfacet
  facet normal 0 0 1
    outer loop
      vertex 3 63.1869 6
      vertex -0.56163 -34.8034 6
      vertex -0.265121 -35.4046 6
    endloop
  endfacet
  facet normal 0 0 1
    outer loop
      vertex 3.48528 63.6124 6
      vertex -1.37608 68.4738 6
      vertex 3 63.1869 6
    endloop
  endfacet
  facet normal 0 0 1
    outer loop
      vertex 3 63.1869 6
      vertex -0.934067 -34.246 6
      vertex -0.56163 -34.8034 6
    endloop
  endfacet
  facet normal -0 0 1
    outer loop
      vertex -1.88011 68.0318 6
      vertex 3 63.1869 6
      vertex -1.37608 68.4738 6
    endloop
  endfacet
  facet normal 0 0 1
    outer loop
      vertex 3 63.1869 6
      vertex -1.37608 -33.742 6
      vertex -0.934067 -34.246 6
    endloop
  endfacet
  facet normal -0 0 1
    outer loop
      vertex -2.4375 67.6593 6
      vertex 3 63.1869 6
      vertex -1.88011 68.0318 6
    endloop
  endfacet
  facet normal 0 0 1
    outer loop
      vertex 3 63.1869 6
      vertex -1.88011 -33.3 6
      vertex -1.37608 -33.742 6
    endloop
  endfacet
  facet normal -0 0 1
    outer loop
      vertex -3.03876 67.3628 6
      vertex 3 63.1869 6
      vertex -2.4375 67.6593 6
    endloop
  endfacet
  facet normal 0 0 1
    outer loop
      vertex 3 63.1869 6
      vertex -2.4375 -32.9275 6
      vertex -1.88011 -33.3 6
    endloop
  endfacet
  facet normal -0 0 1
    outer loop
      vertex -3.67355 67.1474 6
      vertex 3 63.1869 6
      vertex -3.03876 67.3628 6
    endloop
  endfacet
  facet normal 0 0 1
    outer loop
      vertex 3 63.1869 6
      vertex -3.03876 -32.631 6
      vertex -2.4375 -32.9275 6
    endloop
  endfacet
  facet normal -0 0 1
    outer loop
      vertex -4.33105 67.0166 6
      vertex 3 63.1869 6
      vertex -3.67355 67.1474 6
    endloop
  endfacet
  facet normal 0 0 1
    outer loop
      vertex 3 63.1869 6
      vertex -3.67355 -32.4155 6
      vertex -3.03876 -32.631 6
    endloop
  endfacet
  facet normal -0 0 1
    outer loop
      vertex -5 66.9727 6
      vertex 3 63.1869 6
      vertex -4.33105 67.0166 6
    endloop
  endfacet
  facet normal 0 -0 1
    outer loop
      vertex -5 -32.2409 6
      vertex 3 63.1869 6
      vertex -13 63.1869 6
    endloop
  endfacet
  facet normal 0 0 1
    outer loop
      vertex 3 63.1869 6
      vertex -5 66.9727 6
      vertex -13 63.1869 6
    endloop
  endfacet
  facet normal 0 0 1
    outer loop
      vertex 3 63.1869 6
      vertex -4.33105 -32.2847 6
      vertex -3.67355 -32.4155 6
    endloop
  endfacet
  facet normal 0 0 1
    outer loop
      vertex -13 63.1869 6
      vertex -5 66.9727 6
      vertex -5.66895 67.0166 6
    endloop
  endfacet
  facet normal 0 0 1
    outer loop
      vertex 3 63.1869 6
      vertex -5 -32.2409 6
      vertex -4.33105 -32.2847 6
    endloop
  endfacet
  facet normal 0 0 1
    outer loop
      vertex -13 63.1869 6
      vertex -5.66895 67.0166 6
      vertex -6.32645 67.1474 6
    endloop
  endfacet
  facet normal 0 0 1
    outer loop
      vertex -5 -32.2409 6
      vertex -13 63.1869 6
      vertex -5.66895 -32.2847 6
    endloop
  endfacet
  facet normal 0 0 1
    outer loop
      vertex -13 63.1869 6
      vertex -6.32645 67.1474 6
      vertex -6.96124 67.3628 6
    endloop
  endfacet
  facet normal 0 0 1
    outer loop
      vertex -5.66895 -32.2847 6
      vertex -13 63.1869 6
      vertex -6.32645 -32.4155 6
    endloop
  endfacet
  facet normal 0 0 1
    outer loop
      vertex -13 63.1869 6
      vertex -6.96124 67.3628 6
      vertex -7.5625 67.6593 6
    endloop
  endfacet
  facet normal 0 0 1
    outer loop
      vertex -6.32645 -32.4155 6
      vertex -13 63.1869 6
      vertex -6.96124 -32.631 6
    endloop
  endfacet
  facet normal 0 0 1
    outer loop
      vertex -13 63.1869 6
      vertex -7.5625 67.6593 6
      vertex -8.11989 68.0318 6
    endloop
  endfacet
  facet normal 0 0 1
    outer loop
      vertex -6.96124 -32.631 6
      vertex -13 63.1869 6
      vertex -7.5625 -32.9275 6
    endloop
  endfacet
  facet normal 0 0 1
    outer loop
      vertex -13 63.1869 6
      vertex -8.11989 68.0318 6
      vertex -8.62392 68.4738 6
    endloop
  endfacet
  facet normal 0 0 1
    outer loop
      vertex -7.5625 -32.9275 6
      vertex -13 63.1869 6
      vertex -8.11989 -33.3 6
    endloop
  endfacet
  facet normal 0 0 1
    outer loop
      vertex -13 63.1869 6
      vertex -8.62392 68.4738 6
      vertex -9.06593 68.9778 6
    endloop
  endfacet
  facet normal 0 0 1
    outer loop
      vertex -8.11989 -33.3 6
      vertex -13 63.1869 6
      vertex -8.62392 -33.742 6
    endloop
  endfacet
  facet normal 0 0 1
    outer loop
      vertex -13 63.1869 6
      vertex -9.06593 68.9778 6
      vertex -9.43837 69.5352 6
    endloop
  endfacet
  facet normal 0 0 1
    outer loop
      vertex -8.62392 -33.742 6
      vertex -13 63.1869 6
      vertex -9.06593 -34.246 6
    endloop
  endfacet
  facet normal 0 0 1
    outer loop
      vertex -13 63.1869 6
      vertex -9.43837 69.5352 6
      vertex -9.73488 70.1365 6
    endloop
  endfacet
  facet normal 0 0 1
    outer loop
      vertex -9.06593 -34.246 6
      vertex -13 63.1869 6
      vertex -9.43837 -34.8034 6
    endloop
  endfacet
  facet normal 0 0 1
    outer loop
      vertex -13 63.1869 6
      vertex -9.73488 70.1365 6
      vertex -9.95036 70.7713 6
    endloop
  endfacet
  facet normal 0 0 1
    outer loop
      vertex -9.43837 -34.8034 6
      vertex -13 63.1869 6
      vertex -9.73488 -35.4046 6
    endloop
  endfacet
  facet normal 0 0 1
    outer loop
      vertex -13 63.1869 6
      vertex -9.95036 70.7713 6
      vertex -10.0811 71.4288 6
    endloop
  endfacet
  facet normal 0 0 1
    outer loop
      vertex -9.73488 -35.4046 6
      vertex -13 63.1869 6
      vertex -9.95036 -36.0395 6
    endloop
  endfacet
  facet normal 0 0 1
    outer loop
      vertex -10.0811 72.7667 6
      vertex -12.3051 81.618 6
      vertex -10.125 72.0977 6
    endloop
  endfacet
  facet normal 0 0 1
    outer loop
      vertex -13 63.1869 6
      vertex -10.125 72.0977 6
      vertex -12.3051 81.618 6
    endloop
  endfacet
  facet normal 0 0 1
    outer loop
      vertex 2.30513 81.618 6
      vertex 0.0811462 72.7667 6
      vertex 0.125 72.0977 6
    endloop
  endfacet
  facet normal 0 0 1
    outer loop
      vertex 2.30513 81.618 6
      vertex -0.0496368 73.4242 6
      vertex 0.0811462 72.7667 6
    endloop
  endfacet
  facet normal 0 0 1
    outer loop
      vertex 2.30513 81.618 6
      vertex -0.265121 74.059 6
      vertex -0.0496368 73.4242 6
    endloop
  endfacet
  facet normal 0 0 1
    outer loop
      vertex -2.4375 76.5361 6
      vertex 1 82.49 6
      vertex -0.407806 83.1843 6
    endloop
  endfacet
  facet normal 0 0 1
    outer loop
      vertex 2.30513 81.618 6
      vertex -0.56163 74.6602 6
      vertex -0.265121 74.059 6
    endloop
  endfacet
  facet normal 0 0 1
    outer loop
      vertex 2.30513 81.618 6
      vertex -0.934067 75.2176 6
      vertex -0.56163 74.6602 6
    endloop
  endfacet
  facet normal 0 0 1
    outer loop
      vertex 2.30513 81.618 6
      vertex -1.37608 75.7216 6
      vertex -0.934067 75.2176 6
    endloop
  endfacet
  facet normal 0 0 1
    outer loop
      vertex 2.30513 81.618 6
      vertex -1.88011 76.1637 6
      vertex -1.37608 75.7216 6
    endloop
  endfacet
  facet normal 0 0 1
    outer loop
      vertex -3.03876 76.8326 6
      vertex -0.407806 83.1843 6
      vertex -1.89418 83.6888 6
    endloop
  endfacet
  facet normal 0 0 1
    outer loop
      vertex 1 82.49 6
      vertex -2.4375 76.5361 6
      vertex -1.88011 76.1637 6
    endloop
  endfacet
  facet normal 0 0 1
    outer loop
      vertex -0.407806 83.1843 6
      vertex -3.03876 76.8326 6
      vertex -2.4375 76.5361 6
    endloop
  endfacet
  facet normal 0 0 1
    outer loop
      vertex -3.67355 77.0481 6
      vertex -1.89418 83.6888 6
      vertex -3.4337 83.995 6
    endloop
  endfacet
  facet normal 0 0 1
    outer loop
      vertex -1.89418 83.6888 6
      vertex -3.67355 77.0481 6
      vertex -3.03876 76.8326 6
    endloop
  endfacet
  facet normal 0 0 1
    outer loop
      vertex -3.4337 83.995 6
      vertex -4.33105 77.1789 6
      vertex -3.67355 77.0481 6
    endloop
  endfacet
  facet normal 0 0 1
    outer loop
      vertex -5 84.0977 6
      vertex -4.33105 77.1789 6
      vertex -3.4337 83.995 6
    endloop
  endfacet
  facet normal 0 0 1
    outer loop
      vertex -5 84.0977 6
      vertex -5 77.2227 6
      vertex -4.33105 77.1789 6
    endloop
  endfacet
  facet normal 0 0 1
    outer loop
      vertex -5 84.0977 6
      vertex -5.66895 77.1789 6
      vertex -5 77.2227 6
    endloop
  endfacet
  facet normal -0 0 1
    outer loop
      vertex -6.5663 83.995 6
      vertex -5.66895 77.1789 6
      vertex -5 84.0977 6
    endloop
  endfacet
  facet normal 0 0 1
    outer loop
      vertex -5.66895 77.1789 6
      vertex -6.5663 83.995 6
      vertex -6.32645 77.0481 6
    endloop
  endfacet
  facet normal -0 0 1
    outer loop
      vertex -8.10582 83.6888 6
      vertex -6.32645 77.0481 6
      vertex -6.5663 83.995 6
    endloop
  endfacet
  facet normal 0 0 1
    outer loop
      vertex -6.32645 77.0481 6
      vertex -8.10582 83.6888 6
      vertex -6.96124 76.8326 6
    endloop
  endfacet
  facet normal -0 0 1
    outer loop
      vertex -9.59219 83.1843 6
      vertex -6.96124 76.8326 6
      vertex -8.10582 83.6888 6
    endloop
  endfacet
  facet normal 0 0 1
    outer loop
      vertex -6.96124 76.8326 6
      vertex -9.59219 83.1843 6
      vertex -7.5625 76.5361 6
    endloop
  endfacet
  facet normal -0 0 1
    outer loop
      vertex -11 82.49 6
      vertex -7.5625 76.5361 6
      vertex -9.59219 83.1843 6
    endloop
  endfacet
  facet normal 0 0 1
    outer loop
      vertex -7.5625 76.5361 6
      vertex -11 82.49 6
      vertex -8.11989 76.1637 6
    endloop
  endfacet
  facet normal -0 0 1
    outer loop
      vertex -12.3051 81.618 6
      vertex -8.11989 76.1637 6
      vertex -11 82.49 6
    endloop
  endfacet
  facet normal 0 0 1
    outer loop
      vertex -8.11989 76.1637 6
      vertex -12.3051 81.618 6
      vertex -8.62392 75.7216 6
    endloop
  endfacet
  facet normal 0 0 1
    outer loop
      vertex -8.62392 75.7216 6
      vertex -12.3051 81.618 6
      vertex -9.06593 75.2176 6
    endloop
  endfacet
  facet normal 0 0 1
    outer loop
      vertex -9.06593 75.2176 6
      vertex -12.3051 81.618 6
      vertex -9.43837 74.6602 6
    endloop
  endfacet
  facet normal 0 0 1
    outer loop
      vertex -9.43837 74.6602 6
      vertex -12.3051 81.618 6
      vertex -9.73488 74.059 6
    endloop
  endfacet
  facet normal 0 0 1
    outer loop
      vertex -9.73488 74.059 6
      vertex -12.3051 81.618 6
      vertex -9.95036 73.4242 6
    endloop
  endfacet
  facet normal 0 0 1
    outer loop
      vertex -10.125 72.0977 6
      vertex -13 63.1869 6
      vertex -10.0811 71.4288 6
    endloop
  endfacet
  facet normal 0 0 1
    outer loop
      vertex -9.95036 73.4242 6
      vertex -12.3051 81.618 6
      vertex -10.0811 72.7667 6
    endloop
  endfacet
  facet normal 0.913498 0.406844 0
    outer loop
      vertex 13.0882 -84.0443 6
      vertex 12.8848 -83.5876 0
      vertex 12.8848 -83.5876 6
    endloop
  endfacet
  facet normal 0.913498 0.406844 0
    outer loop
      vertex 12.8848 -83.5876 0
      vertex 13.0882 -84.0443 6
      vertex 13.0882 -84.0443 0
    endloop
  endfacet
  facet normal 0.91348 0.406884 0
    outer loop
      vertex 12.8848 -83.5876 6
      vertex 10.272 -77.7217 0
      vertex 10.272 -77.7217 6
    endloop
  endfacet
  facet normal 0.91348 0.406884 0
    outer loop
      vertex 10.272 -77.7217 0
      vertex 12.8848 -83.5876 6
      vertex 12.8848 -83.5876 0
    endloop
  endfacet
  facet normal 0.896961 0.44211 0
    outer loop
      vertex 10.272 -77.7217 6
      vertex 10.0985 -77.3697 0
      vertex 10.0985 -77.3697 6
    endloop
  endfacet
  facet normal 0.896961 0.44211 0
    outer loop
      vertex 10.0985 -77.3697 0
      vertex 10.272 -77.7217 6
      vertex 10.272 -77.7217 0
    endloop
  endfacet
  facet normal 0.831454 0.555594 0
    outer loop
      vertex 10.0985 -77.3697 6
      vertex 9.88046 -77.0434 0
      vertex 9.88046 -77.0434 6
    endloop
  endfacet
  facet normal 0.831454 0.555594 0
    outer loop
      vertex 9.88046 -77.0434 0
      vertex 10.0985 -77.3697 6
      vertex 10.0985 -77.3697 0
    endloop
  endfacet
  facet normal 0.751799 0.659392 0
    outer loop
      vertex 9.88046 -77.0434 6
      vertex 9.62172 -76.7484 0
      vertex 9.62172 -76.7484 6
    endloop
  endfacet
  facet normal 0.751799 0.659392 0
    outer loop
      vertex 9.62172 -76.7484 0
      vertex 9.88046 -77.0434 6
      vertex 9.88046 -77.0434 0
    endloop
  endfacet
  facet normal 0.659296 0.751883 -0
    outer loop
      vertex 9.62172 -76.7484 0
      vertex 9.32669 -76.4897 6
      vertex 9.62172 -76.7484 6
    endloop
  endfacet
  facet normal 0.659296 0.751883 0
    outer loop
      vertex 9.32669 -76.4897 6
      vertex 9.62172 -76.7484 0
      vertex 9.32669 -76.4897 0
    endloop
  endfacet
  facet normal 0.555535 0.831493 -0
    outer loop
      vertex 9.32669 -76.4897 0
      vertex 9.0004 -76.2717 6
      vertex 9.32669 -76.4897 6
    endloop
  endfacet
  facet normal 0.555535 0.831493 0
    outer loop
      vertex 9.0004 -76.2717 6
      vertex 9.32669 -76.4897 0
      vertex 9.0004 -76.2717 0
    endloop
  endfacet
  facet normal 0.442365 0.896835 -0
    outer loop
      vertex 9.0004 -76.2717 0
      vertex 8.64845 -76.0981 6
      vertex 9.0004 -76.2717 6
    endloop
  endfacet
  facet normal 0.442365 0.896835 0
    outer loop
      vertex 8.64845 -76.0981 6
      vertex 9.0004 -76.2717 0
      vertex 8.64845 -76.0981 0
    endloop
  endfacet
  facet normal 0.321582 0.946882 -0
    outer loop
      vertex 8.64845 -76.0981 0
      vertex 8.27686 -75.9719 6
      vertex 8.64845 -76.0981 6
    endloop
  endfacet
  facet normal 0.321582 0.946882 0
    outer loop
      vertex 8.27686 -75.9719 6
      vertex 8.64845 -76.0981 0
      vertex 8.27686 -75.9719 0
    endloop
  endfacet
  facet normal 0.19495 0.980813 -0
    outer loop
      vertex 8.27686 -75.9719 0
      vertex 7.89198 -75.8954 6
      vertex 8.27686 -75.9719 6
    endloop
  endfacet
  facet normal 0.19495 0.980813 0
    outer loop
      vertex 7.89198 -75.8954 6
      vertex 8.27686 -75.9719 0
      vertex 7.89198 -75.8954 0
    endloop
  endfacet
  facet normal 0.0654906 0.997853 -0
    outer loop
      vertex 7.89198 -75.8954 0
      vertex 7.5004 -75.8697 6
      vertex 7.89198 -75.8954 6
    endloop
  endfacet
  facet normal 0.0654906 0.997853 0
    outer loop
      vertex 7.5004 -75.8697 6
      vertex 7.89198 -75.8954 0
      vertex 7.5004 -75.8697 0
    endloop
  endfacet
  facet normal -0.0654923 0.997853 0
    outer loop
      vertex 7.5004 -75.8697 0
      vertex 7.10883 -75.8954 6
      vertex 7.5004 -75.8697 6
    endloop
  endfacet
  facet normal -0.0654923 0.997853 0
    outer loop
      vertex 7.10883 -75.8954 6
      vertex 7.5004 -75.8697 0
      vertex 7.10883 -75.8954 0
    endloop
  endfacet
  facet normal -0.194945 0.980814 0
    outer loop
      vertex 7.10883 -75.8954 0
      vertex 6.72394 -75.9719 6
      vertex 7.10883 -75.8954 6
    endloop
  endfacet
  facet normal -0.194945 0.980814 0
    outer loop
      vertex 6.72394 -75.9719 6
      vertex 7.10883 -75.8954 0
      vertex 6.72394 -75.9719 0
    endloop
  endfacet
  facet normal -0.321589 0.946879 0
    outer loop
      vertex 6.72394 -75.9719 0
      vertex 6.35236 -76.0981 6
      vertex 6.72394 -75.9719 6
    endloop
  endfacet
  facet normal -0.321589 0.946879 0
    outer loop
      vertex 6.35236 -76.0981 6
      vertex 6.72394 -75.9719 0
      vertex 6.35236 -76.0981 0
    endloop
  endfacet
  facet normal -0.382003 0.924161 0
    outer loop
      vertex 6.35236 -76.0981 0
      vertex 3 -77.4838 6
      vertex 6.35236 -76.0981 6
    endloop
  endfacet
  facet normal -0.382003 0.924161 0
    outer loop
      vertex 3 -77.4838 6
      vertex 6.35236 -76.0981 0
      vertex 3 -77.4838 0
    endloop
  endfacet
  facet normal 1 -0 0
    outer loop
      vertex 3 -77.4838 6
      vertex 3 63.1869 0
      vertex 3 63.1869 6
    endloop
  endfacet
  facet normal 1 0 0
    outer loop
      vertex 3 63.1869 0
      vertex 3 -77.4838 6
      vertex 3 -77.4838 0
    endloop
  endfacet
  facet normal 0.659277 -0.751901 0
    outer loop
      vertex 3 63.1869 0
      vertex 3.48528 63.6124 6
      vertex 3 63.1869 6
    endloop
  endfacet
  facet normal 0.659277 -0.751901 0
    outer loop
      vertex 3.48528 63.6124 6
      vertex 3 63.1869 0
      vertex 3.48528 63.6124 0
    endloop
  endfacet
  facet normal 0.751858 -0.659325 0
    outer loop
      vertex 3.48528 63.6124 6
      vertex 4.52023 64.7926 0
      vertex 4.52023 64.7926 6
    endloop
  endfacet
  facet normal 0.751858 -0.659325 0
    outer loop
      vertex 4.52023 64.7926 0
      vertex 3.48528 63.6124 6
      vertex 3.48528 63.6124 0
    endloop
  endfacet
  facet normal 0.831461 -0.555583 0
    outer loop
      vertex 4.52023 64.7926 6
      vertex 5.3923 66.0977 0
      vertex 5.3923 66.0977 6
    endloop
  endfacet
  facet normal 0.831461 -0.555583 0
    outer loop
      vertex 5.3923 66.0977 0
      vertex 4.52023 64.7926 6
      vertex 4.52023 64.7926 0
    endloop
  endfacet
  facet normal 0.896873 -0.442289 0
    outer loop
      vertex 5.3923 66.0977 6
      vertex 6.08655 67.5055 0
      vertex 6.08655 67.5055 6
    endloop
  endfacet
  facet normal 0.896873 -0.442289 0
    outer loop
      vertex 6.08655 67.5055 0
      vertex 5.3923 66.0977 6
      vertex 5.3923 66.0977 0
    endloop
  endfacet
  facet normal 0.946935 -0.321425 0
    outer loop
      vertex 6.08655 67.5055 6
      vertex 6.59109 68.9919 0
      vertex 6.59109 68.9919 6
    endloop
  endfacet
  facet normal 0.946935 -0.321425 0
    outer loop
      vertex 6.59109 68.9919 0
      vertex 6.08655 67.5055 6
      vertex 6.08655 67.5055 0
    endloop
  endfacet
  facet normal 0.980785 -0.195093 0
    outer loop
      vertex 6.59109 68.9919 6
      vertex 6.89732 70.5314 0
      vertex 6.89732 70.5314 6
    endloop
  endfacet
  facet normal 0.980785 -0.195093 0
    outer loop
      vertex 6.89732 70.5314 0
      vertex 6.59109 68.9919 6
      vertex 6.59109 68.9919 0
    endloop
  endfacet
  facet normal 0.997858 -0.0654154 0
    outer loop
      vertex 6.89732 70.5314 6
      vertex 7 72.0977 0
      vertex 7 72.0977 6
    endloop
  endfacet
  facet normal 0.997858 -0.0654154 0
    outer loop
      vertex 7 72.0977 0
      vertex 6.89732 70.5314 6
      vertex 6.89732 70.5314 0
    endloop
  endfacet
  facet normal 0.997858 0.0654154 0
    outer loop
      vertex 7 72.0977 6
      vertex 6.89732 73.664 0
      vertex 6.89732 73.664 6
    endloop
  endfacet
  facet normal 0.997858 0.0654154 0
    outer loop
      vertex 6.89732 73.664 0
      vertex 7 72.0977 6
      vertex 7 72.0977 0
    endloop
  endfacet
  facet normal 0.980785 0.195093 0
    outer loop
      vertex 6.89732 73.664 6
      vertex 6.59109 75.2035 0
      vertex 6.59109 75.2035 6
    endloop
  endfacet
  facet normal 0.980785 0.195093 0
    outer loop
      vertex 6.59109 75.2035 0
      vertex 6.89732 73.664 6
      vertex 6.89732 73.664 0
    endloop
  endfacet
  facet normal 0.946935 0.321425 0
    outer loop
      vertex 6.59109 75.2035 6
      vertex 6.08655 76.6899 0
      vertex 6.08655 76.6899 6
    endloop
  endfacet
  facet normal 0.946935 0.321425 0
    outer loop
      vertex 6.08655 76.6899 0
      vertex 6.59109 75.2035 6
      vertex 6.59109 75.2035 0
    endloop
  endfacet
  facet normal 0.896873 0.442289 0
    outer loop
      vertex 6.08655 76.6899 6
      vertex 5.3923 78.0977 0
      vertex 5.3923 78.0977 6
    endloop
  endfacet
  facet normal 0.896873 0.442289 0
    outer loop
      vertex 5.3923 78.0977 0
      vertex 6.08655 76.6899 6
      vertex 6.08655 76.6899 0
    endloop
  endfacet
  facet normal 0.831461 0.555583 0
    outer loop
      vertex 5.3923 78.0977 6
      vertex 4.52023 79.4028 0
      vertex 4.52023 79.4028 6
    endloop
  endfacet
  facet normal 0.831461 0.555583 0
    outer loop
      vertex 4.52023 79.4028 0
      vertex 5.3923 78.0977 6
      vertex 5.3923 78.0977 0
    endloop
  endfacet
  facet normal 0.751858 0.659325 0
    outer loop
      vertex 4.52023 79.4028 6
      vertex 3.48528 80.583 0
      vertex 3.48528 80.583 6
    endloop
  endfacet
  facet normal 0.751858 0.659325 0
    outer loop
      vertex 3.48528 80.583 0
      vertex 4.52023 79.4028 6
      vertex 4.52023 79.4028 0
    endloop
  endfacet
  facet normal 0.659359 0.751828 -0
    outer loop
      vertex 3.48528 80.583 0
      vertex 2.30513 81.618 6
      vertex 3.48528 80.583 6
    endloop
  endfacet
  facet normal 0.659359 0.751828 0
    outer loop
      vertex 2.30513 81.618 6
      vertex 3.48528 80.583 0
      vertex 2.30513 81.618 0
    endloop
  endfacet
  facet normal 0.555544 0.831487 -0
    outer loop
      vertex 2.30513 81.618 0
      vertex 1 82.49 6
      vertex 2.30513 81.618 6
    endloop
  endfacet
  facet normal 0.555544 0.831487 0
    outer loop
      vertex 1 82.49 6
      vertex 2.30513 81.618 0
      vertex 1 82.49 0
    endloop
  endfacet
  facet normal 0.442313 0.896861 -0
    outer loop
      vertex 1 82.49 0
      vertex -0.407806 83.1843 6
      vertex 1 82.49 6
    endloop
  endfacet
  facet normal 0.442313 0.896861 0
    outer loop
      vertex -0.407806 83.1843 6
      vertex 1 82.49 0
      vertex -0.407806 83.1843 0
    endloop
  endfacet
  facet normal 0.321407 0.946941 -0
    outer loop
      vertex -0.407806 83.1843 0
      vertex -1.89418 83.6888 6
      vertex -0.407806 83.1843 6
    endloop
  endfacet
  facet normal 0.321407 0.946941 0
    outer loop
      vertex -1.89418 83.6888 6
      vertex -0.407806 83.1843 0
      vertex -1.89418 83.6888 0
    endloop
  endfacet
  facet normal 0.195072 0.980789 -0
    outer loop
      vertex -1.89418 83.6888 0
      vertex -3.4337 83.995 6
      vertex -1.89418 83.6888 6
    endloop
  endfacet
  facet normal 0.195072 0.980789 0
    outer loop
      vertex -3.4337 83.995 6
      vertex -1.89418 83.6888 0
      vertex -3.4337 83.995 0
    endloop
  endfacet
  facet normal 0.065428 0.997857 -0
    outer loop
      vertex -3.4337 83.995 0
      vertex -5 84.0977 6
      vertex -3.4337 83.995 6
    endloop
  endfacet
  facet normal 0.065428 0.997857 0
    outer loop
      vertex -5 84.0977 6
      vertex -3.4337 83.995 0
      vertex -5 84.0977 0
    endloop
  endfacet
  facet normal -0.065428 0.997857 0
    outer loop
      vertex -5 84.0977 0
      vertex -6.5663 83.995 6
      vertex -5 84.0977 6
    endloop
  endfacet
  facet normal -0.065428 0.997857 0
    outer loop
      vertex -6.5663 83.995 6
      vertex -5 84.0977 0
      vertex -6.5663 83.995 0
    endloop
  endfacet
  facet normal -0.195072 0.980789 0
    outer loop
      vertex -6.5663 83.995 0
      vertex -8.10582 83.6888 6
      vertex -6.5663 83.995 6
    endloop
  endfacet
  facet normal -0.195072 0.980789 0
    outer loop
      vertex -8.10582 83.6888 6
      vertex -6.5663 83.995 0
      vertex -8.10582 83.6888 0
    endloop
  endfacet
  facet normal -0.321408 0.946941 0
    outer loop
      vertex -8.10582 83.6888 0
      vertex -9.59219 83.1843 6
      vertex -8.10582 83.6888 6
    endloop
  endfacet
  facet normal -0.321408 0.946941 0
    outer loop
      vertex -9.59219 83.1843 6
      vertex -8.10582 83.6888 0
      vertex -9.59219 83.1843 0
    endloop
  endfacet
  facet normal -0.442312 0.896861 0
    outer loop
      vertex -9.59219 83.1843 0
      vertex -11 82.49 6
      vertex -9.59219 83.1843 6
    endloop
  endfacet
  facet normal -0.442312 0.896861 0
    outer loop
      vertex -11 82.49 6
      vertex -9.59219 83.1843 0
      vertex -11 82.49 0
    endloop
  endfacet
  facet normal -0.555553 0.831481 0
    outer loop
      vertex -11 82.49 0
      vertex -12.3051 81.618 6
      vertex -11 82.49 6
    endloop
  endfacet
  facet normal -0.555553 0.831481 0
    outer loop
      vertex -12.3051 81.618 6
      vertex -11 82.49 0
      vertex -12.3051 81.618 0
    endloop
  endfacet
  facet normal -0.659343 0.751842 0
    outer loop
      vertex -12.3051 81.618 0
      vertex -13.4853 80.583 6
      vertex -12.3051 81.618 6
    endloop
  endfacet
  facet normal -0.659343 0.751842 0
    outer loop
      vertex -13.4853 80.583 6
      vertex -12.3051 81.618 0
      vertex -13.4853 80.583 0
    endloop
  endfacet
  facet normal -0.751874 0.659307 0
    outer loop
      vertex -14.5202 79.4028 0
      vertex -13.4853 80.583 6
      vertex -13.4853 80.583 0
    endloop
  endfacet
  facet normal -0.751874 0.659307 0
    outer loop
      vertex -13.4853 80.583 6
      vertex -14.5202 79.4028 0
      vertex -14.5202 79.4028 6
    endloop
  endfacet
  facet normal -0.831452 0.555597 0
    outer loop
      vertex -15.3923 78.0977 0
      vertex -14.5202 79.4028 6
      vertex -14.5202 79.4028 0
    endloop
  endfacet
  facet normal -0.831452 0.555597 0
    outer loop
      vertex -14.5202 79.4028 6
      vertex -15.3923 78.0977 0
      vertex -15.3923 78.0977 6
    endloop
  endfacet
  facet normal -0.896885 0.442263 0
    outer loop
      vertex -16.0865 76.6899 0
      vertex -15.3923 78.0977 6
      vertex -15.3923 78.0977 0
    endloop
  endfacet
  facet normal -0.896885 0.442263 0
    outer loop
      vertex -15.3923 78.0977 6
      vertex -16.0865 76.6899 0
      vertex -16.0865 76.6899 6
    endloop
  endfacet
  facet normal -0.946923 0.32146 0
    outer loop
      vertex -16.5911 75.2035 0
      vertex -16.0865 76.6899 6
      vertex -16.0865 76.6899 0
    endloop
  endfacet
  facet normal -0.946923 0.32146 0
    outer loop
      vertex -16.0865 76.6899 6
      vertex -16.5911 75.2035 0
      vertex -16.5911 75.2035 6
    endloop
  endfacet
  facet normal -0.980788 0.195075 0
    outer loop
      vertex -16.8973 73.664 0
      vertex -16.5911 75.2035 6
      vertex -16.5911 75.2035 0
    endloop
  endfacet
  facet normal -0.980788 0.195075 0
    outer loop
      vertex -16.5911 75.2035 6
      vertex -16.8973 73.664 0
      vertex -16.8973 73.664 6
    endloop
  endfacet
  facet normal -0.997857 0.065428 0
    outer loop
      vertex -17 72.0977 0
      vertex -16.8973 73.664 6
      vertex -16.8973 73.664 0
    endloop
  endfacet
  facet normal -0.997857 0.065428 0
    outer loop
      vertex -16.8973 73.664 6
      vertex -17 72.0977 0
      vertex -17 72.0977 6
    endloop
  endfacet
  facet normal -0.997857 -0.065428 0
    outer loop
      vertex -16.8973 70.5314 0
      vertex -17 72.0977 6
      vertex -17 72.0977 0
    endloop
  endfacet
  facet normal -0.997857 -0.065428 0
    outer loop
      vertex -17 72.0977 6
      vertex -16.8973 70.5314 0
      vertex -16.8973 70.5314 6
    endloop
  endfacet
  facet normal -0.980788 -0.195075 0
    outer loop
      vertex -16.5911 68.9919 0
      vertex -16.8973 70.5314 6
      vertex -16.8973 70.5314 0
    endloop
  endfacet
  facet normal -0.980788 -0.195075 0
    outer loop
      vertex -16.8973 70.5314 6
      vertex -16.5911 68.9919 0
      vertex -16.5911 68.9919 6
    endloop
  endfacet
  facet normal -0.946923 -0.32146 0
    outer loop
      vertex -16.0865 67.5055 0
      vertex -16.5911 68.9919 6
      vertex -16.5911 68.9919 0
    endloop
  endfacet
  facet normal -0.946923 -0.32146 0
    outer loop
      vertex -16.5911 68.9919 6
      vertex -16.0865 67.5055 0
      vertex -16.0865 67.5055 6
    endloop
  endfacet
  facet normal -0.896885 -0.442263 0
    outer loop
      vertex -15.3923 66.0977 0
      vertex -16.0865 67.5055 6
      vertex -16.0865 67.5055 0
    endloop
  endfacet
  facet normal -0.896885 -0.442263 0
    outer loop
      vertex -16.0865 67.5055 6
      vertex -15.3923 66.0977 0
      vertex -15.3923 66.0977 6
    endloop
  endfacet
  facet normal -0.831452 -0.555597 0
    outer loop
      vertex -14.5202 64.7926 0
      vertex -15.3923 66.0977 6
      vertex -15.3923 66.0977 0
    endloop
  endfacet
  facet normal -0.831452 -0.555597 0
    outer loop
      vertex -15.3923 66.0977 6
      vertex -14.5202 64.7926 0
      vertex -14.5202 64.7926 6
    endloop
  endfacet
  facet normal -0.751874 -0.659307 0
    outer loop
      vertex -13.4853 63.6124 0
      vertex -14.5202 64.7926 6
      vertex -14.5202 64.7926 0
    endloop
  endfacet
  facet normal -0.751874 -0.659307 0
    outer loop
      vertex -14.5202 64.7926 6
      vertex -13.4853 63.6124 0
      vertex -13.4853 63.6124 6
    endloop
  endfacet
  facet normal -0.659261 -0.751914 0
    outer loop
      vertex -13.4853 63.6124 0
      vertex -13 63.1869 6
      vertex -13.4853 63.6124 6
    endloop
  endfacet
  facet normal -0.659261 -0.751914 -0
    outer loop
      vertex -13 63.1869 6
      vertex -13.4853 63.6124 0
      vertex -13 63.1869 0
    endloop
  endfacet
  facet normal -1 0 0
    outer loop
      vertex -13 -84.0977 0
      vertex -13 63.1869 6
      vertex -13 63.1869 0
    endloop
  endfacet
  facet normal -1 -0 0
    outer loop
      vertex -13 63.1869 6
      vertex -13 -84.0977 0
      vertex -13 -84.0977 6
    endloop
  endfacet
  facet normal -0.461762 0.887004 0
    outer loop
      vertex -13 -84.0977 0
      vertex -21.4059 -88.4737 6
      vertex -13 -84.0977 6
    endloop
  endfacet
  facet normal -0.461762 0.887004 0
    outer loop
      vertex -21.4059 -88.4737 6
      vertex -13 -84.0977 0
      vertex -21.4059 -88.4737 0
    endloop
  endfacet
  facet normal -0.555699 0.831383 0
    outer loop
      vertex -21.4059 -88.4737 0
      vertex -21.7322 -88.6918 6
      vertex -21.4059 -88.4737 6
    endloop
  endfacet
  facet normal -0.555699 0.831383 0
    outer loop
      vertex -21.7322 -88.6918 6
      vertex -21.4059 -88.4737 0
      vertex -21.7322 -88.6918 0
    endloop
  endfacet
  facet normal -0.659208 0.751961 0
    outer loop
      vertex -21.7322 -88.6918 0
      vertex -22.0273 -88.9505 6
      vertex -21.7322 -88.6918 6
    endloop
  endfacet
  facet normal -0.659208 0.751961 0
    outer loop
      vertex -22.0273 -88.9505 6
      vertex -21.7322 -88.6918 0
      vertex -22.0273 -88.9505 0
    endloop
  endfacet
  facet normal -0.75185 0.659334 0
    outer loop
      vertex -22.286 -89.2455 0
      vertex -22.0273 -88.9505 6
      vertex -22.0273 -88.9505 0
    endloop
  endfacet
  facet normal -0.75185 0.659334 0
    outer loop
      vertex -22.0273 -88.9505 6
      vertex -22.286 -89.2455 0
      vertex -22.286 -89.2455 6
    endloop
  endfacet
  facet normal -0.831501 0.555523 0
    outer loop
      vertex -22.504 -89.5718 0
      vertex -22.286 -89.2455 6
      vertex -22.286 -89.2455 0
    endloop
  endfacet
  facet normal -0.831501 0.555523 0
    outer loop
      vertex -22.286 -89.2455 6
      vertex -22.504 -89.5718 0
      vertex -22.504 -89.5718 6
    endloop
  endfacet
  facet normal -0.89686 0.442315 0
    outer loop
      vertex -22.6776 -89.9238 0
      vertex -22.504 -89.5718 6
      vertex -22.504 -89.5718 0
    endloop
  endfacet
  facet normal -0.89686 0.442315 0
    outer loop
      vertex -22.504 -89.5718 6
      vertex -22.6776 -89.9238 0
      vertex -22.6776 -89.9238 6
    endloop
  endfacet
  facet normal -0.946962 0.321345 0
    outer loop
      vertex -22.8037 -90.2954 0
      vertex -22.6776 -89.9238 6
      vertex -22.6776 -89.9238 0
    endloop
  endfacet
  facet normal -0.946962 0.321345 0
    outer loop
      vertex -22.6776 -89.9238 6
      vertex -22.8037 -90.2954 0
      vertex -22.8037 -90.2954 6
    endloop
  endfacet
  facet normal -0.980757 0.195234 0
    outer loop
      vertex -22.8803 -90.6802 0
      vertex -22.8037 -90.2954 6
      vertex -22.8037 -90.2954 0
    endloop
  endfacet
  facet normal -0.980757 0.195234 0
    outer loop
      vertex -22.8037 -90.2954 6
      vertex -22.8803 -90.6802 0
      vertex -22.8803 -90.6802 6
    endloop
  endfacet
  facet normal -0.99787 0.0652336 0
    outer loop
      vertex -22.9059 -91.0718 0
      vertex -22.8803 -90.6802 6
      vertex -22.8803 -90.6802 0
    endloop
  endfacet
  facet normal -0.99787 0.0652336 0
    outer loop
      vertex -22.8803 -90.6802 6
      vertex -22.9059 -91.0718 0
      vertex -22.9059 -91.0718 6
    endloop
  endfacet
  facet normal -0.99787 -0.0652336 0
    outer loop
      vertex -22.8803 -91.4634 0
      vertex -22.9059 -91.0718 6
      vertex -22.9059 -91.0718 0
    endloop
  endfacet
  facet normal -0.99787 -0.0652336 0
    outer loop
      vertex -22.9059 -91.0718 6
      vertex -22.8803 -91.4634 0
      vertex -22.8803 -91.4634 6
    endloop
  endfacet
  facet normal -0.980766 -0.195185 0
    outer loop
      vertex -22.8037 -91.8483 0
      vertex -22.8803 -91.4634 6
      vertex -22.8803 -91.4634 0
    endloop
  endfacet
  facet normal -0.980766 -0.195185 0
    outer loop
      vertex -22.8803 -91.4634 6
      vertex -22.8037 -91.8483 0
      vertex -22.8037 -91.8483 6
    endloop
  endfacet
  facet normal -0.946962 -0.321345 0
    outer loop
      vertex -22.6776 -92.2199 0
      vertex -22.8037 -91.8483 6
      vertex -22.8037 -91.8483 0
    endloop
  endfacet
  facet normal -0.946962 -0.321345 0
    outer loop
      vertex -22.8037 -91.8483 6
      vertex -22.6776 -92.2199 0
      vertex -22.6776 -92.2199 6
    endloop
  endfacet
  facet normal -0.913608 -0.406595 0
    outer loop
      vertex -20.0028 -98.2301 0
      vertex -22.6776 -92.2199 6
      vertex -22.6776 -92.2199 0
    endloop
  endfacet
  facet normal -0.913608 -0.406595 0
    outer loop
      vertex -22.6776 -92.2199 6
      vertex -20.0028 -98.2301 0
      vertex -20.0028 -98.2301 6
    endloop
  endfacet
  facet normal -0.913498 -0.406844 0
    outer loop
      vertex -19.7994 -98.6868 0
      vertex -20.0028 -98.2301 6
      vertex -20.0028 -98.2301 0
    endloop
  endfacet
  facet normal -0.913498 -0.406844 0
    outer loop
      vertex -20.0028 -98.2301 6
      vertex -19.7994 -98.6868 0
      vertex -19.7994 -98.6868 6
    endloop
  endfacet
  facet normal 0.406737 -0.913545 0
    outer loop
      vertex -19.7994 -98.6868 0
      vertex 13.0882 -84.0443 6
      vertex -19.7994 -98.6868 6
    endloop
  endfacet
  facet normal 0.406737 -0.913545 0
    outer loop
      vertex 13.0882 -84.0443 6
      vertex -19.7994 -98.6868 0
      vertex 13.0882 -84.0443 0
    endloop
  endfacet
  facet normal 0.195112 0.980781 -0
    outer loop
      vertex -5.66895 67.0166 0
      vertex -6.32645 67.1474 6
      vertex -5.66895 67.0166 6
    endloop
  endfacet
  facet normal 0.195112 0.980781 0
    outer loop
      vertex -6.32645 67.1474 6
      vertex -5.66895 67.0166 0
      vertex -6.32645 67.1474 0
    endloop
  endfacet
  facet normal 0.32133 0.946967 -0
    outer loop
      vertex -6.32645 67.1474 0
      vertex -6.96124 67.3628 6
      vertex -6.32645 67.1474 6
    endloop
  endfacet
  facet normal 0.32133 0.946967 0
    outer loop
      vertex -6.96124 67.3628 6
      vertex -6.32645 67.1474 0
      vertex -6.96124 67.3628 0
    endloop
  endfacet
  facet normal 0.442278 0.896878 -0
    outer loop
      vertex -6.96124 67.3628 0
      vertex -7.5625 67.6593 6
      vertex -6.96124 67.3628 6
    endloop
  endfacet
  facet normal 0.442278 0.896878 0
    outer loop
      vertex -7.5625 67.6593 6
      vertex -6.96124 67.3628 0
      vertex -7.5625 67.6593 0
    endloop
  endfacet
  facet normal 0.555636 0.831426 -0
    outer loop
      vertex -7.5625 67.6593 0
      vertex -8.11989 68.0318 6
      vertex -7.5625 67.6593 6
    endloop
  endfacet
  facet normal 0.555636 0.831426 0
    outer loop
      vertex -8.11989 68.0318 6
      vertex -7.5625 67.6593 0
      vertex -8.11989 68.0318 0
    endloop
  endfacet
  facet normal 0.659327 0.751856 -0
    outer loop
      vertex -8.11989 68.0318 0
      vertex -8.62392 68.4738 6
      vertex -8.11989 68.0318 6
    endloop
  endfacet
  facet normal 0.659327 0.751856 0
    outer loop
      vertex -8.62392 68.4738 6
      vertex -8.11989 68.0318 0
      vertex -8.62392 68.4738 0
    endloop
  endfacet
  facet normal 0.75183 0.659358 0
    outer loop
      vertex -8.62392 68.4738 6
      vertex -9.06593 68.9778 0
      vertex -9.06593 68.9778 6
    endloop
  endfacet
  facet normal 0.75183 0.659358 0
    outer loop
      vertex -9.06593 68.9778 0
      vertex -8.62392 68.4738 6
      vertex -8.62392 68.4738 0
    endloop
  endfacet
  facet normal 0.831472 0.555567 0
    outer loop
      vertex -9.06593 68.9778 6
      vertex -9.43837 69.5352 0
      vertex -9.43837 69.5352 6
    endloop
  endfacet
  facet normal 0.831472 0.555567 0
    outer loop
      vertex -9.43837 69.5352 0
      vertex -9.06593 68.9778 6
      vertex -9.06593 68.9778 0
    endloop
  endfacet
  facet normal 0.896884 0.442267 0
    outer loop
      vertex -9.43837 69.5352 6
      vertex -9.73488 70.1365 0
      vertex -9.73488 70.1365 6
    endloop
  endfacet
  facet normal 0.896884 0.442267 0
    outer loop
      vertex -9.73488 70.1365 0
      vertex -9.43837 69.5352 6
      vertex -9.43837 69.5352 0
    endloop
  endfacet
  facet normal 0.946933 0.321432 0
    outer loop
      vertex -9.73488 70.1365 6
      vertex -9.95036 70.7713 0
      vertex -9.95036 70.7713 6
    endloop
  endfacet
  facet normal 0.946933 0.321432 0
    outer loop
      vertex -9.95036 70.7713 0
      vertex -9.73488 70.1365 6
      vertex -9.73488 70.1365 0
    endloop
  endfacet
  facet normal 0.980798 0.195026 0
    outer loop
      vertex -9.95036 70.7713 6
      vertex -10.0811 71.4288 0
      vertex -10.0811 71.4288 6
    endloop
  endfacet
  facet normal 0.980798 0.195026 0
    outer loop
      vertex -10.0811 71.4288 0
      vertex -9.95036 70.7713 6
      vertex -9.95036 70.7713 0
    endloop
  endfacet
  facet normal 0.997853 0.0654892 0
    outer loop
      vertex -10.0811 71.4288 6
      vertex -10.125 72.0977 0
      vertex -10.125 72.0977 6
    endloop
  endfacet
  facet normal 0.997853 0.0654892 0
    outer loop
      vertex -10.125 72.0977 0
      vertex -10.0811 71.4288 6
      vertex -10.0811 71.4288 0
    endloop
  endfacet
  facet normal 0.997854 -0.0654795 0
    outer loop
      vertex -10.125 72.0977 6
      vertex -10.0811 72.7667 0
      vertex -10.0811 72.7667 6
    endloop
  endfacet
  facet normal 0.997854 -0.0654795 0
    outer loop
      vertex -10.0811 72.7667 0
      vertex -10.125 72.0977 6
      vertex -10.125 72.0977 0
    endloop
  endfacet
  facet normal 0.980798 -0.195026 0
    outer loop
      vertex -10.0811 72.7667 6
      vertex -9.95036 73.4242 0
      vertex -9.95036 73.4242 6
    endloop
  endfacet
  facet normal 0.980798 -0.195026 0
    outer loop
      vertex -9.95036 73.4242 0
      vertex -10.0811 72.7667 6
      vertex -10.0811 72.7667 0
    endloop
  endfacet
  facet normal 0.946933 -0.321432 0
    outer loop
      vertex -9.95036 73.4242 6
      vertex -9.73488 74.059 0
      vertex -9.73488 74.059 6
    endloop
  endfacet
  facet normal 0.946933 -0.321432 0
    outer loop
      vertex -9.73488 74.059 0
      vertex -9.95036 73.4242 6
      vertex -9.95036 73.4242 0
    endloop
  endfacet
  facet normal 0.896854 -0.442326 0
    outer loop
      vertex -9.73488 74.059 6
      vertex -9.43837 74.6602 0
      vertex -9.43837 74.6602 6
    endloop
  endfacet
  facet normal 0.896854 -0.442326 0
    outer loop
      vertex -9.43837 74.6602 0
      vertex -9.73488 74.059 6
      vertex -9.73488 74.059 0
    endloop
  endfacet
  facet normal 0.831472 -0.555567 0
    outer loop
      vertex -9.43837 74.6602 6
      vertex -9.06593 75.2176 0
      vertex -9.06593 75.2176 6
    endloop
  endfacet
  facet normal 0.831472 -0.555567 0
    outer loop
      vertex -9.06593 75.2176 0
      vertex -9.43837 74.6602 6
      vertex -9.43837 74.6602 0
    endloop
  endfacet
  facet normal 0.75183 -0.659358 0
    outer loop
      vertex -9.06593 75.2176 6
      vertex -8.62392 75.7216 0
      vertex -8.62392 75.7216 6
    endloop
  endfacet
  facet normal 0.75183 -0.659358 0
    outer loop
      vertex -8.62392 75.7216 0
      vertex -9.06593 75.2176 6
      vertex -9.06593 75.2176 0
    endloop
  endfacet
  facet normal 0.659411 -0.751782 0
    outer loop
      vertex -8.62392 75.7216 0
      vertex -8.11989 76.1637 6
      vertex -8.62392 75.7216 6
    endloop
  endfacet
  facet normal 0.659411 -0.751782 0
    outer loop
      vertex -8.11989 76.1637 6
      vertex -8.62392 75.7216 0
      vertex -8.11989 76.1637 0
    endloop
  endfacet
  facet normal 0.555533 -0.831494 0
    outer loop
      vertex -8.11989 76.1637 0
      vertex -7.5625 76.5361 6
      vertex -8.11989 76.1637 6
    endloop
  endfacet
  facet normal 0.555533 -0.831494 0
    outer loop
      vertex -7.5625 76.5361 6
      vertex -8.11989 76.1637 0
      vertex -7.5625 76.5361 0
    endloop
  endfacet
  facet normal 0.442278 -0.896878 0
    outer loop
      vertex -7.5625 76.5361 0
      vertex -6.96124 76.8326 6
      vertex -7.5625 76.5361 6
    endloop
  endfacet
  facet normal 0.442278 -0.896878 0
    outer loop
      vertex -6.96124 76.8326 6
      vertex -7.5625 76.5361 0
      vertex -6.96124 76.8326 0
    endloop
  endfacet
  facet normal 0.321463 -0.946922 0
    outer loop
      vertex -6.96124 76.8326 0
      vertex -6.32645 77.0481 6
      vertex -6.96124 76.8326 6
    endloop
  endfacet
  facet normal 0.321463 -0.946922 0
    outer loop
      vertex -6.32645 77.0481 6
      vertex -6.96124 76.8326 0
      vertex -6.32645 77.0481 0
    endloop
  endfacet
  facet normal 0.195112 -0.980781 0
    outer loop
      vertex -6.32645 77.0481 0
      vertex -5.66895 77.1789 6
      vertex -6.32645 77.0481 6
    endloop
  endfacet
  facet normal 0.195112 -0.980781 0
    outer loop
      vertex -5.66895 77.1789 6
      vertex -6.32645 77.0481 0
      vertex -5.66895 77.1789 0
    endloop
  endfacet
  facet normal 0.0653358 -0.997863 0
    outer loop
      vertex -5.66895 77.1789 0
      vertex -5 77.2227 6
      vertex -5.66895 77.1789 6
    endloop
  endfacet
  facet normal 0.0653358 -0.997863 0
    outer loop
      vertex -5 77.2227 6
      vertex -5.66895 77.1789 0
      vertex -5 77.2227 0
    endloop
  endfacet
  facet normal -0.0653358 -0.997863 0
    outer loop
      vertex -5 77.2227 0
      vertex -4.33105 77.1789 6
      vertex -5 77.2227 6
    endloop
  endfacet
  facet normal -0.0653358 -0.997863 -0
    outer loop
      vertex -4.33105 77.1789 6
      vertex -5 77.2227 0
      vertex -4.33105 77.1789 0
    endloop
  endfacet
  facet normal -0.195112 -0.980781 0
    outer loop
      vertex -4.33105 77.1789 0
      vertex -3.67355 77.0481 6
      vertex -4.33105 77.1789 6
    endloop
  endfacet
  facet normal -0.195112 -0.980781 -0
    outer loop
      vertex -3.67355 77.0481 6
      vertex -4.33105 77.1789 0
      vertex -3.67355 77.0481 0
    endloop
  endfacet
  facet normal -0.321463 -0.946922 0
    outer loop
      vertex -3.67355 77.0481 0
      vertex -3.03876 76.8326 6
      vertex -3.67355 77.0481 6
    endloop
  endfacet
  facet normal -0.321463 -0.946922 -0
    outer loop
      vertex -3.03876 76.8326 6
      vertex -3.67355 77.0481 0
      vertex -3.03876 76.8326 0
    endloop
  endfacet
  facet normal -0.442278 -0.896878 0
    outer loop
      vertex -3.03876 76.8326 0
      vertex -2.4375 76.5361 6
      vertex -3.03876 76.8326 6
    endloop
  endfacet
  facet normal -0.442278 -0.896878 -0
    outer loop
      vertex -2.4375 76.5361 6
      vertex -3.03876 76.8326 0
      vertex -2.4375 76.5361 0
    endloop
  endfacet
  facet normal -0.555533 -0.831494 0
    outer loop
      vertex -2.4375 76.5361 0
      vertex -1.88011 76.1637 6
      vertex -2.4375 76.5361 6
    endloop
  endfacet
  facet normal -0.555533 -0.831494 -0
    outer loop
      vertex -1.88011 76.1637 6
      vertex -2.4375 76.5361 0
      vertex -1.88011 76.1637 0
    endloop
  endfacet
  facet normal -0.659411 -0.751782 0
    outer loop
      vertex -1.88011 76.1637 0
      vertex -1.37608 75.7216 6
      vertex -1.88011 76.1637 6
    endloop
  endfacet
  facet normal -0.659411 -0.751782 -0
    outer loop
      vertex -1.37608 75.7216 6
      vertex -1.88011 76.1637 0
      vertex -1.37608 75.7216 0
    endloop
  endfacet
  facet normal -0.751827 -0.65936 0
    outer loop
      vertex -0.934067 75.2176 0
      vertex -1.37608 75.7216 6
      vertex -1.37608 75.7216 0
    endloop
  endfacet
  facet normal -0.751827 -0.65936 0
    outer loop
      vertex -1.37608 75.7216 6
      vertex -0.934067 75.2176 0
      vertex -0.934067 75.2176 6
    endloop
  endfacet
  facet normal -0.831474 -0.555564 0
    outer loop
      vertex -0.56163 74.6602 0
      vertex -0.934067 75.2176 6
      vertex -0.934067 75.2176 0
    endloop
  endfacet
  facet normal -0.831474 -0.555564 0
    outer loop
      vertex -0.934067 75.2176 6
      vertex -0.56163 74.6602 0
      vertex -0.56163 74.6602 6
    endloop
  endfacet
  facet normal -0.896855 -0.442325 0
    outer loop
      vertex -0.265121 74.059 0
      vertex -0.56163 74.6602 6
      vertex -0.56163 74.6602 0
    endloop
  endfacet
  facet normal -0.896855 -0.442325 0
    outer loop
      vertex -0.56163 74.6602 6
      vertex -0.265121 74.059 0
      vertex -0.265121 74.059 6
    endloop
  endfacet
  facet normal -0.946931 -0.321438 0
    outer loop
      vertex -0.0496368 73.4242 0
      vertex -0.265121 74.059 6
      vertex -0.265121 74.059 0
    endloop
  endfacet
  facet normal -0.946931 -0.321438 0
    outer loop
      vertex -0.265121 74.059 6
      vertex -0.0496368 73.4242 0
      vertex -0.0496368 73.4242 6
    endloop
  endfacet
  facet normal -0.980786 -0.195088 0
    outer loop
      vertex 0.0811462 72.7667 0
      vertex -0.0496368 73.4242 6
      vertex -0.0496368 73.4242 0
    endloop
  endfacet
  facet normal -0.980786 -0.195088 0
    outer loop
      vertex -0.0496368 73.4242 6
      vertex 0.0811462 72.7667 0
      vertex 0.0811462 72.7667 6
    endloop
  endfacet
  facet normal -0.997858 -0.0654109 0
    outer loop
      vertex 0.125 72.0977 0
      vertex 0.0811462 72.7667 6
      vertex 0.0811462 72.7667 0
    endloop
  endfacet
  facet normal -0.997858 -0.0654109 0
    outer loop
      vertex 0.0811462 72.7667 6
      vertex 0.125 72.0977 0
      vertex 0.125 72.0977 6
    endloop
  endfacet
  facet normal -0.997858 0.0654206 0
    outer loop
      vertex 0.0811462 71.4288 0
      vertex 0.125 72.0977 6
      vertex 0.125 72.0977 0
    endloop
  endfacet
  facet normal -0.997858 0.0654206 0
    outer loop
      vertex 0.125 72.0977 6
      vertex 0.0811462 71.4288 0
      vertex 0.0811462 71.4288 6
    endloop
  endfacet
  facet normal -0.980786 0.195088 0
    outer loop
      vertex -0.0496368 70.7713 0
      vertex 0.0811462 71.4288 6
      vertex 0.0811462 71.4288 0
    endloop
  endfacet
  facet normal -0.980786 0.195088 0
    outer loop
      vertex 0.0811462 71.4288 6
      vertex -0.0496368 70.7713 0
      vertex -0.0496368 70.7713 6
    endloop
  endfacet
  facet normal -0.946931 0.321438 0
    outer loop
      vertex -0.265121 70.1365 0
      vertex -0.0496368 70.7713 6
      vertex -0.0496368 70.7713 0
    endloop
  endfacet
  facet normal -0.946931 0.321438 0
    outer loop
      vertex -0.0496368 70.7713 6
      vertex -0.265121 70.1365 0
      vertex -0.265121 70.1365 6
    endloop
  endfacet
  facet normal -0.896884 0.442265 0
    outer loop
      vertex -0.56163 69.5352 0
      vertex -0.265121 70.1365 6
      vertex -0.265121 70.1365 0
    endloop
  endfacet
  facet normal -0.896884 0.442265 0
    outer loop
      vertex -0.265121 70.1365 6
      vertex -0.56163 69.5352 0
      vertex -0.56163 69.5352 6
    endloop
  endfacet
  facet normal -0.831474 0.555564 0
    outer loop
      vertex -0.934067 68.9778 0
      vertex -0.56163 69.5352 6
      vertex -0.56163 69.5352 0
    endloop
  endfacet
  facet normal -0.831474 0.555564 0
    outer loop
      vertex -0.56163 69.5352 6
      vertex -0.934067 68.9778 0
      vertex -0.934067 68.9778 6
    endloop
  endfacet
  facet normal -0.751827 0.65936 0
    outer loop
      vertex -1.37608 68.4738 0
      vertex -0.934067 68.9778 6
      vertex -0.934067 68.9778 0
    endloop
  endfacet
  facet normal -0.751827 0.65936 0
    outer loop
      vertex -0.934067 68.9778 6
      vertex -1.37608 68.4738 0
      vertex -1.37608 68.4738 6
    endloop
  endfacet
  facet normal -0.659327 0.751856 0
    outer loop
      vertex -1.37608 68.4738 0
      vertex -1.88011 68.0318 6
      vertex -1.37608 68.4738 6
    endloop
  endfacet
  facet normal -0.659327 0.751856 0
    outer loop
      vertex -1.88011 68.0318 6
      vertex -1.37608 68.4738 0
      vertex -1.88011 68.0318 0
    endloop
  endfacet
  facet normal -0.555636 0.831426 0
    outer loop
      vertex -1.88011 68.0318 0
      vertex -2.4375 67.6593 6
      vertex -1.88011 68.0318 6
    endloop
  endfacet
  facet normal -0.555636 0.831426 0
    outer loop
      vertex -2.4375 67.6593 6
      vertex -1.88011 68.0318 0
      vertex -2.4375 67.6593 0
    endloop
  endfacet
  facet normal -0.442278 0.896878 0
    outer loop
      vertex -2.4375 67.6593 0
      vertex -3.03876 67.3628 6
      vertex -2.4375 67.6593 6
    endloop
  endfacet
  facet normal -0.442278 0.896878 0
    outer loop
      vertex -3.03876 67.3628 6
      vertex -2.4375 67.6593 0
      vertex -3.03876 67.3628 0
    endloop
  endfacet
  facet normal -0.32133 0.946967 0
    outer loop
      vertex -3.03876 67.3628 0
      vertex -3.67355 67.1474 6
      vertex -3.03876 67.3628 6
    endloop
  endfacet
  facet normal -0.32133 0.946967 0
    outer loop
      vertex -3.67355 67.1474 6
      vertex -3.03876 67.3628 0
      vertex -3.67355 67.1474 0
    endloop
  endfacet
  facet normal -0.195112 0.980781 0
    outer loop
      vertex -3.67355 67.1474 0
      vertex -4.33105 67.0166 6
      vertex -3.67355 67.1474 6
    endloop
  endfacet
  facet normal -0.195112 0.980781 0
    outer loop
      vertex -4.33105 67.0166 6
      vertex -3.67355 67.1474 0
      vertex -4.33105 67.0166 0
    endloop
  endfacet
  facet normal -0.0654844 0.997854 0
    outer loop
      vertex -4.33105 67.0166 0
      vertex -5 66.9727 6
      vertex -4.33105 67.0166 6
    endloop
  endfacet
  facet normal -0.0654844 0.997854 0
    outer loop
      vertex -5 66.9727 6
      vertex -4.33105 67.0166 0
      vertex -5 66.9727 0
    endloop
  endfacet
  facet normal 0.0654844 0.997854 -0
    outer loop
      vertex -5 66.9727 0
      vertex -5.66895 67.0166 6
      vertex -5 66.9727 6
    endloop
  endfacet
  facet normal 0.0654844 0.997854 0
    outer loop
      vertex -5.66895 67.0166 6
      vertex -5 66.9727 0
      vertex -5.66895 67.0166 0
    endloop
  endfacet
  facet normal 0.194969 0.98081 -0
    outer loop
      vertex -5.66895 -42.447 0
      vertex -6.32645 -42.3163 6
      vertex -5.66895 -42.447 6
    endloop
  endfacet
  facet normal 0.194969 0.98081 0
    outer loop
      vertex -6.32645 -42.3163 6
      vertex -5.66895 -42.447 0
      vertex -6.32645 -42.3163 0
    endloop
  endfacet
  facet normal 0.321463 0.946922 -0
    outer loop
      vertex -6.32645 -42.3163 0
      vertex -6.96124 -42.1008 6
      vertex -6.32645 -42.3163 6
    endloop
  endfacet
  facet normal 0.321463 0.946922 0
    outer loop
      vertex -6.96124 -42.1008 6
      vertex -6.32645 -42.3163 0
      vertex -6.96124 -42.1008 0
    endloop
  endfacet
  facet normal 0.442278 0.896878 -0
    outer loop
      vertex -6.96124 -42.1008 0
      vertex -7.5625 -41.8043 6
      vertex -6.96124 -42.1008 6
    endloop
  endfacet
  facet normal 0.442278 0.896878 0
    outer loop
      vertex -7.5625 -41.8043 6
      vertex -6.96124 -42.1008 0
      vertex -7.5625 -41.8043 0
    endloop
  endfacet
  facet normal 0.555636 0.831426 -0
    outer loop
      vertex -7.5625 -41.8043 0
      vertex -8.11989 -41.4318 6
      vertex -7.5625 -41.8043 6
    endloop
  endfacet
  facet normal 0.555636 0.831426 0
    outer loop
      vertex -8.11989 -41.4318 6
      vertex -7.5625 -41.8043 0
      vertex -8.11989 -41.4318 0
    endloop
  endfacet
  facet normal 0.659327 0.751856 -0
    outer loop
      vertex -8.11989 -41.4318 0
      vertex -8.62392 -40.9898 6
      vertex -8.11989 -41.4318 6
    endloop
  endfacet
  facet normal 0.659327 0.751856 0
    outer loop
      vertex -8.62392 -40.9898 6
      vertex -8.11989 -41.4318 0
      vertex -8.62392 -40.9898 0
    endloop
  endfacet
  facet normal 0.75183 0.659358 0
    outer loop
      vertex -8.62392 -40.9898 6
      vertex -9.06593 -40.4858 0
      vertex -9.06593 -40.4858 6
    endloop
  endfacet
  facet normal 0.75183 0.659358 0
    outer loop
      vertex -9.06593 -40.4858 0
      vertex -8.62392 -40.9898 6
      vertex -8.62392 -40.9898 0
    endloop
  endfacet
  facet normal 0.831472 0.555567 0
    outer loop
      vertex -9.06593 -40.4858 6
      vertex -9.43837 -39.9284 0
      vertex -9.43837 -39.9284 6
    endloop
  endfacet
  facet normal 0.831472 0.555567 0
    outer loop
      vertex -9.43837 -39.9284 0
      vertex -9.06593 -40.4858 6
      vertex -9.06593 -40.4858 0
    endloop
  endfacet
  facet normal 0.896884 0.442267 0
    outer loop
      vertex -9.43837 -39.9284 6
      vertex -9.73488 -39.3271 0
      vertex -9.73488 -39.3271 6
    endloop
  endfacet
  facet normal 0.896884 0.442267 0
    outer loop
      vertex -9.73488 -39.3271 0
      vertex -9.43837 -39.9284 6
      vertex -9.43837 -39.9284 0
    endloop
  endfacet
  facet normal 0.946933 0.321432 0
    outer loop
      vertex -9.73488 -39.3271 6
      vertex -9.95036 -38.6923 0
      vertex -9.95036 -38.6923 6
    endloop
  endfacet
  facet normal 0.946933 0.321432 0
    outer loop
      vertex -9.95036 -38.6923 0
      vertex -9.73488 -39.3271 6
      vertex -9.73488 -39.3271 0
    endloop
  endfacet
  facet normal 0.980798 0.195026 0
    outer loop
      vertex -9.95036 -38.6923 6
      vertex -10.0811 -38.0348 0
      vertex -10.0811 -38.0348 6
    endloop
  endfacet
  facet normal 0.980798 0.195026 0
    outer loop
      vertex -10.0811 -38.0348 0
      vertex -9.95036 -38.6923 6
      vertex -9.95036 -38.6923 0
    endloop
  endfacet
  facet normal 0.997853 0.0654892 0
    outer loop
      vertex -10.0811 -38.0348 6
      vertex -10.125 -37.3659 0
      vertex -10.125 -37.3659 6
    endloop
  endfacet
  facet normal 0.997853 0.0654892 0
    outer loop
      vertex -10.125 -37.3659 0
      vertex -10.0811 -38.0348 6
      vertex -10.0811 -38.0348 0
    endloop
  endfacet
  facet normal 0.997853 -0.0654892 0
    outer loop
      vertex -10.125 -37.3659 6
      vertex -10.0811 -36.697 0
      vertex -10.0811 -36.697 6
    endloop
  endfacet
  facet normal 0.997853 -0.0654892 0
    outer loop
      vertex -10.0811 -36.697 0
      vertex -10.125 -37.3659 6
      vertex -10.125 -37.3659 0
    endloop
  endfacet
  facet normal 0.980798 -0.195026 0
    outer loop
      vertex -10.0811 -36.697 6
      vertex -9.95036 -36.0395 0
      vertex -9.95036 -36.0395 6
    endloop
  endfacet
  facet normal 0.980798 -0.195026 0
    outer loop
      vertex -9.95036 -36.0395 0
      vertex -10.0811 -36.697 6
      vertex -10.0811 -36.697 0
    endloop
  endfacet
  facet normal 0.946948 -0.321387 0
    outer loop
      vertex -9.95036 -36.0395 6
      vertex -9.73488 -35.4046 0
      vertex -9.73488 -35.4046 6
    endloop
  endfacet
  facet normal 0.946948 -0.321387 0
    outer loop
      vertex -9.73488 -35.4046 0
      vertex -9.95036 -36.0395 6
      vertex -9.95036 -36.0395 0
    endloop
  endfacet
  facet normal 0.896854 -0.442326 0
    outer loop
      vertex -9.73488 -35.4046 6
      vertex -9.43837 -34.8034 0
      vertex -9.43837 -34.8034 6
    endloop
  endfacet
  facet normal 0.896854 -0.442326 0
    outer loop
      vertex -9.43837 -34.8034 0
      vertex -9.73488 -35.4046 6
      vertex -9.73488 -35.4046 0
    endloop
  endfacet
  facet normal 0.831472 -0.555567 0
    outer loop
      vertex -9.43837 -34.8034 6
      vertex -9.06593 -34.246 0
      vertex -9.06593 -34.246 6
    endloop
  endfacet
  facet normal 0.831472 -0.555567 0
    outer loop
      vertex -9.06593 -34.246 0
      vertex -9.43837 -34.8034 6
      vertex -9.43837 -34.8034 0
    endloop
  endfacet
  facet normal 0.75183 -0.659358 0
    outer loop
      vertex -9.06593 -34.246 6
      vertex -8.62392 -33.742 0
      vertex -8.62392 -33.742 6
    endloop
  endfacet
  facet normal 0.75183 -0.659358 0
    outer loop
      vertex -8.62392 -33.742 0
      vertex -9.06593 -34.246 6
      vertex -9.06593 -34.246 0
    endloop
  endfacet
  facet normal 0.659327 -0.751856 0
    outer loop
      vertex -8.62392 -33.742 0
      vertex -8.11989 -33.3 6
      vertex -8.62392 -33.742 6
    endloop
  endfacet
  facet normal 0.659327 -0.751856 0
    outer loop
      vertex -8.11989 -33.3 6
      vertex -8.62392 -33.742 0
      vertex -8.11989 -33.3 0
    endloop
  endfacet
  facet normal 0.555636 -0.831426 0
    outer loop
      vertex -8.11989 -33.3 0
      vertex -7.5625 -32.9275 6
      vertex -8.11989 -33.3 6
    endloop
  endfacet
  facet normal 0.555636 -0.831426 0
    outer loop
      vertex -7.5625 -32.9275 6
      vertex -8.11989 -33.3 0
      vertex -7.5625 -32.9275 0
    endloop
  endfacet
  facet normal 0.442278 -0.896878 0
    outer loop
      vertex -7.5625 -32.9275 0
      vertex -6.96124 -32.631 6
      vertex -7.5625 -32.9275 6
    endloop
  endfacet
  facet normal 0.442278 -0.896878 0
    outer loop
      vertex -6.96124 -32.631 6
      vertex -7.5625 -32.9275 0
      vertex -6.96124 -32.631 0
    endloop
  endfacet
  facet normal 0.321463 -0.946922 0
    outer loop
      vertex -6.96124 -32.631 0
      vertex -6.32645 -32.4155 6
      vertex -6.96124 -32.631 6
    endloop
  endfacet
  facet normal 0.321463 -0.946922 0
    outer loop
      vertex -6.32645 -32.4155 6
      vertex -6.96124 -32.631 0
      vertex -6.32645 -32.4155 0
    endloop
  endfacet
  facet normal 0.195112 -0.980781 0
    outer loop
      vertex -6.32645 -32.4155 0
      vertex -5.66895 -32.2847 6
      vertex -6.32645 -32.4155 6
    endloop
  endfacet
  facet normal 0.195112 -0.980781 0
    outer loop
      vertex -5.66895 -32.2847 6
      vertex -6.32645 -32.4155 0
      vertex -5.66895 -32.2847 0
    endloop
  endfacet
  facet normal 0.0653358 -0.997863 0
    outer loop
      vertex -5.66895 -32.2847 0
      vertex -5 -32.2409 6
      vertex -5.66895 -32.2847 6
    endloop
  endfacet
  facet normal 0.0653358 -0.997863 0
    outer loop
      vertex -5 -32.2409 6
      vertex -5.66895 -32.2847 0
      vertex -5 -32.2409 0
    endloop
  endfacet
  facet normal -0.0653358 -0.997863 0
    outer loop
      vertex -5 -32.2409 0
      vertex -4.33105 -32.2847 6
      vertex -5 -32.2409 6
    endloop
  endfacet
  facet normal -0.0653358 -0.997863 -0
    outer loop
      vertex -4.33105 -32.2847 6
      vertex -5 -32.2409 0
      vertex -4.33105 -32.2847 0
    endloop
  endfacet
  facet normal -0.195112 -0.980781 0
    outer loop
      vertex -4.33105 -32.2847 0
      vertex -3.67355 -32.4155 6
      vertex -4.33105 -32.2847 6
    endloop
  endfacet
  facet normal -0.195112 -0.980781 -0
    outer loop
      vertex -3.67355 -32.4155 6
      vertex -4.33105 -32.2847 0
      vertex -3.67355 -32.4155 0
    endloop
  endfacet
  facet normal -0.321463 -0.946922 0
    outer loop
      vertex -3.67355 -32.4155 0
      vertex -3.03876 -32.631 6
      vertex -3.67355 -32.4155 6
    endloop
  endfacet
  facet normal -0.321463 -0.946922 -0
    outer loop
      vertex -3.03876 -32.631 6
      vertex -3.67355 -32.4155 0
      vertex -3.03876 -32.631 0
    endloop
  endfacet
  facet normal -0.442278 -0.896878 0
    outer loop
      vertex -3.03876 -32.631 0
      vertex -2.4375 -32.9275 6
      vertex -3.03876 -32.631 6
    endloop
  endfacet
  facet normal -0.442278 -0.896878 -0
    outer loop
      vertex -2.4375 -32.9275 6
      vertex -3.03876 -32.631 0
      vertex -2.4375 -32.9275 0
    endloop
  endfacet
  facet normal -0.555636 -0.831426 0
    outer loop
      vertex -2.4375 -32.9275 0
      vertex -1.88011 -33.3 6
      vertex -2.4375 -32.9275 6
    endloop
  endfacet
  facet normal -0.555636 -0.831426 -0
    outer loop
      vertex -1.88011 -33.3 6
      vertex -2.4375 -32.9275 0
      vertex -1.88011 -33.3 0
    endloop
  endfacet
  facet normal -0.659327 -0.751856 0
    outer loop
      vertex -1.88011 -33.3 0
      vertex -1.37608 -33.742 6
      vertex -1.88011 -33.3 6
    endloop
  endfacet
  facet normal -0.659327 -0.751856 -0
    outer loop
      vertex -1.37608 -33.742 6
      vertex -1.88011 -33.3 0
      vertex -1.37608 -33.742 0
    endloop
  endfacet
  facet normal -0.751827 -0.65936 0
    outer loop
      vertex -0.934067 -34.246 0
      vertex -1.37608 -33.742 6
      vertex -1.37608 -33.742 0
    endloop
  endfacet
  facet normal -0.751827 -0.65936 0
    outer loop
      vertex -1.37608 -33.742 6
      vertex -0.934067 -34.246 0
      vertex -0.934067 -34.246 6
    endloop
  endfacet
  facet normal -0.831474 -0.555564 0
    outer loop
      vertex -0.56163 -34.8034 0
      vertex -0.934067 -34.246 6
      vertex -0.934067 -34.246 0
    endloop
  endfacet
  facet normal -0.831474 -0.555564 0
    outer loop
      vertex -0.934067 -34.246 6
      vertex -0.56163 -34.8034 0
      vertex -0.56163 -34.8034 6
    endloop
  endfacet
  facet normal -0.896855 -0.442325 0
    outer loop
      vertex -0.265121 -35.4046 0
      vertex -0.56163 -34.8034 6
      vertex -0.56163 -34.8034 0
    endloop
  endfacet
  facet normal -0.896855 -0.442325 0
    outer loop
      vertex -0.56163 -34.8034 6
      vertex -0.265121 -35.4046 0
      vertex -0.265121 -35.4046 6
    endloop
  endfacet
  facet normal -0.946946 -0.321392 0
    outer loop
      vertex -0.0496368 -36.0395 0
      vertex -0.265121 -35.4046 6
      vertex -0.265121 -35.4046 0
    endloop
  endfacet
  facet normal -0.946946 -0.321392 0
    outer loop
      vertex -0.265121 -35.4046 6
      vertex -0.0496368 -36.0395 0
      vertex -0.0496368 -36.0395 6
    endloop
  endfacet
  facet normal -0.980786 -0.195088 0
    outer loop
      vertex 0.0811462 -36.697 0
      vertex -0.0496368 -36.0395 6
      vertex -0.0496368 -36.0395 0
    endloop
  endfacet
  facet normal -0.980786 -0.195088 0
    outer loop
      vertex -0.0496368 -36.0395 6
      vertex 0.0811462 -36.697 0
      vertex 0.0811462 -36.697 6
    endloop
  endfacet
  facet normal -0.997858 -0.0654206 0
    outer loop
      vertex 0.125 -37.3659 0
      vertex 0.0811462 -36.697 6
      vertex 0.0811462 -36.697 0
    endloop
  endfacet
  facet normal -0.997858 -0.0654206 0
    outer loop
      vertex 0.0811462 -36.697 6
      vertex 0.125 -37.3659 0
      vertex 0.125 -37.3659 6
    endloop
  endfacet
  facet normal -0.997858 0.0654206 0
    outer loop
      vertex 0.0811462 -38.0348 0
      vertex 0.125 -37.3659 6
      vertex 0.125 -37.3659 0
    endloop
  endfacet
  facet normal -0.997858 0.0654206 0
    outer loop
      vertex 0.125 -37.3659 6
      vertex 0.0811462 -38.0348 0
      vertex 0.0811462 -38.0348 6
    endloop
  endfacet
  facet normal -0.980786 0.195088 0
    outer loop
      vertex -0.0496368 -38.6923 0
      vertex 0.0811462 -38.0348 6
      vertex 0.0811462 -38.0348 0
    endloop
  endfacet
  facet normal -0.980786 0.195088 0
    outer loop
      vertex 0.0811462 -38.0348 6
      vertex -0.0496368 -38.6923 0
      vertex -0.0496368 -38.6923 6
    endloop
  endfacet
  facet normal -0.946931 0.321438 0
    outer loop
      vertex -0.265121 -39.3271 0
      vertex -0.0496368 -38.6923 6
      vertex -0.0496368 -38.6923 0
    endloop
  endfacet
  facet normal -0.946931 0.321438 0
    outer loop
      vertex -0.0496368 -38.6923 6
      vertex -0.265121 -39.3271 0
      vertex -0.265121 -39.3271 6
    endloop
  endfacet
  facet normal -0.896884 0.442265 0
    outer loop
      vertex -0.56163 -39.9284 0
      vertex -0.265121 -39.3271 6
      vertex -0.265121 -39.3271 0
    endloop
  endfacet
  facet normal -0.896884 0.442265 0
    outer loop
      vertex -0.265121 -39.3271 6
      vertex -0.56163 -39.9284 0
      vertex -0.56163 -39.9284 6
    endloop
  endfacet
  facet normal -0.831474 0.555564 0
    outer loop
      vertex -0.934067 -40.4858 0
      vertex -0.56163 -39.9284 6
      vertex -0.56163 -39.9284 0
    endloop
  endfacet
  facet normal -0.831474 0.555564 0
    outer loop
      vertex -0.56163 -39.9284 6
      vertex -0.934067 -40.4858 0
      vertex -0.934067 -40.4858 6
    endloop
  endfacet
  facet normal -0.751827 0.65936 0
    outer loop
      vertex -1.37608 -40.9898 0
      vertex -0.934067 -40.4858 6
      vertex -0.934067 -40.4858 0
    endloop
  endfacet
  facet normal -0.751827 0.65936 0
    outer loop
      vertex -0.934067 -40.4858 6
      vertex -1.37608 -40.9898 0
      vertex -1.37608 -40.9898 6
    endloop
  endfacet
  facet normal -0.659327 0.751856 0
    outer loop
      vertex -1.37608 -40.9898 0
      vertex -1.88011 -41.4318 6
      vertex -1.37608 -40.9898 6
    endloop
  endfacet
  facet normal -0.659327 0.751856 0
    outer loop
      vertex -1.88011 -41.4318 6
      vertex -1.37608 -40.9898 0
      vertex -1.88011 -41.4318 0
    endloop
  endfacet
  facet normal -0.555636 0.831426 0
    outer loop
      vertex -1.88011 -41.4318 0
      vertex -2.4375 -41.8043 6
      vertex -1.88011 -41.4318 6
    endloop
  endfacet
  facet normal -0.555636 0.831426 0
    outer loop
      vertex -2.4375 -41.8043 6
      vertex -1.88011 -41.4318 0
      vertex -2.4375 -41.8043 0
    endloop
  endfacet
  facet normal -0.442278 0.896878 0
    outer loop
      vertex -2.4375 -41.8043 0
      vertex -3.03876 -42.1008 6
      vertex -2.4375 -41.8043 6
    endloop
  endfacet
  facet normal -0.442278 0.896878 0
    outer loop
      vertex -3.03876 -42.1008 6
      vertex -2.4375 -41.8043 0
      vertex -3.03876 -42.1008 0
    endloop
  endfacet
  facet normal -0.321463 0.946922 0
    outer loop
      vertex -3.03876 -42.1008 0
      vertex -3.67355 -42.3163 6
      vertex -3.03876 -42.1008 6
    endloop
  endfacet
  facet normal -0.321463 0.946922 0
    outer loop
      vertex -3.67355 -42.3163 6
      vertex -3.03876 -42.1008 0
      vertex -3.67355 -42.3163 0
    endloop
  endfacet
  facet normal -0.194969 0.98081 0
    outer loop
      vertex -3.67355 -42.3163 0
      vertex -4.33105 -42.447 6
      vertex -3.67355 -42.3163 6
    endloop
  endfacet
  facet normal -0.194969 0.98081 0
    outer loop
      vertex -4.33105 -42.447 6
      vertex -3.67355 -42.3163 0
      vertex -4.33105 -42.447 0
    endloop
  endfacet
  facet normal -0.0654844 0.997854 0
    outer loop
      vertex -4.33105 -42.447 0
      vertex -5 -42.4909 6
      vertex -4.33105 -42.447 6
    endloop
  endfacet
  facet normal -0.0654844 0.997854 0
    outer loop
      vertex -5 -42.4909 6
      vertex -4.33105 -42.447 0
      vertex -5 -42.4909 0
    endloop
  endfacet
  facet normal 0.0654844 0.997854 -0
    outer loop
      vertex -5 -42.4909 0
      vertex -5.66895 -42.447 6
      vertex -5 -42.4909 6
    endloop
  endfacet
  facet normal 0.0654844 0.997854 0
    outer loop
      vertex -5.66895 -42.447 6
      vertex -5 -42.4909 0
      vertex -5.66895 -42.447 0
    endloop
  endfacet
  facet normal 0 0 -1
    outer loop
      vertex 34.9504 -36.0395 0
      vertex 38 63.1869 0
      vertex 35.0811 -36.697 0
    endloop
  endfacet
  facet normal 0 0 -1
    outer loop
      vertex 38 63.1869 0
      vertex 35.0811 71.4288 0
      vertex 35.125 72.0977 0
    endloop
  endfacet
  facet normal 0 0 -1
    outer loop
      vertex 34.7349 -35.4046 0
      vertex 38 63.1869 0
      vertex 34.9504 -36.0395 0
    endloop
  endfacet
  facet normal 0 0 -1
    outer loop
      vertex 38 63.1869 0
      vertex 34.9504 70.7713 0
      vertex 35.0811 71.4288 0
    endloop
  endfacet
  facet normal 0 0 -1
    outer loop
      vertex 34.4384 -34.8034 0
      vertex 38 63.1869 0
      vertex 34.7349 -35.4046 0
    endloop
  endfacet
  facet normal 0 0 -1
    outer loop
      vertex 38 63.1869 0
      vertex 34.7349 70.1365 0
      vertex 34.9504 70.7713 0
    endloop
  endfacet
  facet normal 0 0 -1
    outer loop
      vertex 34.0659 -34.246 0
      vertex 38 63.1869 0
      vertex 34.4384 -34.8034 0
    endloop
  endfacet
  facet normal 0 0 -1
    outer loop
      vertex 38 63.1869 0
      vertex 34.4384 69.5352 0
      vertex 34.7349 70.1365 0
    endloop
  endfacet
  facet normal 0 0 -1
    outer loop
      vertex 33.6239 -33.742 0
      vertex 38 63.1869 0
      vertex 34.0659 -34.246 0
    endloop
  endfacet
  facet normal 0 0 -1
    outer loop
      vertex 38 63.1869 0
      vertex 34.0659 68.9778 0
      vertex 34.4384 69.5352 0
    endloop
  endfacet
  facet normal 0 0 -1
    outer loop
      vertex 33.1199 -33.3 0
      vertex 38 63.1869 0
      vertex 33.6239 -33.742 0
    endloop
  endfacet
  facet normal 0 0 -1
    outer loop
      vertex 38 63.1869 0
      vertex 33.6239 68.4738 0
      vertex 34.0659 68.9778 0
    endloop
  endfacet
  facet normal 0 0 -1
    outer loop
      vertex 32.5625 -32.9275 0
      vertex 38 63.1869 0
      vertex 33.1199 -33.3 0
    endloop
  endfacet
  facet normal 0 0 -1
    outer loop
      vertex 38 63.1869 0
      vertex 33.1199 68.0318 0
      vertex 33.6239 68.4738 0
    endloop
  endfacet
  facet normal 0 0 -1
    outer loop
      vertex 31.9612 -32.631 0
      vertex 38 63.1869 0
      vertex 32.5625 -32.9275 0
    endloop
  endfacet
  facet normal 0 0 -1
    outer loop
      vertex 38 63.1869 0
      vertex 32.5625 67.6593 0
      vertex 33.1199 68.0318 0
    endloop
  endfacet
  facet normal 0 0 -1
    outer loop
      vertex 31.3264 -32.4155 0
      vertex 38 63.1869 0
      vertex 31.9612 -32.631 0
    endloop
  endfacet
  facet normal 0 0 -1
    outer loop
      vertex 38 63.1869 0
      vertex 31.9612 67.3628 0
      vertex 32.5625 67.6593 0
    endloop
  endfacet
  facet normal 0 0 -1
    outer loop
      vertex 30.6689 -32.2847 0
      vertex 38 63.1869 0
      vertex 31.3264 -32.4155 0
    endloop
  endfacet
  facet normal 0 0 -1
    outer loop
      vertex 38 63.1869 0
      vertex 31.3264 67.1474 0
      vertex 31.9612 67.3628 0
    endloop
  endfacet
  facet normal 0 0 -1
    outer loop
      vertex 30 -32.2409 0
      vertex 38 63.1869 0
      vertex 30.6689 -32.2847 0
    endloop
  endfacet
  facet normal 0 -0 -1
    outer loop
      vertex 30 66.9727 0
      vertex 38 63.1869 0
      vertex 22 63.1869 0
    endloop
  endfacet
  facet normal -0 0 -1
    outer loop
      vertex 38 63.1869 0
      vertex 30 -32.2409 0
      vertex 22 63.1869 0
    endloop
  endfacet
  facet normal 0 0 -1
    outer loop
      vertex 38 63.1869 0
      vertex 30.6689 67.0166 0
      vertex 31.3264 67.1474 0
    endloop
  endfacet
  facet normal 0 0 -1
    outer loop
      vertex 22 63.1869 0
      vertex 30 -32.2409 0
      vertex 29.3311 -32.2847 0
    endloop
  endfacet
  facet normal 0 0 -1
    outer loop
      vertex 38 63.1869 0
      vertex 30 66.9727 0
      vertex 30.6689 67.0166 0
    endloop
  endfacet
  facet normal 0 0 -1
    outer loop
      vertex 22 63.1869 0
      vertex 29.3311 -32.2847 0
      vertex 28.6736 -32.4155 0
    endloop
  endfacet
  facet normal -0 0 -1
    outer loop
      vertex 30 66.9727 0
      vertex 22 63.1869 0
      vertex 29.3311 67.0166 0
    endloop
  endfacet
  facet normal 0 0 -1
    outer loop
      vertex 22 63.1869 0
      vertex 28.6736 -32.4155 0
      vertex 28.0388 -32.631 0
    endloop
  endfacet
  facet normal -0 0 -1
    outer loop
      vertex 29.3311 67.0166 0
      vertex 22 63.1869 0
      vertex 28.6736 67.1474 0
    endloop
  endfacet
  facet normal 0 0 -1
    outer loop
      vertex 22 63.1869 0
      vertex 28.0388 -32.631 0
      vertex 27.4375 -32.9275 0
    endloop
  endfacet
  facet normal -0 0 -1
    outer loop
      vertex 28.6736 67.1474 0
      vertex 22 63.1869 0
      vertex 28.0388 67.3628 0
    endloop
  endfacet
  facet normal 0 0 -1
    outer loop
      vertex 22 63.1869 0
      vertex 27.4375 -32.9275 0
      vertex 26.8801 -33.3 0
    endloop
  endfacet
  facet normal -0 0 -1
    outer loop
      vertex 28.0388 67.3628 0
      vertex 22 63.1869 0
      vertex 27.4375 67.6593 0
    endloop
  endfacet
  facet normal 0 0 -1
    outer loop
      vertex 22 63.1869 0
      vertex 26.8801 -33.3 0
      vertex 26.3761 -33.742 0
    endloop
  endfacet
  facet normal -0 0 -1
    outer loop
      vertex 27.4375 67.6593 0
      vertex 22 63.1869 0
      vertex 26.8801 68.0318 0
    endloop
  endfacet
  facet normal 0 0 -1
    outer loop
      vertex 22 63.1869 0
      vertex 26.3761 -33.742 0
      vertex 25.9341 -34.246 0
    endloop
  endfacet
  facet normal -0 0 -1
    outer loop
      vertex 26.8801 68.0318 0
      vertex 22 63.1869 0
      vertex 26.3761 68.4738 0
    endloop
  endfacet
  facet normal 0 0 -1
    outer loop
      vertex 22 63.1869 0
      vertex 25.9341 -34.246 0
      vertex 25.5616 -34.8034 0
    endloop
  endfacet
  facet normal 0 0 -1
    outer loop
      vertex 21.5147 63.6124 0
      vertex 26.3761 68.4738 0
      vertex 22 63.1869 0
    endloop
  endfacet
  facet normal 0 0 -1
    outer loop
      vertex 22 63.1869 0
      vertex 25.5616 -34.8034 0
      vertex 25.2651 -35.4046 0
    endloop
  endfacet
  facet normal -0 0 -1
    outer loop
      vertex 26.3761 68.4738 0
      vertex 21.5147 63.6124 0
      vertex 25.9341 68.9778 0
    endloop
  endfacet
  facet normal 0 0 -1
    outer loop
      vertex 22 63.1869 0
      vertex 25.2651 -35.4046 0
      vertex 25.0496 -36.0395 0
    endloop
  endfacet
  facet normal 0 0 -1
    outer loop
      vertex 20.4798 64.7926 0
      vertex 25.9341 68.9778 0
      vertex 21.5147 63.6124 0
    endloop
  endfacet
  facet normal 0 0 -1
    outer loop
      vertex 22 63.1869 0
      vertex 25.0496 -36.0395 0
      vertex 24.9189 -36.697 0
    endloop
  endfacet
  facet normal -0 0 -1
    outer loop
      vertex 25.9341 68.9778 0
      vertex 20.4798 64.7926 0
      vertex 25.5616 69.5352 0
    endloop
  endfacet
  facet normal 0 0 -1
    outer loop
      vertex 22 63.1869 0
      vertex 24.9189 -36.697 0
      vertex 24.875 -37.3659 0
    endloop
  endfacet
  facet normal 0 0 -1
    outer loop
      vertex 19.6077 66.0977 0
      vertex 25.5616 69.5352 0
      vertex 20.4798 64.7926 0
    endloop
  endfacet
  facet normal 0 0 -1
    outer loop
      vertex 38 -77.4838 0
      vertex 47.8848 -83.5876 0
      vertex 48.0882 -84.0443 0
    endloop
  endfacet
  facet normal 0 0 -1
    outer loop
      vertex 47.8848 -83.5876 0
      vertex 38 -77.4838 0
      vertex 45.272 -77.7217 0
    endloop
  endfacet
  facet normal 0 -0 -1
    outer loop
      vertex 41.3524 -76.0981 0
      vertex 45.272 -77.7217 0
      vertex 38 -77.4838 0
    endloop
  endfacet
  facet normal 0 0 -1
    outer loop
      vertex 45.272 -77.7217 0
      vertex 41.3524 -76.0981 0
      vertex 45.0985 -77.3697 0
    endloop
  endfacet
  facet normal 0 0 -1
    outer loop
      vertex 45.0985 -77.3697 0
      vertex 41.3524 -76.0981 0
      vertex 44.8805 -77.0434 0
    endloop
  endfacet
  facet normal 0 0 -1
    outer loop
      vertex 44.6217 -76.7484 0
      vertex 41.3524 -76.0981 0
      vertex 44.3267 -76.4897 0
    endloop
  endfacet
  facet normal 0 0 -1
    outer loop
      vertex 44.3267 -76.4897 0
      vertex 41.3524 -76.0981 0
      vertex 44.0004 -76.2717 0
    endloop
  endfacet
  facet normal 0 0 -1
    outer loop
      vertex 44.0004 -76.2717 0
      vertex 41.3524 -76.0981 0
      vertex 43.6485 -76.0981 0
    endloop
  endfacet
  facet normal 0 0 -1
    outer loop
      vertex 43.6485 -76.0981 0
      vertex 41.3524 -76.0981 0
      vertex 43.2769 -75.9719 0
    endloop
  endfacet
  facet normal -0 0 -1
    outer loop
      vertex 43.2769 -75.9719 0
      vertex 41.3524 -76.0981 0
      vertex 42.892 -75.8954 0
    endloop
  endfacet
  facet normal -0 0 -1
    outer loop
      vertex 42.892 -75.8954 0
      vertex 41.3524 -76.0981 0
      vertex 42.5004 -75.8697 0
    endloop
  endfacet
  facet normal 0 0 -1
    outer loop
      vertex 42.5004 -75.8697 0
      vertex 41.3524 -76.0981 0
      vertex 42.1088 -75.8954 0
    endloop
  endfacet
  facet normal 0 0 -1
    outer loop
      vertex 42.1088 -75.8954 0
      vertex 41.3524 -76.0981 0
      vertex 41.7239 -75.9719 0
    endloop
  endfacet
  facet normal 0 0 -1
    outer loop
      vertex 44.8805 -77.0434 0
      vertex 41.3524 -76.0981 0
      vertex 44.6217 -76.7484 0
    endloop
  endfacet
  facet normal 0 0 -1
    outer loop
      vertex 35.125 -37.3659 0
      vertex 38 63.1869 0
      vertex 38 -77.4838 0
    endloop
  endfacet
  facet normal 0 0 -1
    outer loop
      vertex 35.0811 -36.697 0
      vertex 38 63.1869 0
      vertex 35.125 -37.3659 0
    endloop
  endfacet
  facet normal 0 0 -1
    outer loop
      vertex 38 63.1869 0
      vertex 35.125 72.0977 0
      vertex 37.3051 81.618 0
    endloop
  endfacet
  facet normal 0 0 -1
    outer loop
      vertex 38 -77.4838 0
      vertex 35.0811 -38.0348 0
      vertex 35.125 -37.3659 0
    endloop
  endfacet
  facet normal 0 0 -1
    outer loop
      vertex 38 -77.4838 0
      vertex 34.9504 -38.6923 0
      vertex 35.0811 -38.0348 0
    endloop
  endfacet
  facet normal 0 0 -1
    outer loop
      vertex 38 -77.4838 0
      vertex 34.7349 -39.3271 0
      vertex 34.9504 -38.6923 0
    endloop
  endfacet
  facet normal 0 0 -1
    outer loop
      vertex 38 -77.4838 0
      vertex 34.4384 -39.9284 0
      vertex 34.7349 -39.3271 0
    endloop
  endfacet
  facet normal 0 0 -1
    outer loop
      vertex 38 -77.4838 0
      vertex 34.0659 -40.4858 0
      vertex 34.4384 -39.9284 0
    endloop
  endfacet
  facet normal 0 0 -1
    outer loop
      vertex 38 -77.4838 0
      vertex 33.6239 -40.9898 0
      vertex 34.0659 -40.4858 0
    endloop
  endfacet
  facet normal 0 0 -1
    outer loop
      vertex 38 -77.4838 0
      vertex 33.1199 -41.4318 0
      vertex 33.6239 -40.9898 0
    endloop
  endfacet
  facet normal 0 0 -1
    outer loop
      vertex 38 -77.4838 0
      vertex 32.5625 -41.8043 0
      vertex 33.1199 -41.4318 0
    endloop
  endfacet
  facet normal 0 0 -1
    outer loop
      vertex 38 -77.4838 0
      vertex 31.9612 -42.1008 0
      vertex 32.5625 -41.8043 0
    endloop
  endfacet
  facet normal 0 0 -1
    outer loop
      vertex 38 -77.4838 0
      vertex 31.3264 -42.3163 0
      vertex 31.9612 -42.1008 0
    endloop
  endfacet
  facet normal 0 0 -1
    outer loop
      vertex 38 -77.4838 0
      vertex 30.6689 -42.447 0
      vertex 31.3264 -42.3163 0
    endloop
  endfacet
  facet normal 0 0 -1
    outer loop
      vertex 38 -77.4838 0
      vertex 30 -42.4909 0
      vertex 30.6689 -42.447 0
    endloop
  endfacet
  facet normal 0 0 -1
    outer loop
      vertex 38 -77.4838 0
      vertex 29.3311 -42.447 0
      vertex 30 -42.4909 0
    endloop
  endfacet
  facet normal 0 0 -1
    outer loop
      vertex 38 -77.4838 0
      vertex 28.6736 -42.3163 0
      vertex 29.3311 -42.447 0
    endloop
  endfacet
  facet normal 0 0 -1
    outer loop
      vertex 22 -84.0977 0
      vertex 28.6736 -42.3163 0
      vertex 38 -77.4838 0
    endloop
  endfacet
  facet normal -0 0 -1
    outer loop
      vertex 28.6736 -42.3163 0
      vertex 22 -84.0977 0
      vertex 28.0388 -42.1008 0
    endloop
  endfacet
  facet normal -0 0 -1
    outer loop
      vertex 28.0388 -42.1008 0
      vertex 22 -84.0977 0
      vertex 27.4375 -41.8043 0
    endloop
  endfacet
  facet normal -0 0 -1
    outer loop
      vertex 27.4375 -41.8043 0
      vertex 22 -84.0977 0
      vertex 26.8801 -41.4318 0
    endloop
  endfacet
  facet normal -0 0 -1
    outer loop
      vertex 26.8801 -41.4318 0
      vertex 22 -84.0977 0
      vertex 26.3761 -40.9898 0
    endloop
  endfacet
  facet normal -0 0 -1
    outer loop
      vertex 26.3761 -40.9898 0
      vertex 22 -84.0977 0
      vertex 25.9341 -40.4858 0
    endloop
  endfacet
  facet normal -0 0 -1
    outer loop
      vertex 25.9341 -40.4858 0
      vertex 22 -84.0977 0
      vertex 25.5616 -39.9284 0
    endloop
  endfacet
  facet normal -0 0 -1
    outer loop
      vertex 25.5616 -39.9284 0
      vertex 22 -84.0977 0
      vertex 25.2651 -39.3271 0
    endloop
  endfacet
  facet normal -0 0 -1
    outer loop
      vertex 25.5616 69.5352 0
      vertex 19.6077 66.0977 0
      vertex 25.2651 70.1365 0
    endloop
  endfacet
  facet normal 0 0 -1
    outer loop
      vertex 18.9135 67.5055 0
      vertex 25.2651 70.1365 0
      vertex 19.6077 66.0977 0
    endloop
  endfacet
  facet normal 0 0 -1
    outer loop
      vertex 22 63.1869 0
      vertex 24.875 -37.3659 0
      vertex 22 -84.0977 0
    endloop
  endfacet
  facet normal -0 0 -1
    outer loop
      vertex 24.9189 -38.0348 0
      vertex 22 -84.0977 0
      vertex 24.875 -37.3659 0
    endloop
  endfacet
  facet normal -0 0 -1
    outer loop
      vertex 25.0496 -38.6923 0
      vertex 22 -84.0977 0
      vertex 24.9189 -38.0348 0
    endloop
  endfacet
  facet normal -0 0 -1
    outer loop
      vertex 25.2651 -39.3271 0
      vertex 22 -84.0977 0
      vertex 25.0496 -38.6923 0
    endloop
  endfacet
  facet normal -0 0 -1
    outer loop
      vertex 48.0882 -84.0443 0
      vertex 22 -84.0977 0
      vertex 38 -77.4838 0
    endloop
  endfacet
  facet normal 0 0 -1
    outer loop
      vertex 15.2006 -98.6868 0
      vertex 22 -84.0977 0
      vertex 48.0882 -84.0443 0
    endloop
  endfacet
  facet normal 0 0 -1
    outer loop
      vertex 14.9972 -98.2301 0
      vertex 22 -84.0977 0
      vertex 15.2006 -98.6868 0
    endloop
  endfacet
  facet normal 0 0 -1
    outer loop
      vertex 14.9972 -98.2301 0
      vertex 13.5941 -88.4737 0
      vertex 22 -84.0977 0
    endloop
  endfacet
  facet normal 0 0 -1
    outer loop
      vertex 12.3224 -92.2199 0
      vertex 13.5941 -88.4737 0
      vertex 14.9972 -98.2301 0
    endloop
  endfacet
  facet normal 0 0 -1
    outer loop
      vertex 13.5941 -88.4737 0
      vertex 12.3224 -92.2199 0
      vertex 13.2678 -88.6918 0
    endloop
  endfacet
  facet normal 0 0 -1
    outer loop
      vertex 13.2678 -88.6918 0
      vertex 12.3224 -92.2199 0
      vertex 12.9727 -88.9505 0
    endloop
  endfacet
  facet normal 0 0 -1
    outer loop
      vertex 12.9727 -88.9505 0
      vertex 12.3224 -92.2199 0
      vertex 12.714 -89.2455 0
    endloop
  endfacet
  facet normal 0 0 -1
    outer loop
      vertex 12.714 -89.2455 0
      vertex 12.3224 -92.2199 0
      vertex 12.496 -89.5718 0
    endloop
  endfacet
  facet normal 0 0 -1
    outer loop
      vertex 12.3224 -92.2199 0
      vertex 12.3224 -89.9238 0
      vertex 12.496 -89.5718 0
    endloop
  endfacet
  facet normal 0 0 -1
    outer loop
      vertex 12.1963 -91.8483 0
      vertex 12.3224 -89.9238 0
      vertex 12.3224 -92.2199 0
    endloop
  endfacet
  facet normal 0 0 -1
    outer loop
      vertex 12.1963 -91.8483 0
      vertex 12.1963 -90.2954 0
      vertex 12.3224 -89.9238 0
    endloop
  endfacet
  facet normal 0 0 -1
    outer loop
      vertex 12.1197 -91.4634 0
      vertex 12.1963 -90.2954 0
      vertex 12.1963 -91.8483 0
    endloop
  endfacet
  facet normal 0 0 -1
    outer loop
      vertex 12.1197 -91.4634 0
      vertex 12.1197 -90.6802 0
      vertex 12.1963 -90.2954 0
    endloop
  endfacet
  facet normal 0 -0 -1
    outer loop
      vertex 12.1197 -90.6802 0
      vertex 12.1197 -91.4634 0
      vertex 12.0941 -91.0718 0
    endloop
  endfacet
  facet normal 0 0 -1
    outer loop
      vertex 41.8973 70.5314 0
      vertex 41.8973 73.664 0
      vertex 42 72.0977 0
    endloop
  endfacet
  facet normal 0 0 -1
    outer loop
      vertex 41.5911 68.9919 0
      vertex 41.8973 73.664 0
      vertex 41.8973 70.5314 0
    endloop
  endfacet
  facet normal 0 0 -1
    outer loop
      vertex 41.5911 68.9919 0
      vertex 41.5911 75.2035 0
      vertex 41.8973 73.664 0
    endloop
  endfacet
  facet normal 0 0 -1
    outer loop
      vertex 41.0865 67.5055 0
      vertex 41.5911 75.2035 0
      vertex 41.5911 68.9919 0
    endloop
  endfacet
  facet normal 0 0 -1
    outer loop
      vertex 41.0865 67.5055 0
      vertex 41.0865 76.6899 0
      vertex 41.5911 75.2035 0
    endloop
  endfacet
  facet normal 0 0 -1
    outer loop
      vertex 40.3923 66.0977 0
      vertex 41.0865 76.6899 0
      vertex 41.0865 67.5055 0
    endloop
  endfacet
  facet normal 0 0 -1
    outer loop
      vertex 40.3923 66.0977 0
      vertex 40.3923 78.0977 0
      vertex 41.0865 76.6899 0
    endloop
  endfacet
  facet normal 0 0 -1
    outer loop
      vertex 39.5202 64.7926 0
      vertex 40.3923 78.0977 0
      vertex 40.3923 66.0977 0
    endloop
  endfacet
  facet normal 0 0 -1
    outer loop
      vertex 38 63.1869 0
      vertex 40.3923 78.0977 0
      vertex 39.5202 64.7926 0
    endloop
  endfacet
  facet normal 0 0 -1
    outer loop
      vertex 38 63.1869 0
      vertex 39.5202 64.7926 0
      vertex 38.4853 63.6124 0
    endloop
  endfacet
  facet normal -0 0 -1
    outer loop
      vertex 40.3923 78.0977 0
      vertex 38 63.1869 0
      vertex 39.5202 79.4028 0
    endloop
  endfacet
  facet normal -0 0 -1
    outer loop
      vertex 39.5202 79.4028 0
      vertex 38 63.1869 0
      vertex 38.4853 80.583 0
    endloop
  endfacet
  facet normal -0 0 -1
    outer loop
      vertex 38.4853 80.583 0
      vertex 38 63.1869 0
      vertex 37.3051 81.618 0
    endloop
  endfacet
  facet normal 0 0 -1
    outer loop
      vertex 35.0811 72.7667 0
      vertex 37.3051 81.618 0
      vertex 35.125 72.0977 0
    endloop
  endfacet
  facet normal 0 0 -1
    outer loop
      vertex 34.9504 73.4242 0
      vertex 37.3051 81.618 0
      vertex 35.0811 72.7667 0
    endloop
  endfacet
  facet normal 0 0 -1
    outer loop
      vertex 34.7349 74.059 0
      vertex 37.3051 81.618 0
      vertex 34.9504 73.4242 0
    endloop
  endfacet
  facet normal 0 0 -1
    outer loop
      vertex 34.4384 74.6602 0
      vertex 37.3051 81.618 0
      vertex 34.7349 74.059 0
    endloop
  endfacet
  facet normal 0 0 -1
    outer loop
      vertex 34.0659 75.2176 0
      vertex 37.3051 81.618 0
      vertex 34.4384 74.6602 0
    endloop
  endfacet
  facet normal 0 0 -1
    outer loop
      vertex 33.6239 75.7216 0
      vertex 37.3051 81.618 0
      vertex 34.0659 75.2176 0
    endloop
  endfacet
  facet normal 0 0 -1
    outer loop
      vertex 33.1199 76.1637 0
      vertex 37.3051 81.618 0
      vertex 33.6239 75.7216 0
    endloop
  endfacet
  facet normal -0 0 -1
    outer loop
      vertex 37.3051 81.618 0
      vertex 33.1199 76.1637 0
      vertex 36 82.49 0
    endloop
  endfacet
  facet normal 0 0 -1
    outer loop
      vertex 32.5625 76.5361 0
      vertex 36 82.49 0
      vertex 33.1199 76.1637 0
    endloop
  endfacet
  facet normal -0 0 -1
    outer loop
      vertex 36 82.49 0
      vertex 32.5625 76.5361 0
      vertex 34.5922 83.1843 0
    endloop
  endfacet
  facet normal 0 0 -1
    outer loop
      vertex 31.9612 76.8326 0
      vertex 34.5922 83.1843 0
      vertex 32.5625 76.5361 0
    endloop
  endfacet
  facet normal -0 0 -1
    outer loop
      vertex 34.5922 83.1843 0
      vertex 31.9612 76.8326 0
      vertex 33.1058 83.6888 0
    endloop
  endfacet
  facet normal 0 0 -1
    outer loop
      vertex 31.3264 77.0481 0
      vertex 33.1058 83.6888 0
      vertex 31.9612 76.8326 0
    endloop
  endfacet
  facet normal -0 0 -1
    outer loop
      vertex 33.1058 83.6888 0
      vertex 31.3264 77.0481 0
      vertex 31.5663 83.995 0
    endloop
  endfacet
  facet normal 0 0 -1
    outer loop
      vertex 30.6689 77.1789 0
      vertex 31.5663 83.995 0
      vertex 31.3264 77.0481 0
    endloop
  endfacet
  facet normal 0 0 -1
    outer loop
      vertex 30 77.2227 0
      vertex 31.5663 83.995 0
      vertex 30.6689 77.1789 0
    endloop
  endfacet
  facet normal 0 0 -1
    outer loop
      vertex 30 77.2227 0
      vertex 30 84.0977 0
      vertex 31.5663 83.995 0
    endloop
  endfacet
  facet normal 0 0 -1
    outer loop
      vertex 29.3311 77.1789 0
      vertex 30 84.0977 0
      vertex 30 77.2227 0
    endloop
  endfacet
  facet normal 0 0 -1
    outer loop
      vertex 28.4337 83.995 0
      vertex 29.3311 77.1789 0
      vertex 28.6736 77.0481 0
    endloop
  endfacet
  facet normal 0 0 -1
    outer loop
      vertex 29.3311 77.1789 0
      vertex 28.4337 83.995 0
      vertex 30 84.0977 0
    endloop
  endfacet
  facet normal 0 0 -1
    outer loop
      vertex 26.8942 83.6888 0
      vertex 28.6736 77.0481 0
      vertex 28.0388 76.8326 0
    endloop
  endfacet
  facet normal 0 0 -1
    outer loop
      vertex 25.4078 83.1843 0
      vertex 28.0388 76.8326 0
      vertex 27.4375 76.5361 0
    endloop
  endfacet
  facet normal 0 0 -1
    outer loop
      vertex 28.6736 77.0481 0
      vertex 26.8942 83.6888 0
      vertex 28.4337 83.995 0
    endloop
  endfacet
  facet normal 0 0 -1
    outer loop
      vertex 24 82.49 0
      vertex 27.4375 76.5361 0
      vertex 26.8801 76.1637 0
    endloop
  endfacet
  facet normal 0 0 -1
    outer loop
      vertex 24 82.49 0
      vertex 26.8801 76.1637 0
      vertex 26.3761 75.7216 0
    endloop
  endfacet
  facet normal 0 0 -1
    outer loop
      vertex 24 82.49 0
      vertex 26.3761 75.7216 0
      vertex 25.9341 75.2176 0
    endloop
  endfacet
  facet normal 0 0 -1
    outer loop
      vertex 24 82.49 0
      vertex 25.9341 75.2176 0
      vertex 25.5616 74.6602 0
    endloop
  endfacet
  facet normal 0 0 -1
    outer loop
      vertex 28.0388 76.8326 0
      vertex 25.4078 83.1843 0
      vertex 26.8942 83.6888 0
    endloop
  endfacet
  facet normal 0 0 -1
    outer loop
      vertex 24 82.49 0
      vertex 25.5616 74.6602 0
      vertex 25.2651 74.059 0
    endloop
  endfacet
  facet normal 0 0 -1
    outer loop
      vertex 24 82.49 0
      vertex 25.2651 74.059 0
      vertex 25.0496 73.4242 0
    endloop
  endfacet
  facet normal 0 0 -1
    outer loop
      vertex 24 82.49 0
      vertex 25.0496 73.4242 0
      vertex 24.9189 72.7667 0
    endloop
  endfacet
  facet normal 0 0 -1
    outer loop
      vertex 24 82.49 0
      vertex 24.9189 72.7667 0
      vertex 24.875 72.0977 0
    endloop
  endfacet
  facet normal 0 0 -1
    outer loop
      vertex 27.4375 76.5361 0
      vertex 24 82.49 0
      vertex 25.4078 83.1843 0
    endloop
  endfacet
  facet normal 0 0 -1
    outer loop
      vertex 24.875 72.0977 0
      vertex 22.6949 81.618 0
      vertex 24 82.49 0
    endloop
  endfacet
  facet normal -0 0 -1
    outer loop
      vertex 25.2651 70.1365 0
      vertex 18.9135 67.5055 0
      vertex 25.0496 70.7713 0
    endloop
  endfacet
  facet normal 0 0 -1
    outer loop
      vertex 24.875 72.0977 0
      vertex 21.5147 80.583 0
      vertex 22.6949 81.618 0
    endloop
  endfacet
  facet normal 0 0 -1
    outer loop
      vertex 18.4089 68.9919 0
      vertex 25.0496 70.7713 0
      vertex 18.9135 67.5055 0
    endloop
  endfacet
  facet normal 0 0 -1
    outer loop
      vertex 24.875 72.0977 0
      vertex 20.4798 79.4028 0
      vertex 21.5147 80.583 0
    endloop
  endfacet
  facet normal -0 0 -1
    outer loop
      vertex 25.0496 70.7713 0
      vertex 18.4089 68.9919 0
      vertex 24.9189 71.4288 0
    endloop
  endfacet
  facet normal 0 0 -1
    outer loop
      vertex 24.875 72.0977 0
      vertex 19.6077 78.0977 0
      vertex 20.4798 79.4028 0
    endloop
  endfacet
  facet normal 0 0 -1
    outer loop
      vertex 18.1027 70.5314 0
      vertex 24.9189 71.4288 0
      vertex 18.4089 68.9919 0
    endloop
  endfacet
  facet normal 0 0 -1
    outer loop
      vertex 24.875 72.0977 0
      vertex 18.9135 76.6899 0
      vertex 19.6077 78.0977 0
    endloop
  endfacet
  facet normal -0 0 -1
    outer loop
      vertex 24.9189 71.4288 0
      vertex 18.1027 70.5314 0
      vertex 24.875 72.0977 0
    endloop
  endfacet
  facet normal 0 0 -1
    outer loop
      vertex 24.875 72.0977 0
      vertex 18.4089 75.2035 0
      vertex 18.9135 76.6899 0
    endloop
  endfacet
  facet normal 0 0 -1
    outer loop
      vertex 18 72.0977 0
      vertex 24.875 72.0977 0
      vertex 18.1027 70.5314 0
    endloop
  endfacet
  facet normal 0 0 -1
    outer loop
      vertex 24.875 72.0977 0
      vertex 18.1027 73.664 0
      vertex 18.4089 75.2035 0
    endloop
  endfacet
  facet normal 0 0 -1
    outer loop
      vertex 24.875 72.0977 0
      vertex 18 72.0977 0
      vertex 18.1027 73.664 0
    endloop
  endfacet
  facet normal 0 0 1
    outer loop
      vertex 35.125 72.0977 6
      vertex 42 72.0977 6
      vertex 41.8973 73.664 6
    endloop
  endfacet
  facet normal 0 0 1
    outer loop
      vertex 35.125 72.0977 6
      vertex 41.8973 73.664 6
      vertex 41.5911 75.2035 6
    endloop
  endfacet
  facet normal 0 0 1
    outer loop
      vertex 42 72.0977 6
      vertex 35.125 72.0977 6
      vertex 41.8973 70.5314 6
    endloop
  endfacet
  facet normal 0 0 1
    outer loop
      vertex 35.125 72.0977 6
      vertex 41.5911 75.2035 6
      vertex 41.0865 76.6899 6
    endloop
  endfacet
  facet normal -0 0 1
    outer loop
      vertex 35.0811 71.4288 6
      vertex 41.8973 70.5314 6
      vertex 35.125 72.0977 6
    endloop
  endfacet
  facet normal 0 0 1
    outer loop
      vertex 35.125 72.0977 6
      vertex 41.0865 76.6899 6
      vertex 40.3923 78.0977 6
    endloop
  endfacet
  facet normal 0 0 1
    outer loop
      vertex 41.8973 70.5314 6
      vertex 35.0811 71.4288 6
      vertex 41.5911 68.9919 6
    endloop
  endfacet
  facet normal 0 0 1
    outer loop
      vertex 35.125 72.0977 6
      vertex 40.3923 78.0977 6
      vertex 39.5202 79.4028 6
    endloop
  endfacet
  facet normal -0 0 1
    outer loop
      vertex 34.9504 70.7713 6
      vertex 41.5911 68.9919 6
      vertex 35.0811 71.4288 6
    endloop
  endfacet
  facet normal 0 0 1
    outer loop
      vertex 35.125 72.0977 6
      vertex 39.5202 79.4028 6
      vertex 38.4853 80.583 6
    endloop
  endfacet
  facet normal 0 0 1
    outer loop
      vertex 41.5911 68.9919 6
      vertex 34.9504 70.7713 6
      vertex 41.0865 67.5055 6
    endloop
  endfacet
  facet normal -0 0 1
    outer loop
      vertex 34.7349 70.1365 6
      vertex 41.0865 67.5055 6
      vertex 34.9504 70.7713 6
    endloop
  endfacet
  facet normal 0 0 1
    outer loop
      vertex 41.0865 67.5055 6
      vertex 34.7349 70.1365 6
      vertex 40.3923 66.0977 6
    endloop
  endfacet
  facet normal 0 0 1
    outer loop
      vertex 35.125 72.0977 6
      vertex 38.4853 80.583 6
      vertex 37.3051 81.618 6
    endloop
  endfacet
  facet normal 0 0 1
    outer loop
      vertex 38 -77.4838 6
      vertex 47.8848 -83.5876 6
      vertex 45.272 -77.7217 6
    endloop
  endfacet
  facet normal 0 0 1
    outer loop
      vertex 41.3524 -76.0981 6
      vertex 45.272 -77.7217 6
      vertex 45.0985 -77.3697 6
    endloop
  endfacet
  facet normal 0 0 1
    outer loop
      vertex 41.3524 -76.0981 6
      vertex 45.0985 -77.3697 6
      vertex 44.8805 -77.0434 6
    endloop
  endfacet
  facet normal 0 0 1
    outer loop
      vertex 41.3524 -76.0981 6
      vertex 44.8805 -77.0434 6
      vertex 44.6217 -76.7484 6
    endloop
  endfacet
  facet normal 0 0 1
    outer loop
      vertex 41.3524 -76.0981 6
      vertex 44.6217 -76.7484 6
      vertex 44.3267 -76.4897 6
    endloop
  endfacet
  facet normal 0 0 1
    outer loop
      vertex 41.3524 -76.0981 6
      vertex 44.3267 -76.4897 6
      vertex 44.0004 -76.2717 6
    endloop
  endfacet
  facet normal -0 0 1
    outer loop
      vertex 41.3524 -76.0981 6
      vertex 44.0004 -76.2717 6
      vertex 43.6485 -76.0981 6
    endloop
  endfacet
  facet normal 0 0 1
    outer loop
      vertex 41.3524 -76.0981 6
      vertex 43.6485 -76.0981 6
      vertex 43.2769 -75.9719 6
    endloop
  endfacet
  facet normal 0 0 1
    outer loop
      vertex 41.3524 -76.0981 6
      vertex 43.2769 -75.9719 6
      vertex 42.892 -75.8954 6
    endloop
  endfacet
  facet normal 0 0 1
    outer loop
      vertex 41.3524 -76.0981 6
      vertex 42.892 -75.8954 6
      vertex 42.5004 -75.8697 6
    endloop
  endfacet
  facet normal 0 0 1
    outer loop
      vertex 41.3524 -76.0981 6
      vertex 42.5004 -75.8697 6
      vertex 42.1088 -75.8954 6
    endloop
  endfacet
  facet normal 0 0 1
    outer loop
      vertex 41.3524 -76.0981 6
      vertex 42.1088 -75.8954 6
      vertex 41.7239 -75.9719 6
    endloop
  endfacet
  facet normal 0 0 1
    outer loop
      vertex 45.272 -77.7217 6
      vertex 41.3524 -76.0981 6
      vertex 38 -77.4838 6
    endloop
  endfacet
  facet normal 0 0 1
    outer loop
      vertex 47.8848 -83.5876 6
      vertex 38 -77.4838 6
      vertex 48.0882 -84.0443 6
    endloop
  endfacet
  facet normal 0 0 1
    outer loop
      vertex 33.1199 76.1637 6
      vertex 37.3051 81.618 6
      vertex 36 82.49 6
    endloop
  endfacet
  facet normal -0 0 1
    outer loop
      vertex 34.4384 69.5352 6
      vertex 40.3923 66.0977 6
      vertex 34.7349 70.1365 6
    endloop
  endfacet
  facet normal 0 0 1
    outer loop
      vertex 38 63.1869 6
      vertex 35.125 -37.3659 6
      vertex 38 -77.4838 6
    endloop
  endfacet
  facet normal -0 0 1
    outer loop
      vertex 35.0811 -38.0348 6
      vertex 38 -77.4838 6
      vertex 35.125 -37.3659 6
    endloop
  endfacet
  facet normal -0 0 1
    outer loop
      vertex 34.9504 -38.6923 6
      vertex 38 -77.4838 6
      vertex 35.0811 -38.0348 6
    endloop
  endfacet
  facet normal -0 0 1
    outer loop
      vertex 34.7349 -39.3271 6
      vertex 38 -77.4838 6
      vertex 34.9504 -38.6923 6
    endloop
  endfacet
  facet normal -0 0 1
    outer loop
      vertex 34.4384 -39.9284 6
      vertex 38 -77.4838 6
      vertex 34.7349 -39.3271 6
    endloop
  endfacet
  facet normal -0 0 1
    outer loop
      vertex 34.0659 -40.4858 6
      vertex 38 -77.4838 6
      vertex 34.4384 -39.9284 6
    endloop
  endfacet
  facet normal -0 0 1
    outer loop
      vertex 33.6239 -40.9898 6
      vertex 38 -77.4838 6
      vertex 34.0659 -40.4858 6
    endloop
  endfacet
  facet normal -0 0 1
    outer loop
      vertex 33.1199 -41.4318 6
      vertex 38 -77.4838 6
      vertex 33.6239 -40.9898 6
    endloop
  endfacet
  facet normal -0 0 1
    outer loop
      vertex 32.5625 -41.8043 6
      vertex 38 -77.4838 6
      vertex 33.1199 -41.4318 6
    endloop
  endfacet
  facet normal -0 0 1
    outer loop
      vertex 31.9612 -42.1008 6
      vertex 38 -77.4838 6
      vertex 32.5625 -41.8043 6
    endloop
  endfacet
  facet normal -0 0 1
    outer loop
      vertex 31.3264 -42.3163 6
      vertex 38 -77.4838 6
      vertex 31.9612 -42.1008 6
    endloop
  endfacet
  facet normal -0 0 1
    outer loop
      vertex 30.6689 -42.447 6
      vertex 38 -77.4838 6
      vertex 31.3264 -42.3163 6
    endloop
  endfacet
  facet normal -0 0 1
    outer loop
      vertex 30 -42.4909 6
      vertex 38 -77.4838 6
      vertex 30.6689 -42.447 6
    endloop
  endfacet
  facet normal 0 0 1
    outer loop
      vertex 29.3311 -42.447 6
      vertex 38 -77.4838 6
      vertex 30 -42.4909 6
    endloop
  endfacet
  facet normal 0 0 1
    outer loop
      vertex 28.6736 -42.3163 6
      vertex 38 -77.4838 6
      vertex 29.3311 -42.447 6
    endloop
  endfacet
  facet normal 0 0 1
    outer loop
      vertex 22 -84.0977 6
      vertex 28.6736 -42.3163 6
      vertex 28.0388 -42.1008 6
    endloop
  endfacet
  facet normal 0 0 1
    outer loop
      vertex 22 -84.0977 6
      vertex 28.0388 -42.1008 6
      vertex 27.4375 -41.8043 6
    endloop
  endfacet
  facet normal 0 0 1
    outer loop
      vertex 22 -84.0977 6
      vertex 27.4375 -41.8043 6
      vertex 26.8801 -41.4318 6
    endloop
  endfacet
  facet normal 0 0 1
    outer loop
      vertex 22 -84.0977 6
      vertex 26.8801 -41.4318 6
      vertex 26.3761 -40.9898 6
    endloop
  endfacet
  facet normal 0 0 1
    outer loop
      vertex 22 -84.0977 6
      vertex 26.3761 -40.9898 6
      vertex 25.9341 -40.4858 6
    endloop
  endfacet
  facet normal 0 0 1
    outer loop
      vertex 22 -84.0977 6
      vertex 25.9341 -40.4858 6
      vertex 25.5616 -39.9284 6
    endloop
  endfacet
  facet normal 0 0 1
    outer loop
      vertex 22 -84.0977 6
      vertex 25.5616 -39.9284 6
      vertex 25.2651 -39.3271 6
    endloop
  endfacet
  facet normal 0 0 1
    outer loop
      vertex 22 -84.0977 6
      vertex 25.2651 -39.3271 6
      vertex 25.0496 -38.6923 6
    endloop
  endfacet
  facet normal 0 0 1
    outer loop
      vertex 25.0496 -36.0395 6
      vertex 22 63.1869 6
      vertex 24.9189 -36.697 6
    endloop
  endfacet
  facet normal 0 0 1
    outer loop
      vertex 24.9189 -36.697 6
      vertex 22 63.1869 6
      vertex 24.875 -37.3659 6
    endloop
  endfacet
  facet normal 0 0 1
    outer loop
      vertex 22 -84.0977 6
      vertex 24.875 -37.3659 6
      vertex 22 63.1869 6
    endloop
  endfacet
  facet normal 0 0 1
    outer loop
      vertex 22 -84.0977 6
      vertex 24.9189 -38.0348 6
      vertex 24.875 -37.3659 6
    endloop
  endfacet
  facet normal 0 0 1
    outer loop
      vertex 22 -84.0977 6
      vertex 25.0496 -38.6923 6
      vertex 24.9189 -38.0348 6
    endloop
  endfacet
  facet normal 0 0 1
    outer loop
      vertex 28.6736 -42.3163 6
      vertex 22 -84.0977 6
      vertex 38 -77.4838 6
    endloop
  endfacet
  facet normal 0 0 1
    outer loop
      vertex 22 -84.0977 6
      vertex 48.0882 -84.0443 6
      vertex 38 -77.4838 6
    endloop
  endfacet
  facet normal -0 0 1
    outer loop
      vertex 22 -84.0977 6
      vertex 15.2006 -98.6868 6
      vertex 48.0882 -84.0443 6
    endloop
  endfacet
  facet normal 0 0 1
    outer loop
      vertex 22 -84.0977 6
      vertex 14.9972 -98.2301 6
      vertex 15.2006 -98.6868 6
    endloop
  endfacet
  facet normal -0 0 1
    outer loop
      vertex 13.5941 -88.4737 6
      vertex 14.9972 -98.2301 6
      vertex 22 -84.0977 6
    endloop
  endfacet
  facet normal 0 0 1
    outer loop
      vertex 12.3224 -92.2199 6
      vertex 13.5941 -88.4737 6
      vertex 13.2678 -88.6918 6
    endloop
  endfacet
  facet normal 0 0 1
    outer loop
      vertex 12.3224 -92.2199 6
      vertex 13.2678 -88.6918 6
      vertex 12.9727 -88.9505 6
    endloop
  endfacet
  facet normal 0 0 1
    outer loop
      vertex 12.3224 -92.2199 6
      vertex 12.9727 -88.9505 6
      vertex 12.714 -89.2455 6
    endloop
  endfacet
  facet normal 0 0 1
    outer loop
      vertex 12.3224 -92.2199 6
      vertex 12.714 -89.2455 6
      vertex 12.496 -89.5718 6
    endloop
  endfacet
  facet normal 0 0 1
    outer loop
      vertex 12.3224 -92.2199 6
      vertex 12.496 -89.5718 6
      vertex 12.3224 -89.9238 6
    endloop
  endfacet
  facet normal 0 0 1
    outer loop
      vertex 13.5941 -88.4737 6
      vertex 12.3224 -92.2199 6
      vertex 14.9972 -98.2301 6
    endloop
  endfacet
  facet normal -0 0 1
    outer loop
      vertex 12.1963 -90.2954 6
      vertex 12.3224 -92.2199 6
      vertex 12.3224 -89.9238 6
    endloop
  endfacet
  facet normal 0 0 1
    outer loop
      vertex 12.1963 -90.2954 6
      vertex 12.1963 -91.8483 6
      vertex 12.3224 -92.2199 6
    endloop
  endfacet
  facet normal -0 0 1
    outer loop
      vertex 12.1197 -90.6802 6
      vertex 12.1963 -91.8483 6
      vertex 12.1963 -90.2954 6
    endloop
  endfacet
  facet normal 0 0 1
    outer loop
      vertex 12.1197 -90.6802 6
      vertex 12.1197 -91.4634 6
      vertex 12.1963 -91.8483 6
    endloop
  endfacet
  facet normal 0 -0 1
    outer loop
      vertex 12.1197 -91.4634 6
      vertex 12.1197 -90.6802 6
      vertex 12.0941 -91.0718 6
    endloop
  endfacet
  facet normal -0 0 1
    outer loop
      vertex 21.5147 80.583 6
      vertex 22 63.1869 6
      vertex 22.6949 81.618 6
    endloop
  endfacet
  facet normal -0 0 1
    outer loop
      vertex 20.4798 79.4028 6
      vertex 22 63.1869 6
      vertex 21.5147 80.583 6
    endloop
  endfacet
  facet normal -0 0 1
    outer loop
      vertex 19.6077 78.0977 6
      vertex 22 63.1869 6
      vertex 20.4798 79.4028 6
    endloop
  endfacet
  facet normal 0 0 1
    outer loop
      vertex 22 63.1869 6
      vertex 20.4798 64.7926 6
      vertex 21.5147 63.6124 6
    endloop
  endfacet
  facet normal 0 0 1
    outer loop
      vertex 22 63.1869 6
      vertex 19.6077 78.0977 6
      vertex 20.4798 64.7926 6
    endloop
  endfacet
  facet normal 0 0 1
    outer loop
      vertex 19.6077 78.0977 6
      vertex 19.6077 66.0977 6
      vertex 20.4798 64.7926 6
    endloop
  endfacet
  facet normal -0 0 1
    outer loop
      vertex 18.9135 76.6899 6
      vertex 19.6077 66.0977 6
      vertex 19.6077 78.0977 6
    endloop
  endfacet
  facet normal 0 0 1
    outer loop
      vertex 18.9135 76.6899 6
      vertex 18.9135 67.5055 6
      vertex 19.6077 66.0977 6
    endloop
  endfacet
  facet normal -0 0 1
    outer loop
      vertex 18.4089 75.2035 6
      vertex 18.9135 67.5055 6
      vertex 18.9135 76.6899 6
    endloop
  endfacet
  facet normal 0 0 1
    outer loop
      vertex 18.4089 75.2035 6
      vertex 18.4089 68.9919 6
      vertex 18.9135 67.5055 6
    endloop
  endfacet
  facet normal -0 0 1
    outer loop
      vertex 18.1027 73.664 6
      vertex 18.4089 68.9919 6
      vertex 18.4089 75.2035 6
    endloop
  endfacet
  facet normal 0 0 1
    outer loop
      vertex 18.1027 73.664 6
      vertex 18.1027 70.5314 6
      vertex 18.4089 68.9919 6
    endloop
  endfacet
  facet normal 0 -0 1
    outer loop
      vertex 18.1027 70.5314 6
      vertex 18.1027 73.664 6
      vertex 18 72.0977 6
    endloop
  endfacet
  facet normal 0 0 1
    outer loop
      vertex 40.3923 66.0977 6
      vertex 34.4384 69.5352 6
      vertex 39.5202 64.7926 6
    endloop
  endfacet
  facet normal 0 0 1
    outer loop
      vertex 38 63.1869 6
      vertex 35.0811 -36.697 6
      vertex 35.125 -37.3659 6
    endloop
  endfacet
  facet normal -0 0 1
    outer loop
      vertex 34.0659 68.9778 6
      vertex 39.5202 64.7926 6
      vertex 34.4384 69.5352 6
    endloop
  endfacet
  facet normal 0 0 1
    outer loop
      vertex 38 63.1869 6
      vertex 34.9504 -36.0395 6
      vertex 35.0811 -36.697 6
    endloop
  endfacet
  facet normal 0 0 1
    outer loop
      vertex 39.5202 64.7926 6
      vertex 34.0659 68.9778 6
      vertex 38.4853 63.6124 6
    endloop
  endfacet
  facet normal 0 0 1
    outer loop
      vertex 38 63.1869 6
      vertex 34.7349 -35.4046 6
      vertex 34.9504 -36.0395 6
    endloop
  endfacet
  facet normal -0 0 1
    outer loop
      vertex 33.6239 68.4738 6
      vertex 38.4853 63.6124 6
      vertex 34.0659 68.9778 6
    endloop
  endfacet
  facet normal 0 0 1
    outer loop
      vertex 38 63.1869 6
      vertex 34.4384 -34.8034 6
      vertex 34.7349 -35.4046 6
    endloop
  endfacet
  facet normal 0 0 1
    outer loop
      vertex 38.4853 63.6124 6
      vertex 33.6239 68.4738 6
      vertex 38 63.1869 6
    endloop
  endfacet
  facet normal 0 0 1
    outer loop
      vertex 38 63.1869 6
      vertex 34.0659 -34.246 6
      vertex 34.4384 -34.8034 6
    endloop
  endfacet
  facet normal -0 0 1
    outer loop
      vertex 33.1199 68.0318 6
      vertex 38 63.1869 6
      vertex 33.6239 68.4738 6
    endloop
  endfacet
  facet normal 0 0 1
    outer loop
      vertex 38 63.1869 6
      vertex 33.6239 -33.742 6
      vertex 34.0659 -34.246 6
    endloop
  endfacet
  facet normal -0 0 1
    outer loop
      vertex 32.5625 67.6593 6
      vertex 38 63.1869 6
      vertex 33.1199 68.0318 6
    endloop
  endfacet
  facet normal 0 0 1
    outer loop
      vertex 38 63.1869 6
      vertex 33.1199 -33.3 6
      vertex 33.6239 -33.742 6
    endloop
  endfacet
  facet normal -0 0 1
    outer loop
      vertex 31.9612 67.3628 6
      vertex 38 63.1869 6
      vertex 32.5625 67.6593 6
    endloop
  endfacet
  facet normal 0 0 1
    outer loop
      vertex 38 63.1869 6
      vertex 32.5625 -32.9275 6
      vertex 33.1199 -33.3 6
    endloop
  endfacet
  facet normal -0 0 1
    outer loop
      vertex 31.3264 67.1474 6
      vertex 38 63.1869 6
      vertex 31.9612 67.3628 6
    endloop
  endfacet
  facet normal 0 0 1
    outer loop
      vertex 38 63.1869 6
      vertex 31.9612 -32.631 6
      vertex 32.5625 -32.9275 6
    endloop
  endfacet
  facet normal -0 0 1
    outer loop
      vertex 30.6689 67.0166 6
      vertex 38 63.1869 6
      vertex 31.3264 67.1474 6
    endloop
  endfacet
  facet normal 0 0 1
    outer loop
      vertex 38 63.1869 6
      vertex 31.3264 -32.4155 6
      vertex 31.9612 -32.631 6
    endloop
  endfacet
  facet normal -0 0 1
    outer loop
      vertex 30 66.9727 6
      vertex 38 63.1869 6
      vertex 30.6689 67.0166 6
    endloop
  endfacet
  facet normal 0 -0 1
    outer loop
      vertex 30 -32.2409 6
      vertex 38 63.1869 6
      vertex 22 63.1869 6
    endloop
  endfacet
  facet normal 0 0 1
    outer loop
      vertex 38 63.1869 6
      vertex 30 66.9727 6
      vertex 22 63.1869 6
    endloop
  endfacet
  facet normal 0 0 1
    outer loop
      vertex 38 63.1869 6
      vertex 30.6689 -32.2847 6
      vertex 31.3264 -32.4155 6
    endloop
  endfacet
  facet normal 0 0 1
    outer loop
      vertex 22 63.1869 6
      vertex 30 66.9727 6
      vertex 29.3311 67.0166 6
    endloop
  endfacet
  facet normal 0 0 1
    outer loop
      vertex 38 63.1869 6
      vertex 30 -32.2409 6
      vertex 30.6689 -32.2847 6
    endloop
  endfacet
  facet normal 0 0 1
    outer loop
      vertex 22 63.1869 6
      vertex 29.3311 67.0166 6
      vertex 28.6736 67.1474 6
    endloop
  endfacet
  facet normal 0 0 1
    outer loop
      vertex 30 -32.2409 6
      vertex 22 63.1869 6
      vertex 29.3311 -32.2847 6
    endloop
  endfacet
  facet normal 0 0 1
    outer loop
      vertex 22 63.1869 6
      vertex 28.6736 67.1474 6
      vertex 28.0388 67.3628 6
    endloop
  endfacet
  facet normal 0 0 1
    outer loop
      vertex 29.3311 -32.2847 6
      vertex 22 63.1869 6
      vertex 28.6736 -32.4155 6
    endloop
  endfacet
  facet normal 0 0 1
    outer loop
      vertex 22 63.1869 6
      vertex 28.0388 67.3628 6
      vertex 27.4375 67.6593 6
    endloop
  endfacet
  facet normal 0 0 1
    outer loop
      vertex 28.6736 -32.4155 6
      vertex 22 63.1869 6
      vertex 28.0388 -32.631 6
    endloop
  endfacet
  facet normal 0 0 1
    outer loop
      vertex 22 63.1869 6
      vertex 27.4375 67.6593 6
      vertex 26.8801 68.0318 6
    endloop
  endfacet
  facet normal 0 0 1
    outer loop
      vertex 28.0388 -32.631 6
      vertex 22 63.1869 6
      vertex 27.4375 -32.9275 6
    endloop
  endfacet
  facet normal 0 0 1
    outer loop
      vertex 22 63.1869 6
      vertex 26.8801 68.0318 6
      vertex 26.3761 68.4738 6
    endloop
  endfacet
  facet normal 0 0 1
    outer loop
      vertex 27.4375 -32.9275 6
      vertex 22 63.1869 6
      vertex 26.8801 -33.3 6
    endloop
  endfacet
  facet normal 0 0 1
    outer loop
      vertex 22 63.1869 6
      vertex 26.3761 68.4738 6
      vertex 25.9341 68.9778 6
    endloop
  endfacet
  facet normal 0 0 1
    outer loop
      vertex 26.8801 -33.3 6
      vertex 22 63.1869 6
      vertex 26.3761 -33.742 6
    endloop
  endfacet
  facet normal 0 0 1
    outer loop
      vertex 22 63.1869 6
      vertex 25.9341 68.9778 6
      vertex 25.5616 69.5352 6
    endloop
  endfacet
  facet normal 0 0 1
    outer loop
      vertex 26.3761 -33.742 6
      vertex 22 63.1869 6
      vertex 25.9341 -34.246 6
    endloop
  endfacet
  facet normal 0 0 1
    outer loop
      vertex 22 63.1869 6
      vertex 25.5616 69.5352 6
      vertex 25.2651 70.1365 6
    endloop
  endfacet
  facet normal 0 0 1
    outer loop
      vertex 25.9341 -34.246 6
      vertex 22 63.1869 6
      vertex 25.5616 -34.8034 6
    endloop
  endfacet
  facet normal 0 0 1
    outer loop
      vertex 22 63.1869 6
      vertex 25.2651 70.1365 6
      vertex 25.0496 70.7713 6
    endloop
  endfacet
  facet normal 0 0 1
    outer loop
      vertex 25.5616 -34.8034 6
      vertex 22 63.1869 6
      vertex 25.2651 -35.4046 6
    endloop
  endfacet
  facet normal 0 0 1
    outer loop
      vertex 22 63.1869 6
      vertex 25.0496 70.7713 6
      vertex 24.9189 71.4288 6
    endloop
  endfacet
  facet normal 0 0 1
    outer loop
      vertex 25.2651 -35.4046 6
      vertex 22 63.1869 6
      vertex 25.0496 -36.0395 6
    endloop
  endfacet
  facet normal 0 0 1
    outer loop
      vertex 24.9189 72.7667 6
      vertex 22.6949 81.618 6
      vertex 24.875 72.0977 6
    endloop
  endfacet
  facet normal 0 0 1
    outer loop
      vertex 22 63.1869 6
      vertex 24.875 72.0977 6
      vertex 22.6949 81.618 6
    endloop
  endfacet
  facet normal 0 0 1
    outer loop
      vertex 37.3051 81.618 6
      vertex 35.0811 72.7667 6
      vertex 35.125 72.0977 6
    endloop
  endfacet
  facet normal 0 0 1
    outer loop
      vertex 37.3051 81.618 6
      vertex 34.9504 73.4242 6
      vertex 35.0811 72.7667 6
    endloop
  endfacet
  facet normal 0 0 1
    outer loop
      vertex 37.3051 81.618 6
      vertex 34.7349 74.059 6
      vertex 34.9504 73.4242 6
    endloop
  endfacet
  facet normal 0 0 1
    outer loop
      vertex 32.5625 76.5361 6
      vertex 36 82.49 6
      vertex 34.5922 83.1843 6
    endloop
  endfacet
  facet normal 0 0 1
    outer loop
      vertex 37.3051 81.618 6
      vertex 34.4384 74.6602 6
      vertex 34.7349 74.059 6
    endloop
  endfacet
  facet normal 0 0 1
    outer loop
      vertex 37.3051 81.618 6
      vertex 34.0659 75.2176 6
      vertex 34.4384 74.6602 6
    endloop
  endfacet
  facet normal 0 0 1
    outer loop
      vertex 37.3051 81.618 6
      vertex 33.6239 75.7216 6
      vertex 34.0659 75.2176 6
    endloop
  endfacet
  facet normal 0 0 1
    outer loop
      vertex 37.3051 81.618 6
      vertex 33.1199 76.1637 6
      vertex 33.6239 75.7216 6
    endloop
  endfacet
  facet normal 0 0 1
    outer loop
      vertex 31.9612 76.8326 6
      vertex 34.5922 83.1843 6
      vertex 33.1058 83.6888 6
    endloop
  endfacet
  facet normal 0 0 1
    outer loop
      vertex 36 82.49 6
      vertex 32.5625 76.5361 6
      vertex 33.1199 76.1637 6
    endloop
  endfacet
  facet normal 0 0 1
    outer loop
      vertex 34.5922 83.1843 6
      vertex 31.9612 76.8326 6
      vertex 32.5625 76.5361 6
    endloop
  endfacet
  facet normal 0 0 1
    outer loop
      vertex 31.3264 77.0481 6
      vertex 33.1058 83.6888 6
      vertex 31.5663 83.995 6
    endloop
  endfacet
  facet normal 0 0 1
    outer loop
      vertex 33.1058 83.6888 6
      vertex 31.3264 77.0481 6
      vertex 31.9612 76.8326 6
    endloop
  endfacet
  facet normal 0 0 1
    outer loop
      vertex 31.5663 83.995 6
      vertex 30.6689 77.1789 6
      vertex 31.3264 77.0481 6
    endloop
  endfacet
  facet normal 0 0 1
    outer loop
      vertex 30 84.0977 6
      vertex 30.6689 77.1789 6
      vertex 31.5663 83.995 6
    endloop
  endfacet
  facet normal 0 0 1
    outer loop
      vertex 30 84.0977 6
      vertex 30 77.2227 6
      vertex 30.6689 77.1789 6
    endloop
  endfacet
  facet normal 0 0 1
    outer loop
      vertex 30 84.0977 6
      vertex 29.3311 77.1789 6
      vertex 30 77.2227 6
    endloop
  endfacet
  facet normal -0 0 1
    outer loop
      vertex 28.4337 83.995 6
      vertex 29.3311 77.1789 6
      vertex 30 84.0977 6
    endloop
  endfacet
  facet normal 0 0 1
    outer loop
      vertex 29.3311 77.1789 6
      vertex 28.4337 83.995 6
      vertex 28.6736 77.0481 6
    endloop
  endfacet
  facet normal -0 0 1
    outer loop
      vertex 26.8942 83.6888 6
      vertex 28.6736 77.0481 6
      vertex 28.4337 83.995 6
    endloop
  endfacet
  facet normal 0 0 1
    outer loop
      vertex 28.6736 77.0481 6
      vertex 26.8942 83.6888 6
      vertex 28.0388 76.8326 6
    endloop
  endfacet
  facet normal -0 0 1
    outer loop
      vertex 25.4078 83.1843 6
      vertex 28.0388 76.8326 6
      vertex 26.8942 83.6888 6
    endloop
  endfacet
  facet normal 0 0 1
    outer loop
      vertex 28.0388 76.8326 6
      vertex 25.4078 83.1843 6
      vertex 27.4375 76.5361 6
    endloop
  endfacet
  facet normal -0 0 1
    outer loop
      vertex 24 82.49 6
      vertex 27.4375 76.5361 6
      vertex 25.4078 83.1843 6
    endloop
  endfacet
  facet normal 0 0 1
    outer loop
      vertex 27.4375 76.5361 6
      vertex 24 82.49 6
      vertex 26.8801 76.1637 6
    endloop
  endfacet
  facet normal -0 0 1
    outer loop
      vertex 22.6949 81.618 6
      vertex 26.8801 76.1637 6
      vertex 24 82.49 6
    endloop
  endfacet
  facet normal 0 0 1
    outer loop
      vertex 26.8801 76.1637 6
      vertex 22.6949 81.618 6
      vertex 26.3761 75.7216 6
    endloop
  endfacet
  facet normal 0 0 1
    outer loop
      vertex 26.3761 75.7216 6
      vertex 22.6949 81.618 6
      vertex 25.9341 75.2176 6
    endloop
  endfacet
  facet normal 0 0 1
    outer loop
      vertex 25.9341 75.2176 6
      vertex 22.6949 81.618 6
      vertex 25.5616 74.6602 6
    endloop
  endfacet
  facet normal 0 0 1
    outer loop
      vertex 25.5616 74.6602 6
      vertex 22.6949 81.618 6
      vertex 25.2651 74.059 6
    endloop
  endfacet
  facet normal 0 0 1
    outer loop
      vertex 25.2651 74.059 6
      vertex 22.6949 81.618 6
      vertex 25.0496 73.4242 6
    endloop
  endfacet
  facet normal 0 0 1
    outer loop
      vertex 24.875 72.0977 6
      vertex 22 63.1869 6
      vertex 24.9189 71.4288 6
    endloop
  endfacet
  facet normal 0 0 1
    outer loop
      vertex 25.0496 73.4242 6
      vertex 22.6949 81.618 6
      vertex 24.9189 72.7667 6
    endloop
  endfacet
  facet normal 0.913498 0.406844 0
    outer loop
      vertex 48.0882 -84.0443 6
      vertex 47.8848 -83.5876 0
      vertex 47.8848 -83.5876 6
    endloop
  endfacet
  facet normal 0.913498 0.406844 0
    outer loop
      vertex 47.8848 -83.5876 0
      vertex 48.0882 -84.0443 6
      vertex 48.0882 -84.0443 0
    endloop
  endfacet
  facet normal 0.91348 0.406884 0
    outer loop
      vertex 47.8848 -83.5876 6
      vertex 45.272 -77.7217 0
      vertex 45.272 -77.7217 6
    endloop
  endfacet
  facet normal 0.91348 0.406884 0
    outer loop
      vertex 45.272 -77.7217 0
      vertex 47.8848 -83.5876 6
      vertex 47.8848 -83.5876 0
    endloop
  endfacet
  facet normal 0.896961 0.44211 0
    outer loop
      vertex 45.272 -77.7217 6
      vertex 45.0985 -77.3697 0
      vertex 45.0985 -77.3697 6
    endloop
  endfacet
  facet normal 0.896961 0.44211 0
    outer loop
      vertex 45.0985 -77.3697 0
      vertex 45.272 -77.7217 6
      vertex 45.272 -77.7217 0
    endloop
  endfacet
  facet normal 0.831501 0.555523 0
    outer loop
      vertex 45.0985 -77.3697 6
      vertex 44.8805 -77.0434 0
      vertex 44.8805 -77.0434 6
    endloop
  endfacet
  facet normal 0.831501 0.555523 0
    outer loop
      vertex 44.8805 -77.0434 0
      vertex 45.0985 -77.3697 6
      vertex 45.0985 -77.3697 0
    endloop
  endfacet
  facet normal 0.751724 0.659478 0
    outer loop
      vertex 44.8805 -77.0434 6
      vertex 44.6217 -76.7484 0
      vertex 44.6217 -76.7484 6
    endloop
  endfacet
  facet normal 0.751724 0.659478 0
    outer loop
      vertex 44.6217 -76.7484 0
      vertex 44.8805 -77.0434 6
      vertex 44.8805 -77.0434 0
    endloop
  endfacet
  facet normal 0.659334 0.75185 -0
    outer loop
      vertex 44.6217 -76.7484 0
      vertex 44.3267 -76.4897 6
      vertex 44.6217 -76.7484 6
    endloop
  endfacet
  facet normal 0.659334 0.75185 0
    outer loop
      vertex 44.3267 -76.4897 6
      vertex 44.6217 -76.7484 0
      vertex 44.3267 -76.4897 0
    endloop
  endfacet
  facet normal 0.555523 0.831501 -0
    outer loop
      vertex 44.3267 -76.4897 0
      vertex 44.0004 -76.2717 6
      vertex 44.3267 -76.4897 6
    endloop
  endfacet
  facet normal 0.555523 0.831501 0
    outer loop
      vertex 44.0004 -76.2717 6
      vertex 44.3267 -76.4897 0
      vertex 44.0004 -76.2717 0
    endloop
  endfacet
  facet normal 0.442416 0.89681 -0
    outer loop
      vertex 44.0004 -76.2717 0
      vertex 43.6485 -76.0981 6
      vertex 44.0004 -76.2717 6
    endloop
  endfacet
  facet normal 0.442416 0.89681 0
    outer loop
      vertex 43.6485 -76.0981 6
      vertex 44.0004 -76.2717 0
      vertex 43.6485 -76.0981 0
    endloop
  endfacet
  facet normal 0.321574 0.946885 -0
    outer loop
      vertex 43.6485 -76.0981 0
      vertex 43.2769 -75.9719 6
      vertex 43.6485 -76.0981 6
    endloop
  endfacet
  facet normal 0.321574 0.946885 0
    outer loop
      vertex 43.2769 -75.9719 6
      vertex 43.6485 -76.0981 0
      vertex 43.2769 -75.9719 0
    endloop
  endfacet
  facet normal 0.19494 0.980815 -0
    outer loop
      vertex 43.2769 -75.9719 0
      vertex 42.892 -75.8954 6
      vertex 43.2769 -75.9719 6
    endloop
  endfacet
  facet normal 0.19494 0.980815 0
    outer loop
      vertex 42.892 -75.8954 6
      vertex 43.2769 -75.9719 0
      vertex 42.892 -75.8954 0
    endloop
  endfacet
  facet normal 0.0654873 0.997853 -0
    outer loop
      vertex 42.892 -75.8954 0
      vertex 42.5004 -75.8697 6
      vertex 42.892 -75.8954 6
    endloop
  endfacet
  facet normal 0.0654873 0.997853 0
    outer loop
      vertex 42.5004 -75.8697 6
      vertex 42.892 -75.8954 0
      vertex 42.5004 -75.8697 0
    endloop
  endfacet
  facet normal -0.0654873 0.997853 0
    outer loop
      vertex 42.5004 -75.8697 0
      vertex 42.1088 -75.8954 6
      vertex 42.5004 -75.8697 6
    endloop
  endfacet
  facet normal -0.0654873 0.997853 0
    outer loop
      vertex 42.1088 -75.8954 6
      vertex 42.5004 -75.8697 0
      vertex 42.1088 -75.8954 0
    endloop
  endfacet
  facet normal -0.19494 0.980815 0
    outer loop
      vertex 42.1088 -75.8954 0
      vertex 41.7239 -75.9719 6
      vertex 42.1088 -75.8954 6
    endloop
  endfacet
  facet normal -0.19494 0.980815 0
    outer loop
      vertex 41.7239 -75.9719 6
      vertex 42.1088 -75.8954 0
      vertex 41.7239 -75.9719 0
    endloop
  endfacet
  facet normal -0.321651 0.946858 0
    outer loop
      vertex 41.7239 -75.9719 0
      vertex 41.3524 -76.0981 6
      vertex 41.7239 -75.9719 6
    endloop
  endfacet
  facet normal -0.321651 0.946858 0
    outer loop
      vertex 41.3524 -76.0981 6
      vertex 41.7239 -75.9719 0
      vertex 41.3524 -76.0981 0
    endloop
  endfacet
  facet normal -0.381999 0.924163 0
    outer loop
      vertex 41.3524 -76.0981 0
      vertex 38 -77.4838 6
      vertex 41.3524 -76.0981 6
    endloop
  endfacet
  facet normal -0.381999 0.924163 0
    outer loop
      vertex 38 -77.4838 6
      vertex 41.3524 -76.0981 0
      vertex 38 -77.4838 0
    endloop
  endfacet
  facet normal 1 -0 0
    outer loop
      vertex 38 -77.4838 6
      vertex 38 63.1869 0
      vertex 38 63.1869 6
    endloop
  endfacet
  facet normal 1 0 0
    outer loop
      vertex 38 63.1869 0
      vertex 38 -77.4838 6
      vertex 38 -77.4838 0
    endloop
  endfacet
  facet normal 0.659261 -0.751914 0
    outer loop
      vertex 38 63.1869 0
      vertex 38.4853 63.6124 6
      vertex 38 63.1869 6
    endloop
  endfacet
  facet normal 0.659261 -0.751914 0
    outer loop
      vertex 38.4853 63.6124 6
      vertex 38 63.1869 0
      vertex 38.4853 63.6124 0
    endloop
  endfacet
  facet normal 0.751874 -0.659307 0
    outer loop
      vertex 38.4853 63.6124 6
      vertex 39.5202 64.7926 0
      vertex 39.5202 64.7926 6
    endloop
  endfacet
  facet normal 0.751874 -0.659307 0
    outer loop
      vertex 39.5202 64.7926 0
      vertex 38.4853 63.6124 6
      vertex 38.4853 63.6124 0
    endloop
  endfacet
  facet normal 0.831452 -0.555597 0
    outer loop
      vertex 39.5202 64.7926 6
      vertex 40.3923 66.0977 0
      vertex 40.3923 66.0977 6
    endloop
  endfacet
  facet normal 0.831452 -0.555597 0
    outer loop
      vertex 40.3923 66.0977 0
      vertex 39.5202 64.7926 6
      vertex 39.5202 64.7926 0
    endloop
  endfacet
  facet normal 0.896885 -0.442263 0
    outer loop
      vertex 40.3923 66.0977 6
      vertex 41.0865 67.5055 0
      vertex 41.0865 67.5055 6
    endloop
  endfacet
  facet normal 0.896885 -0.442263 0
    outer loop
      vertex 41.0865 67.5055 0
      vertex 40.3923 66.0977 6
      vertex 40.3923 66.0977 0
    endloop
  endfacet
  facet normal 0.946923 -0.32146 0
    outer loop
      vertex 41.0865 67.5055 6
      vertex 41.5911 68.9919 0
      vertex 41.5911 68.9919 6
    endloop
  endfacet
  facet normal 0.946923 -0.32146 0
    outer loop
      vertex 41.5911 68.9919 0
      vertex 41.0865 67.5055 6
      vertex 41.0865 67.5055 0
    endloop
  endfacet
  facet normal 0.980788 -0.195075 0
    outer loop
      vertex 41.5911 68.9919 6
      vertex 41.8973 70.5314 0
      vertex 41.8973 70.5314 6
    endloop
  endfacet
  facet normal 0.980788 -0.195075 0
    outer loop
      vertex 41.8973 70.5314 0
      vertex 41.5911 68.9919 6
      vertex 41.5911 68.9919 0
    endloop
  endfacet
  facet normal 0.997857 -0.065428 0
    outer loop
      vertex 41.8973 70.5314 6
      vertex 42 72.0977 0
      vertex 42 72.0977 6
    endloop
  endfacet
  facet normal 0.997857 -0.065428 0
    outer loop
      vertex 42 72.0977 0
      vertex 41.8973 70.5314 6
      vertex 41.8973 70.5314 0
    endloop
  endfacet
  facet normal 0.997857 0.065428 0
    outer loop
      vertex 42 72.0977 6
      vertex 41.8973 73.664 0
      vertex 41.8973 73.664 6
    endloop
  endfacet
  facet normal 0.997857 0.065428 0
    outer loop
      vertex 41.8973 73.664 0
      vertex 42 72.0977 6
      vertex 42 72.0977 0
    endloop
  endfacet
  facet normal 0.980788 0.195075 0
    outer loop
      vertex 41.8973 73.664 6
      vertex 41.5911 75.2035 0
      vertex 41.5911 75.2035 6
    endloop
  endfacet
  facet normal 0.980788 0.195075 0
    outer loop
      vertex 41.5911 75.2035 0
      vertex 41.8973 73.664 6
      vertex 41.8973 73.664 0
    endloop
  endfacet
  facet normal 0.946923 0.32146 0
    outer loop
      vertex 41.5911 75.2035 6
      vertex 41.0865 76.6899 0
      vertex 41.0865 76.6899 6
    endloop
  endfacet
  facet normal 0.946923 0.32146 0
    outer loop
      vertex 41.0865 76.6899 0
      vertex 41.5911 75.2035 6
      vertex 41.5911 75.2035 0
    endloop
  endfacet
  facet normal 0.896885 0.442263 0
    outer loop
      vertex 41.0865 76.6899 6
      vertex 40.3923 78.0977 0
      vertex 40.3923 78.0977 6
    endloop
  endfacet
  facet normal 0.896885 0.442263 0
    outer loop
      vertex 40.3923 78.0977 0
      vertex 41.0865 76.6899 6
      vertex 41.0865 76.6899 0
    endloop
  endfacet
  facet normal 0.831452 0.555597 0
    outer loop
      vertex 40.3923 78.0977 6
      vertex 39.5202 79.4028 0
      vertex 39.5202 79.4028 6
    endloop
  endfacet
  facet normal 0.831452 0.555597 0
    outer loop
      vertex 39.5202 79.4028 0
      vertex 40.3923 78.0977 6
      vertex 40.3923 78.0977 0
    endloop
  endfacet
  facet normal 0.751874 0.659307 0
    outer loop
      vertex 39.5202 79.4028 6
      vertex 38.4853 80.583 0
      vertex 38.4853 80.583 6
    endloop
  endfacet
  facet normal 0.751874 0.659307 0
    outer loop
      vertex 38.4853 80.583 0
      vertex 39.5202 79.4028 6
      vertex 39.5202 79.4028 0
    endloop
  endfacet
  facet normal 0.659343 0.751842 -0
    outer loop
      vertex 38.4853 80.583 0
      vertex 37.3051 81.618 6
      vertex 38.4853 80.583 6
    endloop
  endfacet
  facet normal 0.659343 0.751842 0
    outer loop
      vertex 37.3051 81.618 6
      vertex 38.4853 80.583 0
      vertex 37.3051 81.618 0
    endloop
  endfacet
  facet normal 0.555553 0.831481 -0
    outer loop
      vertex 37.3051 81.618 0
      vertex 36 82.49 6
      vertex 37.3051 81.618 6
    endloop
  endfacet
  facet normal 0.555553 0.831481 0
    outer loop
      vertex 36 82.49 6
      vertex 37.3051 81.618 0
      vertex 36 82.49 0
    endloop
  endfacet
  facet normal 0.442314 0.89686 -0
    outer loop
      vertex 36 82.49 0
      vertex 34.5922 83.1843 6
      vertex 36 82.49 6
    endloop
  endfacet
  facet normal 0.442314 0.89686 0
    outer loop
      vertex 34.5922 83.1843 6
      vertex 36 82.49 0
      vertex 34.5922 83.1843 0
    endloop
  endfacet
  facet normal 0.321402 0.946943 -0
    outer loop
      vertex 34.5922 83.1843 0
      vertex 33.1058 83.6888 6
      vertex 34.5922 83.1843 6
    endloop
  endfacet
  facet normal 0.321402 0.946943 0
    outer loop
      vertex 33.1058 83.6888 6
      vertex 34.5922 83.1843 0
      vertex 33.1058 83.6888 0
    endloop
  endfacet
  facet normal 0.195075 0.980788 -0
    outer loop
      vertex 33.1058 83.6888 0
      vertex 31.5663 83.995 6
      vertex 33.1058 83.6888 6
    endloop
  endfacet
  facet normal 0.195075 0.980788 0
    outer loop
      vertex 31.5663 83.995 6
      vertex 33.1058 83.6888 0
      vertex 31.5663 83.995 0
    endloop
  endfacet
  facet normal 0.065428 0.997857 -0
    outer loop
      vertex 31.5663 83.995 0
      vertex 30 84.0977 6
      vertex 31.5663 83.995 6
    endloop
  endfacet
  facet normal 0.065428 0.997857 0
    outer loop
      vertex 30 84.0977 6
      vertex 31.5663 83.995 0
      vertex 30 84.0977 0
    endloop
  endfacet
  facet normal -0.065428 0.997857 0
    outer loop
      vertex 30 84.0977 0
      vertex 28.4337 83.995 6
      vertex 30 84.0977 6
    endloop
  endfacet
  facet normal -0.065428 0.997857 0
    outer loop
      vertex 28.4337 83.995 6
      vertex 30 84.0977 0
      vertex 28.4337 83.995 0
    endloop
  endfacet
  facet normal -0.195075 0.980788 0
    outer loop
      vertex 28.4337 83.995 0
      vertex 26.8942 83.6888 6
      vertex 28.4337 83.995 6
    endloop
  endfacet
  facet normal -0.195075 0.980788 0
    outer loop
      vertex 26.8942 83.6888 6
      vertex 28.4337 83.995 0
      vertex 26.8942 83.6888 0
    endloop
  endfacet
  facet normal -0.321402 0.946943 0
    outer loop
      vertex 26.8942 83.6888 0
      vertex 25.4078 83.1843 6
      vertex 26.8942 83.6888 6
    endloop
  endfacet
  facet normal -0.321402 0.946943 0
    outer loop
      vertex 25.4078 83.1843 6
      vertex 26.8942 83.6888 0
      vertex 25.4078 83.1843 0
    endloop
  endfacet
  facet normal -0.442314 0.89686 0
    outer loop
      vertex 25.4078 83.1843 0
      vertex 24 82.49 6
      vertex 25.4078 83.1843 6
    endloop
  endfacet
  facet normal -0.442314 0.89686 0
    outer loop
      vertex 24 82.49 6
      vertex 25.4078 83.1843 0
      vertex 24 82.49 0
    endloop
  endfacet
  facet normal -0.555553 0.831481 0
    outer loop
      vertex 24 82.49 0
      vertex 22.6949 81.618 6
      vertex 24 82.49 6
    endloop
  endfacet
  facet normal -0.555553 0.831481 0
    outer loop
      vertex 22.6949 81.618 6
      vertex 24 82.49 0
      vertex 22.6949 81.618 0
    endloop
  endfacet
  facet normal -0.659343 0.751842 0
    outer loop
      vertex 22.6949 81.618 0
      vertex 21.5147 80.583 6
      vertex 22.6949 81.618 6
    endloop
  endfacet
  facet normal -0.659343 0.751842 0
    outer loop
      vertex 21.5147 80.583 6
      vertex 22.6949 81.618 0
      vertex 21.5147 80.583 0
    endloop
  endfacet
  facet normal -0.751874 0.659307 0
    outer loop
      vertex 20.4798 79.4028 0
      vertex 21.5147 80.583 6
      vertex 21.5147 80.583 0
    endloop
  endfacet
  facet normal -0.751874 0.659307 0
    outer loop
      vertex 21.5147 80.583 6
      vertex 20.4798 79.4028 0
      vertex 20.4798 79.4028 6
    endloop
  endfacet
  facet normal -0.831452 0.555597 0
    outer loop
      vertex 19.6077 78.0977 0
      vertex 20.4798 79.4028 6
      vertex 20.4798 79.4028 0
    endloop
  endfacet
  facet normal -0.831452 0.555597 0
    outer loop
      vertex 20.4798 79.4028 6
      vertex 19.6077 78.0977 0
      vertex 19.6077 78.0977 6
    endloop
  endfacet
  facet normal -0.896885 0.442263 0
    outer loop
      vertex 18.9135 76.6899 0
      vertex 19.6077 78.0977 6
      vertex 19.6077 78.0977 0
    endloop
  endfacet
  facet normal -0.896885 0.442263 0
    outer loop
      vertex 19.6077 78.0977 6
      vertex 18.9135 76.6899 0
      vertex 18.9135 76.6899 6
    endloop
  endfacet
  facet normal -0.946923 0.32146 0
    outer loop
      vertex 18.4089 75.2035 0
      vertex 18.9135 76.6899 6
      vertex 18.9135 76.6899 0
    endloop
  endfacet
  facet normal -0.946923 0.32146 0
    outer loop
      vertex 18.9135 76.6899 6
      vertex 18.4089 75.2035 0
      vertex 18.4089 75.2035 6
    endloop
  endfacet
  facet normal -0.980788 0.195075 0
    outer loop
      vertex 18.1027 73.664 0
      vertex 18.4089 75.2035 6
      vertex 18.4089 75.2035 0
    endloop
  endfacet
  facet normal -0.980788 0.195075 0
    outer loop
      vertex 18.4089 75.2035 6
      vertex 18.1027 73.664 0
      vertex 18.1027 73.664 6
    endloop
  endfacet
  facet normal -0.997857 0.065428 0
    outer loop
      vertex 18 72.0977 0
      vertex 18.1027 73.664 6
      vertex 18.1027 73.664 0
    endloop
  endfacet
  facet normal -0.997857 0.065428 0
    outer loop
      vertex 18.1027 73.664 6
      vertex 18 72.0977 0
      vertex 18 72.0977 6
    endloop
  endfacet
  facet normal -0.997857 -0.065428 0
    outer loop
      vertex 18.1027 70.5314 0
      vertex 18 72.0977 6
      vertex 18 72.0977 0
    endloop
  endfacet
  facet normal -0.997857 -0.065428 0
    outer loop
      vertex 18 72.0977 6
      vertex 18.1027 70.5314 0
      vertex 18.1027 70.5314 6
    endloop
  endfacet
  facet normal -0.980788 -0.195075 0
    outer loop
      vertex 18.4089 68.9919 0
      vertex 18.1027 70.5314 6
      vertex 18.1027 70.5314 0
    endloop
  endfacet
  facet normal -0.980788 -0.195075 0
    outer loop
      vertex 18.1027 70.5314 6
      vertex 18.4089 68.9919 0
      vertex 18.4089 68.9919 6
    endloop
  endfacet
  facet normal -0.946923 -0.32146 0
    outer loop
      vertex 18.9135 67.5055 0
      vertex 18.4089 68.9919 6
      vertex 18.4089 68.9919 0
    endloop
  endfacet
  facet normal -0.946923 -0.32146 0
    outer loop
      vertex 18.4089 68.9919 6
      vertex 18.9135 67.5055 0
      vertex 18.9135 67.5055 6
    endloop
  endfacet
  facet normal -0.896885 -0.442263 0
    outer loop
      vertex 19.6077 66.0977 0
      vertex 18.9135 67.5055 6
      vertex 18.9135 67.5055 0
    endloop
  endfacet
  facet normal -0.896885 -0.442263 0
    outer loop
      vertex 18.9135 67.5055 6
      vertex 19.6077 66.0977 0
      vertex 19.6077 66.0977 6
    endloop
  endfacet
  facet normal -0.831452 -0.555597 0
    outer loop
      vertex 20.4798 64.7926 0
      vertex 19.6077 66.0977 6
      vertex 19.6077 66.0977 0
    endloop
  endfacet
  facet normal -0.831452 -0.555597 0
    outer loop
      vertex 19.6077 66.0977 6
      vertex 20.4798 64.7926 0
      vertex 20.4798 64.7926 6
    endloop
  endfacet
  facet normal -0.751874 -0.659307 0
    outer loop
      vertex 21.5147 63.6124 0
      vertex 20.4798 64.7926 6
      vertex 20.4798 64.7926 0
    endloop
  endfacet
  facet normal -0.751874 -0.659307 0
    outer loop
      vertex 20.4798 64.7926 6
      vertex 21.5147 63.6124 0
      vertex 21.5147 63.6124 6
    endloop
  endfacet
  facet normal -0.659261 -0.751914 0
    outer loop
      vertex 21.5147 63.6124 0
      vertex 22 63.1869 6
      vertex 21.5147 63.6124 6
    endloop
  endfacet
  facet normal -0.659261 -0.751914 -0
    outer loop
      vertex 22 63.1869 6
      vertex 21.5147 63.6124 0
      vertex 22 63.1869 0
    endloop
  endfacet
  facet normal -1 0 0
    outer loop
      vertex 22 -84.0977 0
      vertex 22 63.1869 6
      vertex 22 63.1869 0
    endloop
  endfacet
  facet normal -1 -0 0
    outer loop
      vertex 22 63.1869 6
      vertex 22 -84.0977 0
      vertex 22 -84.0977 6
    endloop
  endfacet
  facet normal -0.461762 0.887004 0
    outer loop
      vertex 22 -84.0977 0
      vertex 13.5941 -88.4737 6
      vertex 22 -84.0977 6
    endloop
  endfacet
  facet normal -0.461762 0.887004 0
    outer loop
      vertex 13.5941 -88.4737 6
      vertex 22 -84.0977 0
      vertex 13.5941 -88.4737 0
    endloop
  endfacet
  facet normal -0.555699 0.831383 0
    outer loop
      vertex 13.5941 -88.4737 0
      vertex 13.2678 -88.6918 6
      vertex 13.5941 -88.4737 6
    endloop
  endfacet
  facet normal -0.555699 0.831383 0
    outer loop
      vertex 13.2678 -88.6918 6
      vertex 13.5941 -88.4737 0
      vertex 13.2678 -88.6918 0
    endloop
  endfacet
  facet normal -0.659208 0.751961 0
    outer loop
      vertex 13.2678 -88.6918 0
      vertex 12.9727 -88.9505 6
      vertex 13.2678 -88.6918 6
    endloop
  endfacet
  facet normal -0.659208 0.751961 0
    outer loop
      vertex 12.9727 -88.9505 6
      vertex 13.2678 -88.6918 0
      vertex 12.9727 -88.9505 0
    endloop
  endfacet
  facet normal -0.75185 0.659334 0
    outer loop
      vertex 12.714 -89.2455 0
      vertex 12.9727 -88.9505 6
      vertex 12.9727 -88.9505 0
    endloop
  endfacet
  facet normal -0.75185 0.659334 0
    outer loop
      vertex 12.9727 -88.9505 6
      vertex 12.714 -89.2455 0
      vertex 12.714 -89.2455 6
    endloop
  endfacet
  facet normal -0.831501 0.555523 0
    outer loop
      vertex 12.496 -89.5718 0
      vertex 12.714 -89.2455 6
      vertex 12.714 -89.2455 0
    endloop
  endfacet
  facet normal -0.831501 0.555523 0
    outer loop
      vertex 12.714 -89.2455 6
      vertex 12.496 -89.5718 0
      vertex 12.496 -89.5718 6
    endloop
  endfacet
  facet normal -0.89686 0.442315 0
    outer loop
      vertex 12.3224 -89.9238 0
      vertex 12.496 -89.5718 6
      vertex 12.496 -89.5718 0
    endloop
  endfacet
  facet normal -0.89686 0.442315 0
    outer loop
      vertex 12.496 -89.5718 6
      vertex 12.3224 -89.9238 0
      vertex 12.3224 -89.9238 6
    endloop
  endfacet
  facet normal -0.946962 0.321345 0
    outer loop
      vertex 12.1963 -90.2954 0
      vertex 12.3224 -89.9238 6
      vertex 12.3224 -89.9238 0
    endloop
  endfacet
  facet normal -0.946962 0.321345 0
    outer loop
      vertex 12.3224 -89.9238 6
      vertex 12.1963 -90.2954 0
      vertex 12.1963 -90.2954 6
    endloop
  endfacet
  facet normal -0.980757 0.195234 0
    outer loop
      vertex 12.1197 -90.6802 0
      vertex 12.1963 -90.2954 6
      vertex 12.1963 -90.2954 0
    endloop
  endfacet
  facet normal -0.980757 0.195234 0
    outer loop
      vertex 12.1963 -90.2954 6
      vertex 12.1197 -90.6802 0
      vertex 12.1197 -90.6802 6
    endloop
  endfacet
  facet normal -0.99787 0.0652336 0
    outer loop
      vertex 12.0941 -91.0718 0
      vertex 12.1197 -90.6802 6
      vertex 12.1197 -90.6802 0
    endloop
  endfacet
  facet normal -0.99787 0.0652336 0
    outer loop
      vertex 12.1197 -90.6802 6
      vertex 12.0941 -91.0718 0
      vertex 12.0941 -91.0718 6
    endloop
  endfacet
  facet normal -0.99787 -0.0652336 0
    outer loop
      vertex 12.1197 -91.4634 0
      vertex 12.0941 -91.0718 6
      vertex 12.0941 -91.0718 0
    endloop
  endfacet
  facet normal -0.99787 -0.0652336 0
    outer loop
      vertex 12.0941 -91.0718 6
      vertex 12.1197 -91.4634 0
      vertex 12.1197 -91.4634 6
    endloop
  endfacet
  facet normal -0.980766 -0.195185 0
    outer loop
      vertex 12.1963 -91.8483 0
      vertex 12.1197 -91.4634 6
      vertex 12.1197 -91.4634 0
    endloop
  endfacet
  facet normal -0.980766 -0.195185 0
    outer loop
      vertex 12.1197 -91.4634 6
      vertex 12.1963 -91.8483 0
      vertex 12.1963 -91.8483 6
    endloop
  endfacet
  facet normal -0.946962 -0.321345 0
    outer loop
      vertex 12.3224 -92.2199 0
      vertex 12.1963 -91.8483 6
      vertex 12.1963 -91.8483 0
    endloop
  endfacet
  facet normal -0.946962 -0.321345 0
    outer loop
      vertex 12.1963 -91.8483 6
      vertex 12.3224 -92.2199 0
      vertex 12.3224 -92.2199 6
    endloop
  endfacet
  facet normal -0.913608 -0.406595 0
    outer loop
      vertex 14.9972 -98.2301 0
      vertex 12.3224 -92.2199 6
      vertex 12.3224 -92.2199 0
    endloop
  endfacet
  facet normal -0.913608 -0.406595 0
    outer loop
      vertex 12.3224 -92.2199 6
      vertex 14.9972 -98.2301 0
      vertex 14.9972 -98.2301 6
    endloop
  endfacet
  facet normal -0.913498 -0.406844 0
    outer loop
      vertex 15.2006 -98.6868 0
      vertex 14.9972 -98.2301 6
      vertex 14.9972 -98.2301 0
    endloop
  endfacet
  facet normal -0.913498 -0.406844 0
    outer loop
      vertex 14.9972 -98.2301 6
      vertex 15.2006 -98.6868 0
      vertex 15.2006 -98.6868 6
    endloop
  endfacet
  facet normal 0.406737 -0.913545 0
    outer loop
      vertex 15.2006 -98.6868 0
      vertex 48.0882 -84.0443 6
      vertex 15.2006 -98.6868 6
    endloop
  endfacet
  facet normal 0.406737 -0.913545 0
    outer loop
      vertex 48.0882 -84.0443 6
      vertex 15.2006 -98.6868 0
      vertex 48.0882 -84.0443 0
    endloop
  endfacet
  facet normal 0.195112 0.980781 -0
    outer loop
      vertex 29.3311 67.0166 0
      vertex 28.6736 67.1474 6
      vertex 29.3311 67.0166 6
    endloop
  endfacet
  facet normal 0.195112 0.980781 0
    outer loop
      vertex 28.6736 67.1474 6
      vertex 29.3311 67.0166 0
      vertex 28.6736 67.1474 0
    endloop
  endfacet
  facet normal 0.321325 0.946969 -0
    outer loop
      vertex 28.6736 67.1474 0
      vertex 28.0388 67.3628 6
      vertex 28.6736 67.1474 6
    endloop
  endfacet
  facet normal 0.321325 0.946969 0
    outer loop
      vertex 28.0388 67.3628 6
      vertex 28.6736 67.1474 0
      vertex 28.0388 67.3628 0
    endloop
  endfacet
  facet normal 0.442255 0.89689 -0
    outer loop
      vertex 28.0388 67.3628 0
      vertex 27.4375 67.6593 6
      vertex 28.0388 67.3628 6
    endloop
  endfacet
  facet normal 0.442255 0.89689 0
    outer loop
      vertex 27.4375 67.6593 6
      vertex 28.0388 67.3628 0
      vertex 27.4375 67.6593 0
    endloop
  endfacet
  facet normal 0.555629 0.83143 -0
    outer loop
      vertex 27.4375 67.6593 0
      vertex 26.8801 68.0318 6
      vertex 27.4375 67.6593 6
    endloop
  endfacet
  facet normal 0.555629 0.83143 0
    outer loop
      vertex 26.8801 68.0318 6
      vertex 27.4375 67.6593 0
      vertex 26.8801 68.0318 0
    endloop
  endfacet
  facet normal 0.659349 0.751837 -0
    outer loop
      vertex 26.8801 68.0318 0
      vertex 26.3761 68.4738 6
      vertex 26.8801 68.0318 6
    endloop
  endfacet
  facet normal 0.659349 0.751837 0
    outer loop
      vertex 26.3761 68.4738 6
      vertex 26.8801 68.0318 0
      vertex 26.3761 68.4738 0
    endloop
  endfacet
  facet normal 0.751837 0.659349 0
    outer loop
      vertex 26.3761 68.4738 6
      vertex 25.9341 68.9778 0
      vertex 25.9341 68.9778 6
    endloop
  endfacet
  facet normal 0.751837 0.659349 0
    outer loop
      vertex 25.9341 68.9778 0
      vertex 26.3761 68.4738 6
      vertex 26.3761 68.4738 0
    endloop
  endfacet
  facet normal 0.83143 0.555629 0
    outer loop
      vertex 25.9341 68.9778 6
      vertex 25.5616 69.5352 0
      vertex 25.5616 69.5352 6
    endloop
  endfacet
  facet normal 0.83143 0.555629 0
    outer loop
      vertex 25.5616 69.5352 0
      vertex 25.9341 68.9778 6
      vertex 25.9341 68.9778 0
    endloop
  endfacet
  facet normal 0.89689 0.442255 0
    outer loop
      vertex 25.5616 69.5352 6
      vertex 25.2651 70.1365 0
      vertex 25.2651 70.1365 6
    endloop
  endfacet
  facet normal 0.89689 0.442255 0
    outer loop
      vertex 25.2651 70.1365 0
      vertex 25.5616 69.5352 6
      vertex 25.5616 69.5352 0
    endloop
  endfacet
  facet normal 0.946924 0.321459 0
    outer loop
      vertex 25.2651 70.1365 6
      vertex 25.0496 70.7713 0
      vertex 25.0496 70.7713 6
    endloop
  endfacet
  facet normal 0.946924 0.321459 0
    outer loop
      vertex 25.0496 70.7713 0
      vertex 25.2651 70.1365 6
      vertex 25.2651 70.1365 0
    endloop
  endfacet
  facet normal 0.98081 0.194969 0
    outer loop
      vertex 25.0496 70.7713 6
      vertex 24.9189 71.4288 0
      vertex 24.9189 71.4288 6
    endloop
  endfacet
  facet normal 0.98081 0.194969 0
    outer loop
      vertex 24.9189 71.4288 0
      vertex 25.0496 70.7713 6
      vertex 25.0496 70.7713 0
    endloop
  endfacet
  facet normal 0.997853 0.0654892 0
    outer loop
      vertex 24.9189 71.4288 6
      vertex 24.875 72.0977 0
      vertex 24.875 72.0977 6
    endloop
  endfacet
  facet normal 0.997853 0.0654892 0
    outer loop
      vertex 24.875 72.0977 0
      vertex 24.9189 71.4288 6
      vertex 24.9189 71.4288 0
    endloop
  endfacet
  facet normal 0.997854 -0.0654795 0
    outer loop
      vertex 24.875 72.0977 6
      vertex 24.9189 72.7667 0
      vertex 24.9189 72.7667 6
    endloop
  endfacet
  facet normal 0.997854 -0.0654795 0
    outer loop
      vertex 24.9189 72.7667 0
      vertex 24.875 72.0977 6
      vertex 24.875 72.0977 0
    endloop
  endfacet
  facet normal 0.98081 -0.194969 0
    outer loop
      vertex 24.9189 72.7667 6
      vertex 25.0496 73.4242 0
      vertex 25.0496 73.4242 6
    endloop
  endfacet
  facet normal 0.98081 -0.194969 0
    outer loop
      vertex 25.0496 73.4242 0
      vertex 24.9189 72.7667 6
      vertex 24.9189 72.7667 0
    endloop
  endfacet
  facet normal 0.946924 -0.321459 0
    outer loop
      vertex 25.0496 73.4242 6
      vertex 25.2651 74.059 0
      vertex 25.2651 74.059 6
    endloop
  endfacet
  facet normal 0.946924 -0.321459 0
    outer loop
      vertex 25.2651 74.059 0
      vertex 25.0496 73.4242 6
      vertex 25.0496 73.4242 0
    endloop
  endfacet
  facet normal 0.89686 -0.442314 0
    outer loop
      vertex 25.2651 74.059 6
      vertex 25.5616 74.6602 0
      vertex 25.5616 74.6602 6
    endloop
  endfacet
  facet normal 0.89686 -0.442314 0
    outer loop
      vertex 25.5616 74.6602 0
      vertex 25.2651 74.059 6
      vertex 25.2651 74.059 0
    endloop
  endfacet
  facet normal 0.83143 -0.555629 0
    outer loop
      vertex 25.5616 74.6602 6
      vertex 25.9341 75.2176 0
      vertex 25.9341 75.2176 6
    endloop
  endfacet
  facet normal 0.83143 -0.555629 0
    outer loop
      vertex 25.9341 75.2176 0
      vertex 25.5616 74.6602 6
      vertex 25.5616 74.6602 0
    endloop
  endfacet
  facet normal 0.751837 -0.659349 0
    outer loop
      vertex 25.9341 75.2176 6
      vertex 26.3761 75.7216 0
      vertex 26.3761 75.7216 6
    endloop
  endfacet
  facet normal 0.751837 -0.659349 0
    outer loop
      vertex 26.3761 75.7216 0
      vertex 25.9341 75.2176 6
      vertex 25.9341 75.2176 0
    endloop
  endfacet
  facet normal 0.659433 -0.751763 0
    outer loop
      vertex 26.3761 75.7216 0
      vertex 26.8801 76.1637 6
      vertex 26.3761 75.7216 6
    endloop
  endfacet
  facet normal 0.659433 -0.751763 0
    outer loop
      vertex 26.8801 76.1637 6
      vertex 26.3761 75.7216 0
      vertex 26.8801 76.1637 0
    endloop
  endfacet
  facet normal 0.555526 -0.831499 0
    outer loop
      vertex 26.8801 76.1637 0
      vertex 27.4375 76.5361 6
      vertex 26.8801 76.1637 6
    endloop
  endfacet
  facet normal 0.555526 -0.831499 0
    outer loop
      vertex 27.4375 76.5361 6
      vertex 26.8801 76.1637 0
      vertex 27.4375 76.5361 0
    endloop
  endfacet
  facet normal 0.442255 -0.89689 0
    outer loop
      vertex 27.4375 76.5361 0
      vertex 28.0388 76.8326 6
      vertex 27.4375 76.5361 6
    endloop
  endfacet
  facet normal 0.442255 -0.89689 0
    outer loop
      vertex 28.0388 76.8326 6
      vertex 27.4375 76.5361 0
      vertex 28.0388 76.8326 0
    endloop
  endfacet
  facet normal 0.321459 -0.946924 0
    outer loop
      vertex 28.0388 76.8326 0
      vertex 28.6736 77.0481 6
      vertex 28.0388 76.8326 6
    endloop
  endfacet
  facet normal 0.321459 -0.946924 0
    outer loop
      vertex 28.6736 77.0481 6
      vertex 28.0388 76.8326 0
      vertex 28.6736 77.0481 0
    endloop
  endfacet
  facet normal 0.195112 -0.980781 0
    outer loop
      vertex 28.6736 77.0481 0
      vertex 29.3311 77.1789 6
      vertex 28.6736 77.0481 6
    endloop
  endfacet
  facet normal 0.195112 -0.980781 0
    outer loop
      vertex 29.3311 77.1789 6
      vertex 28.6736 77.0481 0
      vertex 29.3311 77.1789 0
    endloop
  endfacet
  facet normal 0.0653407 -0.997863 0
    outer loop
      vertex 29.3311 77.1789 0
      vertex 30 77.2227 6
      vertex 29.3311 77.1789 6
    endloop
  endfacet
  facet normal 0.0653407 -0.997863 0
    outer loop
      vertex 30 77.2227 6
      vertex 29.3311 77.1789 0
      vertex 30 77.2227 0
    endloop
  endfacet
  facet normal -0.0653407 -0.997863 0
    outer loop
      vertex 30 77.2227 0
      vertex 30.6689 77.1789 6
      vertex 30 77.2227 6
    endloop
  endfacet
  facet normal -0.0653407 -0.997863 -0
    outer loop
      vertex 30.6689 77.1789 6
      vertex 30 77.2227 0
      vertex 30.6689 77.1789 0
    endloop
  endfacet
  facet normal -0.195112 -0.980781 0
    outer loop
      vertex 30.6689 77.1789 0
      vertex 31.3264 77.0481 6
      vertex 30.6689 77.1789 6
    endloop
  endfacet
  facet normal -0.195112 -0.980781 -0
    outer loop
      vertex 31.3264 77.0481 6
      vertex 30.6689 77.1789 0
      vertex 31.3264 77.0481 0
    endloop
  endfacet
  facet normal -0.321459 -0.946924 0
    outer loop
      vertex 31.3264 77.0481 0
      vertex 31.9612 76.8326 6
      vertex 31.3264 77.0481 6
    endloop
  endfacet
  facet normal -0.321459 -0.946924 -0
    outer loop
      vertex 31.9612 76.8326 6
      vertex 31.3264 77.0481 0
      vertex 31.9612 76.8326 0
    endloop
  endfacet
  facet normal -0.442255 -0.89689 0
    outer loop
      vertex 31.9612 76.8326 0
      vertex 32.5625 76.5361 6
      vertex 31.9612 76.8326 6
    endloop
  endfacet
  facet normal -0.442255 -0.89689 -0
    outer loop
      vertex 32.5625 76.5361 6
      vertex 31.9612 76.8326 0
      vertex 32.5625 76.5361 0
    endloop
  endfacet
  facet normal -0.555526 -0.831499 0
    outer loop
      vertex 32.5625 76.5361 0
      vertex 33.1199 76.1637 6
      vertex 32.5625 76.5361 6
    endloop
  endfacet
  facet normal -0.555526 -0.831499 -0
    outer loop
      vertex 33.1199 76.1637 6
      vertex 32.5625 76.5361 0
      vertex 33.1199 76.1637 0
    endloop
  endfacet
  facet normal -0.659433 -0.751763 0
    outer loop
      vertex 33.1199 76.1637 0
      vertex 33.6239 75.7216 6
      vertex 33.1199 76.1637 6
    endloop
  endfacet
  facet normal -0.659433 -0.751763 -0
    outer loop
      vertex 33.6239 75.7216 6
      vertex 33.1199 76.1637 0
      vertex 33.6239 75.7216 0
    endloop
  endfacet
  facet normal -0.751837 -0.659349 0
    outer loop
      vertex 34.0659 75.2176 0
      vertex 33.6239 75.7216 6
      vertex 33.6239 75.7216 0
    endloop
  endfacet
  facet normal -0.751837 -0.659349 0
    outer loop
      vertex 33.6239 75.7216 6
      vertex 34.0659 75.2176 0
      vertex 34.0659 75.2176 6
    endloop
  endfacet
  facet normal -0.83143 -0.555629 0
    outer loop
      vertex 34.4384 74.6602 0
      vertex 34.0659 75.2176 6
      vertex 34.0659 75.2176 0
    endloop
  endfacet
  facet normal -0.83143 -0.555629 0
    outer loop
      vertex 34.0659 75.2176 6
      vertex 34.4384 74.6602 0
      vertex 34.4384 74.6602 6
    endloop
  endfacet
  facet normal -0.89686 -0.442314 0
    outer loop
      vertex 34.7349 74.059 0
      vertex 34.4384 74.6602 6
      vertex 34.4384 74.6602 0
    endloop
  endfacet
  facet normal -0.89686 -0.442314 0
    outer loop
      vertex 34.4384 74.6602 6
      vertex 34.7349 74.059 0
      vertex 34.7349 74.059 6
    endloop
  endfacet
  facet normal -0.946924 -0.321459 0
    outer loop
      vertex 34.9504 73.4242 0
      vertex 34.7349 74.059 6
      vertex 34.7349 74.059 0
    endloop
  endfacet
  facet normal -0.946924 -0.321459 0
    outer loop
      vertex 34.7349 74.059 6
      vertex 34.9504 73.4242 0
      vertex 34.9504 73.4242 6
    endloop
  endfacet
  facet normal -0.98081 -0.194969 0
    outer loop
      vertex 35.0811 72.7667 0
      vertex 34.9504 73.4242 6
      vertex 34.9504 73.4242 0
    endloop
  endfacet
  facet normal -0.98081 -0.194969 0
    outer loop
      vertex 34.9504 73.4242 6
      vertex 35.0811 72.7667 0
      vertex 35.0811 72.7667 6
    endloop
  endfacet
  facet normal -0.997854 -0.0654795 0
    outer loop
      vertex 35.125 72.0977 0
      vertex 35.0811 72.7667 6
      vertex 35.0811 72.7667 0
    endloop
  endfacet
  facet normal -0.997854 -0.0654795 0
    outer loop
      vertex 35.0811 72.7667 6
      vertex 35.125 72.0977 0
      vertex 35.125 72.0977 6
    endloop
  endfacet
  facet normal -0.997853 0.0654892 0
    outer loop
      vertex 35.0811 71.4288 0
      vertex 35.125 72.0977 6
      vertex 35.125 72.0977 0
    endloop
  endfacet
  facet normal -0.997853 0.0654892 0
    outer loop
      vertex 35.125 72.0977 6
      vertex 35.0811 71.4288 0
      vertex 35.0811 71.4288 6
    endloop
  endfacet
  facet normal -0.98081 0.194969 0
    outer loop
      vertex 34.9504 70.7713 0
      vertex 35.0811 71.4288 6
      vertex 35.0811 71.4288 0
    endloop
  endfacet
  facet normal -0.98081 0.194969 0
    outer loop
      vertex 35.0811 71.4288 6
      vertex 34.9504 70.7713 0
      vertex 34.9504 70.7713 6
    endloop
  endfacet
  facet normal -0.946924 0.321459 0
    outer loop
      vertex 34.7349 70.1365 0
      vertex 34.9504 70.7713 6
      vertex 34.9504 70.7713 0
    endloop
  endfacet
  facet normal -0.946924 0.321459 0
    outer loop
      vertex 34.9504 70.7713 6
      vertex 34.7349 70.1365 0
      vertex 34.7349 70.1365 6
    endloop
  endfacet
  facet normal -0.89689 0.442255 0
    outer loop
      vertex 34.4384 69.5352 0
      vertex 34.7349 70.1365 6
      vertex 34.7349 70.1365 0
    endloop
  endfacet
  facet normal -0.89689 0.442255 0
    outer loop
      vertex 34.7349 70.1365 6
      vertex 34.4384 69.5352 0
      vertex 34.4384 69.5352 6
    endloop
  endfacet
  facet normal -0.83143 0.555629 0
    outer loop
      vertex 34.0659 68.9778 0
      vertex 34.4384 69.5352 6
      vertex 34.4384 69.5352 0
    endloop
  endfacet
  facet normal -0.83143 0.555629 0
    outer loop
      vertex 34.4384 69.5352 6
      vertex 34.0659 68.9778 0
      vertex 34.0659 68.9778 6
    endloop
  endfacet
  facet normal -0.751837 0.659349 0
    outer loop
      vertex 33.6239 68.4738 0
      vertex 34.0659 68.9778 6
      vertex 34.0659 68.9778 0
    endloop
  endfacet
  facet normal -0.751837 0.659349 0
    outer loop
      vertex 34.0659 68.9778 6
      vertex 33.6239 68.4738 0
      vertex 33.6239 68.4738 6
    endloop
  endfacet
  facet normal -0.659349 0.751837 0
    outer loop
      vertex 33.6239 68.4738 0
      vertex 33.1199 68.0318 6
      vertex 33.6239 68.4738 6
    endloop
  endfacet
  facet normal -0.659349 0.751837 0
    outer loop
      vertex 33.1199 68.0318 6
      vertex 33.6239 68.4738 0
      vertex 33.1199 68.0318 0
    endloop
  endfacet
  facet normal -0.555629 0.83143 0
    outer loop
      vertex 33.1199 68.0318 0
      vertex 32.5625 67.6593 6
      vertex 33.1199 68.0318 6
    endloop
  endfacet
  facet normal -0.555629 0.83143 0
    outer loop
      vertex 32.5625 67.6593 6
      vertex 33.1199 68.0318 0
      vertex 32.5625 67.6593 0
    endloop
  endfacet
  facet normal -0.442255 0.89689 0
    outer loop
      vertex 32.5625 67.6593 0
      vertex 31.9612 67.3628 6
      vertex 32.5625 67.6593 6
    endloop
  endfacet
  facet normal -0.442255 0.89689 0
    outer loop
      vertex 31.9612 67.3628 6
      vertex 32.5625 67.6593 0
      vertex 31.9612 67.3628 0
    endloop
  endfacet
  facet normal -0.321325 0.946969 0
    outer loop
      vertex 31.9612 67.3628 0
      vertex 31.3264 67.1474 6
      vertex 31.9612 67.3628 6
    endloop
  endfacet
  facet normal -0.321325 0.946969 0
    outer loop
      vertex 31.3264 67.1474 6
      vertex 31.9612 67.3628 0
      vertex 31.3264 67.1474 0
    endloop
  endfacet
  facet normal -0.195112 0.980781 0
    outer loop
      vertex 31.3264 67.1474 0
      vertex 30.6689 67.0166 6
      vertex 31.3264 67.1474 6
    endloop
  endfacet
  facet normal -0.195112 0.980781 0
    outer loop
      vertex 30.6689 67.0166 6
      vertex 31.3264 67.1474 0
      vertex 30.6689 67.0166 0
    endloop
  endfacet
  facet normal -0.0654892 0.997853 0
    outer loop
      vertex 30.6689 67.0166 0
      vertex 30 66.9727 6
      vertex 30.6689 67.0166 6
    endloop
  endfacet
  facet normal -0.0654892 0.997853 0
    outer loop
      vertex 30 66.9727 6
      vertex 30.6689 67.0166 0
      vertex 30 66.9727 0
    endloop
  endfacet
  facet normal 0.0654892 0.997853 -0
    outer loop
      vertex 30 66.9727 0
      vertex 29.3311 67.0166 6
      vertex 30 66.9727 6
    endloop
  endfacet
  facet normal 0.0654892 0.997853 0
    outer loop
      vertex 29.3311 67.0166 6
      vertex 30 66.9727 0
      vertex 29.3311 67.0166 0
    endloop
  endfacet
  facet normal 0.194969 0.98081 -0
    outer loop
      vertex 29.3311 -42.447 0
      vertex 28.6736 -42.3163 6
      vertex 29.3311 -42.447 6
    endloop
  endfacet
  facet normal 0.194969 0.98081 0
    outer loop
      vertex 28.6736 -42.3163 6
      vertex 29.3311 -42.447 0
      vertex 28.6736 -42.3163 0
    endloop
  endfacet
  facet normal 0.321459 0.946924 -0
    outer loop
      vertex 28.6736 -42.3163 0
      vertex 28.0388 -42.1008 6
      vertex 28.6736 -42.3163 6
    endloop
  endfacet
  facet normal 0.321459 0.946924 0
    outer loop
      vertex 28.0388 -42.1008 6
      vertex 28.6736 -42.3163 0
      vertex 28.0388 -42.1008 0
    endloop
  endfacet
  facet normal 0.442255 0.89689 -0
    outer loop
      vertex 28.0388 -42.1008 0
      vertex 27.4375 -41.8043 6
      vertex 28.0388 -42.1008 6
    endloop
  endfacet
  facet normal 0.442255 0.89689 0
    outer loop
      vertex 27.4375 -41.8043 6
      vertex 28.0388 -42.1008 0
      vertex 27.4375 -41.8043 0
    endloop
  endfacet
  facet normal 0.555629 0.83143 -0
    outer loop
      vertex 27.4375 -41.8043 0
      vertex 26.8801 -41.4318 6
      vertex 27.4375 -41.8043 6
    endloop
  endfacet
  facet normal 0.555629 0.83143 0
    outer loop
      vertex 26.8801 -41.4318 6
      vertex 27.4375 -41.8043 0
      vertex 26.8801 -41.4318 0
    endloop
  endfacet
  facet normal 0.659349 0.751837 -0
    outer loop
      vertex 26.8801 -41.4318 0
      vertex 26.3761 -40.9898 6
      vertex 26.8801 -41.4318 6
    endloop
  endfacet
  facet normal 0.659349 0.751837 0
    outer loop
      vertex 26.3761 -40.9898 6
      vertex 26.8801 -41.4318 0
      vertex 26.3761 -40.9898 0
    endloop
  endfacet
  facet normal 0.751837 0.659349 0
    outer loop
      vertex 26.3761 -40.9898 6
      vertex 25.9341 -40.4858 0
      vertex 25.9341 -40.4858 6
    endloop
  endfacet
  facet normal 0.751837 0.659349 0
    outer loop
      vertex 25.9341 -40.4858 0
      vertex 26.3761 -40.9898 6
      vertex 26.3761 -40.9898 0
    endloop
  endfacet
  facet normal 0.83143 0.555629 0
    outer loop
      vertex 25.9341 -40.4858 6
      vertex 25.5616 -39.9284 0
      vertex 25.5616 -39.9284 6
    endloop
  endfacet
  facet normal 0.83143 0.555629 0
    outer loop
      vertex 25.5616 -39.9284 0
      vertex 25.9341 -40.4858 6
      vertex 25.9341 -40.4858 0
    endloop
  endfacet
  facet normal 0.89689 0.442255 0
    outer loop
      vertex 25.5616 -39.9284 6
      vertex 25.2651 -39.3271 0
      vertex 25.2651 -39.3271 6
    endloop
  endfacet
  facet normal 0.89689 0.442255 0
    outer loop
      vertex 25.2651 -39.3271 0
      vertex 25.5616 -39.9284 6
      vertex 25.5616 -39.9284 0
    endloop
  endfacet
  facet normal 0.946924 0.321459 0
    outer loop
      vertex 25.2651 -39.3271 6
      vertex 25.0496 -38.6923 0
      vertex 25.0496 -38.6923 6
    endloop
  endfacet
  facet normal 0.946924 0.321459 0
    outer loop
      vertex 25.0496 -38.6923 0
      vertex 25.2651 -39.3271 6
      vertex 25.2651 -39.3271 0
    endloop
  endfacet
  facet normal 0.98081 0.194969 0
    outer loop
      vertex 25.0496 -38.6923 6
      vertex 24.9189 -38.0348 0
      vertex 24.9189 -38.0348 6
    endloop
  endfacet
  facet normal 0.98081 0.194969 0
    outer loop
      vertex 24.9189 -38.0348 0
      vertex 25.0496 -38.6923 6
      vertex 25.0496 -38.6923 0
    endloop
  endfacet
  facet normal 0.997853 0.0654892 0
    outer loop
      vertex 24.9189 -38.0348 6
      vertex 24.875 -37.3659 0
      vertex 24.875 -37.3659 6
    endloop
  endfacet
  facet normal 0.997853 0.0654892 0
    outer loop
      vertex 24.875 -37.3659 0
      vertex 24.9189 -38.0348 6
      vertex 24.9189 -38.0348 0
    endloop
  endfacet
  facet normal 0.997853 -0.0654892 0
    outer loop
      vertex 24.875 -37.3659 6
      vertex 24.9189 -36.697 0
      vertex 24.9189 -36.697 6
    endloop
  endfacet
  facet normal 0.997853 -0.0654892 0
    outer loop
      vertex 24.9189 -36.697 0
      vertex 24.875 -37.3659 6
      vertex 24.875 -37.3659 0
    endloop
  endfacet
  facet normal 0.98081 -0.194969 0
    outer loop
      vertex 24.9189 -36.697 6
      vertex 25.0496 -36.0395 0
      vertex 25.0496 -36.0395 6
    endloop
  endfacet
  facet normal 0.98081 -0.194969 0
    outer loop
      vertex 25.0496 -36.0395 0
      vertex 24.9189 -36.697 6
      vertex 24.9189 -36.697 0
    endloop
  endfacet
  facet normal 0.946939 -0.321413 0
    outer loop
      vertex 25.0496 -36.0395 6
      vertex 25.2651 -35.4046 0
      vertex 25.2651 -35.4046 6
    endloop
  endfacet
  facet normal 0.946939 -0.321413 0
    outer loop
      vertex 25.2651 -35.4046 0
      vertex 25.0496 -36.0395 6
      vertex 25.0496 -36.0395 0
    endloop
  endfacet
  facet normal 0.89686 -0.442314 0
    outer loop
      vertex 25.2651 -35.4046 6
      vertex 25.5616 -34.8034 0
      vertex 25.5616 -34.8034 6
    endloop
  endfacet
  facet normal 0.89686 -0.442314 0
    outer loop
      vertex 25.5616 -34.8034 0
      vertex 25.2651 -35.4046 6
      vertex 25.2651 -35.4046 0
    endloop
  endfacet
  facet normal 0.83143 -0.555629 0
    outer loop
      vertex 25.5616 -34.8034 6
      vertex 25.9341 -34.246 0
      vertex 25.9341 -34.246 6
    endloop
  endfacet
  facet normal 0.83143 -0.555629 0
    outer loop
      vertex 25.9341 -34.246 0
      vertex 25.5616 -34.8034 6
      vertex 25.5616 -34.8034 0
    endloop
  endfacet
  facet normal 0.751837 -0.659349 0
    outer loop
      vertex 25.9341 -34.246 6
      vertex 26.3761 -33.742 0
      vertex 26.3761 -33.742 6
    endloop
  endfacet
  facet normal 0.751837 -0.659349 0
    outer loop
      vertex 26.3761 -33.742 0
      vertex 25.9341 -34.246 6
      vertex 25.9341 -34.246 0
    endloop
  endfacet
  facet normal 0.659349 -0.751837 0
    outer loop
      vertex 26.3761 -33.742 0
      vertex 26.8801 -33.3 6
      vertex 26.3761 -33.742 6
    endloop
  endfacet
  facet normal 0.659349 -0.751837 0
    outer loop
      vertex 26.8801 -33.3 6
      vertex 26.3761 -33.742 0
      vertex 26.8801 -33.3 0
    endloop
  endfacet
  facet normal 0.555629 -0.83143 0
    outer loop
      vertex 26.8801 -33.3 0
      vertex 27.4375 -32.9275 6
      vertex 26.8801 -33.3 6
    endloop
  endfacet
  facet normal 0.555629 -0.83143 0
    outer loop
      vertex 27.4375 -32.9275 6
      vertex 26.8801 -33.3 0
      vertex 27.4375 -32.9275 0
    endloop
  endfacet
  facet normal 0.442255 -0.89689 0
    outer loop
      vertex 27.4375 -32.9275 0
      vertex 28.0388 -32.631 6
      vertex 27.4375 -32.9275 6
    endloop
  endfacet
  facet normal 0.442255 -0.89689 0
    outer loop
      vertex 28.0388 -32.631 6
      vertex 27.4375 -32.9275 0
      vertex 28.0388 -32.631 0
    endloop
  endfacet
  facet normal 0.321459 -0.946924 0
    outer loop
      vertex 28.0388 -32.631 0
      vertex 28.6736 -32.4155 6
      vertex 28.0388 -32.631 6
    endloop
  endfacet
  facet normal 0.321459 -0.946924 0
    outer loop
      vertex 28.6736 -32.4155 6
      vertex 28.0388 -32.631 0
      vertex 28.6736 -32.4155 0
    endloop
  endfacet
  facet normal 0.195112 -0.980781 0
    outer loop
      vertex 28.6736 -32.4155 0
      vertex 29.3311 -32.2847 6
      vertex 28.6736 -32.4155 6
    endloop
  endfacet
  facet normal 0.195112 -0.980781 0
    outer loop
      vertex 29.3311 -32.2847 6
      vertex 28.6736 -32.4155 0
      vertex 29.3311 -32.2847 0
    endloop
  endfacet
  facet normal 0.0653407 -0.997863 0
    outer loop
      vertex 29.3311 -32.2847 0
      vertex 30 -32.2409 6
      vertex 29.3311 -32.2847 6
    endloop
  endfacet
  facet normal 0.0653407 -0.997863 0
    outer loop
      vertex 30 -32.2409 6
      vertex 29.3311 -32.2847 0
      vertex 30 -32.2409 0
    endloop
  endfacet
  facet normal -0.0653407 -0.997863 0
    outer loop
      vertex 30 -32.2409 0
      vertex 30.6689 -32.2847 6
      vertex 30 -32.2409 6
    endloop
  endfacet
  facet normal -0.0653407 -0.997863 -0
    outer loop
      vertex 30.6689 -32.2847 6
      vertex 30 -32.2409 0
      vertex 30.6689 -32.2847 0
    endloop
  endfacet
  facet normal -0.195112 -0.980781 0
    outer loop
      vertex 30.6689 -32.2847 0
      vertex 31.3264 -32.4155 6
      vertex 30.6689 -32.2847 6
    endloop
  endfacet
  facet normal -0.195112 -0.980781 -0
    outer loop
      vertex 31.3264 -32.4155 6
      vertex 30.6689 -32.2847 0
      vertex 31.3264 -32.4155 0
    endloop
  endfacet
  facet normal -0.321459 -0.946924 0
    outer loop
      vertex 31.3264 -32.4155 0
      vertex 31.9612 -32.631 6
      vertex 31.3264 -32.4155 6
    endloop
  endfacet
  facet normal -0.321459 -0.946924 -0
    outer loop
      vertex 31.9612 -32.631 6
      vertex 31.3264 -32.4155 0
      vertex 31.9612 -32.631 0
    endloop
  endfacet
  facet normal -0.442255 -0.89689 0
    outer loop
      vertex 31.9612 -32.631 0
      vertex 32.5625 -32.9275 6
      vertex 31.9612 -32.631 6
    endloop
  endfacet
  facet normal -0.442255 -0.89689 -0
    outer loop
      vertex 32.5625 -32.9275 6
      vertex 31.9612 -32.631 0
      vertex 32.5625 -32.9275 0
    endloop
  endfacet
  facet normal -0.555629 -0.83143 0
    outer loop
      vertex 32.5625 -32.9275 0
      vertex 33.1199 -33.3 6
      vertex 32.5625 -32.9275 6
    endloop
  endfacet
  facet normal -0.555629 -0.83143 -0
    outer loop
      vertex 33.1199 -33.3 6
      vertex 32.5625 -32.9275 0
      vertex 33.1199 -33.3 0
    endloop
  endfacet
  facet normal -0.659349 -0.751837 0
    outer loop
      vertex 33.1199 -33.3 0
      vertex 33.6239 -33.742 6
      vertex 33.1199 -33.3 6
    endloop
  endfacet
  facet normal -0.659349 -0.751837 -0
    outer loop
      vertex 33.6239 -33.742 6
      vertex 33.1199 -33.3 0
      vertex 33.6239 -33.742 0
    endloop
  endfacet
  facet normal -0.751837 -0.659349 0
    outer loop
      vertex 34.0659 -34.246 0
      vertex 33.6239 -33.742 6
      vertex 33.6239 -33.742 0
    endloop
  endfacet
  facet normal -0.751837 -0.659349 0
    outer loop
      vertex 33.6239 -33.742 6
      vertex 34.0659 -34.246 0
      vertex 34.0659 -34.246 6
    endloop
  endfacet
  facet normal -0.83143 -0.555629 0
    outer loop
      vertex 34.4384 -34.8034 0
      vertex 34.0659 -34.246 6
      vertex 34.0659 -34.246 0
    endloop
  endfacet
  facet normal -0.83143 -0.555629 0
    outer loop
      vertex 34.0659 -34.246 6
      vertex 34.4384 -34.8034 0
      vertex 34.4384 -34.8034 6
    endloop
  endfacet
  facet normal -0.89686 -0.442314 0
    outer loop
      vertex 34.7349 -35.4046 0
      vertex 34.4384 -34.8034 6
      vertex 34.4384 -34.8034 0
    endloop
  endfacet
  facet normal -0.89686 -0.442314 0
    outer loop
      vertex 34.4384 -34.8034 6
      vertex 34.7349 -35.4046 0
      vertex 34.7349 -35.4046 6
    endloop
  endfacet
  facet normal -0.946939 -0.321413 0
    outer loop
      vertex 34.9504 -36.0395 0
      vertex 34.7349 -35.4046 6
      vertex 34.7349 -35.4046 0
    endloop
  endfacet
  facet normal -0.946939 -0.321413 0
    outer loop
      vertex 34.7349 -35.4046 6
      vertex 34.9504 -36.0395 0
      vertex 34.9504 -36.0395 6
    endloop
  endfacet
  facet normal -0.98081 -0.194969 0
    outer loop
      vertex 35.0811 -36.697 0
      vertex 34.9504 -36.0395 6
      vertex 34.9504 -36.0395 0
    endloop
  endfacet
  facet normal -0.98081 -0.194969 0
    outer loop
      vertex 34.9504 -36.0395 6
      vertex 35.0811 -36.697 0
      vertex 35.0811 -36.697 6
    endloop
  endfacet
  facet normal -0.997853 -0.0654892 0
    outer loop
      vertex 35.125 -37.3659 0
      vertex 35.0811 -36.697 6
      vertex 35.0811 -36.697 0
    endloop
  endfacet
  facet normal -0.997853 -0.0654892 0
    outer loop
      vertex 35.0811 -36.697 6
      vertex 35.125 -37.3659 0
      vertex 35.125 -37.3659 6
    endloop
  endfacet
  facet normal -0.997853 0.0654892 0
    outer loop
      vertex 35.0811 -38.0348 0
      vertex 35.125 -37.3659 6
      vertex 35.125 -37.3659 0
    endloop
  endfacet
  facet normal -0.997853 0.0654892 0
    outer loop
      vertex 35.125 -37.3659 6
      vertex 35.0811 -38.0348 0
      vertex 35.0811 -38.0348 6
    endloop
  endfacet
  facet normal -0.98081 0.194969 0
    outer loop
      vertex 34.9504 -38.6923 0
      vertex 35.0811 -38.0348 6
      vertex 35.0811 -38.0348 0
    endloop
  endfacet
  facet normal -0.98081 0.194969 0
    outer loop
      vertex 35.0811 -38.0348 6
      vertex 34.9504 -38.6923 0
      vertex 34.9504 -38.6923 6
    endloop
  endfacet
  facet normal -0.946924 0.321459 0
    outer loop
      vertex 34.7349 -39.3271 0
      vertex 34.9504 -38.6923 6
      vertex 34.9504 -38.6923 0
    endloop
  endfacet
  facet normal -0.946924 0.321459 0
    outer loop
      vertex 34.9504 -38.6923 6
      vertex 34.7349 -39.3271 0
      vertex 34.7349 -39.3271 6
    endloop
  endfacet
  facet normal -0.89689 0.442255 0
    outer loop
      vertex 34.4384 -39.9284 0
      vertex 34.7349 -39.3271 6
      vertex 34.7349 -39.3271 0
    endloop
  endfacet
  facet normal -0.89689 0.442255 0
    outer loop
      vertex 34.7349 -39.3271 6
      vertex 34.4384 -39.9284 0
      vertex 34.4384 -39.9284 6
    endloop
  endfacet
  facet normal -0.83143 0.555629 0
    outer loop
      vertex 34.0659 -40.4858 0
      vertex 34.4384 -39.9284 6
      vertex 34.4384 -39.9284 0
    endloop
  endfacet
  facet normal -0.83143 0.555629 0
    outer loop
      vertex 34.4384 -39.9284 6
      vertex 34.0659 -40.4858 0
      vertex 34.0659 -40.4858 6
    endloop
  endfacet
  facet normal -0.751837 0.659349 0
    outer loop
      vertex 33.6239 -40.9898 0
      vertex 34.0659 -40.4858 6
      vertex 34.0659 -40.4858 0
    endloop
  endfacet
  facet normal -0.751837 0.659349 0
    outer loop
      vertex 34.0659 -40.4858 6
      vertex 33.6239 -40.9898 0
      vertex 33.6239 -40.9898 6
    endloop
  endfacet
  facet normal -0.659349 0.751837 0
    outer loop
      vertex 33.6239 -40.9898 0
      vertex 33.1199 -41.4318 6
      vertex 33.6239 -40.9898 6
    endloop
  endfacet
  facet normal -0.659349 0.751837 0
    outer loop
      vertex 33.1199 -41.4318 6
      vertex 33.6239 -40.9898 0
      vertex 33.1199 -41.4318 0
    endloop
  endfacet
  facet normal -0.555629 0.83143 0
    outer loop
      vertex 33.1199 -41.4318 0
      vertex 32.5625 -41.8043 6
      vertex 33.1199 -41.4318 6
    endloop
  endfacet
  facet normal -0.555629 0.83143 0
    outer loop
      vertex 32.5625 -41.8043 6
      vertex 33.1199 -41.4318 0
      vertex 32.5625 -41.8043 0
    endloop
  endfacet
  facet normal -0.442255 0.89689 0
    outer loop
      vertex 32.5625 -41.8043 0
      vertex 31.9612 -42.1008 6
      vertex 32.5625 -41.8043 6
    endloop
  endfacet
  facet normal -0.442255 0.89689 0
    outer loop
      vertex 31.9612 -42.1008 6
      vertex 32.5625 -41.8043 0
      vertex 31.9612 -42.1008 0
    endloop
  endfacet
  facet normal -0.321459 0.946924 0
    outer loop
      vertex 31.9612 -42.1008 0
      vertex 31.3264 -42.3163 6
      vertex 31.9612 -42.1008 6
    endloop
  endfacet
  facet normal -0.321459 0.946924 0
    outer loop
      vertex 31.3264 -42.3163 6
      vertex 31.9612 -42.1008 0
      vertex 31.3264 -42.3163 0
    endloop
  endfacet
  facet normal -0.194969 0.98081 0
    outer loop
      vertex 31.3264 -42.3163 0
      vertex 30.6689 -42.447 6
      vertex 31.3264 -42.3163 6
    endloop
  endfacet
  facet normal -0.194969 0.98081 0
    outer loop
      vertex 30.6689 -42.447 6
      vertex 31.3264 -42.3163 0
      vertex 30.6689 -42.447 0
    endloop
  endfacet
  facet normal -0.0654892 0.997853 0
    outer loop
      vertex 30.6689 -42.447 0
      vertex 30 -42.4909 6
      vertex 30.6689 -42.447 6
    endloop
  endfacet
  facet normal -0.0654892 0.997853 0
    outer loop
      vertex 30 -42.4909 6
      vertex 30.6689 -42.447 0
      vertex 30 -42.4909 0
    endloop
  endfacet
  facet normal 0.0654892 0.997853 -0
    outer loop
      vertex 30 -42.4909 0
      vertex 29.3311 -42.447 6
      vertex 30 -42.4909 6
    endloop
  endfacet
  facet normal 0.0654892 0.997853 0
    outer loop
      vertex 29.3311 -42.447 6
      vertex 30 -42.4909 0
      vertex 29.3311 -42.447 0
    endloop
  endfacet
endsolid OpenSCAD_Model
